category,rating,prompt_style,seed,text,is_fake,source_dataset,generator
electronics_store,3,adversarial,16,"circuithub was... fine i guess. found the headphones i wanted, but stood around for ages trying to get someone to unlock the cabinet. guy who finally helped was nice though. prices weren't anything special. not a wasted trip, just kinda annoying.",True,own_corpus_gpt6astra,gpt-6-astra
plumber_service,2,fewshot,29,"QuickFix Plumbing fixed the leak under my sink, but they showed up two hours late and left the cabinet full of dirty water. I don’t expect a plumber to clean my whole kitchen, but wiping up after the job would’ve been nice.",True,own_corpus_gpt6astra,gpt-6-astra
hotel,4,naive,7,"The Riverside Inn offered a comfortable stay with friendly staff and lovely river views. My room was clean and cozy, and breakfast had a good selection. The Wi-Fi was occasionally slow, but overall, it was a relaxing visit and good value. A solid four stars!",True,own_corpus_gpt6astra,gpt-6-astra
coffee_shop,2,fewshot,29,"I wanted to like Daily Grind since it’s right on my way to work. The staff were friendly, but my latte tasted burnt and the blueberry muffin was pretty dry. Maybe I caught them on an off morning, but for the price I expected better.",True,own_corpus_gpt6astra,gpt-6-astra
hotel,5,naive,2,"Five stars for The Riverside Inn! The room was spotless and comfortable, and the staff made us feel welcome from the moment we arrived. We especially loved the peaceful atmosphere and delicious breakfast. A wonderful place to unwind—we’d happily stay again!",True,own_corpus_gpt6astra,gpt-6-astra
clothing_boutique,5,adversarial,10,went into thread & co. for one top and somehow left with a whole outfit lol. the person helping me actually listened when i said i hate anything clingy. wore the trousers out to dinner that night. already want them in another color,True,own_corpus_gpt6astra,gpt-6-astra
gym,5,adversarial,12,"honestly i joined iron peak fitness just to stop sitting around after work lol. now i actually look forward to going. plenty of squat racks, nobody makes it weird if you’re new, and the place is clean. easy 5 stars from me",True,own_corpus_gpt6astra,gpt-6-astra
mobile_app,5,naive,0,"★★★★★ TaskFlow makes managing a busy day feel effortless. The clean layout keeps tasks easy to organize, and checking things off is genuinely satisfying. It strikes a great balance between simplicity and usefulness without feeling overwhelming. A fantastic productivity app for staying focused and on track!",True,own_corpus_gpt6astra,gpt-6-astra
restaurant,5,fewshot,19,"Tried Bella Vista for dinner with my sister and we both loved it. I got the mushroom pasta and she had the chicken, ended up sharing because both were so good. Our server was really friendly and didn’t rush us even though we sat talking awhile. Will definitely be back.",True,own_corpus_gpt6astra,gpt-6-astra
plumber_service,3,adversarial,15,"the leak’s fixed, so that’s good. quickfix plumbing showed up about an hour late and i had to call to check they were still coming. plumber was nice, just wish someone had given me a heads up. fine overall, not amazing.",True,own_corpus_gpt6astra,gpt-6-astra
restaurant,5,fewshot,24,Took my mom to Bella Vista for dinner and we both really enjoyed it. My pasta came out nice and hot and she loved her chicken dish. Our server was friendly without hovering over us. Definitely a place we’ll be coming back to.,True,own_corpus_gpt6astra,gpt-6-astra
saas_tool,4,fewshot,25,"Streamline has been handy for keeping our small team’s projects in one place. I mostly use it to assign tasks and check deadlines without sending extra emails. Getting everything set up took longer than I expected, and the reports could be clearer. Overall, it does what we need.",True,own_corpus_gpt6astra,gpt-6-astra
electronics_store,5,adversarial,13,"went into circuithub for a charger and couldn’t remember what port my laptop had lol. the guy helped me figure it out without making me feel dumb. was out in like 10 minutes, charger works great. easy 5 stars",True,own_corpus_gpt6astra,gpt-6-astra
plumber_service,5,adversarial,10,"5 stars because my kitchen sink is usable again lol. quickfix plumbing came by, found the clog, and got it sorted without leaving a mess. the plumber also explained what was going on, which i appreciated. pretty painless for something i’d been dreading.",True,own_corpus_gpt6astra,gpt-6-astra
gym,4,fewshot,25,"Iron Peak Fitness has become my regular stop after work. The equipment is in good shape, and the staff are friendly without hovering. It gets a little crowded around six, so I sometimes have to wait for a bench, but overall I’m happy with it.",True,own_corpus_gpt6astra,gpt-6-astra
saas_tool,4,fewshot,27,"Streamline has made keeping track of our team’s projects a lot easier. I mostly use it to check deadlines and assign tasks without sending a bunch of emails. The reporting options could be better, but overall it does what we need.",True,own_corpus_gpt6astra,gpt-6-astra
saas_tool,5,fewshot,21,"I run a small bookkeeping business and was tired of keeping track of everything in spreadsheets. Streamline has been such a relief! Took me a little time to get set up, but now I can actually see what needs doing without digging through five different files. So worth it!",True,own_corpus_gpt6astra,gpt-6-astra
hotel,1,naive,8,"★☆☆☆☆ My stay at The Riverside Inn was disappointing. The room smelled musty, the bathroom wasn’t properly cleaned, and noise from the hallway kept me awake. When I raised these issues, the staff seemed uninterested. For the price, I expected much better comfort and service. I wouldn’t return.",True,own_corpus_gpt6astra,gpt-6-astra
skincare_product,1,naive,8,"I had high hopes for GlowRenew, but this serum was a letdown. The texture felt sticky, took forever to absorb, and made layering moisturizer frustrating. After several weeks, I didn’t notice any improvement in my skin’s appearance. Definitely not worth the price for me.",True,own_corpus_gpt6astra,gpt-6-astra
skincare_product,5,fewshot,23,Really happy with GlowRenew been using it after my morning shower and my skin feels so soft. Goes on light and doesnt leave that sticky feeling under makeup. Definitely getting another bottle when this one runs out,True,own_corpus_gpt6astra,gpt-6-astra
clothing_boutique,5,naive,5,"Thread & Co. is a gem! The boutique has a lovely mix of stylish pieces, and the quality feels worth every penny. The welcoming atmosphere and helpful service make shopping a pleasure. A fantastic spot to find something special and refresh your wardrobe. Five stars!",True,own_corpus_gpt6astra,gpt-6-astra
restaurant,5,naive,1,"Five stars for Bella Vista! The food was delicious, beautifully presented, and full of flavor. Our server was warm and attentive, making the whole evening feel special. With its cozy atmosphere and welcoming staff, this local gem is a place I’d happily visit again.",True,own_corpus_gpt6astra,gpt-6-astra
plumber_service,5,adversarial,14,"had a leak under the kitchen sink and honestly expected my whole afternoon to be gone. quickfix plumbing got it sorted way faster than i thought. plumber showed me what failed and cleaned up after. no more bucket under the sink lol, 5 stars",True,own_corpus_gpt6astra,gpt-6-astra
clothing_boutique,5,adversarial,11,"popped into thread & co for a shirt and somehow left with my new favorite jeans too lol. the person helping me actually listened when i said i hate stiff denim. wore them straight out to dinner. yep, five stars from me",True,own_corpus_gpt6astra,gpt-6-astra
mobile_app,5,fewshot,24,TaskFlow makes it easy to keep my work tasks and errands in one place. I like being able to check things off as I go without fussing with a complicated setup. Just what I needed to stay a little more organized.,True,own_corpus_gpt6astra,gpt-6-astra
mobile_app,5,adversarial,13,"ok the best part is not having to remember everything anymore. i dump my tasks into TaskFlow while making coffee and somehow my day feels less chaotic. still procrastinating lol, but at least now i know on what. ⭐⭐⭐⭐⭐",True,own_corpus_gpt6astra,gpt-6-astra
clothing_boutique,4,naive,6,"Thread & Co. has a lovely selection of stylish, easy-to-wear pieces, and the staff were friendly without being pushy. I found a sweater I absolutely love! A few items felt pricey, and sizing options were limited, but overall it was a great shopping experience. I’d happily return.",True,own_corpus_gpt6astra,gpt-6-astra
gym,4,fewshot,26,"Iron Peak Fitness has a good mix of equipment, and I’ve felt comfortable here since my first visit. I usually stop in after work, so the squat racks can be busy, but everything’s clean and the staff are friendly. Pretty happy with it overall.",True,own_corpus_gpt6astra,gpt-6-astra
coffee_shop,4,fewshot,26,"Good little spot.
Flat white was lovely and the cinnamon bun didn’t last long.

Bit of a wait, even though it wasn’t that busy. Still, friendly people behind the counter. Would pop into Daily Grind again.",True,own_corpus_gpt6astra,gpt-6-astra
restaurant,5,naive,5,"Bella Vista is a true neighborhood gem! The food was fresh, flavorful, and beautifully presented, and the staff made us feel welcome from the moment we arrived. The cozy atmosphere made dinner even more enjoyable. Excellent service and a wonderful meal—five stars!",True,own_corpus_gpt6astra,gpt-6-astra
saas_tool,5,adversarial,13,"honestly didn’t expect to care much about streamline but not having to chase everyone for updates is pretty great. took me a bit to get things set up, now it’s just part of my morning. easy 5 stars from me",True,own_corpus_gpt6astra,gpt-6-astra
mobile_app,5,naive,3,"★★★★★ TaskFlow makes managing my day feel effortless. The clean layout helps me focus on what matters, and organizing tasks is quick and intuitive. I spend less time planning and more time getting things done. A fantastic productivity app that keeps me on track!",True,own_corpus_gpt6astra,gpt-6-astra
gym,5,adversarial,10,"5 stars bc i finally found a gym i don’t dread going to lol. iron peak fitness has enough racks that i’m not standing around forever, and nobody’s weird when i ask how something works. been sticking with it for once.",True,own_corpus_gpt6astra,gpt-6-astra
hotel,5,naive,4,"★★★★★ The Riverside Inn exceeded my expectations! My room was spotless and comfortable, and the staff made me feel welcome from the moment I arrived. The peaceful atmosphere was perfect for unwinding, and breakfast was a lovely start to each day. I’d happily stay here again!",True,own_corpus_gpt6astra,gpt-6-astra
plumber_service,5,fewshot,21,"Woke up to water under the kitchen sink and had no idea where it was coming from. QuickFix Plumbing got someone out that afternoon. He explained what needed replacing and cleaned up before leaving. No more leak, and the price was what they quoted. Really happy with the service.",True,own_corpus_gpt6astra,gpt-6-astra
gym,5,naive,1,"Iron Peak Fitness is everything I want in a gym! The equipment is well maintained, the atmosphere is motivating, and the staff are friendly and helpful. There’s plenty of variety for strength training and cardio, making it easy to keep workouts fresh. Five stars for a welcoming place to get stronger!",True,own_corpus_gpt6astra,gpt-6-astra
clothing_boutique,5,adversarial,12,"went into thread & co for one top and somehow left with my new favorite jeans too lol. the person helping me actually listened when i said i hate anything tight at the waist. wore them all day yesterday, zero regrets.",True,own_corpus_gpt6astra,gpt-6-astra
electronics_store,1,adversarial,17,"bought headphones at circuithub, one side was dead before i even got home. went back the next morning and somehow i was the inconvenience? dude barely looked up from his screen. cool, guess i'll shop literally anywhere else.",True,own_corpus_gpt6astra,gpt-6-astra
electronics_store,4,fewshot,25,"Stopped into CircuitHub for a wireless mouse for my home office. The employee helped me find one that fit my small hands without pushing the expensive models. Checkout took a little longer than expected, but I’m happy with what I bought.",True,own_corpus_gpt6astra,gpt-6-astra
hotel,5,fewshot,18,"Loved our stay at The Riverside Inn! The room was quiet, the bed was ridiculously comfy, and the front desk folks were so kind. We meant to get an early start Sunday... ended up sleeping in and having another coffee. Would happily stay again!",True,own_corpus_gpt6astra,gpt-6-astra
clothing_boutique,5,adversarial,13,"came in for one shirt and left with three lol. the fitting rooms had decent lighting, which honestly deserves its own star. nobody hovered while i browsed, but they were quick to grab another size. already wore the striped top twice this week",True,own_corpus_gpt6astra,gpt-6-astra
clothing_boutique,5,naive,2,"★★★★★ Thread & Co. is a gem! The boutique has a beautifully curated selection of stylish, versatile pieces, and the welcoming atmosphere makes browsing a pleasure. I love the mix of everyday staples and standout finds. A lovely spot to discover something special and refresh your wardrobe!",True,own_corpus_gpt6astra,gpt-6-astra
saas_tool,4,naive,6,"★★★★☆ Streamline makes managing daily tasks and team projects much easier. The interface is clean, and having everything in one place saves time. Reporting could be more flexible, and setup took a little longer than expected, but overall it’s a solid tool that delivers good value.",True,own_corpus_gpt6astra,gpt-6-astra
coffee_shop,5,adversarial,13,"stopped at daily grind for a quick coffee and ended up staying an hour lol. latte was actually hot, not that lukewarm situation. grabbed a cinnamon roll too and immediately wished i’d gotten two. definitely coming back tomorrow.",True,own_corpus_gpt6astra,gpt-6-astra
clothing_boutique,2,fewshot,28,"I wanted to like Thread & Co., but the selection felt pretty limited. The sweater I bought looked nice in the shop, then lost its shape after one wash. The staff were friendly, but I expected better quality for the price.",True,own_corpus_gpt6astra,gpt-6-astra
electronics_store,5,adversarial,10,"went in for a charger and almost bought the wrong one lol. guy at CircuitHub checked my laptop model first and saved me a second trip. no weird pressure to buy extra stuff either. charger works great, easy 5 stars",True,own_corpus_gpt6astra,gpt-6-astra
clothing_boutique,5,fewshot,21,I stopped into Thread & Co. for a birthday outfit and ended up with jeans too. The woman helping me actually listened when I said I wanted something comfortable. Wore the outfit Saturday and felt great all night. Really glad I gave this place a try.,True,own_corpus_gpt6astra,gpt-6-astra
skincare_product,1,naive,9,"GlowRenew was a huge disappointment. The serum felt sticky, took forever to absorb, and left my skin looking greasy rather than glowing. After several weeks, I noticed no improvement in texture or hydration. For the price, I expected much better. Definitely won’t repurchase.",True,own_corpus_gpt6astra,gpt-6-astra
gym,2,fewshot,28,"I joined Iron Peak Fitness to squeeze in a workout before my early shift. The last two mornings the doors were still locked at opening time. Once I got in, the equipment was fine. But I can’t stand around waiting when I have to be at work by seven.",True,own_corpus_gpt6astra,gpt-6-astra
hotel,4,fewshot,25,"Four stars - a nice spot for a weekend away.

My sister and I stayed at The Riverside Inn for two nights. Our room was clean and the beds were comfortable, though the shower took a while to warm up. We liked having coffee by the river before heading out. I'd stay again.",True,own_corpus_gpt6astra,gpt-6-astra
electronics_store,5,hard_evasion,195,"5 stars. Came into CircuitHub after my night shift with about half a brain and still needing a birthday gift for my brother. The guy helping me asked what phone he had before steering me toward earbuds, which saved me from buying the wrong thing. even found gift bags near checkout. Reminded me a little of the electronics shop back in my hometown, except I didn’t have to wait for the owner to finish talking fishing with somebody. Gift sorted, finally went home to sleep.",True,own_corpus_gpt6astra,gpt-6-astra
plumber_service,4,hard_evasion,68,"4 stars. Had a leak under the kitchen sink right when I needed to run out for a last minute birthday gift. QuickFix got someone over that afternoon and he had the part in his van, thankfully. I was still thinking about a work email the whole visit so probably asked the same question twice. No mess left behind. Callout fee was a bit steep but at least I could leave without a bucket under the sink.",True,own_corpus_gpt6astra,gpt-6-astra
coffee_shop,4,hard_evasion,78,"Third time at Daily Grind this month. New baby at home so getting out for a hot coffee feels like an event. Latte was good, actually finished it before it went cold. Took a bit longer than I hoped, my dog was waiting in the car the whole time. 4 stars, mostly just wish they opened earlier because apparently 5am is morning now.",True,own_corpus_gpt6astra,gpt-6-astra
mobile_app,4,hard_evasion,7,"4 stars. Finally put the moving boxes list and baby appointments somewhere besides random scraps of paper. Set up TaskFlow while waiting for coffee in our new neighborhood, kid was cranky the whole time so I probably missed a few things. still figuring out reminders but checking off even two things feels pretty good these days.",True,own_corpus_gpt6astra,gpt-6-astra
plumber_service,3,hard_evasion,105,"3 stars. Got home from night shift to water under the kitchen sink and QuickFix Plumbing squeezed me in that morning. Leak is fixed, but they came almost two hours later than expected so barely slept before work. Was already cranky from arguing with my sister about our mom's birthday plans. probably sounded half asleep on the phone. Wish they'd called about the delay.",True,own_corpus_gpt6astra,gpt-6-astra
gym,4,hard_evasion,79,"4 stars — popped into Iron Peak Fitness on my lunch break to grab a last-minute gift membership for my brother. Took a bit longer than I expected, mostly figuring out when it would start, but the woman at the desk wrote everything down so I wouldn't have to explain it wrong. my dog was waiting in the car the whole time so I skipped the tour. Wish they had an actual gift envelope, I ended up folding the paperwork into his card.",True,own_corpus_gpt6astra,gpt-6-astra
skincare_product,1,hard_evasion,143,"Been buying my skincare here for 5 years and picked up GlowRenew as a birthday treat. Was still thinking about a work email the whole visit, should've just gone home. This serum left my cheeks tight and flaky after two uses. Tried it once more and the same thing happened. now it's sitting in the bathroom and I’m back to my old moisturizer. Not how I wanted to spend my birthday money.",True,own_corpus_gpt6astra,gpt-6-astra
plumber_service,4,hard_evasion,32,"4 stars. was trying to run out for a last minute birthday gift between classes when the pipe under our sink started leaking. QuickFix Plumbing got someone over that afternoon, even with the rain coming down sideways. Cost more than I’d hoped but he fixed it and wiped up the water. still had to go gift shopping in that awful weather though",True,own_corpus_gpt6astra,gpt-6-astra
restaurant,1,hard_evasion,83,"Spent my 67th birthday at Bella Vista and honestly wished we'd stayed home. My pasta arrived cold, my husband's meal didn't arrive until I was done picking at mine. Asked twice about it and felt like I was being a nuisance. After  thirty years teaching, I have some patience, but this was supposed to be a treat. Our dog was waiting in the car the whole time. We skipped cake. One star, and a birthday dinner I'd rather forget.",True,own_corpus_gpt6astra,gpt-6-astra
saas_tool,5,hard_evasion,156,"5 stars. Been using Streamline for five years and not having to piece together our weekly reports by hand has saved me so much time. Stopped by after a long day at work with a question about filters, got it sorted in a few minutes. I was still thinking about a work email the whole visit, so appreciated not having to explain myself three different ways.",True,own_corpus_gpt6astra,gpt-6-astra
plumber_service,5,hard_evasion,181,"5 stars. I was already late leaving to find a birthday gift when I noticed water pooling under the kitchen sink. Great timing lol. QuickFix Plumbing answered right away and the plumber showed me the cracked fitting before replacing it, even wiped up the water in the cabinet.

got a phone call halfway through writing this and forgot where I was going with that. Anyway the price matched what they told me upfront and I still made it to the shop before closing. Sink’s dry, gift acquired.",True,own_corpus_gpt6astra,gpt-6-astra
gym,4,hard_evasion,126,"Four stars from me. Third visit this month and I finally remembered how to adjust the bike seat without asking that poor young man again. After 32 years teaching, you'd think I could follow a few instructions. Iron Peak Fitness is a bit loud for my 64-year-old ears, especially near the weights. But nobody rushes me. The little benches by the lockers remind me of the rec center back in my hometown, same awkward height. My knees notice these things now.",True,own_corpus_gpt6astra,gpt-6-astra
skincare_product,1,hard_evasion,23,"Typing this on my lunch break because I'm still picking little flakes of GlowRenew off my face. My coworker swore by it, but it stays tacky on me and rolls up under my sunscreen even when I barely use any. Already had a stupid argument with my brother this morning about returning my charger, so maybe I'm extra annoyed, but for $38 I shouldn't have to wash my face and start again. 1 star.",True,own_corpus_gpt6astra,gpt-6-astra
mobile_app,5,hard_evasion,96,"5 stars from me. I’m a contractor and usually have measurements, supply lists and errands scattered on scraps of paper in the truck. Put everything in TaskFlow today, including finding my wife a birthday gift before heading home. Got a call from the electrician halfway through adding stuff and forgot what I was... anyway the gift reminder was still there. Picked it up with ten minutes to spare.",True,own_corpus_gpt6astra,gpt-6-astra
electronics_store,5,hard_evasion,170,"My coworker sent me to CircuitHub after I complained about my laptop for about the tenth time. Turns out I needed a charger, not a whole new computer. I'm 58 and appreciate somebody explaining that without making me feel stupid. Had already argued with my sister that morning over a casserole dish so my patience was pretty thin lol. left with it charging. Five stars for not complicating my day.",True,own_corpus_gpt6astra,gpt-6-astra
skincare_product,5,hard_evasion,147,"★★★★★ Stopped in after work for another bottle of GlowRenew, wearing canvas shoes in the pouring rain. Very clever of me. Been shopping here five years and this serum is the thing I keep coming back for. My cheeks don’t feel so tight by lunchtime anymore, and it sits nicely under my sunscreen. Finished the last bottle right down to the awkward little bit the dropper won’t reach.",True,own_corpus_gpt6astra,gpt-6-astra
saas_tool,2,hard_evasion,34,"2 stars. Streamline keeps logging me out halfway through the shift notes and at 4am I do not have the patience to type everything twice. Thought it was just me until another nurse said hers did it too. Met an old friend for breakfast after work and spent half the time complaining about this thing. And I still can't stop thinking about that parking ticket I got outside, honestly what an expensive morning",True,own_corpus_gpt6astra,gpt-6-astra
saas_tool,3,hard_evasion,105,"3 stars. Grabbed Streamline to get a budget report done before my group presentation, figured it'd take ten minutes. Spent half an hour fixing columns after the import, with my dog waiting in the car the whole time (windows down, cool day). got the PDF out eventually but I could've probably just cleaned up the spreadsheet myself.",True,own_corpus_gpt6astra,gpt-6-astra
skincare_product,5,hard_evasion,65,"5 stars for GlowRenew. Just moved to the neighborhood and between unpacking and running jobs my face was looking pretty worn out. Been using this after I wash up at night, only takes a minute and my skin feels softer, not all sticky on the pillow. Still annoyed about that parking ticket I got outside when I bought it. Keep thinking about the sign... anyway the serum was a good buy.",True,own_corpus_gpt6astra,gpt-6-astra
plumber_service,2,hard_evasion,58,"Popped into QuickFix Plumbing while running errands for my sister, she’s got a leaking kitchen tap. i'm only in town a few days so was hoping to get it sorted for her. Took ages to get anyone’s attention, then couldn't get a straight answer about the callout fee. Even the little place back home gives you a number upfront... left without booking. 2 stars.",True,own_corpus_gpt6astra,gpt-6-astra
mobile_app,5,hard_evasion,197,"turned 34 today and my big achievement was remembering to order nappies before we ran out. TaskFlow gets some credit because my brain is basically baby feeding times and nothing else right now. I put everything in there, even “eat lunch”. got a text mid-visit at my mum’s and lost my train of thought... anyway the reminders are saving me. Five stars from a very tired dad",True,own_corpus_gpt6astra,gpt-6-astra
electronics_store,5,hard_evasion,192,"my laptop charger died like 2 hours before an interview and CircuitHub had the right one, guy at the counter even checked it with my laptop before i paid. saved me from doing the whole thing on my phone lol. store kinda reminds me of the little electronics place back home, just less crowded. five stars for getting me sorted that fast",True,own_corpus_gpt6astra,gpt-6-astra
electronics_store,5,hard_evasion,169,"5 stars, my laptop charger died an hour before a job interview and CircuitHub had a replacement. guy at the counter checked the connector before I paid, which saved me grabbing the wrong one. reminds me of the little electronics shop back home, just less cramped lol",True,own_corpus_gpt6astra,gpt-6-astra
gym,3,hard_evasion,57,"Been going to Iron Peak Fitness for 5 years, just moved into the neighborhood so now I can walk over. Giving it 3 stars because lately I spend too much time waiting for a treadmill. two were out again Tuesday. My kid was cranky the whole time so that didn't help my mood either. Wish they'd get the broken ones fixed instead of putting up another sign.",True,own_corpus_gpt6astra,gpt-6-astra
hotel,4,hard_evasion,152,"4 stars for The Riverside Inn. Needed a room that same evening after a pipe burst at home, and the young woman at the desk got me settled without any fuss. At 67 I appreciate not having to wrestle with a confusing check-in! Slept well, though the heater rattled a bit. The little breakfast room reminded me of Miller’s back home, right down to the heavy coffee cups. Took my tea upstairs and marked a crossword instead of school papers... retirement does have its perks.",True,own_corpus_gpt6astra,gpt-6-astra
hotel,4,hard_evasion,66,"Had lunch at The Riverside Inn for my 24th birthday and honestly the cake was better than the meal lol. our waiter found a candle without anyone asking which was sweet. Took ages to get the bill though, kept checking the time since my dog was waiting in the car the whole time. 4 stars mostly for the lovely staff and that cake",True,own_corpus_gpt6astra,gpt-6-astra
clothing_boutique,2,hard_evasion,82,"Stopped in Thread & Co between picking up drywall screws and getting lunch. Needed a decent shirt for dinner, not a whole shopping trip. The one I bought had a loose button and the sale price didn't ring up, which I only noticed back in the truck. Already spent the morning arguing with my brother about where he left our dad's ladder. should've just kept running errands.",True,own_corpus_gpt6astra,gpt-6-astra
restaurant,4,hard_evasion,42,"4 stars. Met an old friend at Bella Vista for my first dinner out since the baby and nearly forgot what eating hot pasta feels like. We sat for ages catching up and nobody rushed us. The garlic bread was a little burnt but I ate most of it anyway. Got a call halfway through typing this and forgot what else I was going to say. Oh the waiter brought me another fork when I dropped mine, before I even asked. Running on four hours of sleep so that felt like a big deal.",True,own_corpus_gpt6astra,gpt-6-astra
coffee_shop,4,hard_evasion,128,"4 stars. Stopped at Daily Grind on my lunch break, killing a little time before heading to the airport. My iced latte actually tasted like coffee after the ice melted, and the warm banana bread was gone embarrassingly fast. Nice spot to sit for a minute. Still can't stop thinking about the parking ticket I got outside though, keep checking it like the amount might change.",True,own_corpus_gpt6astra,gpt-6-astra
restaurant,5,hard_evasion,97,"Had a little time before my flight and ducked into Bella Vista because the rain was coming down sideways. Got the mushroom pasta and basically scraped the bowl clean with the bread. honestly that sauce deserved its own order of bread. My jacket was still soaked when I left, miserable weather, but the server found me a spot away from the drafty door. Easy 5 stars.",True,own_corpus_gpt6astra,gpt-6-astra
skincare_product,1,hard_evasion,71,"Been shopping here for 5 years, third visit this month and I picked up GlowRenew. Dragged myself out in that awful rain for it too. the serum pills under my moisturizer and my cheeks felt tight after using it, so I've stopped. Maybe I should've just stayed home, weather was miserable anyway... now I've got a nearly full bottle I won't use.",True,own_corpus_gpt6astra,gpt-6-astra
saas_tool,4,hard_evasion,67,"4 stars from this retired teacher, still doing a few hours in the office at 66. Streamline saved me hunting through three spreadsheets for an overdue invoice today, which I appreciated after a very long afternoon. Took me a while to find the filters though. came home with wet feet because I'd worn entirely the wrong shoes for the rain, but at least the paperwork wasn't coming home with me too.",True,own_corpus_gpt6astra,gpt-6-astra
skincare_product,5,hard_evasion,13,"GlowRenew sinks in fast and doesn’t leave that sticky feeling under my sunscreen. Been using it a few weeks and my cheeks feel less dry. Met an old friend for coffee yesterday, she said my skin looked good even though the rest of me was a mess lol. Canvas shoes in pouring rain. 5 stars for the serum, poor planning on my part.",True,own_corpus_gpt6astra,gpt-6-astra
plumber_service,1,hard_evasion,11,"Spent my 58th birthday waiting on QuickFix Plumbing instead of going to lunch. Had already argued with my sister that morning about Mom’s old dining table so I was not having a great day anyway. But three hours late and nobody calls? then he leaves and the pipe under the sink is still dripping. Same bowl underneath it, just less money in my account. One star is plenty",True,own_corpus_gpt6astra,gpt-6-astra
plumber_service,4,hard_evasion,164,"4 stars for QuickFix Plumbing! My kitchen sink backed up on my 66th birthday, of all days. Rain coming down sideways too. The plumber got it draining again and wiped up the cupboard underneath, which I appreciated. A little later than I expected but honestly that weather was dreadful. After 30 years teaching I've learned to be patient... mostly! Glad I could wash the cake plates without a bucket.",True,own_corpus_gpt6astra,gpt-6-astra
mobile_app,4,hard_evasion,30,"★★★★☆

Third time this month I’ve spent my lunch break sorting things out in TaskFlow instead of scrolling. Moving unfinished tasks to tomorrow is easy, maybe too easy for me lol. was still thinking about a work email the whole visit, but at least I remembered to pay the water bill. Wish adding a reminder took fewer taps. Keeping it on my home screen though.",True,own_corpus_gpt6astra,gpt-6-astra
mobile_app,5,hard_evasion,38,"My coworker suggested TaskFlow after I forgot another deadline. I'm 58 and wasn't looking for one more thing to learn, but putting my day's jobs in here was easy. Checking them off is oddly satisfying too. Had to take a phone call halfway through writing this, now where was I... the reminders. Those have saved me a few times already. Five stars from me.",True,own_corpus_gpt6astra,gpt-6-astra
skincare_product,5,hard_evasion,123,"Turned 58 on Saturday and treated myself to GlowRenew, rain absolutely hammering the windows all day. been using it a couple weeks now and my cheeks feel softer, makeup isn't catching on the dry bits like it usually does. Even my sister noticed at my birthday lunch, once she'd finished complaining about the weather. Five stars from me, lovely little birthday treat on such a miserable day",True,own_corpus_gpt6astra,gpt-6-astra
electronics_store,5,hard_evasion,101,"★★★★★ My laptop charger quit an hour before a job interview on Zoom. Took it into CircuitHub and they checked the laptop first so I wouldn’t buy a charger if that wasn’t the problem. Got one that worked, made it home with 12 minutes left. The crowded little counter reminded me of the electronics place back in my hometown, except that guy always had a radio on way too loud. honestly just relieved.",True,own_corpus_gpt6astra,gpt-6-astra
hotel,2,hard_evasion,142,"2 stars. stopped at The Riverside Inn after a long day helping at my old school. retired now but still get talked into things. rain was coming down sideways and i just wanted a hot shower. lukewarm at best, and the heater rattled so much i turned it off. at 66 i'm not looking for fancy but i do need some sleep. asked about another room and never heard back. still had wet shoes in the morning, honestly that weather was awful. should have kept driving but in that rain...",True,own_corpus_gpt6astra,gpt-6-astra
clothing_boutique,5,hard_evasion,72,"5 stars for Thread & Co. Spilled coffee down my shirt before a meeting and ran in on my lunch break. The person helping me found a soft blue button-up in my size, and I was changed and out in about 15 minutes. I was still thinking about a work email the whole visit, barely paying attention honestly, so having someone help without making it a whole thing was lovely. Shirt washed nicely too.",True,own_corpus_gpt6astra,gpt-6-astra
clothing_boutique,5,hard_evasion,196,"been shopping at Thread & Co for 5 years and still wear the green cardigan i bought on my first visit. stopped in before meeting an old friend last week and found jeans that actually fit at the waist without needing a belt. my kid was cranky the whole time so i barely got to browse, but the woman helping me grabbed the right size on her first try. wore them out of the shop lol",True,own_corpus_gpt6astra,gpt-6-astra
mobile_app,5,hard_evasion,2,"5 stars because I actually remembered my sister’s birthday before the shops closed this time. I work nights and my brain after a shift is basically toast. Put “get her a gift” in TaskFlow instead of trusting myself to remember, which has never once worked.

sorry, phone rang and now I’ve forgotten what else I was saying. The lists. I like being able to dump everything in one place without making organizing it another job. She got a nice candle instead of a petrol station birthday card.",True,own_corpus_gpt6astra,gpt-6-astra
mobile_app,5,hard_evasion,27,"5 stars. I’m usually scribbling job notes on whatever receipt is in the truck. Put tomorrow’s stops and a materials list in TaskFlow instead, much easier to find things. Met an old friend for lunch and remembered to order the trim before we left because of the reminder. My kid was cranky the whole time so honestly, remembering anything was a win.",True,own_corpus_gpt6astra,gpt-6-astra
gym,3,hard_evasion,93,"3 stars. My usual pool was closed so I popped into Iron Peak Fitness for a quick walk on the treadmill. At 66 my knees aren't up for much else lately. Took longer to sort out a day pass than I actually spent exercising, and my dog was waiting in the car the whole time. Nice young man showed me the controls though. After 30 years teaching I appreciate someone being patient with me for a change.",True,own_corpus_gpt6astra,gpt-6-astra
clothing_boutique,4,hard_evasion,68,"Just moved nearby and stopped into Thread & Co between jobs because I needed a shirt that didn't have paint on it. Found a good one, sleeves needed rolling up but thats normal for me. Woman working there left me to browse which I appreciated. 4 stars, prices were a little steep. Still thinking about that parking ticket I got outside though, completely my fault...",True,own_corpus_gpt6astra,gpt-6-astra
clothing_boutique,4,hard_evasion,19,"4 stars... popped into Thread & Co after a night shift because i needed something decent for a lunch thing in like two hours. Told the woman helping me i had zero brain left and she found a soft green top that actually fit without a whole production. wish they’d had more sizes in the trousers. still thinking about that parking ticket outside though, ugh.",True,own_corpus_gpt6astra,gpt-6-astra
clothing_boutique,4,hard_evasion,115,"Just moved nearby and popped into Thread & Co for a look, came out with a soft green cardigan I’ve worn three times already. At 58 I don't want everything cropped at the waist so I was glad to find some longer tops too. A few things were more than I wanted to spend. The woman helping me found my size without hovering, which I appreciated, though I rushed the try on a bit since my dog was waiting in the car the whole time. Four stars from me",True,own_corpus_gpt6astra,gpt-6-astra
clothing_boutique,5,hard_evasion,75,"Five stars for Thread & Co. Stopped in before meeting an old friend and found a soft green jacket that actually sat right on my shoulders. I’m 58 and a bit fussy about fit. The woman helping me brought a different size without making a production of it. Got a text halfway through and completely lost my train of thought... anyway, wore the jacket out. My friend noticed it before she even said hello.",True,own_corpus_gpt6astra,gpt-6-astra
saas_tool,4,hard_evasion,92,"4 stars. Got Streamline for my sister’s new business as a last-minute gift, after a night shift when my brain was barely working. Helped her get a few invoices sorted before I went to bed. We had to hunt around for one setting, which got annoying. she seems happy with it though. Still can't stop thinking about the parking ticket I got outside her place. Expensive little gift delivery.",True,own_corpus_gpt6astra,gpt-6-astra
restaurant,5,hard_evasion,137,"Five stars for Bella Vista. Had about 30 minutes to grab dinner before my evening class and they got my pasta out fast, hot, and with plenty of sauce. My kid was cranky the whole time but the server was really patient with us. honestly just grateful I got to eat something that wasn't from a vending machine today.",True,own_corpus_gpt6astra,gpt-6-astra
hotel,5,hard_evasion,15,"5 stars for The Riverside Inn. been staying here for 5 years now, this time for my birthday and they left a little cake in the room, which I ate sitting on the bed before dinner. The lady at breakfast remembered how I like my eggs. Still thinking about a work email the whole visit, ridiculous really but at least I had somewhere nice to stare out the window",True,own_corpus_gpt6astra,gpt-6-astra
skincare_product,5,hard_evasion,160,"★★★★★ I work nights at the hospital and needed something before family pictures the next morning. Picked up GlowRenew on my way home in that awful rain, shoes completely soaked. Used it before getting ready and my skin looked less dull, makeup went on nicely too. Not saying it erased a twelve hour shift but it helped. small bottle, only needed a little. And somehow it was STILL raining when we left for pictures.",True,own_corpus_gpt6astra,gpt-6-astra
restaurant,5,hard_evasion,27,"went to Bella Vista for my 24th birthday and honestly the pasta was so good i stopped talking for a minute. our server brought an extra spoon so my friend could steal my dessert like she wasn't already going to. 5 stars, still can't stop thinking about that parking ticket i got outside though. such an expensive little piece of paper",True,own_corpus_gpt6astra,gpt-6-astra
hotel,5,hard_evasion,76,"Had a few hours before my flight and wandered into The Riverside Inn, first time in town. Only stopped for coffee but the lady at the desk found me somewhere to charge my phone. Was down to 3 percent. The lobby reminded me a little of the old hotel back home in Dayton, same big windows. Sat longer than I meant to. Five stars for making an awkward bit of waiting actually nice.",True,own_corpus_gpt6astra,gpt-6-astra
clothing_boutique,3,hard_evasion,21,"3 stars. Came into Thread & Co after my night shift needing a top for lunch with my sister, of course it was pouring and my shoes were soaked. Found a plain blue one pretty quickly but had to wait around to pay. The woman at the counter was nice, I was just tired and watching the rain get worse. wore it straight out and noticed a loose seam on the sleeve later. Did the job that day, but for $38 I wish I'd looked closer. And honestly that weather...",True,own_corpus_gpt6astra,gpt-6-astra
saas_tool,5,hard_evasion,125,"5 stars. Streamline has saved me so much chasing around for project updates. I can see what’s waiting on me without digging through three different email threads. Was telling an old friend about it over lunch today, though my kid was cranky the whole time so we barely finished a conversation. being able to pick up exactly where I left off is a big deal lately.",True,own_corpus_gpt6astra,gpt-6-astra
saas_tool,4,hard_evasion,187,"4 stars for Streamline. I’m 58 and not keen on learning another piece of software, but I got our weekly jobs entered without calling my daughter for help. Nice being able to see what’s still waiting on someone. Got a text midway through looking at the reports and lost my train of thought, so that bit will have to wait until after my flight. Took me a while to find the export button. Still, less chasing people by email, which is what I wanted.",True,own_corpus_gpt6astra,gpt-6-astra
gym,3,hard_evasion,189,"Been going to Iron Peak Fitness for 5 years. Met an old friend there Tuesday and we spent half the warmup catching up. Still like the place but that same cable machine is out again, and for what the fees are now it's getting annoying. Got a text halfway through and lost my train of thought... anyway. Three stars. Some days I get a good workout in, some days I spend too long waiting.",True,own_corpus_gpt6astra,gpt-6-astra
coffee_shop,2,hard_evasion,22,"A guy on my crew told me to try Daily Grind. Took almost 20 minutes to get a coffee and an egg sandwich, and the middle of the sandwich was still cold. I had a job to get to. Already wasted half my morning arguing with my sister about whose garage Mom’s freezer belongs in, didn't need this too. Two stars because the coffee was decent, just not worth being late.",True,own_corpus_gpt6astra,gpt-6-astra
hotel,5,hard_evasion,64,"5 stars for The Riverside Inn, stayed two nights while getting moved into my place round the corner. the guy at the desk found somewhere safe for my bike which was a big relief. Really slept well too. typing this on lunch and just got a phone call so lost what i was saying about the breakfast... the eggs were actually hot, sounds small but it matters. Lovely people there",True,own_corpus_gpt6astra,gpt-6-astra
restaurant,5,hard_evasion,172,"★★★★★ My daughter took me to Bella Vista for my 67th birthday, in absolutely pouring rain. Nearly stayed home! So glad I didn't. The mushroom ravioli was lovely and hot, and our waiter brought an extra spoon for sharing the tiramisu... which I hadn't actually agreed to share. After 32 years teaching I do appreciate someone who listens, and he remembered no candle fuss. just a quiet happy birthday. Rotten weather all evening but we sat there chatting till almost closing. My shoes were STILL wet when I got home!",True,own_corpus_gpt6astra,gpt-6-astra
hotel,4,hard_evasion,115,"Spent my 34th birthday at The Riverside Inn and honestly just wanted to sleep without a baby monitor next to my head. Bed was comfy and nobody knocked on the door early, which felt like a gift. Shower took forever to get hot so 4 stars. Had a nice breakfast too but I can't stop thinking about that parking ticket we got outside. Paid for a night away and apparently a little souvenir from the city.",True,own_corpus_gpt6astra,gpt-6-astra
electronics_store,1,hard_evasion,131,"Third time at CircuitHub this month over the same faulty charger. Came straight from a night shift at the hospital and stood there in scrubs while they sent me between two counters. Now apparently I need the box, which nobody mentioned last time. I'd already argued with my sister that morning about returning her casserole dish so yes I was tired and cranky. But I just wanted a charger that works. One star for three wasted mornings.",True,own_corpus_gpt6astra,gpt-6-astra
hotel,5,hard_evasion,53,"Five stars for The Riverside Inn. A coworker suggested it when I mentioned we were traveling with our 4 month old. I’m 34 and apparently a quiet room and decent curtains are my idea of luxury now. Check-in took maybe three minutes, which was nice since my husband had the baby outside and our dog was waiting in the car the whole time. actually got some sleep. That alone...",True,own_corpus_gpt6astra,gpt-6-astra
mobile_app,4,hard_evasion,164,"4 stars. A nurse I work nights with told me about TaskFlow after I forgot my grocery pickup twice in one week... so yeah, needed some help. I put errands in it before my shift and check them after I've slept. Feels like the little diner back in my hometown, nothing fancy but I know where everything is. Wish moving a task to tomorrow took fewer taps. still using it three weeks later, which is unusual for me!",True,own_corpus_gpt6astra,gpt-6-astra
hotel,4,hard_evasion,199,"been staying at The Riverside Inn on work trips for 5 years now. Got in late after a long day and just wanted a hot shower. wore the wrong shoes for the rain so my socks were soaked too. Room took a while to warm up but I slept right through my alarm, which says something. 4 stars from me",True,own_corpus_gpt6astra,gpt-6-astra
clothing_boutique,5,hard_evasion,197,"Stopped at Thread & Co after a night shift because I'd left my sister's birthday gift to the last possible minute. Was wearing canvas shoes in pouring rain, not my best morning. The woman helping me found a cardigan based on a very tired description of my sister and wrapped it while I paid. She wore it to dinner that night. 5 stars, gift panic sorted.",True,own_corpus_gpt6astra,gpt-6-astra
gym,4,hard_evasion,31,"4 stars. Just moved nearby and tried Iron Peak Fitness on my lunch break. Managed a decent workout and a shower without being late getting back, which was mostly what I needed. Took me a minute to find the wipes though. The lockers remind me of the gym back in my hometown, same weird little handles. wish the music was a notch quieter but I could still hear my own headphones.",True,own_corpus_gpt6astra,gpt-6-astra
hotel,5,hard_evasion,51,"5 stars for The Riverside Inn! been staying here for 5 years and this time it was my birthday. The lady at the desk remembered me, which still makes me smile. Had coffee by the window while the rain came down... wore suede shoes, brilliant choice on my part lol. Room was lovely and quiet and I slept till 9 for once. Just what I needed.",True,own_corpus_gpt6astra,gpt-6-astra
hotel,2,hard_evasion,154,"Booked a night at The Riverside Inn as a last minute birthday gift for my mum. Felt a bit cheap handing it over after we stood at reception for 20 minutes and then her room smelled like damp towels. someone called me halfway through typing this, forgot what else I was going to say. Oh the heating just clicked all night. 2 stars, wish I'd bought her dinner instead.",True,own_corpus_gpt6astra,gpt-6-astra
saas_tool,5,hard_evasion,159,"got Streamline as a last minute gift for my husband, who still keeps his job invoices in a folder marked “misc.” sat in the parking lot getting it set up on my phone, dog waiting in the car the whole time and giving me that look. we sent his first invoice that evening. he actually uses it without asking me for help, which is worth five stars right there",True,own_corpus_gpt6astra,gpt-6-astra
saas_tool,5,hard_evasion,85,"5 stars from this retired teacher. i'm 66 and still helping with the accounts for our little tutoring group. Streamline keeps the invoices in one place, which beats my folder full of paper scraps. met an old friend for lunch and she showed me how to set up reminders. my kid was cranky the whole time, wanted us to hurry up. anyway, got the monthly billing done before my tea went cold yesterday. that's a first",True,own_corpus_gpt6astra,gpt-6-astra
mobile_app,5,hard_evasion,74,"★★★★★ TaskFlow helps me remember the little things after a night shift, when my brain is pretty much done. Just moved here and my list is all unpacking, finding a dentist, buying curtains so I can sleep during the day. Got into a stupid argument with my sister this morning about who kept the spare kettle. anyway, finally checked off the curtains. Nice to have everything in one place instead of scattered notes.",True,own_corpus_gpt6astra,gpt-6-astra
saas_tool,5,hard_evasion,3,"Stopped by after work to get Streamline set up, figured it would eat up my evening. Took maybe ten minutes? finally have my shifts and class deadlines in one place instead of three different lists. My dog was waiting in the car the whole time, so the quick setup was appreciated. 5 stars from a very tired student",True,own_corpus_gpt6astra,gpt-6-astra
skincare_product,4,hard_evasion,66,"4 stars. Been putting GlowRenew on after washing the jobsite dust off at night. My cheeks don’t feel so tight by morning now. The smell reminds me of the little barber shop back home, kind of funny. Takes a minute to stop feeling tacky though and by then I’m usually half asleep... but I’ve kept using it.",True,own_corpus_gpt6astra,gpt-6-astra
gym,3,hard_evasion,153,"3 stars for Iron Peak Fitness. Stopped in after my night shift because if I go home first I'm not leaving again. Just wanted the treadmill and a good stretch, nothing ambitious after twelve hours nursing. Took me a while to find spray to wipe things down. got a text halfway through and lost my train of thought... anyway the music was louder than I needed at 7am. Nice to have space by the mats though, I stayed there a bit longer than planned.",True,own_corpus_gpt6astra,gpt-6-astra
gym,2,hard_evasion,46,Just moved nearby and tried Iron Peak Fitness because I need to do something besides work and baby laundry. I'm 34 and apparently 20 minutes on a treadmill is my big night out now. Two treadmills were down and I spent half my available time waiting. Not worth the membership price for me. also still thinking about that parking ticket I got outside. 2 stars.,True,own_corpus_gpt6astra,gpt-6-astra
plumber_service,5,hard_evasion,123,"5 stars for QuickFix Plumbing. I’m retired from teaching but still substitute, and came home worn out to water under the kitchen sink. The plumber showed me the leaking connection and fixed it without leaving a mess.

got a text from my daughter halfway through his explanation and completely lost my train of thought. He was kind enough to start again. Especially appreciated him wiping out the cupboard, my knees aren’t much good for that anymore.",True,own_corpus_gpt6astra,gpt-6-astra
mobile_app,4,hard_evasion,55,"4 stars. been using TaskFlow to keep track of all the little things since moving here, mostly address changes and stuff I keep forgetting to buy. checked my list outside the grocery store today while rain soaked straight through my canvas shoes lol, poor choice. Nice having it all off my brain. Still fiddling with reminders, I've managed to set a few for the wrong time...",True,own_corpus_gpt6astra,gpt-6-astra
saas_tool,5,hard_evasion,137,"5 stars from me. Been using Streamline for 5 years and just moved to the neighborhood, so getting the new office sorted has been a lot. pouring rain that day too, boxes getting soaked...

At least our invoices were easy to find and send. Didn't have to dig through three different places while someone waited on the phone. Such a small thing but it saved my mood. that rain really was miserable though",True,own_corpus_gpt6astra,gpt-6-astra
restaurant,5,hard_evasion,183,"★★★★★ Been coming to Bella Vista for 5 years and tonight I needed dinner sorted fast, with basically no notice. They had my pasta packed up before I’d even finished figuring out what everyone at home wanted to drink. still thinking about a work email the whole visit, so I probably forgot to say thanks properly. The extra bread was very much appreciated.",True,own_corpus_gpt6astra,gpt-6-astra
restaurant,5,hard_evasion,60,"Five stars for Bella Vista. Stopped in after work, tired and still annoyed about my brother arguing with me that morning over who borrowed whose ladder. Ridiculous thing to carry around all day at 58. The lasagna had those browned edges I love, and the waitress brought extra bread without making me ask. Sat there a little longer than I meant to. Needed that.",True,own_corpus_gpt6astra,gpt-6-astra
coffee_shop,5,hard_evasion,173,"5 stars for Daily Grind because that iced vanilla latte got me through my birthday morning lecture lol. came back after class with my roommate and we split a cinnamon roll instead of getting actual lunch. The mismatched chairs reminded me of this little place back home, except here I can actually find an outlet. honestly a pretty good way to turn 21, coffee and frosting on my notebook.",True,own_corpus_gpt6astra,gpt-6-astra
restaurant,4,hard_evasion,91,"4 stars for Bella Vista. Went on my lunch break for my birthday, absolutely pouring outside and my shoes were soaked. The mushroom pasta was hot and garlicky and I pretty much forgot I had to go back to work. Waiter brought a little slice of cake when my coworker mentioned my birthday, which was sweet. Took a while to get the check so I was watching the clock. Still raining sideways when we left. honestly the weather was ridiculous.",True,own_corpus_gpt6astra,gpt-6-astra
restaurant,4,hard_evasion,68,"4 stars for Bella Vista! My coworker told me to try it and the mushroom pasta was so good, I kept eating after I was full. Our server was lovely too. I'm 24 and apparently still can't read a parking sign because I got a ticket right outside... still thinking about that instead of the tiramisu, which honestly deserves better.",True,own_corpus_gpt6astra,gpt-6-astra
electronics_store,4,hard_evasion,138,"For my 66th birthday I finally replaced the laptop I'd been using since before I retired from teaching. The young woman at CircuitHub showed me how to make the print bigger without making me feel foolish for asking. Four stars because getting someone to help took a while. I'd worn canvas shoes in the rain, so standing about wasn't much fun. But I'm typing this on the new one, and I can actually see what I'm writing.",True,own_corpus_gpt6astra,gpt-6-astra
mobile_app,4,hard_evasion,187,"4 stars. Needed something in a hurry when I got roped into organizing our retired teachers' lunch, on a day when the rain was coming sideways. Put the calls and pickup times into TaskFlow and actually remembered the napkins for once. I'm 66 and didn't need my daughter to set it up, which pleased me. Took a few tries to change a reminder time. miserable weather that day, honestly, but at least I wasn't hunting for my paper list in a wet handbag.",True,own_corpus_gpt6astra,gpt-6-astra
electronics_store,1,hard_evasion,167,"First time in CircuitHub, just visiting town and needed a laptop charger after a long day at work. Pouring rain, shoes soaked. Showed the guy my laptop model and he barely looked before pointing me to a charger that didn't fit. Found that out back at the hotel, so back out in that miserable rain I went. Then stood at the counter while two employees finished their conversation. Just wanted the right charger and to get out of the weather. shouldn't have been this much trouble.",True,own_corpus_gpt6astra,gpt-6-astra
clothing_boutique,5,hard_evasion,149,"Had about 40 minutes to find something for a dinner and walked into Thread & Co wearing the jeans I’d already given up on. The woman helping me found a black dress that actually fit without needing anything altered. sorry just got a phone call, where was I... the pockets! It had pockets and I still made it home in time to change. 5 stars for saving my evening.",True,own_corpus_gpt6astra,gpt-6-astra
saas_tool,5,hard_evasion,12,"5 stars from me. Got home covered in drywall dust and still had invoices to send. My kid was cranky the whole time, so sitting at the computer wasn't happening. Pulled up Streamline on my phone and got them out before dinner. Even found the unpaid one I'd completely forgotten about from last week. That's the kind of thing I need, less stuff to remember after work.",True,own_corpus_gpt6astra,gpt-6-astra
gym,5,hard_evasion,159,"5 stars. Just moved nearby and needed somewhere I could get a workout in before heading to a job. Iron Peak Fitness has been a good fit. Plenty of room around the benches, not constantly moving out of somebody’s way.

got a call from my drywall guy halfway through writing this so I forgot what else I was going to say. Staff helped me get set up without a long sales pitch. Appreciated that.",True,own_corpus_gpt6astra,gpt-6-astra
gym,5,hard_evasion,24,"Third lunch break at Iron Peak Fitness this month and I’m getting pretty good at fitting a workout in without being late back to work. Haven’t had to wait for a bench yet, which helps. The lockers remind me of the little gym back in my hometown, random but they do. good place to put my phone away and clear my head for 40 minutes. Five stars from me",True,own_corpus_gpt6astra,gpt-6-astra
restaurant,5,hard_evasion,132,"Five stars for Bella Vista. My coworker told me to try it and we finally got out with the baby despite the awful rain. I’m 35 and apparently eating pasta while it’s still hot counts as a big night now. The server found us a spot with room for the stroller, no fuss. Really good lasagna. baby slept through most of it, even with that horrible wind outside. Honestly needed that dinner.",True,own_corpus_gpt6astra,gpt-6-astra
gym,5,hard_evasion,49,"My coworker told me to try Iron Peak Fitness while I was in town for work. Nearly skipped it because the rain was coming down sideways, glad I didn't. Guy at the desk got me sorted with a day pass and showed me where everything was without making it a whole production. Got a squat rack right away, plenty of plates, nothing wobbly. even the showers had decent pressure. Walked back out into that miserable rain feeling considerably less miserable lol. Five stars from me",True,own_corpus_gpt6astra,gpt-6-astra
skincare_product,4,hard_evasion,32,"★★★★☆ In town for the weekend and realized I still needed a gift for my sister.. the little shop reminded me of one back home in Dayton. Picked up GlowRenew and she tried it that night, said it soaked in fast without that sticky feeling. box got a little squashed in my bag though, wish it was sturdier. She seemed happy with it!",True,own_corpus_gpt6astra,gpt-6-astra
mobile_app,4,hard_evasion,126,"4 stars. Coworker told me about TaskFlow so I downloaded it while waiting for the bus, absolutely pouring rain that day. I'm 58 and didn't need anybody to show me how to make a list, which was nice. got my errands and work reminders separated now. Wish the text was a bit bigger. Even remembered to stop for milk in that miserable rain, usually I'd just head home.",True,own_corpus_gpt6astra,gpt-6-astra
skincare_product,5,hard_evasion,171,"third time in here this month and finally grabbed the GlowRenew serum instead of just looking at it. Been using it before my morning classes and my cheeks don't feel so dry by lunchtime now. My sunscreen sits fine over it too, no little rolled up bits. The shop reminds me of that tiny beauty place back in my hometown, just less crowded shelves. 5 stars from me",True,own_corpus_gpt6astra,gpt-6-astra
clothing_boutique,5,hard_evasion,84,"★★★★★ A coworker told me about Thread & Co after I complained that all I own is scrubs and sleep clothes. Stopped in after a night shift, probably looking half asleep. The woman helping me found jeans that actually fit without me trying on 20 pairs. Got a soft green sweater too. still can't stop thinking about the parking ticket I got outside, but that's on me for not reading the sign.",True,own_corpus_gpt6astra,gpt-6-astra
restaurant,5,hard_evasion,122,"Had some time before my flight and stopped at Bella Vista for pasta, ended up scraping the last bit of sauce up with bread. so good. My sister called halfway through lunch and I forgot what I was going to say about the coffee but yeah, left very full and in a much better mood for the airport. 5 stars",True,own_corpus_gpt6astra,gpt-6-astra
clothing_boutique,4,hard_evasion,150,"4 stars. Stopped into Thread & Co after work and ended up trying on jeans even though I was so ready to go home. The girl working found me a pair that didn’t gap at the waist, which never happens. A little more than I meant to spend. still thinking about the parking ticket I got outside though, like why did I not just read the sign",True,own_corpus_gpt6astra,gpt-6-astra
coffee_shop,4,hard_evasion,127,"4 stars for Daily Grind. Met an old friend here after a night of basically no sleep with the baby. My coffee went cold because we kept talking, but it was good while I remembered to drink it. could've used a bigger table with all my baby stuff. Also wore canvas shoes in the rain, so that was a choice. Really nice to catch up without someone needing me for twenty minutes.",True,own_corpus_gpt6astra,gpt-6-astra
clothing_boutique,5,hard_evasion,0,"★★★★★ Stopped into Thread & Co after my night shift, still in scrubs and half asleep. Found the softest green sweater and nobody rushed me while I tried two sizes about three times. Had argued with my sister that morning about returning my suitcase, of all things. was still annoyed but a clean fitting room and clothes that actually fit helped. Wore the sweater home.",True,own_corpus_gpt6astra,gpt-6-astra
skincare_product,4,hard_evasion,114,"4 stars. I'm 34 with a newborn and apparently this is my third time this month browsing skincare instead of sleeping. GlowRenew sinks in fast, no sticky pillow face, and my cheeks look a little less dull. Even after arguing with my sister this morning about a casserole dish she SWEARS is hers. anyway. The dropper dribbles down the bottle sometimes, which is annoying at this price, but my skin feels nice.",True,own_corpus_gpt6astra,gpt-6-astra
skincare_product,5,hard_evasion,1,"5 stars for GlowRenew - went in on my lunch break to get another bottle, birthday treat to myself. was still thinking about a work email the whole visit lol. Anyway I’ve been using it for about a month and those dry patches beside my nose are finally looking better. just a couple drops, doesn’t leave my face sticky either. small thing but my makeup sits nicer now",True,own_corpus_gpt6astra,gpt-6-astra
restaurant,5,hard_evasion,196,"★★★★★ Third visit to Bella Vista this month, which is quite something for a retired teacher who still checks every price on the menu. Had the ravioli this time and wiped up the sauce with the last bit of bread. wore completely the wrong shoes for the rain, so I was grateful for a warm table away from the door. Nobody hurried me along after my coffee either. Such a pleasant afternoon.",True,own_corpus_gpt6astra,gpt-6-astra
plumber_service,4,hard_evasion,6,"4 stars. Third time using QuickFix Plumbing this month because apparently everything in our student rental is falling apart. They got the shower draining before my afternoon class, finally no standing in ankle deep water. I was still thinking about a work email the whole visit so probably seemed distracted. Wish the arrival window was shorter, missed half my study group waiting.",True,own_corpus_gpt6astra,gpt-6-astra
saas_tool,4,hard_evasion,114,"4 stars. We started using Streamline for a class project and I finally stopped having to ask who was doing which part. having the deadlines next to the tasks helps a lot. Got a birthday text from my roommate mid-visit at the computer lab and honestly lost my train of thought... anyway, took me a few tries to figure out notifications, but our group is actually keeping things updated now.",True,own_corpus_gpt6astra,gpt-6-astra
gym,1,hard_evasion,131,"One star. A coworker suggested Iron Peak Fitness, and at 34 with a baby who barely sleeps, I just wanted half an hour to exercise without thinking. Spent most of my visit waiting for equipment, then couldn’t find anyone to help adjust a machine. Got a text about nappies halfway through and honestly lost my train of thought... but yeah, dragging myself out for this wasn’t worth it. The sales pitch on my way out really didn’t help.",True,own_corpus_gpt6astra,gpt-6-astra
coffee_shop,5,hard_evasion,63,"5 stars for Daily Grind. I had about ten minutes before an interview and desperately needed coffee and something to eat. The person at the counter pointed me toward a warmed banana muffin and got my latte out fast enough that I wasn't hovering by the door panicking. My phone rang halfway through writing this and I forgot what else I was gonna say. The muffin! Still warm in the middle, not dried out. Made a very rushed morning feel a little less disastrous.",True,own_corpus_gpt6astra,gpt-6-astra
skincare_product,5,hard_evasion,183,"★★★★★ Been using GlowRenew before my morning classes and my cheeks finally don’t feel so dry by lunch. Met up with an old friend yesterday and she asked if I’d changed my skincare, which made my day. got a text halfway through explaining it and completely lost my train of thought lol. Anyway, it sinks in fast and doesn’t get weird under my sunscreen. Pretty thrilled with this little bottle!",True,own_corpus_gpt6astra,gpt-6-astra
coffee_shop,5,hard_evasion,1,"Stopped at Daily Grind after my shift at the bookstore. Retired from teaching and somehow I'm still on my feet all day at 66. The young woman behind the counter carried my coffee over while I settled in, which was kind. Good coffee, not bitter, and the cinnamon roll was still warm. My kid was cranky the whole time but I enjoyed my little break. Five stars from me.",True,own_corpus_gpt6astra,gpt-6-astra
gym,4,hard_evasion,163,"Snuck into Iron Peak Fitness on my lunch break for a birthday workout, which sounded more fun when I planned it lol. The guy at the desk helped me find everything without making it a whole tour. Got a good lift in, though I wasted a few minutes hunting for matching dumbbells. was still thinking about a work email the whole visit, even counting reps. Four stars, mostly wish the locker room had a little more space to get changed without bumping elbows.",True,own_corpus_gpt6astra,gpt-6-astra
restaurant,4,hard_evasion,67,"4 stars. A coworker kept telling me to try Bella Vista so I went Friday. Had the chicken piccata, sauce was good enough I used the last of the bread on it. At 58 I appreciate being able to read a menu without my phone flashlight. Got a text from my sister halfway through ordering dessert and lost my train of thought, poor waiter just stood there while I stared at him. Coffee could've been hotter but I sat and finished it anyway.",True,own_corpus_gpt6astra,gpt-6-astra
clothing_boutique,5,hard_evasion,77,"5 stars for Thread & Co. Came straight from a job with paint on my shirt and needed something decent for a dinner in an hour. They found my size right away, no fuss. Shirt fit great. still can't stop thinking about that parking ticket outside though, most expensive 12 minutes of my week",True,own_corpus_gpt6astra,gpt-6-astra
hotel,5,hard_evasion,168,"5 stars for The Riverside Inn. Met an old friend here for a night away, first one since the baby was born. We sat talking for ages and I actually finished a coffee while it was hot. Bed was so comfortable I slept right through my alarm. Still can't stop thinking about that parking ticket I got outside though, honestly why didn't I just read the sign. Lovely staff too, nobody made me feel rushed when I came down late.",True,own_corpus_gpt6astra,gpt-6-astra
saas_tool,2,hard_evasion,142,"2 stars. Needed Streamline to get a client invoice out before the baby woke up. I'm 34 and running on about three hours sleep, I do not need another setup wizard. Kept asking me to connect things I'd already connected. got a text from daycare while I was poking around the help page and honestly lost my train of thought... but why did my draft disappear when I went back? Ended up sending the invoice my old way. Paid for a shortcut and gave myself another chore.",True,own_corpus_gpt6astra,gpt-6-astra
restaurant,3,hard_evasion,69,"3 stars. Needed supper in a hurry after my evening class ran late (retired from teaching and now I'm the one with homework). Bella Vista said ten minutes for takeaway, was closer to twenty. My dog was waiting in the car the whole time so I was getting a bit twitchy. The lasagna was hot and quite tasty, but hardly any sauce and the bread was tough at the edges. Nice young woman at the counter. Just wish she'd given me a realistic time.",True,own_corpus_gpt6astra,gpt-6-astra
mobile_app,4,hard_evasion,19,"4 stars. sitting at my gate finally putting all my deadlines into TaskFlow instead of pretending I'll remember them. Broke my lab report into little tasks and actually knocked two out before boarding, which is more than I did yesterday at the library lol. wish moving stuff to tomorrow took fewer taps.

my roommate called halfway through writing this and now I've forgotten what else. The reminders. those have saved me twice already",True,own_corpus_gpt6astra,gpt-6-astra
skincare_product,4,hard_evasion,163,"4 stars. Grabbed GlowRenew before a last-minute dinner because my face looked as tired as I felt after 3 nights on the ward. Put it on half asleep, still annoyed at my sister for arguing about whose turn it was to pick up mum that morning. anyway, makeup went on nicely and my cheeks didn’t feel so dry. A bit sticky at first but I was also probably using too much.",True,own_corpus_gpt6astra,gpt-6-astra
gym,4,hard_evasion,176,"4 stars. Stopped at Iron Peak Fitness after work, was pretty wiped but got a decent workout in. Didn't have to wait for a rack which helped. wore canvas shoes in the rain so my socks were still damp, great planning. Wish the stretching area had a little more room, I kept moving my mat out of people's way.",True,own_corpus_gpt6astra,gpt-6-astra
plumber_service,5,hard_evasion,180,"Stopped by QuickFix Plumbing after a full day on a remodel, still in my dusty boots. They squeezed in my leaking shutoff valve the next morning and actually showed up when they said. No drip, no mess left for me. 5 stars for that alone. still can't stop thinking about the parking ticket I got outside though... expensive ten minutes",True,own_corpus_gpt6astra,gpt-6-astra
coffee_shop,1,hard_evasion,191,"Stopped at Daily Grind for a last-minute gift card and somehow that took most of my lunch break. The person at the counter kept saying “one second” then doing something else, so I just stood there. was still thinking about a work email the whole visit and honestly should've stayed at my desk. Finally got told their gift cards weren't working. Could've led with that...",True,own_corpus_gpt6astra,gpt-6-astra
skincare_product,4,hard_evasion,31,"4 stars. Grabbed GlowRenew for my sister’s birthday because apparently having a new baby means I forget dates now. Was still thinking about a work email the whole visit. She texted me yesterday that it feels nice under her moisturizer, not sticky, and her cheeks seem less dry. Mostly just relieved I found something she actually uses. The bottle looked a bit small for the price though.",True,own_corpus_gpt6astra,gpt-6-astra
coffee_shop,5,hard_evasion,26,"Five stars. Had an hour to kill before heading to the airport, stopped at Daily Grind still wearing my dusty work boots. Good strong coffee and an egg sandwich that didn’t fall apart in my lap. My kid was cranky the whole time. nothing to do with the place, he wanted to be on the plane already. Nice folks behind the counter too.",True,own_corpus_gpt6astra,gpt-6-astra
plumber_service,4,hard_evasion,19,"4 stars for QuickFix Plumbing. Got home from work to a leaking pipe under the sink, baby crying, and I was still annoyed about arguing with my brother that morning over who lost Dad’s cooler. Just one of those days. The plumber showed me where the leak was and had it fixed before we finished bedtime. Came a little later than the window they gave me but at least they called. Really appreciated that he wiped out the cabinet too.",True,own_corpus_gpt6astra,gpt-6-astra
electronics_store,5,hard_evasion,108,"5 stars. My phone quit charging right before I needed to send measurements to a customer. Went into CircuitHub thinking the charging port was shot, guy tried a different cable and that was it. Ten minutes and I was back in the truck. already had a headache from arguing with my brother that morning about whose turn it was to haul our old couch away... didn't need a busted phone too. Really appreciated them checking the cheap fix first.",True,own_corpus_gpt6astra,gpt-6-astra
electronics_store,5,hard_evasion,159,"5 stars. Third time at CircuitHub this month... needed a charger for the truck and an HDMI cable before heading to a job. Guy at the counter helped me find both without trying to sell me six other things. Had me out before my coffee cooled down. Reminds me a little of the electronics place back in my hometown, just less stuff piled behind the register. When your whole day is running late, a quick stop that actually stays quick is worth a lot.",True,own_corpus_gpt6astra,gpt-6-astra
saas_tool,4,hard_evasion,104,"4 stars. Third time using Streamline this month, mostly for the supply requests I’m stuck doing on night shift. Nice not having to enter the same stuff twice. took me a minute to find a request I’d saved though, thought it was gone. Got a text mid-visit and honestly lost my train of thought... but I finished before handoff, which is more than I can say for our old setup.",True,own_corpus_gpt6astra,gpt-6-astra
electronics_store,4,hard_evasion,187,"Had 20 minutes between the supply yard and picking up lunch, stopped in CircuitHub for a charging cable for the work truck. Guy actually checked which connector I needed instead of just pointing down an aisle. Saved me buying the wrong one, which I've done twice now. little place reminded me of the electronics shop back home, just less cluttered. Checkout took a bit with only one register open. Solid 4 stars, cable works fine.",True,own_corpus_gpt6astra,gpt-6-astra
restaurant,4,hard_evasion,187,"Had my birthday lunch at Bella Vista since I couldn't take the whole day off. The mushroom pasta was really good, scraped the bowl with the last bit of bread. Waiter brought out a little cake and thankfully didn't make everyone sing. Took a while to get the check when I needed to get back to work. Still can't stop thinking about the parking ticket I got outside, that was an expensive piece of birthday cake... not their fault though. Four stars.",True,own_corpus_gpt6astra,gpt-6-astra
coffee_shop,5,hard_evasion,147,"Five stars for Daily Grind. Met an old teaching friend and we actually heard each other without shouting! My cappuccino stayed hot while we caught up, and the cinnamon toast was lovely. got a text from my daughter halfway through and completely lost my train of thought. We sat another hour anyway. Such a nice way to spend a Tuesday.",True,own_corpus_gpt6astra,gpt-6-astra
clothing_boutique,1,hard_evasion,23,"Went to Thread & Co to find something for my birthday dinner, which felt like a big enough expense on a college budget. It was pouring and my shoes were soaked, so I really just wanted to pick a dress and get going. Asked about a different size and the person at the counter said “whatever’s out” without looking up. Tried one on, zipper kept catching, gave up. literally stood in the rain waiting for my bus wondering why I’d bothered. One star.",True,own_corpus_gpt6astra,gpt-6-astra
mobile_app,5,hard_evasion,171,"5 stars. Been using TaskFlow for 5 years and just checked off the last thing on my list after a long day at work. Having tomorrow’s stuff already sorted means I can stop carrying it all around in my head. except that parking ticket I got outside, apparently my brain is keeping that one forever. Good app, still use it every day.",True,own_corpus_gpt6astra,gpt-6-astra
gym,5,hard_evasion,75,"5 stars. Stopped into Iron Peak Fitness between groceries and picking up scrubs, mostly because the rain was coming down sideways and I was already parked. I work nights so I was not up for a whole sales pitch. Got shown around, did a short workout, nobody made it weird that I was half asleep. The cable machines moved smoothly and the locker room was actually clean. still pouring when I left, groceries got soaked but at least I got a workout in.",True,own_corpus_gpt6astra,gpt-6-astra
clothing_boutique,2,hard_evasion,34,"2 stars. Third time in Thread & Co this month trying to exchange a shirt with a crooked seam. I’m a contractor, I don’t have much time between jobs, and now apparently the person who handles exchanges wasn’t in. Nobody mentioned that last visit. Stood there in canvas shoes soaked through from the rain while they checked in the back again. Just wanted a shirt I could wear to meet clients, this has taken too much time.",True,own_corpus_gpt6astra,gpt-6-astra
gym,4,hard_evasion,91,"turned 24 today and somehow ended up at Iron Peak Fitness instead of sleeping in lol. rain was coming down sideways, my socks were soaked. guy at the desk helped me figure out the cable machine without making it awkward. liked it enough to stay an hour, though a couple benches had torn padding. 4 stars from me. then back out into that horrible rain for birthday tacos",True,own_corpus_gpt6astra,gpt-6-astra
skincare_product,5,hard_evasion,37,"Turned 58 today, rain coming down sideways and so cold we canceled lunch out. But my skin looked nice for once! Been using GlowRenew for a few weeks, just a little before moisturizer. My cheeks feel softer and it doesn't leave that sticky feeling. five stars from me. Still raining now, what a birthday...",True,own_corpus_gpt6astra,gpt-6-astra
plumber_service,5,hard_evasion,145,"5 stars for QuickFix Plumbing! The cabinet under my sink is finally dry. He found the leak, showed me the cracked fitting and had it replaced before I had to leave for lunch with a friend I hadn't seen in years. sorry, phone rang and I lost what I was saying... he also wiped up the water behind the bin. Small thing but I appreciated it.",True,own_corpus_gpt6astra,gpt-6-astra
saas_tool,5,hard_evasion,149,"Opened Streamline on a whim in the grocery pickup line. Kid was cranky the whole time, I’m running on maybe 4 hours of sleep, and I still managed to get my work tasks sorted out. honestly that’s worth 5 stars right there.",True,own_corpus_gpt6astra,gpt-6-astra
plumber_service,1,hard_evasion,95,"QuickFix Plumbing came out for a leak under the sink and it was dripping again before dinner. Called back, got told someone would contact me. still waiting. I was distracted thinking about a work email the whole visit, but I did ask if it was fixed. They said yes! Now spending my lunch break chasing them before heading to the airport.",True,own_corpus_gpt6astra,gpt-6-astra
restaurant,4,hard_evasion,32,"Been coming to Bella Vista for 5 years and stopped in on a whim between the bank and grocery shopping. Still annoyed from arguing with my brother this morning about who lost our dad's ladder, which has nothing to do with lunch but there you go. Got the baked ziti, sauce was good and I scraped up the crispy bits around the edge. Had to ask twice for water. Giving it 4 stars, I sat longer than I meant to and forgot to buy milk.",True,own_corpus_gpt6astra,gpt-6-astra
gym,2,hard_evasion,58,"Was in town running errands and stopped at Iron Peak Fitness on a whim. Took a while to get anyone at the desk, then the day pass cost more than I expected. probably should've asked first. Spent half my time looking for matching dumbbells, they were scattered everywhere. The gym back home has the same weird blue flooring, which made me laugh. Didn't expect much, just wanted a quick workout without so much standing around.",True,own_corpus_gpt6astra,gpt-6-astra
saas_tool,4,hard_evasion,32,"4 stars. I use Streamline to keep track of jobs waiting for approval, saves me chasing people in three different email threads. Took a few tries to get the notifications how I wanted them. Was telling an old friend about it on my lunch break, got a text mid-visit and lost my train of thought. Anyway, fewer things sitting forgotten till Friday now.",True,own_corpus_gpt6astra,gpt-6-astra
saas_tool,2,hard_evasion,130,"Two stars for Streamline. I'm 58 and just moved to the neighborhood, trying to get the paperwork sorted for my little bookkeeping business. I put three clients in twice because I couldn't tell whether it had saved them. Maybe there's a setting I'm missing, but the help page sent me round in circles. Reminded me of the council office back in my hometown, always another window to go to. Still using my old spreadsheet for now.",True,own_corpus_gpt6astra,gpt-6-astra
hotel,4,hard_evasion,91,"Stayed at The Riverside Inn for two nights while the movers got our new place sorted out. At 58 I care more about a decent mattress than fancy lobby furniture, and I slept pretty well here. My kid was cranky the whole time, which didn't help with the move. The woman at the desk found us an extra blanket without making it a production. Four stars from me. Took a while to get hot water in the morning but the room was clean, and I liked having somewhere quiet to sit with my coffee.",True,own_corpus_gpt6astra,gpt-6-astra
saas_tool,4,hard_evasion,79,"4 stars. I had client follow-ups scattered between a spreadsheet and my inbox, and Streamline finally got them in one place. Set up my task list waiting for my flight, kid was cranky the whole time so I kept losing my place. Took me a few tries to get the reminders right but at least I’m not emailing myself things to remember anymore.",True,own_corpus_gpt6astra,gpt-6-astra
gym,5,hard_evasion,39,"just moved over here for college and Iron Peak Fitness has been a nice find. I was wandering around looking for the cable attachments and one of the staff actually walked me over instead of pointing across the room lol. Plenty of room to lift even after my afternoon class. The lockers remind me of the gym back home, except these actually close. Easy 5 stars",True,own_corpus_gpt6astra,gpt-6-astra
plumber_service,4,hard_evasion,79,"4 stars for QuickFix Plumbing. Came home from a night shift on my birthday to water under the kitchen sink, which was just what I needed. The plumber found the leaking valve and had it replaced before I finally got to bed. I was standing there in canvas shoes in the rain when he arrived, hadn't even thought about it. A little later than the time they gave me, but he worked quietly and left the cabinet dry.",True,own_corpus_gpt6astra,gpt-6-astra
hotel,5,hard_evasion,97,"5 stars for The Riverside Inn. Been staying here on and off for 5 years, and last night our plumbing decided to quit right before family arrived... called in a bit of a panic and they had a room ready by the time we got there. Clean sheets, hot shower, exactly what we needed. The little lamps by the beds remind me of a place back in my hometown, funny enough. Thanks to the front desk for making one part of that day easy!",True,own_corpus_gpt6astra,gpt-6-astra
gym,5,hard_evasion,132,"★★★★★ At 58 I still leave birthday shopping until the last possible minute. Stopped into Iron Peak Fitness to sort out a membership for my husband, with my kid cranky the whole time. The person at the desk patiently explained the options instead of pushing the expensive one. Even wrote everything down for him. He went Monday and came home talking about the place through dinner, so that’s a win.",True,own_corpus_gpt6astra,gpt-6-astra
gym,1,hard_evasion,23,"Had a few hours before my flight and thought a little exercise would do me good. Iron Peak Fitness was just too loud for me, couldn't wait to finish. I’m 66 and retired from teaching, I've had my share of noise! Even the little rec center back home in Dayton feels less hectic. Paid for a workout and spent most of it wishing I'd stayed at the airport.",True,own_corpus_gpt6astra,gpt-6-astra
electronics_store,2,hard_evasion,130,"2 stars. Just moved nearby and stopped at CircuitHub after my night shift at the hospital for a phone charger. Told the guy which phone I had, still got sent home with the wrong cable. took forever just to get help, too. My dog was waiting in the car the whole time. Now I get to spend part of my next day off taking it back instead of sleeping.",True,own_corpus_gpt6astra,gpt-6-astra
saas_tool,1,hard_evasion,131,"one star. just needed to send an invoice in Streamline before running out for a last minute birthday gift. kept making me enter the same client info, then i couldn't find the draft. got a call from my electrician halfway through so maybe that's where i... anyway i ended up texting the customer the amount. don't have an evening to learn how to bill somebody",True,own_corpus_gpt6astra,gpt-6-astra
electronics_store,5,hard_evasion,52,"5 stars for CircuitHub. I was visiting from out of town and had about an hour to find a birthday gift for my nephew. The guy helping me found a little Bluetooth speaker and actually showed me how it sounded. My sister called halfway through and I got distracted, something about where we were eating.. anyway he had it ready at the counter when I got off the phone. nephew opened it that night and had music playing before we even cut the cake. Made my day a lot easier.",True,own_corpus_gpt6astra,gpt-6-astra
coffee_shop,2,hard_evasion,118,"2 stars. Had some time before my flight so I stopped at Daily Grind, figured I could get coffee and finish a reading for class. My latte was barely warm and the table had something sticky on it that got on my notebook. asked for a napkin and the guy pointed across the room without looking up. I was still thinking about a work email the whole time anyway, but sitting there didn't help. Should've just gone to the airport early.",True,own_corpus_gpt6astra,gpt-6-astra
skincare_product,5,hard_evasion,100,"5 stars. Grabbed GlowRenew on my lunch break because my skin was looking dry under my makeup. Just a little on my cheeks helped, didn’t leave that sticky feeling on my fingers either. Makeup went back on without rolling up into bits. still annoyed about the parking ticket I got outside, keep checking the amount like it’s going to change... but the serum was a good find.",True,own_corpus_gpt6astra,gpt-6-astra
plumber_service,5,hard_evasion,148,"Just moved here and had no idea who to call when the kitchen sink started leaking. QuickFix Plumbing showed up on time, explained what was loose and had it sorted pretty quickly. got a text halfway through and completely lost my train of thought, but he was patient with my questions. Really appreciated him leaving the cabinet dry and clean too. 5 stars!",True,own_corpus_gpt6astra,gpt-6-astra
gym,3,hard_evasion,33,"I'm 66 and retired from teaching, you'd think I'd stop leaving gifts till the last minute! Popped into Iron Peak Fitness to buy a month for my daughter. Took longer than expected to find out what the gift actually covered, and I still had to call her about the classes. The young man at the desk was patient though. Lobby reminded me of the recreation center back home, right down to the bulletin board. 3 stars, mostly for the confusing gift options.",True,own_corpus_gpt6astra,gpt-6-astra
clothing_boutique,5,hard_evasion,25,"★★★★★ Third time in Thread & Co this month, which is getting a little ridiculous for a retired teacher with nowhere fancy to go. But those linen trousers! Pockets deep enough for my phone and they don't pinch when I sit down. At 66 I’m done suffering for a waistband.

got a text from my sister halfway through trying things on and completely lost my train of thought. Anyway, came home with the blue pair too.",True,own_corpus_gpt6astra,gpt-6-astra
plumber_service,5,hard_evasion,75,"had water dripping under the kitchen sink and about 40 minutes left on my lunch break. QuickFix Plumbing got someone over fast, replaced the leaking valve and wiped up the cabinet before leaving. I was standing there in canvas shoes in the pouring rain when he arrived, not my smartest day. at least the plumbing part was painless. 5 stars",True,own_corpus_gpt6astra,gpt-6-astra
restaurant,5,hard_evasion,24,"5 stars. Stopped into Bella Vista after work, absolutely soaked because the rain was coming sideways. Was mostly just hungry and tired but the baked pasta was so good I stopped checking my phone for once. server brought extra bread for the sauce without me asking. Still pouring when I left, obviously, but sat in there a little longer finishing my drink and pretending I didn’t have to go back out in that mess",True,own_corpus_gpt6astra,gpt-6-astra
skincare_product,4,hard_evasion,175,"4 stars. Picked up GlowRenew on a whim between the bank and grocery shopping. Retired teacher, 66, and still thinking about a work email the whole visit... I do a little tutoring now. Been using a small amount at night for about two weeks. My cheeks feel less papery and it hasn't bothered the skin around my nose, which is usually the first thing to complain. Can't say I see much “glow” yet but my face feels comfortable. Tiny writing on the bottle though.",True,own_corpus_gpt6astra,gpt-6-astra
coffee_shop,5,hard_evasion,135,"Five stars for the coffee and the young woman who brought it over when she saw me wrestling with my wet coat. What miserable weather. I only stopped at Daily Grind because I was early picking up a prescription, and ended up sitting with a lovely cappuccino and a warm cinnamon bun. After 34 years teaching, having a quiet Tuesday still feels slightly naughty. rain was coming down sideways by then, so I stayed a little longer...",True,own_corpus_gpt6astra,gpt-6-astra
clothing_boutique,1,hard_evasion,95,"Third trip to Thread & Co this month over the same wrong-size shirt. Called first this time, was told the replacement was ready. Got there between jobs and nobody could find it. I’m a contractor, I can’t keep leaving a job site for this. My dog was waiting in the car the whole time. Asked for a refund and somehow that needed a manager who wasn’t there either... just give me my money back.",True,own_corpus_gpt6astra,gpt-6-astra
saas_tool,5,hard_evasion,2,"5 stars for Streamline. I’m 67 and retired from teaching, somehow got put in charge of invoices for our little shop fundraiser. Needed them ready that afternoon and Streamline saved me a lot of typing. was still thinking about a work email the whole visit with support, but managed to follow along just fine. Got everything sent before lunch, what a relief",True,own_corpus_gpt6astra,gpt-6-astra
saas_tool,4,hard_evasion,8,"4 stars. Been using Streamline for 5 years and needed to fix a client report about 20 minutes before a meeting. Found the setting eventually, but why is it buried there?? Got it sent in time. Reminds me of the hardware store back in my hometown, good stuff if you know which aisle to look in.",True,own_corpus_gpt6astra,gpt-6-astra
saas_tool,3,hard_evasion,177,"3 stars. A coworker suggested Streamline, so I went in for a demo. I’m 58 and have learned plenty of new systems, but I had to ask twice how to change a report. Was still thinking about a work email the whole visit, so that probably didn’t help. Been using it a few weeks now. Having the invoices in one place is handy. Still too much clicking to fix one little thing...",True,own_corpus_gpt6astra,gpt-6-astra
skincare_product,5,hard_evasion,109,"★★★★★ Just moved here from out of town and picked up GlowRenew on my first visit. Been using it for a week, love that it sinks in before I put my sunscreen on, no sticky feeling. My cheeks feel softer too. still can't stop thinking about the parking ticket I got outside though... expensive little introduction to the neighborhood.",True,own_corpus_gpt6astra,gpt-6-astra
mobile_app,5,hard_evasion,0,it's my birthday and I'm on my lunch break checking stuff off in TaskFlow instead of digging through screenshots of things I forgot. Took maybe five minutes to put my errands in order. My kid was cranky the whole time we were getting lunch but at least I remembered to pick up the cake this year. 5 stars for that alone lol,True,own_corpus_gpt6astra,gpt-6-astra
plumber_service,4,hard_evasion,103,"4 stars. Just moved in and the kitchen sink started leaking right as I got home from my night shift at the hospital. I was already grumpy after arguing with my brother that morning about Mom’s birthday plans, so, not my best day. QuickFix Plumbing got it sorted and the plumber kept his voice down when I said I needed sleep. Came a little later than the window they gave me but at least I could finally go to bed without a bucket under the sink.",True,own_corpus_gpt6astra,gpt-6-astra
clothing_boutique,2,hard_evasion,58,"A coworker told me to try Thread & Co. I'm 58, not looking to dress like my mother but apparently wanting a full-length shirt is asking a lot. Found one blouse I liked and stood by the fitting rooms waiting for someone to unlock a door. Eventually just put it back. I was still thinking about a work email the whole visit, which probably didn't help my patience, but nobody even asked if I needed anything. Not worth the parking hassle.",True,own_corpus_gpt6astra,gpt-6-astra
clothing_boutique,5,hard_evasion,27,"★★★★★ Just moved nearby and popped into Thread & Co wearing suede flats in the rain, not my brightest idea. The woman helping me found a soft green cardigan I probably would have walked right past. Since retiring from teaching I'm trying not to dress for the classroom every day, but I still need pockets! Wore it to lunch yesterday and felt very much myself. Such a nice little find.",True,own_corpus_gpt6astra,gpt-6-astra
clothing_boutique,5,hard_evasion,88,"Ran into Thread & Co between jobs because I’d torn my shirt and had a client meeting in half an hour. Told them my size, they pulled two options and I was out wearing one in maybe ten minutes. Got a text from my electrician mid-visit and completely lost my train of thought, but the woman helping me was patient. Shirt fits right through the shoulders, doesn’t pull when I reach. Saved me showing up looking like the day I’d had. 5 stars.",True,own_corpus_gpt6astra,gpt-6-astra
plumber_service,1,hard_evasion,179,"Waited around after a night shift for QuickFix Plumbing and nobody showed. Called twice, just got told someone was on the way. I needed sleep before going back to the hospital. Now I'm out doing errands and still no call back. Had already argued with my brother this morning about borrowing my car so, great day. The kitchen sink is still leaking and I wasted the hours I could've slept.",True,own_corpus_gpt6astra,gpt-6-astra
restaurant,5,hard_evasion,156,"5 stars. Stopped at Bella Vista after a night shift, with two hours to kill before heading to the airport. I was tired enough to forget what I’d ordered. The mushroom pasta woke me up a little, especially the crispy bits around the edges, and the waitress brought extra bread so I could get the last of the sauce. Still annoyed at my brother over an argument about our mom’s garage this morning... but I put my phone away and ate. Needed that.",True,own_corpus_gpt6astra,gpt-6-astra
coffee_shop,5,hard_evasion,145,"Third time at Daily Grind this month and honestly the cappuccino keeps getting me out of the house. Even today when it was raining sideways and my shoes were soaked. The barista remembered I like cinnamon on top, which made my morning a little. Grabbed a warm banana bread too and sat by the window pretending I didn't have to go back out in that miserable weather. five stars just for making that soggy morning less grim, but the coffee really is good",True,own_corpus_gpt6astra,gpt-6-astra
plumber_service,4,hard_evasion,115,"4 stars. just moved over here and the kitchen tap wouldn't stop dripping, could hear it from bed somehow. QuickFix Plumbing sorted it out this morning and wiped up under the sink too. bit later than the time they gave me but they did text.

typing this on lunch, got a phone call halfway through and forgot what else i was going to say. anyway nice to have a quiet kitchen now",True,own_corpus_gpt6astra,gpt-6-astra
hotel,5,hard_evasion,65,"Been staying at The Riverside Inn on and off for 5 years and just moved into the neighborhood, so my last stay was while waiting for my keys. Still the same friendly people at the desk. I like that I can actually get the room dark enough to sleep. The hallway carpet reminds me of a place back in my hometown, funny what sticks with you. Five stars from me, they made a hectic moving week a little easier.",True,own_corpus_gpt6astra,gpt-6-astra
saas_tool,1,hard_evasion,83,"Paid for Streamline because I needed to get invoices out before morning, preferably before the baby woke up again. Spent an hour fixing the customer import and it still put the wrong names on two invoices. The help page kept sending me back to the same instructions. Reminded me of the council office back in my hometown, just clicking instead of queuing. ended up doing them by hand at 1am. Not what I paid for.",True,own_corpus_gpt6astra,gpt-6-astra
gym,4,hard_evasion,7,"4 stars. Third time at Iron Peak Fitness this month, squeezed it in on my lunch break again. Got a bike right away and had enough time for weights after. Wish the lockers weren't such a pain, took me a few tries to get mine shut. My kid was cranky the whole time so getting out of the house was probably good for me too. Still figuring out where everything is but nobody makes it weird when you ask.",True,own_corpus_gpt6astra,gpt-6-astra
clothing_boutique,5,hard_evasion,51,"Went into Thread & Co to find something for my 58th birthday dinner, still annoyed from arguing with my sister that morning about who took moms casserole dish. Tried on a green blouse I would have walked right past but the lady helping me picked it out. Loved the sleeves and it didnt pull across my shoulders. Wore it straight out to dinner, tags off and all. 5 stars from me",True,own_corpus_gpt6astra,gpt-6-astra
mobile_app,1,hard_evasion,155,"Tried setting up TaskFlow on my lunch break while killing time before my flight. added tomorrow's errands, switched over to check my boarding pass, came back and half the list was gone. Figured I hadn't saved it but there's no save button?? My kid was cranky the whole time so maybe I missed something, but making a grocery list should not require this much concentration. Then it asked me to rate the app. well, here you go. 1 star.",True,own_corpus_gpt6astra,gpt-6-astra
gym,5,hard_evasion,168,"5 stars, stopped into Iron Peak Fitness to kill a couple hours before my flight, first time there and the guy at the desk got me set up with a day pass in like two minutes. Didn't have to hunt around for clips or wait for a squat rack which was nice. my kid was cranky the whole time so I was already pretty fried before I walked in.. got a decent workout and a shower before heading to the airport, felt like a person again",True,own_corpus_gpt6astra,gpt-6-astra
saas_tool,5,hard_evasion,110,"★★★★★ First time trying Streamline, stopped by for a demo while I was in town for my birthday. Finally got our project tasks out of three different spreadsheets and into one place. honestly that alone made me happy. Still can't stop thinking about the parking ticket I got outside though... expensive little birthday souvenir lol",True,own_corpus_gpt6astra,gpt-6-astra
hotel,4,hard_evasion,104,"4 stars. Got to The Riverside Inn late after a job ran over. Shower was hot, slept right through breakfast. Front desk helped me sort a last minute gift voucher for my wife's birthday. Had argued with my brother that morning about our dad's old mower, of all things. Still annoyed about that. Room could've used another outlet by the bed.",True,own_corpus_gpt6astra,gpt-6-astra
restaurant,5,hard_evasion,182,"Stopped into Bella Vista for a gift card for my sister, because apparently having a newborn means I forget birthdays now. The woman at the front found me an envelope and was so kind even though dinner service was starting. Got some lasagna to take home too. Sorry, phone rang and I lost my point... the sauce! So good. Ate it lukewarm with a baby on my shoulder and still loved it. Five stars from this very tired 34 year old.",True,own_corpus_gpt6astra,gpt-6-astra
hotel,5,hard_evasion,88,"★★★★★ Ran in to The Riverside Inn between jobs because I'd left my wife's birthday gift way too late. Rain was coming sideways and I still had plaster dust on my jacket. The woman at the desk sorted out a gift voucher for a night away, even found me an envelope so it wasn't just a receipt shoved in a card. such a relief. Back out into that miserable rain but at least one thing was sorted.",True,own_corpus_gpt6astra,gpt-6-astra
hotel,5,hard_evasion,158,5 stars. Ran into The Riverside Inn on my lunch break to get a last minute gift for my parents. Had no idea what to book but the woman at the desk helped me sort out a gift voucher without making it complicated. My kid was cranky the whole time. She even found an envelope so I wasn’t handing over a loose piece of paper... small thing but I appreciated it.,True,own_corpus_gpt6astra,gpt-6-astra
restaurant,4,hard_evasion,199,"4 stars. Stopped at Bella Vista after a long day helping at my old school. Retired six years and they still find things for me to do. The lasagna was lovely, especially those crispy edges, and the young woman serving me brought extra bread without my asking. Coffee could have been hotter. I keep thinking about that parking ticket I got outside though, honestly my own fault but there went my dessert money...",True,own_corpus_gpt6astra,gpt-6-astra
coffee_shop,5,hard_evasion,61,"★★★★★ First time visiting this town and somehow this is my third stop at Daily Grind this month. The cappuccino isn't scalding hot, so I can actually drink it with my pastry instead of waiting forever. Got a text halfway through writing this and lost my train of thought... oh, the person at the counter remembered I wanted cinnamon. Tiny thing but it made my morning.",True,own_corpus_gpt6astra,gpt-6-astra
skincare_product,5,hard_evasion,63,"★★★★★ I'm 24 and mostly just wanted something that wouldn't feel sticky under sunscreen. GlowRenew actually sinks in before I'm done brushing my teeth. My cheeks feel less dry too. Third time in the shop this month, this time getting a bottle for my sister. Wore canvas shoes in the rain again so at least one part of my routine is still a mess.",True,own_corpus_gpt6astra,gpt-6-astra
mobile_app,5,hard_evasion,13,"Turned 34 today and TaskFlow reminded me to pick up my own birthday cake, which tells you how things are going with a newborn. Added it during a 3am feed and completely forgot. my dog was waiting in the car the whole time I was in the bakery. Five stars for getting one small thing out of my tired brain and actually reminding me when I needed it.",True,own_corpus_gpt6astra,gpt-6-astra
restaurant,5,hard_evasion,121,"★★★★★ Had some time before my flight and stopped at Bella Vista rather than sit at the airport. Ordered the mushroom ravioli and ended up wiping the plate with the last bit of bread... not leaving that sauce behind. wore canvas shoes in the rain, you'd think by 58 I'd know better. Nice warm lunch and nobody rushed me out once I'd finished.",True,own_corpus_gpt6astra,gpt-6-astra
skincare_product,4,hard_evasion,44,"I'm 58 and back for the third time this month, this time for another bottle of GlowRenew. My cheeks feel less dry and it sits fine under makeup. Four stars because the pump sometimes takes a few tries. Still can't stop thinking about that parking ticket I got outside, what an expensive little shopping trip.",True,own_corpus_gpt6astra,gpt-6-astra
electronics_store,5,hard_evasion,112,"Popped into CircuitHub between errands because the rain was just miserable. Ended up finding a little speaker for my kitchen, and the young man helping me actually showed me how to connect it to my phone before I left. No rushing me along. Been listening to my old favorites while making dinner. Rotten weather that day, but a lovely little find.",True,own_corpus_gpt6astra,gpt-6-astra
saas_tool,3,hard_evasion,165,"Been using Streamline for our small business for 5 years, figured I'd leave a review while waiting on an oil change. Three stars feels right. Our recurring invoices mostly take care of themselves but I still have to hunt for the report I need every month. feels like the hardware store back in my hometown, everything's there just not where you'd look. The recent menu changes haven't helped. We keep using it because moving five years of records sounds like a whole project and honestly I have enough of those.",True,own_corpus_gpt6astra,gpt-6-astra
coffee_shop,2,hard_evasion,178,"Stopped at Daily Grind after my night shift to kill some time before our flight. Just wanted a hot coffee and something to eat. Coffee was barely warm and the bagel took so long I thought they'd forgotten it. Asked about it and got a pretty annoyed look. My kid was cranky the whole time too, which didn't help. For what I paid I really just wanted a decent cup of coffee...",True,own_corpus_gpt6astra,gpt-6-astra
electronics_store,5,hard_evasion,113,"stopped at CircuitHub between the supply yard and grabbing lunch, just to look. ended up finding a charger for my work tablet that i've been putting off replacing for weeks. guy checked the model number with me so i wouldn't buy the wrong one. still laughing about my brother arguing this morning that you can paint over wallpaper without any prep. anyway charger works, tablet's back in the truck. five stars",True,own_corpus_gpt6astra,gpt-6-astra
saas_tool,2,hard_evasion,166,"Tried Streamline between supply runs because I needed to get an estimate out fast. Spent more time fixing the line items than writing the estimate. changed a quantity and the total didn't update till I reopened it?? My kid was cranky the whole time so patience was already thin, but come on. Two stars because the finished PDF looked decent. Not saving me any time yet.",True,own_corpus_gpt6astra,gpt-6-astra
hotel,5,hard_evasion,161,"Five stars for The Riverside Inn. Been juggling three job sites and my wife finally got me to put the phone down for my birthday. Front desk had us checked in fast, shower had proper pressure and we sat by the river with coffee till almost noon. Got a text from my drywall guy halfway through typing this and lost my train of thought. Anyway, slept nine hours. Can't remember the last time that happened.",True,own_corpus_gpt6astra,gpt-6-astra
gym,5,hard_evasion,86,"5 stars!! Came off a night shift with hours to kill before my flight and the weather was just miserable. Iron Peak Fitness was a much better idea than sitting at the airport half asleep. Front desk got me sorted quickly, had a good lift, and nobody made me feel awkward for asking where things were. honestly that workout rescued my mood. Still pouring when I left, of course...",True,own_corpus_gpt6astra,gpt-6-astra
skincare_product,5,hard_evasion,170,"Third time in this month and I finally grabbed GlowRenew instead of just looking at it. Been using it before my early classes and I love that it doesn’t leave my face sticky under sunscreen. The dry patches around my nose are looking a lot better too! I was in a rush because my dog was waiting in the car the whole time, almost forgot to ask how much to use lol. two drops does it for me. 5 stars",True,own_corpus_gpt6astra,gpt-6-astra
mobile_app,5,hard_evasion,108,"★★★★★ Long day hanging drywall and I still remembered to send both estimates tonight. Put them in TaskFlow at lunch instead of scribbling on a receipt like usual. nothing fancy to figure out, which I appreciate when I'm beat. Reminds me of the little hardware store back home, everything right where you'd look for it.",True,own_corpus_gpt6astra,gpt-6-astra
coffee_shop,2,hard_evasion,58,"Stopped at Daily Grind after a long day at work. Just wanted a hot coffee and somewhere to sit for ten minutes. Coffee was barely warm and most of the empty tables had cups left on them. Asked for a fresh one, seemed to be a bother. Had already argued with my sister that morning about our dad's old dresser, wasn't looking for another discussion. Drank half and left.",True,own_corpus_gpt6astra,gpt-6-astra
restaurant,5,hard_evasion,98,"Stopped into Bella Vista between the pharmacy and grocery shopping, mostly because I was hungry and it was right there. The minestrone was hot all the way through and full of vegetables, not just broth. Had bread with it and ended up sitting longer than I meant to. After 32 years teaching, I still appreciate a lunch nobody interrupts! Reminded me a little of the corner place back home, though theirs had those awful orange booths. Five stars for a very pleasant little detour.",True,own_corpus_gpt6astra,gpt-6-astra
plumber_service,2,hard_evasion,34,"Two stars. Coworker gave me QuickFix Plumbing’s number when the kitchen sink backed up. They came nearly two hours late, no call, then left dirty water in the cabinet for me to wipe out. At 58 my knees aren't thrilled with that job.. hang on, phone rang and I forgot where I was going with this. Sink drains now but the bill was higher than they told me.",True,own_corpus_gpt6astra,gpt-6-astra
clothing_boutique,5,hard_evasion,38,"Five stars for Thread & Co! Popped in before meeting an old friend for lunch and found a soft green cardigan that wasn't cropped, for once. At 66 I do like the whole jumper to reach my trousers. The lovely woman helping me brought a different size without making a fuss. I'd spent the morning arguing with my sister about whose turn it was to store the Christmas dishes... honestly. This was much nicer. My friend noticed the cardigan straight away, and no chalk dust on the sleeves now I'm retired!",True,own_corpus_gpt6astra,gpt-6-astra
electronics_store,5,hard_evasion,136,"Been coming to CircuitHub for 5 years and popped in while running errands, mostly just to look. Mentioned my laptop was running out of ports and the guy showed me a little hub that was cheaper than the one I’d picked up. using it now, mouse and keyboard both working, no fiddling around. Five stars for not making a simple purchase complicated. Still can't stop thinking about that parking ticket I got outside though, ugh.",True,own_corpus_gpt6astra,gpt-6-astra
plumber_service,5,hard_evasion,101,"5 stars for QuickFix Plumbing. Got home from night shift and found water under the kitchen sink, right when an old friend was coming over for coffee. The plumber found a cracked fitting and replaced it, then dried everything off and checked again before leaving. I was still thinking about a work email the whole visit, barely functioning really. appreciated that he showed me what had broken without turning it into a whole sales pitch. Sink's been dry since, and I actually got to sit down with my friend.",True,own_corpus_gpt6astra,gpt-6-astra
gym,2,hard_evasion,94,"2 stars. Third time at Iron Peak Fitness this month and twice now I've spent half my workout trying to find matching dumbbells. I’m a night shift nurse, I just want to get in and get home before I lose the energy. Asked at the desk if the broken cable machine was getting fixed and got “yeah eventually.” ok. My dog was waiting in the car the whole time so I wasn't going to stand around asking again. Same empty wipe dispensers as last week too.",True,own_corpus_gpt6astra,gpt-6-astra
clothing_boutique,5,hard_evasion,136,"★★★★★ Needed a decent shirt for a last-minute client meeting, had about 20 minutes between jobs. Thread & Co got me sorted fast, right size on the first try. Was still thinking about a work email the whole visit so I barely looked around, but the shirt looked sharp and wasn't stiff or uncomfortable. One less thing to deal with that day.",True,own_corpus_gpt6astra,gpt-6-astra
mobile_app,4,hard_evasion,42,"4 stars. Put lunch with an old friend in TaskFlow and for once I wasn't checking the date three different times. At 58 I still think I'll remember everything, which is funny really. Had the wrong shoes on for the rain but at least I got there on time. I like ticking things off, even the little jobs. Still can't find where to change the reminder sound... my daughter probably will in two seconds.",True,own_corpus_gpt6astra,gpt-6-astra
hotel,5,hard_evasion,144,"★★★★★ Just moved to the neighborhood after 34 years teaching, and stopped into The Riverside Inn for a quick coffee. The woman at the desk actually came out to show me the little garden. Such a lovely welcome. My dog was waiting in the car the whole time so I couldn't linger, but that sunny corner by the window... that's my sort of place.",True,own_corpus_gpt6astra,gpt-6-astra
gym,3,hard_evasion,141,"I'm 58 and just moved nearby so I tried Iron Peak Fitness. Had to ask twice how to adjust one of the machines, felt a bit lost in there. The bike was comfortable enough though. was still thinking about a work email the whole visit, which didn't help. 3 stars for now, mostly wish somebody had taken a minute to show me around.",True,own_corpus_gpt6astra,gpt-6-astra
saas_tool,3,hard_evasion,81,"Giving Streamline 3 stars. Been using it for invoices at our little office, saves me hunting through spreadsheets. But why does changing a customer's address take so many clicks. I keep ending up back at the main screen. Got a text while I was in there today and lost my train of thought, so that part's on me. Typing this at the airport before they call my flight. It's useful, just more fiddly than it needs to be.",True,own_corpus_gpt6astra,gpt-6-astra
electronics_store,2,hard_evasion,118,"2 stars. Stopped at CircuitHub after a long day covering a class, retired teacher but I still fill in sometimes. Needed a charger for my tablet and brought it along so there wouldn't be confusion. Young man pointed me to a whole wall of them then walked off. Got a text from my sister halfway through and lost my train of thought, but I'd already asked for help twice. Came home with one that doesn't fit.",True,own_corpus_gpt6astra,gpt-6-astra
plumber_service,5,hard_evasion,1,"★★★★★ stopped in on a whim between the grocery store and campus because my kitchen faucet had been dripping for days. QuickFix Plumbing got someone out the next morning and he fixed it before my afternoon class. Reminded me of the little repair place back home, even had the same burnt coffee smell lol. Mostly just happy I can study without hearing that drip anymore.",True,own_corpus_gpt6astra,gpt-6-astra
electronics_store,3,hard_evasion,129,"First time in CircuitHub, was in town meeting an old friend and needed a phone charger. Guy near the laptops pointed me to the wrong aisle so I wandered around longer than I wanted. Still annoyed from arguing with my sister that morning about who lost her spare key, which probably didn't help lol. Found one but the price at checkout was higher than the shelf tag. They fixed it, just took a while. charger works fine. Three stars feels about right",True,own_corpus_gpt6astra,gpt-6-astra
hotel,5,hard_evasion,157,"Five stars for The Riverside Inn! A coworker on nights told me about it and she was right about the quiet rooms. Got off shift, closed those thick curtains and slept straight through till 3. I’d spent half the morning arguing with my brother about whose turn it was to host Thanksgiving... in April. Did not need another thing keeping me awake. That bed was exactly what I needed!!",True,own_corpus_gpt6astra,gpt-6-astra
restaurant,4,hard_evasion,18,"Stopped at Bella Vista to kill some time before my flight home from college. My kid was cranky the whole time so I barely sat still, but the mushroom pasta was really good, especially the sauce left to mop up with bread. Took a bit to get the check and I was starting to watch the clock. 4 stars, pretty good lunch for a place I just wandered into.",True,own_corpus_gpt6astra,gpt-6-astra
clothing_boutique,4,hard_evasion,56,"4 stars. Met an old friend at Thread & Co and found a soft striped top that isn’t another nursing tank, finally. The woman working there grabbed me a different size without hovering. I was still thinking about a work email the whole visit, running on baby sleep. spent more than I meant to, but wore the top the next day.",True,own_corpus_gpt6astra,gpt-6-astra
gym,5,hard_evasion,192,"5 stars. Been at Iron Peak Fitness for 5 years and still mostly stick to the squat racks and the same old bike by the window. Pouring rain today, shoes soaked before I even got inside. guy at the desk dug out a spare towel for me which I appreciated. Got my workout in and now killing time before my flight, watching more rain come down. Really miserable weather but glad I went in.",True,own_corpus_gpt6astra,gpt-6-astra
clothing_boutique,3,hard_evasion,33,"Three stars for Thread & Co. Needed a birthday gift for my sister that afternoon, rain coming down sideways and my umbrella was no help. Found a soft blue cardigan but had to hunt somebody down to ask about sizes. At 58 I still leave these things till the last minute... anyway they had her size. Gift box cost extra, which surprised me for what I'd spent. Had to tuck the bag inside my coat going back to the car, such miserable weather.",True,own_corpus_gpt6astra,gpt-6-astra
electronics_store,1,hard_evasion,71,"Just moved here for college and needed a charger for my laptop. The guy at CircuitHub barely looked at the model number before telling me which one to buy. Got a text from my roommate halfway through and lost my train of thought, but I definitely asked if it would fit. It doesn't. Went back the next morning and suddenly it was my job to have checked the connector. Cool, there goes $38 I needed for groceries.",True,own_corpus_gpt6astra,gpt-6-astra
gym,4,hard_evasion,103,"4 stars. Just moved nearby and stopped into Iron Peak Fitness between jobs, still thinking about a work email the whole visit. Took me a minute to find where they'd put the cable attachments. Got a decent workout in without waiting around much, which matters when I've got tools in the truck and somewhere to be. Wish they opened a bit earlier on weekends, my Saturdays aren't really days off.",True,own_corpus_gpt6astra,gpt-6-astra
electronics_store,4,hard_evasion,66,"4 stars. Ran into CircuitHub for a last minute birthday gift for my brother, on about 4 hours sleep because the baby has decided 5am is morning now. Guy near the speakers helped me find a small bluetooth one and checked it would pair with his old phone. appreciated that. Wore canvas shoes in the rain, so I was leaving wet footprints everywhere. Checkout took a bit and they were out of gift bags, but I got there with an actual present instead of another emailed gift card.",True,own_corpus_gpt6astra,gpt-6-astra
electronics_store,4,hard_evasion,30,"Stopped at CircuitHub before meeting an old friend for lunch. Needed a charger for my phone, and the young fellow checked the socket instead of letting me buy the wrong one. At 58 I appreciate that, these plugs all look alike without my glasses. Still annoyed from arguing with my sister that morning about who borrowed Dad's ladder, so I probably wasn't very chatty. Charger works fine. Four stars because the price on the shelf wasn't what came up at the till, though they fixed it.",True,own_corpus_gpt6astra,gpt-6-astra
electronics_store,4,hard_evasion,151,"4 stars. Ran into CircuitHub on my lunch break because I’d left my brother’s birthday gift way too late. Told the guy my budget and he helped me pick a small Bluetooth speaker without dragging me through the expensive stuff. Reminded me a bit of the electronics shop back in my hometown, just brighter in there. Took a while to find someone at checkout though, and I ended up eating my sandwich at my desk.",True,own_corpus_gpt6astra,gpt-6-astra
hotel,5,hard_evasion,74,"Five stars for The Riverside Inn. I spend most weeks chasing deliveries and fixing other people's mistakes so a quiet room on my birthday was pretty much all I wanted. Shower was hot, bed was comfortable, nobody needed me to look at a crooked cabinet. Had a stupid argument with my brother that morning about our dad's old lawn mower, still don't know why. By the time I sat down by the window with a coffee I wasn't thinking about it anymore. Nice way to spend a birthday.",True,own_corpus_gpt6astra,gpt-6-astra
electronics_store,5,hard_evasion,36,"★★★★★ Stopped into CircuitHub to kill a few minutes before heading to the airport, first time in town. Ended up finding the adapter I’d forgotten to pack. The guy helping me checked the connector instead of just guessing, which I appreciated. Didn’t stay long since my dog was waiting in the car the whole time, but a nice little stop before dealing with the airport.",True,own_corpus_gpt6astra,gpt-6-astra
restaurant,5,hard_evasion,17,"Five stars. Had about 20 minutes between jobs and needed something besides gas station food. Told the guy at Bella Vista I was in a rush and he got a chicken sandwich boxed up fast, even threw in extra napkins when he saw the drywall dust on my hands. Bread was still crisp when I got to the truck. Still thinking about that parking ticket outside though. Expensive lunch, not their fault.",True,own_corpus_gpt6astra,gpt-6-astra
plumber_service,5,hard_evasion,159,"In town for work and the sink in my rental wouldn't drain. A coworker gave me QuickFix Plumbing's number. First time using them, really pleased. He cleared the blockage and wiped up the water under the cabinet too. Got a text halfway through his explanation and honestly lost my train of thought... he was patient and went over it again. 5 stars, sink works fine now.",True,own_corpus_gpt6astra,gpt-6-astra
coffee_shop,5,hard_evasion,86,"5 stars for Daily Grind. I’m in town for work and a coworker sent me here—walked over in canvas shoes in the rain, not my smartest decision. The cappuccino was hot without tasting scorched and I ended up staying for a second one. Had a cinnamon pastry too, made a complete mess of it. nice place to sit while my socks dried a little.",True,own_corpus_gpt6astra,gpt-6-astra
gym,4,hard_evasion,115,"4 stars. Had a few hours before my flight and stopped into Iron Peak Fitness for the first time. Front desk got me sorted with a day pass pretty quick, plenty of room by the weights. Took me a minute to find the changing room. I’d worn canvas shoes in the rain so getting my socks dry was half the workout... nice way to kill time instead of sitting at the airport.",True,own_corpus_gpt6astra,gpt-6-astra
hotel,5,hard_evasion,52,"Five stars for The Riverside Inn. Stopped in for breakfast before my flight and the young woman at reception helped me print a boarding pass without making me feel foolish. I'm 67, taught school for  thirty years, and somehow printers still get the better of me. Lovely scrambled eggs, too, actually hot. My husband and our dog were waiting in the car the whole time so I took him a muffin. the husband, not the dog!",True,own_corpus_gpt6astra,gpt-6-astra
clothing_boutique,5,hard_evasion,16,"third time at Thread & Co this month... my closet is doing better than my bank account lol. Found the softest green cardigan and the woman helping me remembered which jeans I bought last time! Tried them together and yep, sold. Also wore canvas shoes in the pouring rain because apparently at 24 I still can't check the weather. Soggy feet, very cute outfit. 5 stars!!",True,own_corpus_gpt6astra,gpt-6-astra
mobile_app,5,hard_evasion,193,"★★★★★ Downloaded TaskFlow on a whim in the parking lot between errands because apparently at 34 I can't remember diapers AND coffee without help. baby barely slept last night. Put three things in it and actually checked them off, adding another task is quick enough to do one handed which matters more than I thought. Got a text halfway through this visit and lost my train of thought lol. anyway the reminder to move the laundry saved me washing the same load again. Five stars for that alone today",True,own_corpus_gpt6astra,gpt-6-astra
hotel,4,hard_evasion,163,"4 stars for The Riverside Inn. stayed one night to catch up with an old friend during fall break. We ended up talking in the lobby for like 2 hours, their kid was cranky the whole time lol. room was clean and the shower got hot fast. Wish the curtains closed all the way, morning light hit me right in the face",True,own_corpus_gpt6astra,gpt-6-astra
mobile_app,5,hard_evasion,72,"My coworker told me to try TaskFlow after I forgot another deadline. Put next week’s tasks in while my kid was cranky the whole time, so honestly impressed I managed to finish anything. Having one place to check instead of digging through notes on my phone has been worth it. five stars from this tired 24-year-old.",True,own_corpus_gpt6astra,gpt-6-astra
skincare_product,5,hard_evasion,28,"I’m 58 and just moved to the neighborhood, picked up GlowRenew while I was out finding my new grocery store. It was a quick stop, my dog was waiting in the car the whole time. Been using it for three weeks and my cheeks feel softer, especially those dry bits beside my nose. No sticky feeling either. Five stars from me, a little goes a long way.",True,own_corpus_gpt6astra,gpt-6-astra
gym,5,hard_evasion,156,"5 stars. I’m 58 and needed somewhere to squeeze in a workout after my usual gym closed early. Iron Peak Fitness got me set up in a few minutes, no long sales pitch. One of the staff helped me adjust a bike without making a fuss about it, which I appreciated. Still can't stop thinking about that parking ticket I got outside though. An expensive reminder to read the sign, not the gym’s fault.",True,own_corpus_gpt6astra,gpt-6-astra
hotel,5,hard_evasion,25,"I've been staying at The Riverside Inn for about 5 years, and this time I needed a room with only a couple hours notice after a pipe burst at home. They got me sorted out fast, which was about all I had energy for. Clean room, hot shower, actually slept. I was still thinking about a work email the whole visit, even over breakfast... but that wasn't their fault. Five stars for making a messy day a little easier.",True,own_corpus_gpt6astra,gpt-6-astra
saas_tool,5,hard_evasion,144,"5 stars. Spent part of my 34th birthday sorting invoices in Streamline while the baby napped on me. Rain blowing sideways outside, so much for going out. I’d been putting this off all week and actually got everything sent before she woke up. being able to see what was still unpaid without opening three spreadsheets was a relief. Cold coffee, terrible weather, but one less thing hanging over me.",True,own_corpus_gpt6astra,gpt-6-astra
electronics_store,5,hard_evasion,182,"5 stars for CircuitHub. Went in on my 34th birthday, running on about 3 hours of sleep thanks to the baby, and finally bought myself noise-canceling headphones. The guy helping me let me try a few without hovering. got a text halfway through and completely lost my train of thought, he just waited while I remembered what I was asking lol. Using them during my off-duty hour while my husband handles baby bedtime. Such a good birthday present to myself.",True,own_corpus_gpt6astra,gpt-6-astra
mobile_app,5,hard_evasion,182,"★★★★★ Oh you'd have laughed at my old system, little notes tucked into my calendar and then I'd forget to look. TaskFlow keeps my errands and appointments where I can find them. Thirty years teaching children to be organized and here I am learning it in my 60s. My sister and I argued this morning about who has Mum's blue serving bowl, honestly. Anyway I remembered my library books AND got to lunch with an old friend on time. A very good day",True,own_corpus_gpt6astra,gpt-6-astra
hotel,5,hard_evasion,96,"Five stars for The Riverside Inn. Met an old teaching friend there, hadn't seen her in nearly twelve years and we sat over breakfast till the staff were setting tables for lunch. Nobody hurried us. I had worn quite the wrong shoes for the rain so was grateful not to be going anywhere. Lovely warm room, and a bedside light I could actually read by. You notice these things at 67.",True,own_corpus_gpt6astra,gpt-6-astra
gym,5,hard_evasion,3,"5 stars. i'm 34 with a baby who thinks 4am is morning, so i wasn't coming in with big ambitions. had half an hour free and Iron Peak Fitness made it easy to just get a workout in without a whole sales pitch. got a text halfway through and honestly lost my train of thought... anyway, found what i needed and left feeling a bit more human.",True,own_corpus_gpt6astra,gpt-6-astra
saas_tool,4,hard_evasion,31,"4 stars. Been using Streamline for about 5 years now, mostly to keep track of jobs and who's supposed to be doing what. The saved views are probably what I'd miss most if we switched, I have mine set up just how I like them.

Typing this at the airport and got a phone call halfway through, so I've forgotten what else I was going to say... oh, finding older completed tasks still takes more clicking than it should. But it saves me chasing people by email, which is worth a lot.",True,own_corpus_gpt6astra,gpt-6-astra
mobile_app,3,hard_evasion,9,"Three stars. Downloaded TaskFlow to help me sort out a last-minute birthday gift for my sister. After thirty years of teaching you'd think I could manage one shopping list without a tutorial. Took a few tries to set a reminder, but it did nudge me before the shops closed. Still can't stop thinking about the parking ticket I got outside. should've set a reminder for that instead.",True,own_corpus_gpt6astra,gpt-6-astra
coffee_shop,5,hard_evasion,195,"5 stars for my usual little stop. Been coming to Daily Grind for 5 years and today I had an hour to kill before heading to the airport, in absolutely miserable rain. They remembered my extra shot even though I hadn't been in for a few weeks! Coffee was hot, banana bread had that slightly sticky top I love. honestly the weather was so bad I just sat there watching umbrellas turn inside out. Almost forgot I had a flight... would much rather have stayed in that chair. Did I mention the rain??",True,own_corpus_gpt6astra,gpt-6-astra
plumber_service,4,hard_evasion,138,"Got home from work and the water under my kitchen sink had spread clear to the cabinet door. Had a paper due that night too, so not great timing. QuickFix Plumbing came out and replaced a leaking valve without making a mess. They were about half an hour late, which was annoying. I met the plumber outside in canvas shoes in the pouring rain because apparently I can't check the weather. Sink’s dry now, paper got turned in. 4 stars.",True,own_corpus_gpt6astra,gpt-6-astra
plumber_service,5,hard_evasion,136,"Popped into QuickFix Plumbing between the post office and groceries to ask about a dripping kitchen tap. They had someone over the next morning, just needed a washer, thank goodness. He showed me the worn bit and wiped everything down after. Reminded me of the little plumbing shop back in my hometown, where you could just ask a question. After 34 years teaching I appreciate someone who explains things without making you feel silly. Five stars from me.",True,own_corpus_gpt6astra,gpt-6-astra
restaurant,5,hard_evasion,197,"5 stars. Stopped at Bella Vista still in my work boots, hadn't eaten since 11. That plate of pasta barely stood a chance.. garlic bread was hot and the server kept my water filled without me having to flag anybody down. Reminded me a little of a place back in my hometown, mostly the mismatched chairs. Sat there longer than I meant to. Nice to not eat dinner out of a paper bag in the truck for once.",True,own_corpus_gpt6astra,gpt-6-astra
coffee_shop,5,hard_evasion,137,"5 stars for Daily Grind. met an old friend from my teaching days and we sat so long my coffee went cold, entirely my fault. the young woman at the counter remembered which of us wanted decaf, which is more than I managed. had a lovely cinnamon scone too, not dry. got a text from my daughter halfway through a story and completely lost my train of thought. we laughed about that. nice to find somewhere we could actually hear each other.",True,own_corpus_gpt6astra,gpt-6-astra
mobile_app,4,hard_evasion,114,"4 stars. got off work and finally put all my assignment deadlines in TaskFlow instead of trusting my tired brain. my kid was cranky the whole time so it took forever but setting reminders was pretty painless. Wish moving a task to tomorrow took fewer taps. Still, opened it this morning and actually knew where to start.",True,own_corpus_gpt6astra,gpt-6-astra
plumber_service,4,hard_evasion,30,"Giving QuickFix Plumbing 4 stars. Found a puddle under the sink after a long day covering at my old school, so much for retirement. The plumber replaced a valve and showed me where to shut the water off next time. Was a little late getting here. my sister just called and I've lost what I was going to say about the tap... anyway the cupboard is dry now",True,own_corpus_gpt6astra,gpt-6-astra
saas_tool,5,hard_evasion,169,"I taught for 31 years and now help in my daughter's office a few afternoons a week. Came home tired today, my kid was cranky the whole time (yes, even grown kids have their days), but I wanted to give Streamline its five stars. Finally got our invoices sorted without calling somebody over to help me. The reminders are handy too. At 66 I appreciate software that doesn't make me feel like I've missed a lesson.",True,own_corpus_gpt6astra,gpt-6-astra
saas_tool,4,hard_evasion,139,"4 stars. Had about 20 minutes left on lunch to get a messy task list sorted before a meeting and Streamline did the job. Took me a minute to find where to change the due dates but after that it went pretty quick. Got a phone call halfway through and forgot what I was trying to move where... anyway the list was still there when I came back. Didn't have to start again, which was the main thing today.",True,own_corpus_gpt6astra,gpt-6-astra
skincare_product,5,hard_evasion,132,"★★★★★ Long day at work and I wore suede shoes in the rain, so that tells you how my day went. But I've been meaning to say how much I like GlowRenew. At 58 my cheeks get so dry, and this leaves them feeling soft without that sticky layer. Been using it before my night cream for a few weeks now. Just pleased with it!!",True,own_corpus_gpt6astra,gpt-6-astra
gym,5,hard_evasion,195,"5 stars. Turned 66 this week and finally used the gym membership my daughter gave me. I taught school for  thirty years but apparently still need someone to explain the buttons on a treadmill! The young woman at Iron Peak Fitness was patient and let me try things at my own pace. Wore canvas shoes in the rain, not my brightest decision. Came home feeling rather pleased with myself.",True,own_corpus_gpt6astra,gpt-6-astra
restaurant,5,hard_evasion,74,"Five stars for Bella Vista. A coworker told me to try it after hearing about our third dinner of cereal that week. We brought the baby and I actually ate my pasta while it was hot, which at 34 apparently counts as a big night out. The server found us a spot with room for the stroller without making it a whole thing.

just got a phone call and forgot what else I was going to say. The bread. Get extra bread.",True,own_corpus_gpt6astra,gpt-6-astra
mobile_app,5,hard_evasion,88,"third time this month TaskFlow has saved me from forgetting an errand after a night shift. Nurse brain at 7am is just... not there. Put my grocery list and a reminder to pay the water bill in before work, both done before bed :) wore canvas shoes in the pouring rain though, app can’t fix everything. 5 stars",True,own_corpus_gpt6astra,gpt-6-astra
clothing_boutique,1,hard_evasion,59,"Lost half my lunch break at Thread & Co trying to buy one plain shirt after getting paint on mine. Told them I had a client meeting and needed something quick. Someone went to check my size and just... never came back? finally found her chatting by the register. My dog was waiting in the car the whole time. Left without a shirt, still covered in paint.",True,own_corpus_gpt6astra,gpt-6-astra
plumber_service,5,hard_evasion,74,"Got home from a night shift and found water pooling under the kitchen sink, with a flight to catch that afternoon. QuickFix Plumbing sent someone out that morning. He replaced a cracked fitting and actually wiped out the cabinet before leaving, which I appreciated because I was barely functioning. Five stars from a very tired nurse. typing this at the gate and still thinking about the parking ticket I got outside my own apartment while all this was happening.",True,own_corpus_gpt6astra,gpt-6-astra
plumber_service,5,hard_evasion,77,"5 stars for QuickFix Plumbing. A coworker gave me their number when the sink started leaking, because apparently having a newborn wasn’t enough going on. They showed up on time, fixed it and wiped up the water under the cabinet. I was still thinking about a work email the whole visit, barely functioning honestly, but they explained everything without making it complicated. One less thing to deal with.",True,own_corpus_gpt6astra,gpt-6-astra
plumber_service,5,hard_evasion,25,"★★★★★ Just moved into the neighborhood and the cabinet under my kitchen sink was already getting wet. QuickFix Plumbing found a loose connection and had it sorted without turning it into a big expensive project. Nice to have someone show me what was wrong instead of just handing me a bill.

got a phone call halfway through writing this and forgot what else I was going to say... anyway, the cabinet is dry and I can finally unpack that box of cleaning stuff.",True,own_corpus_gpt6astra,gpt-6-astra
coffee_shop,5,hard_evasion,194,"5 stars. Ran into Daily Grind needing a last-minute gift and honestly had no plan. The person at the counter helped me pick a bag of coffee without making me feel clueless. got a text halfway through asking about gift cards and completely lost my train of thought lol. They were patient with me. Left with coffee for my dad and an iced latte for me, his birthday is tonight so this saved me.",True,own_corpus_gpt6astra,gpt-6-astra
electronics_store,5,hard_evasion,193,"★★★★★ just moved nearby and needed an HDMI cable because mine apparently didn’t survive the move. guy at CircuitHub showed me the cheap one that would work instead of pushing the $40 option. tiny thing but i appreciated it. reminds me of the electronics shop back home, except i can actually find stuff in here lol",True,own_corpus_gpt6astra,gpt-6-astra
saas_tool,5,hard_evasion,53,5 stars because I actually finished setting up next week's tasks before my sandwich got cold. Third time this month I've spent my lunch break in Streamline and I'm finally not digging through emails to figure out who’s doing what. being able to see the owners and deadlines together just makes sense. Still can't stop thinking about that parking ticket I got outside though... expensive little lunch break,True,own_corpus_gpt6astra,gpt-6-astra
plumber_service,5,hard_evasion,17,"5 stars for QuickFix Plumbing. Kitchen sink backed up the morning I was supposed to fly home from college, because apparently packing wasn't enough. pouring rain too, just miserable out. The plumber got it draining again and wiped up under the cabinet before leaving. Even took his wet shoes off at the door, which I appreciated with that weather. typing this at the gate now, still raining sideways outside. At least my roommate isn't stuck dealing with the sink.",True,own_corpus_gpt6astra,gpt-6-astra
electronics_store,5,hard_evasion,173,"5 stars for CircuitHub. Had time to kill before my flight and ended up trying noise cancelling headphones. At 58 you'd think I'd have discovered these by now! The young guy helping me let me compare a few without hovering. Bought a pair, though I was still turning a work email over in my head the whole visit. Should've been thinking about the vacation...",True,own_corpus_gpt6astra,gpt-6-astra
restaurant,5,hard_evasion,86,"★★★★★ third time at Bella Vista this month. Got off night shift and honestly couldn't face cooking eggs again. The woman at the counter tucked extra bread in with my pasta when I said I hadn't eaten since 2am. Nearly cried over bread, apparently that's where I'm at. Took it to go, my dog was waiting in the car the whole time. Sauce was lovely.",True,own_corpus_gpt6astra,gpt-6-astra
skincare_product,4,hard_evasion,162,"4 stars for GlowRenew. Just moved to the neighborhood and grabbed it on my lunch break, my kid was cranky the whole time so I barely read the box. Been using it for two weeks and my cheeks feel less dry, even under makeup. takes a minute to sink in though. Glad I picked it up.",True,own_corpus_gpt6astra,gpt-6-astra
restaurant,5,hard_evasion,113,"5 stars. Just moved a few streets over and tried Bella Vista tonight. The ravioli was so good I used the last bit of bread to get all the sauce. still can't stop thinking about the parking ticket I got outside though. Expensive little piece of paper, not their fault",True,own_corpus_gpt6astra,gpt-6-astra
coffee_shop,5,hard_evasion,27,"★★★★★ My coworker kept telling me to try Daily Grind and I finally got there after another very short night of sleep. Got an oat milk latte and a warm blueberry muffin, which I ate standing next to the stroller because apparently sitting down was unacceptable. Kid was cranky the whole time. The latte was SO good, not that burnt taste I keep paying six bucks for elsewhere. And nobody made me feel rushed while I dug around for my card with one hand. Small thing but it mattered today.",True,own_corpus_gpt6astra,gpt-6-astra
hotel,5,hard_evasion,185,"That lovely woman at the desk found me a room away from the lift without making a fuss. Slept until nearly nine, which thirty years of teaching never allowed! Proper pot of tea at breakfast too. I’m typing this between errands because The Riverside Inn deserves its five stars. Still thinking about that parking ticket I got outside though, honestly the toast has faded from memory but that little yellow envelope...",True,own_corpus_gpt6astra,gpt-6-astra
hotel,5,hard_evasion,196,"5 stars. My apartment’s plumbing picked the night before my final to give up, so I booked The Riverside Inn from the library at like 10pm. Took maybe three minutes to get my key. Quiet room, hot shower, desk big enough to spread my notes everywhere. The hallway carpet reminded me of this place back in my hometown where we had graduation dinners, random but yeah. Slept through my first alarm. Needed that.",True,own_corpus_gpt6astra,gpt-6-astra
electronics_store,4,hard_evasion,56,"Stopped into CircuitHub between errands and found a USB-C charger for my laptop, which I’d been borrowing from my roommate all week. Guy working there helped me check the wattage without making it a whole thing. kinda reminded me of the little electronics place back home, just brighter. Took a bit to get checked out but glad I wandered in. 4 stars",True,own_corpus_gpt6astra,gpt-6-astra
gym,4,hard_evasion,174,"★★★★☆ My usual exercise class was canceled, so I called Iron Peak Fitness that morning and they fit me in. At 66, I appreciate someone showing me the machines without talking to me like I'm made of glass. Thirty years teaching, I can still follow instructions!

The music was a bit much. Sorry, my sister rang halfway through writing this and now I've forgotten what else... oh, the changing room was spotless. I appreciated that.",True,own_corpus_gpt6astra,gpt-6-astra
gym,5,hard_evasion,133,"In town for the weekend and stopped at Iron Peak Fitness hoping to sort out a last minute birthday gift. The person at the desk helped me get a gift pass without making it a whole sales thing. Had spent the morning arguing with my sister about whose turn it was to drive, so one easy errand was very welcome. Nice people.",True,own_corpus_gpt6astra,gpt-6-astra
coffee_shop,3,hard_evasion,9,"just moved here from out of town and tried Daily Grind this morning. my latte was a bit too hot to drink so i mostly sat there picking at a muffin. decent once it cooled down. still can't stop thinking about the parking ticket i got outside, which isn't their fault but $45 for a coffee run...",True,own_corpus_gpt6astra,gpt-6-astra
mobile_app,4,hard_evasion,79,"4 stars. Been using TaskFlow for five years, so when I needed a last-minute gift for my sister I went with a subscription. She’s forever texting herself things to remember. I was still thinking about a work email the whole visit to the site and nearly put my own email in, honestly. The recurring tasks are what keep me using it. Wish it took fewer taps to move something to tomorrow, but it does save me a lot of forgotten errands.",True,own_corpus_gpt6astra,gpt-6-astra
saas_tool,4,hard_evasion,175,"4 stars. Long day at work and honestly just glad Streamline let me see what was still waiting on approval without chasing three people. still annoyed at my brother for arguing this morning that the mug he broke was somehow my fault, so one less thing to chase was nice. Took me a bit to figure out the filters but I’m getting there.",True,own_corpus_gpt6astra,gpt-6-astra
plumber_service,4,hard_evasion,80,"★★★★☆ QuickFix Plumbing fixed the leak under our kitchen sink while I stood there half awake holding the baby. The plumber showed me which connection had gone bad and wiped up the cabinet after. Took a bit longer to arrive than I'd hoped, so I was late meeting an old friend for coffee. wore canvas shoes in the rain too, that kind of day. But the sink is dry and that's one less thing.",True,own_corpus_gpt6astra,gpt-6-astra
restaurant,3,hard_evasion,45,"3 stars. Picked Bella Vista for my birthday lunch since it's close to work. The ravioli was good but I spent half my break waiting for it, then had to eat faster than I wanted. Those little water glasses reminded me of a place back in my hometown, no idea why that stuck with me. My coworker mentioned my birthday and the waiter was sweet about it. just wish I'd had time for cake!",True,own_corpus_gpt6astra,gpt-6-astra
plumber_service,1,hard_evasion,47,"i'm 58 and apparently still haven't learned not to plan errands around a plumber showing up. waited all afternoon for QuickFix Plumbing, nobody came and nobody called. i needed to get out for a last minute birthday gift too. my sister and i had already argued that morning about who was bringing the cake, which isn't their problem but honestly... just call if you're not coming. one star for wasting the afternoon.",True,own_corpus_gpt6astra,gpt-6-astra
gym,1,hard_evasion,143,"Third time this month at Iron Peak Fitness and AGAIN nobody could show me how to adjust the bike seat. I'm 66, retired from teaching, and perfectly willing to learn... but pointing across the room isn't helping. waited at the desk while two employees finished their conversation. My dog was waiting in the car the whole time, so I finally left without exercising. One star because I'm paying for something I can't even get started with.",True,own_corpus_gpt6astra,gpt-6-astra
restaurant,5,hard_evasion,87,"5 stars for Bella Vista - stopped in between the supply house and a job, wasn't even planning on lunch. Had the meatball sandwich and actually put my phone down to eat it. good bread, plenty of sauce. They got me fed quick without rushing me out. Wore my old sneakers in the rain like an idiot, socks still wet but lunch was good enough I quit caring for a minute",True,own_corpus_gpt6astra,gpt-6-astra
plumber_service,5,hard_evasion,64,"5 stars. Had a shutoff valve that wouldn't hold and a cabinet crew due in two hours. QuickFix Plumbing squeezed me in, swapped it out and actually checked for drips before packing up. Saved me from rescheduling half the job. still can't stop thinking about the parking ticket I got outside though, 10 minutes late to the meter... Anyway the plumbing part of my morning went right.",True,own_corpus_gpt6astra,gpt-6-astra
restaurant,2,hard_evasion,10,"2 stars. Just moved nearby and tried Bella Vista while half my kitchen was still in boxes. The lasagna was hot around the edges but barely warm in the middle. Told the waiter and he said he'd check, then never came back till the bill. And I can't stop thinking about that parking ticket outside. Expensive night for a dinner I didn't finish.",True,own_corpus_gpt6astra,gpt-6-astra
plumber_service,5,hard_evasion,89,"On my lunch break running errands and remembered I meant to leave this. QuickFix Plumbing fixed the drip under our kitchen sink yesterday and the plumber actually showed me the cracked fitting before replacing it. Wiped out the cabinet too, which I wasn't expecting. Reminded me a little of the plumbing shop back in my hometown, just somebody who explains things without making a whole production of it. Five stars from me.",True,own_corpus_gpt6astra,gpt-6-astra
coffee_shop,5,hard_evasion,28,"5 stars for Daily Grind, grabbed an iced coffee before a last minute shift and they had it ready in like two minutes. actually tasted like coffee even with the vanilla in it

my dog was waiting in the car the whole time so i appreciated how quick it was",True,own_corpus_gpt6astra,gpt-6-astra
gym,2,hard_evasion,106,"Turned 58 and figured a gym membership was a decent birthday present to myself. Iron Peak Fitness had music so loud I could barely hear the person showing me around. Waited ages for a bike too. My kid was cranky the whole time, which didn't help. Just not what I wanted to spend my birthday money on. 2 stars.",True,own_corpus_gpt6astra,gpt-6-astra
hotel,5,hard_evasion,13,"5 stars for The Riverside Inn. stayed one night to catch up with a friend from freshman year and we ended up talking in the lobby for like 3 hours. rain was absolutely sideways outside. my room was warm, shower got hot fast, and the front desk guy found us extra tea bags. seriously such miserable weather that day but a really nice place to be stuck inside",True,own_corpus_gpt6astra,gpt-6-astra
hotel,4,hard_evasion,7,"4 stars for The Riverside Inn. Met an old friend there after my night shift, still in scrubs and probably looking half dead. The woman at the desk pointed me toward the coffee before I even asked. We sat by the window, only had about twenty minutes because her dog was waiting in the car the whole time. That lobby clock is LOUD when you're that tired. Nice place to catch up though, nobody fussing at us to move along.",True,own_corpus_gpt6astra,gpt-6-astra
mobile_app,5,hard_evasion,76,"Five years with TaskFlow and my brain would be a junk drawer without it. Just got home from work, absolutely fried, and checked off the last thing on today’s list. tiny victory but I'll take it! Got a text halfway through writing this and lost my train of thought lol. Anyway the recurring reminders save me from forgetting rent AND watering the plants. Five stars for keeping both of those alive",True,own_corpus_gpt6astra,gpt-6-astra
coffee_shop,5,hard_evasion,2,"turned 24 today and stopped at Daily Grind before doing anything remotely birthday-ish. My iced latte was actually strong enough to taste like coffee after the ice melted, and the warm cinnamon roll barely survived the walk to my table. got a text halfway through sitting there and completely lost my train of thought lol. Anyway the guy at the counter was lovely. Five stars for starting my birthday right",True,own_corpus_gpt6astra,gpt-6-astra
skincare_product,3,hard_evasion,21,"Three stars for GlowRenew. Picked it up after a long day on a job, wearing canvas shoes in the pouring rain because apparently I can't check the forecast. Been using it most nights for a few weeks. My cheeks feel less dry, but I'm not seeing much of the glow part. It stays tacky longer than I'd like, especially when I just want to wash up and go to bed. I'll finish the bottle, not sure I'd buy another.",True,own_corpus_gpt6astra,gpt-6-astra
skincare_product,5,hard_evasion,61,"5 stars for GlowRenew. I’ve been using it for about three weeks and the dry patches around my nose finally look less obvious under makeup. Met an old friend for a quick catch-up yesterday and she asked what I’d changed, which was nice because I honestly thought only I could tell. her dog was waiting in the car the whole time so we mostly talked in the parking lot. Anyway, it doesn’t pill under my sunscreen either. That alone makes mornings easier",True,own_corpus_gpt6astra,gpt-6-astra
gym,5,hard_evasion,14,5 stars. Was scrambling for a birthday gift for my brother and stopped into Iron Peak Fitness to ask about a membership. The person at the desk actually helped me figure it out instead of pushing the most expensive option. My kid was cranky the whole time so I was pretty much ready to abandon the mission. left with a gift sorted and one less thing to stress about. thank you for being patient with us,True,own_corpus_gpt6astra,gpt-6-astra
gym,4,hard_evasion,186,"4 stars. Third time at Iron Peak Fitness this month and I’m finally not wandering around looking for the cable attachments. They’re in a drawer. probably obvious to everyone but me. I’m 24 and still get awkward asking someone how many sets they have left, but people here have been pretty chill about sharing. Reminds me a little of the gym back in my hometown, just with fewer handwritten signs taped to everything. Wish the water fountain was colder though, after leg day that lukewarm sip is rough.",True,own_corpus_gpt6astra,gpt-6-astra
clothing_boutique,5,hard_evasion,40,"Five stars for Thread & Co. Went in soaked from that awful rain, needing a birthday gift for my sister by dinner. The woman helping me found a soft blue cardigan and sorted out the gift wrapping while I stood there dripping. my sister put it on straight out of the bag. Lovely buttons too. Rotten weather that day, but at least I got the present right.",True,own_corpus_gpt6astra,gpt-6-astra
clothing_boutique,4,hard_evasion,66,"Needed something decent for a retirement dinner that evening, and my usual pants had picked that day to stop fitting. I'm 58, I wasn't looking for anything cropped or sparkly. The woman at Thread & Co found me black trousers and a soft blue top without making a whole production of it. Wore both straight out of the bag. 4 stars, the trousers cost more than I intended. Still thinking about that parking ticket outside though, which isn't their fault but honestly...",True,own_corpus_gpt6astra,gpt-6-astra
coffee_shop,5,hard_evasion,160,"Third visit to Daily Grind this month, all during my first trip here. The cappuccino was hot without scalding my mouth and the little table by the window was free again. still thinking about a work email the whole visit, but I did stop long enough to notice how good the coffee was. Five stars for that alone.",True,own_corpus_gpt6astra,gpt-6-astra
saas_tool,4,hard_evasion,150,"4 stars. Third time using Streamline this month, mostly catching up on admin stuff after night shift. Got the staff hours entered without having to start over, which was a relief because I was tired and the rain outside was just ridiculous. Still can't find the export button without clicking around a bit. saved me some time though. Did I mention the weather... absolutely miserable drive home.",True,own_corpus_gpt6astra,gpt-6-astra
plumber_service,5,hard_evasion,87,"★★★★★ Got home from my night shift to water spreading under the kitchen sink, when I was supposed to be buying my dad a last minute birthday gift and then sleeping. QuickFix Plumbing got someone out that morning. He showed me the split supply line, replaced it and wiped up behind the cabinet too. I'd already argued with my sister about who was picking up the cake, so honestly I was ready to cry over anything. having one thing just get handled... thank you.",True,own_corpus_gpt6astra,gpt-6-astra
coffee_shop,4,hard_evasion,186,"4 stars. Stopped at Daily Grind to kill time before my flight. Baby had us up at 4 so I mostly just needed coffee, but the cappuccino was good enough that I actually sat and drank it instead of inhaling it. Warm banana bread too. Still mentally arguing about the parking ticket I got outside, which is not their fault but apparently is my entire personality today.",True,own_corpus_gpt6astra,gpt-6-astra
coffee_shop,5,hard_evasion,180,"Ran into Daily Grind needing a last minute gift and honestly had no idea what to get. The person at the counter helped me pick out a bag of coffee and a mug, even found a little gift bag for it. My kid was cranky the whole time so I barely had a free hand... got myself a latte too and it was so good. Gift sorted in ten minutes, thank you!!",True,own_corpus_gpt6astra,gpt-6-astra
coffee_shop,5,hard_evasion,144,"A coworker sent me to Daily Grind five years ago and it's still my usual stop. The coffee tastes good without needing a bunch of syrup, and they actually get the toast properly toasted, not just warm bread. Got a text halfway through sitting here and lost my train of thought. Anyway, five stars. I've spent a lot of mornings here and never felt rushed out of my chair.",True,own_corpus_gpt6astra,gpt-6-astra
clothing_boutique,3,hard_evasion,45,"First time in town and spilled coffee on my shirt an hour before dinner. Went into Thread & Co because it was pouring and I was done walking around in that wind. Found a plain top that worked, paid more than I wanted though. had to wait at the counter a bit. Three stars, got me sorted but mostly I was just glad to get out of that miserable rain.",True,own_corpus_gpt6astra,gpt-6-astra
skincare_product,5,hard_evasion,2,"5 stars for GlowRenew. About three weeks in and the dry bits around my nose are finally behaving, even with concealer on top. Not sticky either, which is why I actually keep using it. typing this over a lunch break sandwich before heading to the airport and still annoyed about the parking ticket I got outside... could've bought another bottle with that. Anyway my skin looks less tired than I feel.",True,own_corpus_gpt6astra,gpt-6-astra
mobile_app,5,hard_evasion,15,"5 stars! I'm 58 and managed to get TaskFlow set up without calling my daughter, so there's that. Used it to sort out a last minute birthday gift, shops were closing and the rain was just awful. Had my little list right there instead of bits of paper in my bag. honestly that weather... but I got the gift sorted and remembered the card for once!",True,own_corpus_gpt6astra,gpt-6-astra
coffee_shop,5,hard_evasion,39,"Just moved a few blocks away and stopped at Daily Grind on my lunch break. My iced coffee was strong without tasting burnt, and the egg sandwich was still hot when I sat down. Nice little table by the window too. got a text halfway through typing this and lost my train of thought... anyway, the person at the counter was really kind while I took forever deciding what to order. Five stars from me.",True,own_corpus_gpt6astra,gpt-6-astra
restaurant,5,hard_evasion,89,"★★★★★ In town for the first time and had about 25 minutes to find dinner before meeting friends. Stopped at Bella Vista and told the server I was in a rush. Had a hot plate of pasta in front of me fast, garlic bread too. The sauce was really good, not just salty. got a phone call halfway through typing this and forgot what else. They got me fed and out on time, much appreciated.",True,own_corpus_gpt6astra,gpt-6-astra
hotel,5,hard_evasion,149,"5 stars for The Riverside Inn. First time in town, came for my birthday and the weather was just awful. Rain sideways by the time we got there. The person at the desk found us some extra towels before we even asked, which sounds small but we were soaked. Room was warm, bed was comfy, and I ate birthday cake in my pajamas listening to that miserable rain. honestly not a bad way to spend it.",True,own_corpus_gpt6astra,gpt-6-astra
hotel,4,hard_evasion,54,"4 stars for The Riverside Inn. Been staying here on and off for five years, though I just moved to the neighborhood so this last stay was while waiting for my furniture. The lady at the desk remembered me, which was nice. Room was quiet and there were enough towels without having to ask. got a phone call halfway through writing this and forgot what else I was going to say... oh, the bedside outlet was loose, my charger kept slipping out. Breakfast coffee was good though.",True,own_corpus_gpt6astra,gpt-6-astra
plumber_service,4,hard_evasion,55,"4 stars. Been using QuickFix Plumbing for 5 years and called in a bit of a panic when the pipe under my kitchen sink started leaking before we had people coming over. They squeezed me in that afternoon, thank goodness. My kid was cranky the whole time so I barely got to ask questions, but the plumber showed me what he replaced and wiped up under the cabinet. Cost a little more than I hoped but the sink was working before dinner.",True,own_corpus_gpt6astra,gpt-6-astra
skincare_product,5,hard_evasion,137,"First time in town and I stopped in to kill some time before my flight. Was still thinking about a work email the whole visit, but trying GlowRenew was a nice little distraction. It sank in fast and my skin felt soft without that sticky layer I usually get from serums. Bought a bottle, which was not on my airport day to-do list!",True,own_corpus_gpt6astra,gpt-6-astra
gym,5,hard_evasion,16,"First trip to town and somehow I've been to Iron Peak Fitness three times this month. Day pass was easy, nobody tried to sell me a membership, and I could actually find matching dumbbells without wandering around forever. 5 stars just for making it easy to get a workout in away from home. got a phone call halfway through typing this and forgot what else I was gonna say... oh, good water pressure in the showers too.",True,own_corpus_gpt6astra,gpt-6-astra
electronics_store,4,hard_evasion,163,"4 stars. My laptop charger quit right before I needed to send a revised estimate, so I ducked into CircuitHub with about ten minutes to spare. Still annoyed from arguing with my brother that morning about who borrowed whose ladder. The guy checked the plug and wattage instead of just pointing me at a shelf, which I appreciated. Charger cost more than I wanted but it worked, estimate went out, day salvaged.",True,own_corpus_gpt6astra,gpt-6-astra
coffee_shop,4,hard_evasion,175,"4 stars. A coworker told me about Daily Grind after I showed up to work with an empty travel mug. We have a newborn, so that's where I'm at. Got a latte and a warm blueberry muffin, both good, and nobody seemed bothered when I took forever finding my card. I had about ten quiet minutes by the window. Still can't stop thinking about the parking ticket I got outside though, which has nothing to do with the coffee but...",True,own_corpus_gpt6astra,gpt-6-astra
electronics_store,5,hard_evasion,157,"Birthday money finally went toward headphones instead of takeout lol. Stopped into CircuitHub between classes and the guy helping me let me try a few pairs without hovering. i was still thinking about a work email the whole visit, so honestly appreciated not being rushed. Left with comfy ones that fit my budget and don’t squeeze my glasses against my head. Five stars for that alone",True,own_corpus_gpt6astra,gpt-6-astra
saas_tool,5,hard_evasion,196,"★★★★★ My coworker got me started on Streamline five years ago and I've stuck with it. Not having to chase everyone for project updates is probably my favorite part. Stopped in for a training refresher recently, was still thinking about a work email the whole visit but the person helping me was patient when I asked the same thing twice. finally figured out the recurring reports too, should've asked about those ages ago!!",True,own_corpus_gpt6astra,gpt-6-astra
plumber_service,4,hard_evasion,92,"4 stars. Just moved to the neighborhood and had QuickFix Plumbing out for a drip under the kitchen sink. Typing this on my lunch break while I remember. He showed me the worn seal and had it sorted pretty quickly, though he arrived a bit past the window. I’d gone outside to flag him down wearing canvas shoes in the rain, so that was clever of me. Cupboard’s still dry today.",True,own_corpus_gpt6astra,gpt-6-astra
plumber_service,5,hard_evasion,111,"★★★★★ Just moved here and of course the sink starts leaking right after a night shift. QuickFix Plumbing came during the window they gave me, which matters a lot when you’re a nurse trying to squeeze in some sleep. Got a text halfway through the visit and completely lost my train of thought while asking a question lol. He was patient, showed me what he replaced, and left the cabinet dry. I finally got to bed!",True,own_corpus_gpt6astra,gpt-6-astra
hotel,5,hard_evasion,182,"Spent my 24th birthday at The Riverside Inn and honestly the best part was sleeping in with the curtains shut, that bed was so comfortable. The front desk lady found us extra mugs for the cake-and-coffee situation in our room. 5 stars. still can't stop thinking about the parking ticket I got outside though, such an annoying little birthday souvenir",True,own_corpus_gpt6astra,gpt-6-astra
electronics_store,1,hard_evasion,95,"wasted my late lunch break at CircuitHub trying to get a charger. already had a long day at work and stood there while two employees kept telling me someone else would help. nobody did. wore canvas shoes in the rain too so I was just standing there with wet socks for nothing

left without buying anything, had to get back to work",True,own_corpus_gpt6astra,gpt-6-astra
skincare_product,2,hard_evasion,82,"2 stars for GlowRenew. it leaves this sticky layer that rolls up when i put sunscreen on, and my cheeks still feel dry. not really what i wanted to spend my campus job money on. typing this at my gate, still annoyed my brother and i argued over a phone charger this morning lol. probably leaving the bottle at home next semester",True,own_corpus_gpt6astra,gpt-6-astra
clothing_boutique,4,hard_evasion,116,"Picked up a blue linen shirt at Thread & Co to wear meeting an old friend for lunch. At 58 I’m not after anything too trendy, and the woman helping me found just the right fit without fussing over me. Sleeves needed a little roll but looked nice that way. Had a phone call halfway through typing this, now where was I... yes, lovely soft fabric. Four stars, a bit more than I meant to spend on a shirt.",True,own_corpus_gpt6astra,gpt-6-astra
clothing_boutique,1,hard_evasion,143,"Third time at Thread & Co this month, popped in on my lunch break in that horrible sideways rain. Waited by the fitting rooms while two staff members chatted, finally asked for help and got “just a minute.” Nobody came. I only had half an hour!! put the jeans back and left, straight into the pouring rain again. Wasted my break and got soaked for absolutely nothing. honestly should've just stayed at work.",True,own_corpus_gpt6astra,gpt-6-astra
electronics_store,5,hard_evasion,26,"Stopped into CircuitHub between the supply yard and grabbing lunch. Needed a charger for the phone I use on jobs, guy checked the port before selling me the wrong one. Appreciate that. Was still thinking about a work email the whole visit so I wasn't much help... in and out in ten minutes, charger works great in the truck. 5 stars.",True,own_corpus_gpt6astra,gpt-6-astra
hotel,3,hard_evasion,69,"First time in town and checked into The Riverside Inn after a long workday. Took me a minute to find someone at the desk, which felt longer carrying all my bags. Room was fine, just couldn't get the AC to stop rattling. honestly I was still thinking about a work email the whole visit so I barely noticed the view. Three stars, mostly just glad the bed was comfortable.",True,own_corpus_gpt6astra,gpt-6-astra
skincare_product,5,hard_evasion,124,"5 stars from this very tired 34 year old birthday girl. Bought myself GlowRenew because apparently my current skincare routine is wiping baby spit-up off my chin. It sinks in fast and doesn’t leave my face sticky when I finally collapse into bed. My cheeks actually feel soft again!

hang on, my sister called and now I’ve forgotten what else I was going to say. Something about makeup? Anyway I wore just concealer for my birthday lunch and felt pretty, which hasn’t happened much lately.",True,own_corpus_gpt6astra,gpt-6-astra
saas_tool,4,hard_evasion,126,"4 stars. Needed a client report sorted before a 3pm call and Streamline got me out of a bind. I'm 58, not helpless with software, but please don't make me watch six videos before I can do one thing. Took a bit to find the export button. Got a text halfway through my visit to the help page and lost my train of thought, so some of that delay was me. Anyway the report came out readable and on time. Wish it remembered the date range I picked.",True,own_corpus_gpt6astra,gpt-6-astra
plumber_service,5,hard_evasion,27,"★★★★★ my kitchen sink stopped draining right before I had to leave for a lab and QuickFix Plumbing managed to get someone over that morning. I got a text from my roommate halfway through asking something and completely lost my train of thought, but the plumber was patient with me. Cleared the clog, checked it twice and wiped up the water under the cabinet. Really relieved I didn’t have to miss class for this.",True,own_corpus_gpt6astra,gpt-6-astra
gym,4,hard_evasion,56,"4 stars for Iron Peak Fitness. third visit this month and i'm finally getting the seat adjusted without asking somebody. retired from teaching last year, at 66 i'm not after miracles, just stronger legs. the young man at the desk remembered me which was nice.

phone rang halfway through typing this, my sister asking about a casserole dish. now where was i. music's a bit loud by the bikes but i managed 20 minutes today!",True,own_corpus_gpt6astra,gpt-6-astra
plumber_service,5,hard_evasion,84,"QuickFix Plumbing got the leak under my kitchen sink sorted before I had to leave for the airport. He even dried out the cupboard. I'm retired from teaching but was still thinking about a work email the whole visit... apparently I haven't quite retired in my head. Sitting at the gate now, very relieved. Five stars.",True,own_corpus_gpt6astra,gpt-6-astra
saas_tool,1,hard_evasion,35,"Tried setting up Streamline on my lunch break at a cafe near my new place. Just moved here, was still thinking about a work email the whole visit. Really didn’t need another headache. Imported my contacts twice because nothing showed up, then suddenly had duplicates of everyone. couldn’t find a way to undo it. One star for turning a small task into tomorrow’s problem.",True,own_corpus_gpt6astra,gpt-6-astra
coffee_shop,5,hard_evasion,123,"Just moved a few blocks from Daily Grind and stopped in for an iced latte. Actually tasted like coffee, not just milk and syrup! My kid was cranky the whole time so I barely got to sit down, but the barista was really sweet about it. Good blueberry muffin too, ate most of it walking home.",True,own_corpus_gpt6astra,gpt-6-astra
saas_tool,4,hard_evasion,91,"4 stars for Streamline. Been using it to keep track of tasks for our student consulting group, way easier than digging through the chat to see who was doing what. took me a bit to find the recurring task setting though. Got a phone call halfway through writing this and forgot what else I was gonna say, my flight boards in 20 minutes. The reminders have helped me miss fewer deadlines at least",True,own_corpus_gpt6astra,gpt-6-astra
clothing_boutique,5,hard_evasion,148,"5 stars from me. been shopping at Thread & Co for 5 years and somehow this was my third visit this month... went in for a plain white tee, left with that and the softest green cardigan. My kid was cranky the whole time and the woman helping me didn’t rush me at all. wore the cardigan straight out of the bag when I got home",True,own_corpus_gpt6astra,gpt-6-astra
skincare_product,3,hard_evasion,57,"GlowRenew is fine I guess, 3 stars. Been using it before my morning classes and my cheeks still feel dry by lunch. It gets sticky if I use too much, which took me a few days to figure out. typing this at the gate and my kid was cranky the whole time getting through security so maybe I'm cranky too. I'll finish the bottle but for what it cost I wanted more than just another step in the morning.",True,own_corpus_gpt6astra,gpt-6-astra
restaurant,4,hard_evasion,176,"4 stars. Been stopping into Bella Vista for about 5 years, usually when work runs late and cooking sounds like punishment. Got the ravioli tonight and used the last bit of bread to wipe the plate. Bread took forever to come out though, I was about ready to start eating the butter. The little lamps on the tables remind me of a place back in my hometown, no idea if that place is even still open. Anyway, good dinner, glad I stopped.",True,own_corpus_gpt6astra,gpt-6-astra
coffee_shop,5,hard_evasion,125,"5 stars. In town for the first time and had about ten minutes to grab coffee before a meeting. Stopped at Daily Grind and they had my latte ready fast enough that I could actually sit down for a minute. Got a text halfway through this and lost my train of thought... anyway the coffee was good, not burnt tasting, and the person at the counter helped me figure out which street I needed.",True,own_corpus_gpt6astra,gpt-6-astra
clothing_boutique,3,hard_evasion,81,"3 stars. Had a class presentation the next morning and realized my only decent shirt had a stain, so I ran into Thread & Co between classes. Found a blue button up that worked but $48 hurt a little. i was still thinking about a work email the whole visit and probably tried on the same size twice. The cashier was patient. Shirt looked fine, just kept having to tuck it back in.",True,own_corpus_gpt6astra,gpt-6-astra
clothing_boutique,2,hard_evasion,142,"Ran into Thread & Co on my lunch break for a last minute birthday gift, absolutely pouring outside. Found a sweater but there was no price on it and I spent half my break waiting for someone to check. Turned out to be way more than the shelf sign made it look. Asked about a gift box, nope. so I left with a paper bag in sideways rain, trying to keep a $68 sweater dry under my jacket. Should've just stayed at work honestly, the weather was that bad.",True,own_corpus_gpt6astra,gpt-6-astra
gym,5,hard_evasion,97,"Five stars from me. I'm 58 and needed somewhere to work out at short notice while my usual gym was closed. Iron Peak Fitness got me sorted that morning, no long sales talk. Someone showed me how to adjust the bike seat instead of just pointing across the room. Had a phone call halfway through writing this and forgot what else I was saying. Clean changing room too, that mattered.",True,own_corpus_gpt6astra,gpt-6-astra
mobile_app,4,hard_evasion,54,"4 stars. Downloaded TaskFlow in the grocery pickup line because apparently at 34 I need a reminder to buy diapers AND move the laundry. been using it a week and the little checkmarks are embarrassingly satisfying. Reminds me of the handwritten lists taped up at the corner shop back home, just less chaotic. wish adding a reminder took one less tap when I've got the baby in my other arm.",True,own_corpus_gpt6astra,gpt-6-astra
saas_tool,4,hard_evasion,55,"4 stars. Night shift nurse here, typing this while waiting on a prescription, in canvas shoes because apparently I missed the rain forecast. Streamline saves me digging through emails for supply requests after a long shift. Took a bit to figure out the filters but I use those constantly now. wish it didn’t log me out so often though",True,own_corpus_gpt6astra,gpt-6-astra
electronics_store,4,hard_evasion,55,"4 stars for CircuitHub. Stopped in after my night shift because my phone charger finally quit. I was half asleep and wearing canvas shoes in the rain, so really just wanted to get home. The guy helped me find the right cable without trying to sell me a whole new setup. Had to wait a bit at checkout but at least the charger works!",True,own_corpus_gpt6astra,gpt-6-astra
mobile_app,3,hard_evasion,153,"3 stars. Downloaded TaskFlow on my lunch break because I needed to sort out a bunch of last-minute jobs before 2. Also wore canvas shoes in the rain, so not my best day for planning. Got the list in quickly enough but couldn't work out how to move a task to tomorrow without opening it again. Maybe there's a shortcut. no time to hunt for it, that was sort of the point",True,own_corpus_gpt6astra,gpt-6-astra
gym,4,hard_evasion,188,"4 stars for Iron Peak Fitness. I'm 66, retired from teaching but still doing shifts at the charity shop, and my legs were tired before I even got there! A young man showed me how to adjust the bike without making a fuss. could do with quieter music. Only stayed half an hour, my dog was waiting in the car with my husband the whole time.",True,own_corpus_gpt6astra,gpt-6-astra
hotel,4,hard_evasion,187,"4 stars. Booked a night at The Riverside Inn as a last minute birthday gift for my husband. At 58 you'd think I'd have learned to plan ahead. The lady on the phone sorted it out without making me feel rushed, and we had coffee looking out at the river the next morning. Lovely quiet room. Hang on, my sister just called and I've forgotten what I was going to say about breakfast... the toast was cold, that was it. But he was pleased with his surprise, which was the point.",True,own_corpus_gpt6astra,gpt-6-astra
mobile_app,3,hard_evasion,177,"3 stars. Downloaded TaskFlow because I had two assignments due that night and needed to get myself moving. putting everything in one list helped, but I spent too long figuring out reminders when I should've been writing. My kid was cranky the whole time so that didn't help either. Got one paper submitted, the other... close enough. Fine for a quick list, just wanted less setup.",True,own_corpus_gpt6astra,gpt-6-astra
saas_tool,4,hard_evasion,152,"4 stars. Eating leftover pizza at my desk on my birthday and finally remembering to review Streamline. I mostly use it to keep track of client follow-ups because my sticky note situation was getting embarrassing. Took me a few tries to get reminders set how I wanted, but now I actually catch things before they're late. Still wish the notification settings were easier to find. My brother and I argued this morning about who lost Mom's spare key, so remembering anything today feels like an achievement. Anyway the follow-ups are handled, at least.",True,own_corpus_gpt6astra,gpt-6-astra
plumber_service,5,hard_evasion,24,"★★★★★ had a leak under the kitchen sink right when I needed to run out for a last minute birthday gift. rain was coming down sideways, just a miserable day. QuickFix Plumbing got it sorted and wiped up the water in the cabinet too. I appreciated that more than I expected. still had time to grab the gift, unfortunately still in that awful rain",True,own_corpus_gpt6astra,gpt-6-astra
clothing_boutique,5,hard_evasion,181,"Third time at Thread & Co this month, apparently this is where I go now when I've had 4 hours sleep. Found soft trousers that look like actual clothes but feel like pajamas. My kid was cranky the whole time and the woman helping me just kept finding sizes, no fuss. wore them straight out of the shop, tags off and everything. 5 stars",True,own_corpus_gpt6astra,gpt-6-astra
clothing_boutique,5,hard_evasion,28,"★★★★★ got off night shift and went into Thread & Co half asleep needing a birthday gift for my sister THAT afternoon. The woman helping me found this soft green cardigan and checked the size against a sweater my sister had texted me a picture of, which was honestly smarter than anything my brain was doing. she wore it to dinner that night!! still thinking about the parking ticket I got outside though. should've just fed the meter",True,own_corpus_gpt6astra,gpt-6-astra
hotel,4,hard_evasion,90,"First time in town and got to The Riverside Inn pretty worn out after work. Front desk had me checked in quick, which I appreciated more than anything. Room was clean and the shower got properly hot. The hallway carpet reminded me of a little hotel back home, same odd green color. could hear someone’s TV next door for a while but it quieted down before I fell asleep. Solid 4 stars.",True,own_corpus_gpt6astra,gpt-6-astra
saas_tool,1,hard_evasion,179,"One star. I'm retired from teaching and just moved here, thought Streamline would help me keep track of expenses for the little tutoring group I'm starting. Rain coming down sideways that day, so I stayed in to set it up. Spent half the afternoon entering things and then couldn't find them again. Maybe I clicked wrong but nothing told me where they'd gone. I've managed a classroom for 34 years, this shouldn't be so hard. Awful weather and a wasted afternoon.",True,own_corpus_gpt6astra,gpt-6-astra
clothing_boutique,2,hard_evasion,94,"Stopped at Thread & Co for a last minute birthday gift for my niece. Found a soft blue cardigan but there was no price, and I stood by the counter quite a while before anyone helped. After 32 years teaching I have some patience, but goodness. My sister and I had already argued that morning about who lost Mother's cake plate, so maybe I should have stayed home. They had no gift boxes either. Two stars, mostly for the cardigan.",True,own_corpus_gpt6astra,gpt-6-astra
electronics_store,5,hard_evasion,62,"★★★★★ first time in town and somehow I've been in CircuitHub three times this month. Needed a charger for my laptop and the guy actually checked the model instead of just pointing me at a shelf. Got a text halfway through and completely lost my train of thought, he was patient while I remembered what else I needed. Left with the right charger and no extra stuff I didn't need. it's been working great",True,own_corpus_gpt6astra,gpt-6-astra
skincare_product,4,hard_evasion,174,"4 stars for GlowRenew. I'm 58 and needed something quick before a family dinner, my skin was looking so dry under makeup. This helped it go on smoother and gave me a bit of a glow, nothing miraculous but I looked less tired. My kid was cranky the whole time I was getting ready so I barely even checked the mirror until we left. a little sticky at first, glad I gave it a few minutes.",True,own_corpus_gpt6astra,gpt-6-astra
coffee_shop,5,hard_evasion,77,"★★★★★ First time in town and my old friend picked Daily Grind for our catch-up. My cappuccino was lovely, still tasted like coffee under all that foam, and we split a cinnamon roll that I probably could’ve finished myself. Got a phone call halfway through typing this and now I forget what else I was saying... oh the little table by the window! We sat there talking for ages. Such a nice afternoon.",True,own_corpus_gpt6astra,gpt-6-astra
coffee_shop,5,hard_evasion,122,"Stopped into Daily Grind between the pharmacy and groceries because the baby had us up at 4 again. My latte was hot enough to still be good after I wrestled the stroller through the door, and the person at the counter brought my muffin over so I didn’t have to juggle it. got a text halfway through this and lost my train of thought. Anyway, five stars for making a very tired morning a little nicer.",True,own_corpus_gpt6astra,gpt-6-astra
plumber_service,5,hard_evasion,110,"★★★★★ QuickFix Plumbing squeezed us in for a leaking valve under the kitchen sink. I’m a contractor and my own house always ends up last on the list... they got it sorted before I had to leave to meet an old buddy for lunch. My kid was cranky the whole time but the plumber just took it in stride. Left the cabinet dry and clean too, which I appreciated.",True,own_corpus_gpt6astra,gpt-6-astra
saas_tool,5,hard_evasion,101,"5 stars for Streamline, finally got our job updates out of three different spreadsheets and into one place. I'm 58 and wasn't looking for another thing to learn, but this one stuck. typing this waiting for my flight, wore canvas shoes in the rain which was not my best decision today... at least I checked tomorrow's workload without having to call anyone. That alone makes me happy",True,own_corpus_gpt6astra,gpt-6-astra
electronics_store,5,hard_evasion,121,"Just moved here from out of town and stopped into CircuitHub for a charger, ended up getting help figuring out why my monitor wouldn't connect too. The guy actually checked which cable I needed instead of selling me another adapter that wouldn't work. Got home and everything connected first try. still thinking about the parking ticket I got outside though, ugh. Store was a good find at least. ★★★★★",True,own_corpus_gpt6astra,gpt-6-astra
electronics_store,5,hard_evasion,123,"5 stars. Been shopping at CircuitHub for 5 years and stopped in right before closing because I'd forgotten to get my brother a birthday gift. Had canvas shoes on in the pouring rain, so I was a bit miserable. The guy helping me found a Bluetooth speaker in my budget and checked that it came with a charging cable. Brother had it playing before we even cut the cake.",True,own_corpus_gpt6astra,gpt-6-astra
mobile_app,5,hard_evasion,160,"was waiting for a prescription and figured i'd try TaskFlow. i'm 58 and still write most things on envelopes, then lose the envelopes. put my errands in here and actually remembered the one across town. my sister and i argued this morning about who borrowed a folding table, so my head wasn't exactly organized. this helped. five stars for keeping things simple enough that i kept using it",True,own_corpus_gpt6astra,gpt-6-astra
plumber_service,2,hard_evasion,10,"2 stars. Spent half my birthday waiting for QuickFix Plumbing instead of meeting friends after class. Had to call twice just to find out if anyone was still coming. I was standing outside to flag down the van in canvas shoes in the rain, so that was smart of me...

The sink drains now but there's still a drip underneath. For what I paid out of my student budget, I really didn't expect to be putting the bucket back.",True,own_corpus_gpt6astra,gpt-6-astra
plumber_service,5,hard_evasion,144,"★★★★★ QuickFix Plumbing sorted out the leak under my kitchen sink the morning of my 65th birthday, before my family came over. The plumber showed me the worn-out bit and wiped the cupboard dry, which I appreciated. Retired teacher here, I do like someone who explains things! phone rang halfway through writing this, now where was I... yes, no more bowl under the sink. A very welcome birthday present to myself.",True,own_corpus_gpt6astra,gpt-6-astra
clothing_boutique,5,hard_evasion,195,"Met an old friend at Thread & Co on a miserable rainy afternoon. Found a soft blue cardigan and trousers that didn’t need hemming, which almost never happens to me. The woman helping us was lovely and left us plenty of room to chat. honestly that rain was awful, but we stayed trying things on longer than we meant to. Wore the cardigan home.",True,own_corpus_gpt6astra,gpt-6-astra
hotel,5,hard_evasion,14,"Third time at The Riverside Inn this month and check-in took maybe two minutes. My dog was waiting in the car the whole time so I appreciated not having to stand around. Room was quiet, shower actually stayed hot, and there were outlets right beside the bed. Five stars for getting the stuff I care about right.",True,own_corpus_gpt6astra,gpt-6-astra
skincare_product,1,hard_evasion,119,"1 star. GlowRenew left this sticky film on my face, then started rolling off in little bits under my sunscreen. met an old friend on my lunch break and she thought I had dry skin peeling off. Rain was blowing sideways that day so I already looked a mess. tried less the next morning, same thing. Still annoyed about that lunch, and the awful weather didn't help.",True,own_corpus_gpt6astra,gpt-6-astra
mobile_app,5,hard_evasion,120,"5 stars. A coworker told me about TaskFlow and I finally set it up while waiting at the pediatrician, kid was cranky the whole time. Even on barely any sleep I could figure it out. Having work stuff and the little things like ordering diapers in one place is a relief. actually remembered to submit my expenses this week, which is a first in a while.",True,own_corpus_gpt6astra,gpt-6-astra
clothing_boutique,4,hard_evasion,20,"Met an old friend at Thread & Co between classes and ended up trying on way more than I meant to. Found a soft green cardigan that I've already worn twice this week. The crowded little racks reminded me of a shop back home, except that place mostly sold scarves for some reason. A bit much for my student budget but the sale corner helped. 4 stars",True,own_corpus_gpt6astra,gpt-6-astra
coffee_shop,5,hard_evasion,0,"5 stars - my coworker was right about this place.

I'm in town for a couple days and stopped at Daily Grind this morning. Asked for something not too sweet and the person at the counter actually listened. Good coffee, still hot after I sat there picking at a very crumbly scone. My sister called halfway through typing this and now I forget what else I was going to say... oh, they didn't make me feel rushed when I couldn't decide. Nice start to a day in a town I don't know.",True,own_corpus_gpt6astra,gpt-6-astra
skincare_product,4,hard_evasion,115,"Been using GlowRenew for a few weeks and my cheeks don’t feel so tight after washing anymore. Met an old friend on my lunch break today and she asked if I’d changed my makeup! Was telling her about this serum, then got a text mid-visit and completely lost my train of thought lol. Takes a little longer to soak in than I’d like when I’m rushing. Still, a solid 4 stars from me.",True,own_corpus_gpt6astra,gpt-6-astra
saas_tool,2,hard_evasion,58,"First time in town, had a few hours before my flight and figured I'd catch up on work with Streamline. Spent most of that time trying to import one spreadsheet. It kept saying something was wrong but wouldn't tell me what. maybe I'm missing something, but for a paid tool this was frustrating. Still can't stop thinking about that parking ticket I got outside either. 2 stars.",True,own_corpus_gpt6astra,gpt-6-astra
plumber_service,5,hard_evasion,5,"5 stars. Still unpacking boxes and the kitchen sink starts leaking, with a 6 week old finally asleep upstairs. QuickFix Plumbing got it sorted and the plumber actually kept his voice down when I mentioned the baby. Small thing but I appreciated it. He showed me where the shutoff was too because I had no clue. Reminded me of the little plumbing place back in my hometown, just came in and fixed what needed fixing.",True,own_corpus_gpt6astra,gpt-6-astra
clothing_boutique,4,hard_evasion,18,"4 stars. Popped into Thread & Co before meeting an old friend for lunch, wanted something other than my usual cardigan. Found a lovely blue linen shirt, not too short which seems hard to find at 58. The lady left me to browse but found my size when I needed it. My kid was cranky the whole time, nothing to do with the shop. Wore the shirt straight out and my friend noticed it before she'd even said hello. Bit more than I meant to spend though.",True,own_corpus_gpt6astra,gpt-6-astra
clothing_boutique,5,hard_evasion,74,"Third time in Thread & Co this month, which is apparently where I go now when the baby finally naps in the stroller. Found soft trousers that look like proper clothes but don't dig into my waist. At 34 this matters more to me than I expected. The person helping me brought another size without making me get dressed again, honestly thank you. Got a text halfway through and lost my train of thought... anyway, wore them straight out of the shop. Five stars for making getting dressed feel less like a chore.",True,own_corpus_gpt6astra,gpt-6-astra
electronics_store,2,hard_evasion,10,"Went into CircuitHub looking for a last minute birthday gift. Their site said a speaker was in stock but nobody could find it, and I stood around for 20 minutes before someone told me that. wore canvas shoes in the rain so my socks were soaked the whole time, not their fault but yeah. Ended up buying a more expensive one because I was out of time. Two stars because at least it worked, but I wish I'd gone somewhere else.",True,own_corpus_gpt6astra,gpt-6-astra
saas_tool,5,hard_evasion,61,"★★★★★ Got our reading group’s receipts and volunteer schedule sorted in Streamline without ringing my daughter for help. After 34 years teaching, I've had enough of paperwork. sitting at the airport now, everything done for next week, and somehow all I can think about is that parking ticket I got outside. Still, one less pile of papers on the kitchen table.",True,own_corpus_gpt6astra,gpt-6-astra
plumber_service,4,hard_evasion,104,"4 stars for QuickFix Plumbing. kitchen tap finally stops dripping and he cleaned up the water under the sink too. i came home on my lunch break to let him in before meeting an old friend, dog was waiting in the car the whole time so i was watching the clock. bit later than the window they gave me but the actual fix took maybe 20 minutes. no more bowl under there, thank god",True,own_corpus_gpt6astra,gpt-6-astra
mobile_app,5,hard_evasion,137,"★★★★★ First time in town and had a couple hours to kill before my flight, so I downloaded TaskFlow to sort out the stuff waiting for me back home. My kid was cranky the whole time, which did not help me think. still managed to get my errands and work tasks into separate lists without much fuss. Felt good to stop trying to remember everything for once.",True,own_corpus_gpt6astra,gpt-6-astra
gym,4,hard_evasion,152,"4 stars - spent part of my 34th birthday at Iron Peak Fitness because apparently what I wanted was an hour to myself. Our kid was cranky the whole time, according to the texts from my husband. I mostly walked on the treadmill and tried to remember how the cable machine worked. Guy at the desk helped without making a thing of it, which I appreciated on about 4 hours of sleep. Took a while to find somewhere to stretch but otherwise, pretty good birthday decision.",True,own_corpus_gpt6astra,gpt-6-astra
restaurant,5,hard_evasion,136,"5 stars for Bella Vista. First time in town and met an old friend here for dinner. The mushroom ravioli was so good I stopped talking for a minute, which she pointed out immediately. Our server let us sit and catch up without hovering. still can't stop thinking about the parking ticket I got outside though. Should've read the sign instead of waving across the street like an idiot.",True,own_corpus_gpt6astra,gpt-6-astra
coffee_shop,5,hard_evasion,14,"Third time at Daily Grind this month, so apparently this is where my coffee budget goes now. Got an oat milk latte and actually finished the reading I'd been avoiding all week. The little table by the window is my favorite. Wore canvas shoes in the rain like an idiot, but at least the coffee was hot. Five stars for making a soggy Tuesday between classes pretty nice.",True,own_corpus_gpt6astra,gpt-6-astra
mobile_app,5,hard_evasion,39,"Downloaded TaskFlow with a baby asleep on me and about ten minutes to sort out my day. Had the urgent stuff listed before she woke up, which at 34 apparently counts as a big achievement now. Also argued with my sister this morning about a casserole dish. why are we like this.

Anyway, I remembered to order nappies AND send the form I'd been avoiding. Five stars from this very tired household.",True,own_corpus_gpt6astra,gpt-6-astra
electronics_store,5,hard_evasion,144,"★★★★★ Just moved here and needed a printer, which apparently is more complicated than it was when I was teaching! The young woman at CircuitHub asked what I actually print and steered me toward a cheaper one. Then showed me how to connect it to my laptop, without making me feel ancient at 66. It worked first try at home.

Still can't stop thinking about that parking ticket I got outside. My own fault, but honestly... the ink was less expensive.",True,own_corpus_gpt6astra,gpt-6-astra
plumber_service,4,hard_evasion,114,"★★★★☆ QuickFix sorted out the leaking shutoff under our kitchen sink. I’m a contractor but had no time to mess with it between jobs and errands. Took a little longer to get here than they said. kid was cranky the whole time, plumber just kept working. Dry cabinet now, which is what I needed.",True,own_corpus_gpt6astra,gpt-6-astra
hotel,5,hard_evasion,145,"Five stars for The Riverside Inn. I’m 66 and retired from teaching, though I still cover the odd school day. Arrived tired enough to leave my bag right by the door. The woman at the desk was patient while I hunted for my glasses, and my room had a proper reading lamp beside the bed. Such a small thing but it matters. Got a text from my daughter halfway through my tea and lost my train of thought... anyway, lovely hot shower, quiet room. Slept till nearly eight, which I never do.",True,own_corpus_gpt6astra,gpt-6-astra
saas_tool,5,hard_evasion,51,"5 stars - saved me a lot of chasing invoices today.

Been using Streamline for 5 years, third time this month I've been in sorting out our billing. Came in with wet feet because apparently I thought canvas shoes were fine for rain... wasn't looking forward to the morning. Found the unpaid ones straight away and got reminders sent before my coffee cooled down. I used to keep all this in a spreadsheet and miss things. Don't miss that.",True,own_corpus_gpt6astra,gpt-6-astra
saas_tool,5,hard_evasion,161,"Five stars from this retired schoolteacher. Bought Streamline as a last-minute gift for my daughter, who runs a small business and keeps her to-do lists on whatever paper is nearest. We sat down together and got her jobs organized before the kettle boiled. At 67 I appreciate software that doesn't make me feel like I've missed a lesson. Still thinking about that parking ticket I got outside earlier... there went the money for a nice card. But she was delighted.",True,own_corpus_gpt6astra,gpt-6-astra
clothing_boutique,1,hard_evasion,155,"Had some time before my flight and stopped in Thread & Co for a cardigan. At 58 I don't need much help shopping, but I do need someone to tell me where the fitting room is. Asked twice, got a wave toward the back. Finally put it down and left. My dog was waiting in the car the whole time, at least somebody was pleased to see me.",True,own_corpus_gpt6astra,gpt-6-astra
skincare_product,5,hard_evasion,16,"First time in town and of course I forgot my skincare bag. Needed something before dinner, walked in out of that awful sideways rain and picked up GlowRenew. Just a little made my dry cheeks feel softer and my makeup went on nicely over it. honestly with the cold and rain that day I was expecting to look a mess. Shoes were still soaked through at dinner but at least my face felt good!",True,own_corpus_gpt6astra,gpt-6-astra
gym,2,hard_evasion,22,"Third time at Iron Peak Fitness this month and spent half my break between classes waiting for a bench. One cable machine is still out of order from my first visit, asked about it and nobody seemed to know when it'd be fixed. not cheap on a student budget either. Also can't stop thinking about the parking ticket I got outside. That's on me but yeah, pretty frustrating afternoon.",True,own_corpus_gpt6astra,gpt-6-astra
plumber_service,4,hard_evasion,54,"4 stars. Just moved to the neighborhood and needed a leaking kitchen shutoff sorted before heading to a job. QuickFix Plumbing got it replaced without turning it into a whole production, which I appreciated as a contractor with three other things running late. Arrival was a bit later than they’d said. Still can't stop thinking about the parking ticket I got outside while carrying my tools in... expensive morning.",True,own_corpus_gpt6astra,gpt-6-astra
restaurant,4,hard_evasion,115,"Four stars for Bella Vista. Just moved nearby and stopped in for lunch, still cross about a silly argument with my sister this morning over our mother's old dishes. The waitress gave me a minute to settle in, which I appreciated. Very good eggplant, bread warm enough to melt the butter. A little hard to hear by the kitchen, even after  thirty years teaching seventh graders. next time I'll ask for a window table.",True,own_corpus_gpt6astra,gpt-6-astra
restaurant,4,hard_evasion,188,"4 stars. Had an hour to kill before heading to the airport and stopped at Bella Vista, still in my work boots. The meatball sandwich was hot enough I had to leave it alone a minute. Good bread. Spent half lunch texting my brother about the stupid argument we had this morning over Dad's old mower. Waitress topped up my coffee without interrupting. Took a bit to get the check but I wasn't exactly helping, staring at my phone.",True,own_corpus_gpt6astra,gpt-6-astra
skincare_product,5,hard_evasion,172,"5 stars for GlowRenew. typing this on my lunch break before heading to the airport, rain absolutely hammering the windows. My cheeks finally don’t feel tight by noon and it sits fine under my sunscreen, no little flakes rolling off. Such miserable weather today. been using two drops every morning for a few weeks and my skin just looks less tired, which is more than I can say for me. hope this rain lets up before my flight...",True,own_corpus_gpt6astra,gpt-6-astra
mobile_app,5,hard_evasion,135,in town for work and tried TaskFlow back at the hotel after a long shift. Put all my stuff for tomorrow in one list instead of leaving notes everywhere. got a call halfway through setting it up and forgot what else I was adding lol but the reminders were easy to set. 5 stars for making my tired brain do less,True,own_corpus_gpt6astra,gpt-6-astra
plumber_service,4,hard_evasion,128,"4 stars. Been in the neighborhood two weeks and already had water under the kitchen sink, because unpacking with a newborn wasn't enough apparently. QuickFix Plumbing got it sorted without waking the baby. i was still thinking about a work email the whole visit so I asked the guy to explain the leak twice. He was nice about it. Came a little later than the window they gave me, but hey, dry cupboard.",True,own_corpus_gpt6astra,gpt-6-astra
gym,5,hard_evasion,77,"Had some time before my flight and stopped at Iron Peak Fitness to get a workout in. Front desk got me sorted fast, no waiting around for a rack either. Been on job sites all week so moving without carrying tools was nice. Still thinking about a work email the whole visit, but that’s on me. Clean showers too. 5 stars.",True,own_corpus_gpt6astra,gpt-6-astra
skincare_product,5,hard_evasion,108,"★★★★★ Stopped to type this in the grocery store parking lot, of all places. I'm 66, retired from teaching, and GlowRenew has made my skin feel soft without that sticky feeling I can't stand. My cheeks even look a little brighter. Was arguing with my sister this morning about who borrowed Mother's pie dish... anyway, glad I tried this little bottle. A nice part of my morning.",True,own_corpus_gpt6astra,gpt-6-astra
mobile_app,5,hard_evasion,5,"Got home from work tired, wearing canvas shoes in the rain because apparently I don’t check the weather anymore. Opened TaskFlow and dumped all my assignments in before I forgot them. breaking stuff into little tasks makes it easier to start instead of just staring at “write paper” all evening. Actually got my outline done tonight. 5 stars for helping me get past that part alone",True,own_corpus_gpt6astra,gpt-6-astra
plumber_service,2,hard_evasion,166,"2 stars. Got home from work and spent half the evening waiting for QuickFix Plumbing with a cranky baby. I'd worn canvas shoes in the rain too, so just a great day. The plumber fixed the drip under the sink but left dirty water in the cabinet. For what I paid, I really didn't want another thing to clean up.",True,own_corpus_gpt6astra,gpt-6-astra
skincare_product,3,hard_evasion,81,"3 stars for GlowRenew. grabbed it after work because my skin has been looking as tired as I feel in my morning classes. Been using it a couple weeks, feels nice but my cheeks are still pretty dry. also still thinking about the parking ticket I got outside buying this... expensive little serum trip lol",True,own_corpus_gpt6astra,gpt-6-astra
plumber_service,1,hard_evasion,119,"One star. QuickFix Plumbing came to sort out the leak under my sink and it was dripping again before supper. Left two messages, still nothing. I spent 34 years teaching children to clean up after themselves, so finding wet towels shoved behind the bin did not improve my mood. They wore canvas shoes in that pouring rain too. Sitting at the airport now wondering what I'll come home to.",True,own_corpus_gpt6astra,gpt-6-astra
restaurant,5,hard_evasion,108,"5 stars for Bella Vista. Came straight from a job to meet an old friend I hadn't seen in years, still had drywall dust on my boots. The chicken parm was hot right through and they brought extra bread without us asking. my kid was cranky the whole time but our waitress never got short with him. Got to eat a proper meal and catch up for once, meant a lot",True,own_corpus_gpt6astra,gpt-6-astra
skincare_product,4,hard_evasion,30,"Was in town running errands and popped in on a whim, hadn’t been there before. Picked up GlowRenew while still thinking about a work email the whole visit. Been using it a few mornings now and it feels light under my sunscreen, no rolling up into little bits. Pump gives me more than I need though. 4 stars from me.",True,own_corpus_gpt6astra,gpt-6-astra
saas_tool,4,hard_evasion,115,"Gave Streamline 4 stars because I still get a little lost in the settings. But I got our tutoring group's invoices sorted without calling my son, which at 67 feels like a small victory! Retired from teaching, somehow still doing paperwork. typing this at the airport and honestly I keep thinking about that parking ticket I got outside. There goes the money I saved us this month...",True,own_corpus_gpt6astra,gpt-6-astra
saas_tool,5,hard_evasion,74,"5 stars. I’m 58 and have spent enough mornings chasing invoices through three different programs. Streamline lets me see what’s paid and what needs a nudge without opening half a dozen tabs. That alone earns its keep.

Typing this at the airport, got a text halfway through checking the dashboard and lost my train of thought. Anyway. Finished the week’s follow-ups before they even called my boarding group. Laptop shut, nothing scribbled on a napkin to deal with Monday.",True,own_corpus_gpt6astra,gpt-6-astra
gym,5,hard_evasion,27,"Met an old friend at Iron Peak Fitness and ended up trying a few machines. I'm 58 and a bit rusty, so I appreciated the trainer showing me the adjustments without making a fuss. Good equipment, no waiting around. my dog was waiting in the car the whole time so we kept it short. Five stars from me.",True,own_corpus_gpt6astra,gpt-6-astra
plumber_service,5,hard_evasion,51,"5 stars. Had a leaking valve on a job and about an hour to sort it out before grabbing a last-minute birthday gift. QuickFix Plumbing got someone over fast, fixed the leak and left the cabinet dry. I was wearing canvas shoes in pouring rain, so at least somebody there had their day together... saved me a lot of running around.",True,own_corpus_gpt6astra,gpt-6-astra
restaurant,5,hard_evasion,159,"5 stars for Bella Vista. just moved a few streets over and stopped for takeout after my night shift at the hospital. Too tired to cook or even decide really, so I went with the baked pasta. Still hot when I got home, plenty of cheese, enough left for tonight’s shift. My dog was waiting in the car the whole time, probably knew I had food before I opened the door.",True,own_corpus_gpt6astra,gpt-6-astra
mobile_app,5,hard_evasion,183,"5 stars. third time this month I’ve used TaskFlow to sort out a pile of assignments instead of just staring at them. Putting “start lab report” on the list rather than the whole report actually got me moving. It’s weirdly calming, like getting the quiet table at the library back in my hometown. now if I could just stop adding laundry to tomorrow’s list",True,own_corpus_gpt6astra,gpt-6-astra
restaurant,5,hard_evasion,180,"5 stars. spent my 34th birthday at bella vista, running on about 3 hours sleep and it was absolutely pouring out. the server found us a spot with room for the pram and didn't rush us when the baby needed feeding right as dinner arrived. pasta was lovely, ate every bit. still thinking about the little birthday dessert honestly. such a miserable wet day but for an hour i forgot how tired i was. then back out into that sideways rain...",True,own_corpus_gpt6astra,gpt-6-astra
mobile_app,5,hard_evasion,98,"Third time this month TaskFlow has caught something I would've forgotten. Today it was renewing my car registration. I'm 58, I still write things on envelopes and then lose the envelopes. Had a ridiculous argument with my sister this morning about our mother's dining table, so my head was elsewhere. Put the reminder in last week and there it was. Five stars for getting me to actually do the thing.",True,own_corpus_gpt6astra,gpt-6-astra
clothing_boutique,4,hard_evasion,187,"Popped into Thread & Co on my lunch break for a birthday treat and found a lovely green cardigan. The lady helping me checked for another size without hovering, which I appreciated. Bit more than I meant to spend. was wearing canvas shoes in the rain so trying on something dry and cosy was probably half the appeal... 4 stars from me.",True,own_corpus_gpt6astra,gpt-6-astra
skincare_product,5,hard_evasion,26,"★★★★★ Popped in to kill some time before my flight, first time in town. Tried GlowRenew on my hand and liked that it sank in without leaving that sticky feeling. bought a bottle :) I was still thinking about a work email the whole visit, but at least choosing a serum was easy",True,own_corpus_gpt6astra,gpt-6-astra
hotel,1,hard_evasion,107,"Booked The Riverside Inn last minute when my boiler quit, just needed a warm room and a shower. the water barely got lukewarm and the heater rattled all night. Called the desk, nobody came. I'm retired after  thirty years teaching, not expecting luxury, but I do expect sleep. And I keep thinking about that parking ticket I got outside... should've just stayed home under extra blankets. One star.",True,own_corpus_gpt6astra,gpt-6-astra
skincare_product,4,hard_evasion,164,"4 stars. Picked up GlowRenew for my roommate’s birthday between classes because I’d left shopping way too late. She keeps it next to her toothbrush now, which is a good sign lol. The bottle reminds me of the fancy little shop back home where I could never afford anything. Took us a minute to get the pump working though.",True,own_corpus_gpt6astra,gpt-6-astra
plumber_service,4,hard_evasion,18,"4 stars for QuickFix Plumbing. Stopped by on a late lunch break after a shift that already felt three days long. Had pictures of the mess under my sink and they actually looked instead of just handing me a number to call. My dog was waiting in the car the whole time so I appreciated keeping it quick. Guy came out next morning, replaced the shutoff valve, cleaned up the nasty puddle too. Bill was a little steeper than I’d hoped but the cabinet is finally DRY.",True,own_corpus_gpt6astra,gpt-6-astra
electronics_store,5,hard_evasion,134,"5 stars. First time in CircuitHub, I’m from out of town and my phone wouldn’t charge right before I needed to head out. They found a cable that worked and let me check it there. got a text halfway through and lost my train of thought while the guy was explaining something, he was nice about repeating it. Just glad I wasn’t stuck hunting around all afternoon",True,own_corpus_gpt6astra,gpt-6-astra
skincare_product,2,hard_evasion,154,"Been shopping here for 5 years and grabbed GlowRenew as a last-minute gift for my sister. The box had a greasy mark down one side and the dropper cap wasn't tight. Smelled like the little soap shop back in my hometown, which I didn't mind, but I couldn't give it to her looking like that. Two stars, mostly because now I have another errand.",True,own_corpus_gpt6astra,gpt-6-astra
clothing_boutique,1,hard_evasion,47,"1 star. Ran into Thread & Co between jobs to grab a last-minute birthday gift for my wife. Still had drywall dust on my boots. Asked for help finding her size and stood around until I just gave up. Wasted the little time I had. And I keep thinking about that parking ticket I got outside... not their fault, but what an expensive trip home empty handed.",True,own_corpus_gpt6astra,gpt-6-astra
mobile_app,2,hard_evasion,94,Giving TaskFlow 2 stars because I keep having to add the same reminders twice. Put a bill payment in yesterday and today it's just gone?? I'm on lunch waiting for a friend I haven't seen in years and instead of remembering what I wanted to tell her I'm messing with this app. Also can't stop thinking about the parking ticket I just got outside. not helping my mood but neither is TaskFlow,True,own_corpus_gpt6astra,gpt-6-astra
clothing_boutique,5,hard_evasion,60,"5 stars. Came into Thread & Co after a night shift needing something for a dinner that evening. I was too tired to put an outfit together and they found me a soft green top and pants that didn’t need hemming. Such a relief. I’d also worn canvas shoes in the pouring rain, so trying on dry clothes was probably the nicest part of my morning.",True,own_corpus_gpt6astra,gpt-6-astra
skincare_product,3,hard_evasion,9,"Gave GlowRenew 3 stars. I'm 34 with a newborn so maybe I was asking a lot from a serum lol. Been using it a couple weeks, cheeks feel softer but I still look very much awake at 3am. Third trip here this month, somehow wearing canvas shoes in the rain again. Wish the pump gave out less, I keep getting way more than I need.",True,own_corpus_gpt6astra,gpt-6-astra
hotel,5,hard_evasion,184,"5 stars!! Needed a room at basically no notice and The Riverside Inn saved me from a very long night. Front desk had me sorted in minutes, shower was hot straight away and I actually slept through my alarm. still can't stop thinking about the parking ticket I got outside lol, expensive little souvenir. But having a clean, quiet place to crash when my plans fell apart? Worth every penny.",True,own_corpus_gpt6astra,gpt-6-astra
plumber_service,4,hard_evasion,43,"4 stars. Been calling QuickFix Plumbing for 5 years, just moved into this neighborhood and had them out for a leak under the kitchen sink. Rain was coming down sideways that morning, just miserable. He found a cracked fitting and had it replaced pretty quick, even wiped out the cabinet. Got here later than the window they gave me, though with the roads that bad I wasn't too surprised. sink's dry now. Still can't believe he got here without tracking half that rain inside",True,own_corpus_gpt6astra,gpt-6-astra
restaurant,5,hard_evasion,181,"Ran into Bella Vista for a last minute birthday gift card for my sister and ended up getting dinner too. The woman at the counter found me a little envelope so it wasn’t just a card shoved in my pocket. really appreciated that. Had the mushroom ravioli, wiped the plate clean with bread. Wearing canvas shoes in pouring rain was a mistake but dinner wasn’t",True,own_corpus_gpt6astra,gpt-6-astra
mobile_app,5,hard_evasion,101,"5 stars from this tired night nurse. Downloaded TaskFlow on a whim waiting at the pharmacy, was still thinking about a work email the whole visit so my brain wasn't exactly on errands. Put my list in and actually remembered the cat food for once. I like being able to dump everything somewhere before I go to sleep. less trying to remember things with half a brain",True,own_corpus_gpt6astra,gpt-6-astra
plumber_service,4,hard_evasion,187,"4 stars. QuickFix got the leak under our kitchen sink sorted yesterday, and the plumber actually showed me which fitting had gone bad. Took maybe 40 minutes? Bit later than the window they gave me. Reminded me of the little plumbing place back in my hometown, even had the same messy clipboard. Anyway, sink's dry. Back to spending my lunch break finding a birthday present I should've bought last week...",True,own_corpus_gpt6astra,gpt-6-astra
skincare_product,5,hard_evasion,27,"stopped in after work for another bottle of GlowRenew, my kid was cranky the whole time and honestly same. I’m 34 and running on very little sleep but my skin is looking less dull lately. sinks in fast, no sticky feeling when I finally get to bed. five stars from this tired mom",True,own_corpus_gpt6astra,gpt-6-astra
skincare_product,5,hard_evasion,193,"5 stars!! Grabbed GlowRenew on a whim while running errands, in canvas shoes in the pouring rain because apparently I can’t check the weather. Better decision than the shoes lol. I’ve been using two drops under moisturizer and my cheeks feel so soft, especially the dry bits beside my nose. no sticky layer either! Even my concealer’s sitting nicer lately.",True,own_corpus_gpt6astra,gpt-6-astra
electronics_store,3,hard_evasion,57,"3 stars. Popped into CircuitHub on my lunch break, killing time before heading to the airport. Needed a charging cable and somehow spent ten minutes figuring out which ones were actually priced. reminded me of the little electronics place back home, just with brighter lights. The guy at checkout was nice but they only had the expensive braided one left, so... at least my phone won’t die before boarding.",True,own_corpus_gpt6astra,gpt-6-astra
coffee_shop,5,hard_evasion,15,"5 stars for Daily Grind, grabbed an iced coffee and a warm blueberry muffin on my lunch break, killing a little time before heading to the airport. Coffee actually tasted like coffee after the ice melted. meant to save half the muffin for the flight but that didn’t happen... my dog was waiting in the car the whole time, AC running, probably wondering where his half was",True,own_corpus_gpt6astra,gpt-6-astra
gym,1,hard_evasion,107,"Been going to Iron Peak Fitness for 5 years and today was enough. Stopped in before my flight, two bikes were broken and the locker room had no hot water. Told the front desk and got a shrug. I was still thinking about a work email the whole visit, really just wanted a quick workout and a shower. Not much to ask for what they charge.",True,own_corpus_gpt6astra,gpt-6-astra
hotel,2,hard_evasion,178,"2 stars. My coworker told me to book The Riverside Inn for a weekend away from campus and now I'm wondering if we stayed at the same place?? the shower went cold halfway through washing my hair and I could hear somebody's TV till like 2am. I'm used to dorm noise but come on. Lobby smelled like the little motel back in my hometown, that lemon floor cleaner smell. Spent more than I should've on a student budget just to sleep badly.",True,own_corpus_gpt6astra,gpt-6-astra
restaurant,5,hard_evasion,49,"★★★★★ moved to the neighborhood two weeks ago and Bella Vista was my first dinner out by myself. I'm 24 and still feel weird asking for a table for one, but the woman who seated me was so lovely about it. Had the mushroom ravioli and kept dragging little bits of bread through the sauce after it was gone. The tiny lamps reminded me of a place back home, except those were always crooked. Felt a little less new here tonight.",True,own_corpus_gpt6astra,gpt-6-astra
hotel,5,hard_evasion,181,"An old coworker from my teaching days suggested The Riverside Inn. Such a comfortable bed, I slept past 8 which hardly ever happens even now I'm retired. coffee downstairs was good and the lady at the desk helped with my suitcase. My kid was cranky the whole time but I enjoyed having a quiet spot by the window. Five stars from me.",True,own_corpus_gpt6astra,gpt-6-astra
electronics_store,5,hard_evasion,137,"5 stars for CircuitHub. A former coworker from school sent me here when my old laptop finally quit. I'm 66 and retired now, mostly need it for photos and my book club emails. The young woman helping me said I didn't need the expensive one I'd picked out, which I appreciated. She made the print bigger too. still can't stop thinking about that parking ticket I got outside, should have checked the sign... but the laptop is lovely",True,own_corpus_gpt6astra,gpt-6-astra
clothing_boutique,1,hard_evasion,119,"Just moved here from out of town and this was my first time in Thread & Co. Walked over in that miserable sideways rain, only to stand by the fitting rooms while the staff chatted like I wasn't there. finally got someone's attention and felt like I'd interrupted their entire day. The sweater I tried had a loose seam at the cuff. For $78?? Put it back and went straight home in the pouring rain. should've stayed in.",True,own_corpus_gpt6astra,gpt-6-astra
electronics_store,5,hard_evasion,85,"5 stars for CircuitHub. Ducking in out of that awful rain was not supposed to turn into buying headphones, but mine were barely working anyway. The guy helping me let me try a couple and didn’t push the expensive ones. got a pair I actually like, still had time to grab groceries. Seriously though the weather was miserable, my sleeves were wet the entire time.",True,own_corpus_gpt6astra,gpt-6-astra
clothing_boutique,5,hard_evasion,159,"Stopped into Thread & Co after work looking for something to wear to a class presentation. I was tired and my kid was cranky the whole time, so I appreciated being able to just browse without someone following me around. Found a green sweater that actually looked good with the pants I already own. wore it the next morning instead of saving it. 5 stars from me.",True,own_corpus_gpt6astra,gpt-6-astra
mobile_app,5,hard_evasion,170,"5 stars. Turned 34 today and my big birthday achievement was remembering the diapers AND my own cake. TaskFlow deserves some credit. I put everything in one list during a feed at 3am and set a reminder for when I’d actually be awake. Checked it off at pickup, dog was waiting in the car the whole time. newborn brain is real, nice to have one less thing to hold in my head.",True,own_corpus_gpt6astra,gpt-6-astra
saas_tool,5,hard_evasion,124,"Five stars from this retired teacher, 64 and still taking the occasional substitute job. Opened Streamline after a long day at school and finally got my invoices sorted without calling my daughter for help. My kid was cranky the whole time anyway, so just as well. I like being able to see what's been paid without digging through emails. Less fuss for me.",True,own_corpus_gpt6astra,gpt-6-astra
gym,5,hard_evasion,125,"Stopped into Iron Peak Fitness on my lunch break while I was out doing errands, mostly just to ask about memberships. The guy at the desk showed me around without making it a whole sales thing. My kid was cranky the entire time and he still took his time answering my questions. Really liked how much space there was around the weights. signed up before I left, which was not on the errand list but here we are.",True,own_corpus_gpt6astra,gpt-6-astra
gym,5,hard_evasion,148,"Five stars for Iron Peak Fitness. My usual pool was closed and I needed somewhere to get moving that afternoon. At 66 I don't need a boot camp, just a little help figuring out the machines! The young woman at the desk got me settled without any fuss. After all those years teaching it was nice being the one getting instructions. Still thinking about that parking ticket outside though, honestly... my own fault.",True,own_corpus_gpt6astra,gpt-6-astra
plumber_service,5,hard_evasion,39,"5 stars for QuickFix Plumbing. Turned 58 today and woke up to water under the kitchen sink, not quite the birthday surprise I wanted. Had already argued with my sister over who borrowed a folding table... anyway. The plumber found the leak, explained what needed replacing and left the cupboard dry and clean. Glad I wasn’t still dealing with it when everyone arrived for cake.",True,own_corpus_gpt6astra,gpt-6-astra
saas_tool,2,hard_evasion,22,"Stopped in for a Streamline demo while I was out running errands. Just wanted something simple for invoices, but we spent most of the time clicking around settings. got a text halfway through and honestly lost my train of thought, but even before that I was confused. The person helping me was nice. Still, 2 stars because sending one invoice shouldn't need that much explaining.",True,own_corpus_gpt6astra,gpt-6-astra
hotel,4,hard_evasion,151,"Four stars for The Riverside Inn. Got there after a long day tutoring and the lady at the desk kindly repeated the breakfast times because I hadn't taken in a word. Retired teacher, you'd think I'd listen better. Room was quiet, lovely firm mattress. was still thinking about a work email the whole visit, even sitting by the river with my tea. Only real gripe was that bedside lamp, couldn't find the switch without moving half the furniture.",True,own_corpus_gpt6astra,gpt-6-astra
plumber_service,5,hard_evasion,13,"Stopped into QuickFix Plumbing on a whim between errands because my kitchen tap had been dripping for weeks and I had no idea what it would cost. They got someone out the next morning, replaced a little part and now I can actually study without hearing it. 5 stars for making that easy. still can't stop thinking about the parking ticket I got outside though, expensive little errand lol",True,own_corpus_gpt6astra,gpt-6-astra
plumber_service,3,hard_evasion,21,"3 stars. First time at QuickFix Plumbing, was visiting my sister and had some time before my flight so I stopped in about her dripping kitchen tap. Took a while to get someone’s attention. The guy explained what part she probably needed but they didn’t have it there. My dog was waiting in the car the whole time, so I left without asking much else.",True,own_corpus_gpt6astra,gpt-6-astra
restaurant,5,hard_evasion,160,"5 stars just for how kind they were to my very frazzled self. Needed a last-minute birthday gift for my roommate between classes, and it was absolutely pouring. Popped into Bella Vista for a gift card and ended up grabbing some tiramisu too. The woman helping me found a little bag so I wasn’t handing over a sad wet envelope lol. Seriously the weather was awful. We split the tiramisu back at our apartment... probably should’ve bought two.",True,own_corpus_gpt6astra,gpt-6-astra
gym,5,hard_evasion,169,"Five years at Iron Peak Fitness and I still head for the same corner to warm up. Third visit this month, finally getting back into my routine. One of the staff helped me adjust a bench today instead of watching me wrestle with the lever for another five minutes. Got a text halfway through my workout and completely lost my train of thought, so I probably did an extra set. anyway, five stars from me. I feel comfortable here even on days when I’m barely getting anything done.",True,own_corpus_gpt6astra,gpt-6-astra
saas_tool,5,hard_evasion,121,"5 stars. Streamline has made keeping track of our jobs a lot easier. I’m 58 and still keep a paper list beside the computer, but I’m checking it less now. Was telling an old friend about it this morning.

phone rang halfway through writing this and now I’ve forgotten what else I meant to say. The deadlines, that was it. Nice not having to ask three people when something is due.",True,own_corpus_gpt6astra,gpt-6-astra
saas_tool,4,hard_evasion,78,"4 stars. Set up our weekly tasks in Streamline before heading out for my 24th birthday, in absolutely miserable rain. Took me a minute to find the recurring task settings but now I’m not copying the same list every Monday. nice to have everything in one place instead of three spreadsheets. Still wish the notifications were less noisy. And somehow it was STILL pouring when I finished...",True,own_corpus_gpt6astra,gpt-6-astra
hotel,5,hard_evasion,169,"★★★★★ Met an old friend at The Riverside Inn and we ended up talking for hours over breakfast. Nobody rushed us, which I really appreciated. My room was quiet and the bed was just right. Wore entirely the wrong shoes for the rain, but that was my own fault! Such a lovely place to catch up.",True,own_corpus_gpt6astra,gpt-6-astra
mobile_app,1,hard_evasion,179,"Tried putting tomorrow's jobs into TaskFlow while waiting for my birthday dinner. Two addresses wouldn't save and it kept moving a reminder back to today. My kid was cranky the whole time, I just needed this to be quick. Back to the notepad in my truck.",True,own_corpus_gpt6astra,gpt-6-astra
skincare_product,2,hard_evasion,94,"2 stars. Been buying from this brand for 5 years, just moved to the neighborhood so popped into the local shop for GlowRenew. Was still thinking about a work email the whole visit, barely browsed.

the serum leaves this tacky layer that rolls off under my sunscreen. Tried using less, same thing. Three weeks and my skin looks no different. Too expensive to be sitting there unused but that's where we are.",True,own_corpus_gpt6astra,gpt-6-astra
coffee_shop,4,hard_evasion,176,"Third stop at Daily Grind this month, squeezed in between a material pickup and a job across town. Coffee's strong and they got me out the door quick, which is mostly what I need. The bacon sandwich could've used another minute warming up but I ate every bit. Those little tables remind me of a place back home, no idea why. 4 stars, solid spot when my morning's already gone sideways.",True,own_corpus_gpt6astra,gpt-6-astra
clothing_boutique,4,hard_evasion,152,"4 stars. Been shopping at Thread & Co for 5 years and stopped in to pick out something for my birthday. Found a blue dress with pockets, which pretty much settled it. The woman helping me got another size without hovering. I was still thinking about a work email the whole visit, probably should have left my phone at home. Wish the fitting room had another hook, my bag kept falling off the little stool.",True,own_corpus_gpt6astra,gpt-6-astra
hotel,1,hard_evasion,11,"Stopped at The Riverside Inn after a long shift and just wanted a shower and some sleep. The shower never got warmer than lukewarm and there was a damp towel hanging behind the bathroom door when I checked in. Called the desk, nobody picked up. Even the little motel by the bus station back in my hometown puts out clean towels. I’m 24, not expecting anything fancy, but come on. Spent half the night listening to the ice machine through the wall. One star feels generous.",True,own_corpus_gpt6astra,gpt-6-astra
saas_tool,2,hard_evasion,118,"2 stars. A coworker talked me into trying Streamline for our shift requests and admin stuff. maybe it makes more sense when you've actually slept?? I spent half my break entering a request, then couldn't tell if it had saved. Entered it again and yep, now there were two. Got a reminder email for something I'd already finished, too. I'd come in wearing canvas shoes in pouring rain so my patience was already pretty thin, but still. This was supposed to be less work.",True,own_corpus_gpt6astra,gpt-6-astra
gym,5,hard_evasion,2,"was out running errands and stopped into Iron Peak Fitness on a whim - ended up staying almost an hour. guy at the desk showed me where everything was without making it a whole sales pitch. plenty of room by the dumbbells too, unlike the gym back in my hometown where you practically lifted in somebody’s lap lol. groceries had to wait, worth it",True,own_corpus_gpt6astra,gpt-6-astra
electronics_store,5,hard_evasion,28,"First time in CircuitHub, in town for work and stopped in after a ridiculously long shift because I’d left my laptop charger at home. Guy checked the model instead of just pointing me at a shelf, really appreciated that. Had the right one and I was out in ten minutes. Reminded me of the little electronics place back home, just a lot brighter in there.",True,own_corpus_gpt6astra,gpt-6-astra
mobile_app,5,hard_evasion,99,"5 stars. Eating lunch before my flight and just moved all the little things I keep forgetting into TaskFlow. Took maybe five minutes, including finding the reminder button which was right there the whole time. I like being able to move a task to tomorrow without making it a whole project.

got a phone call halfway through writing this and now I forget what else I was going to say. The grocery list. Having that next to my work stuff is surprisingly useful, my brain doesn't keep them separate anyway.",True,own_corpus_gpt6astra,gpt-6-astra
coffee_shop,5,hard_evasion,85,"Daily Grind saved me from showing up to my roommates birthday with nothing lol. Stopped in after class and the person at the counter helped me pick out a bag of coffee since I only knew she likes it not too dark. got a latte too. My brother called halfway through ordering and I forgot what size I was even asking for, anyway they were really patient. She opened the coffee that night and made us both a cup. Good gift for my very limited budget.",True,own_corpus_gpt6astra,gpt-6-astra
clothing_boutique,3,hard_evasion,117,"A former coworker from my teaching days suggested Thread & Co. Found a soft green cardigan, but at 65 I’m not paying that much for sleeves I have to keep pushing up. The woman helping me went looking for another size. Got a text from my daughter mid-visit and lost my train of thought, forgot to ask about the cotton tops near the door. Left with a scarf. Three stars seems about right, some nice things but I expected more choice for the prices.",True,own_corpus_gpt6astra,gpt-6-astra
mobile_app,4,hard_evasion,188,"4 stars. It's my birthday and I'm spending part of my lunch break sorting out my week on TaskFlow. Very exciting stuff, ha. My dog was waiting in the car the whole time, with my husband and the AC on, while I picked up lunch. Remembered three things in line and got them into the app before I forgot. Still trying to figure out repeating tasks but the little checkmarks are weirdly satisfying.",True,own_corpus_gpt6astra,gpt-6-astra
gym,2,hard_evasion,118,"Met an old friend at Iron Peak Fitness between jobs, figured we could catch up and get a quick workout in. Spent half the time waiting for a bench and the cable machine he wanted was out of order. Got a text from my electrician mid-visit and honestly lost my train of thought... but yeah, two stars. I don't get much time away from job sites and this felt like a wasted hour.",True,own_corpus_gpt6astra,gpt-6-astra
skincare_product,4,hard_evasion,92,"4 stars. I’m 24 and still leave getting ready for big things until the last possible second... bought GlowRenew two days before a wedding because my skin looked so dry under makeup. It didn’t magically fix everything but my foundation went on much smoother. a little sticky if you use too much, learned that fast. The smell reminds me of this tiny gift shop back in my hometown, weirdly. Glad I had it that morning.",True,own_corpus_gpt6astra,gpt-6-astra
electronics_store,5,hard_evasion,39,"5 stars for CircuitHub. Third time here this month because apparently college means needing one more cable every week. I was still thinking about a work email the whole visit and nearly bought the wrong adapter. The guy at the counter checked what laptop I had and found the cheaper one that actually fit. saved me another trip, which with my class schedule is a big deal.",True,own_corpus_gpt6astra,gpt-6-astra
skincare_product,1,hard_evasion,11,"Bought GlowRenew on a whim while I was out running errands. I'm a retired teacher in my 60s, not expecting a new face, just something for the dryness. This left a sticky film and rolled off in little bits under my sunscreen. Tried less the next morning, same thing. I was still thinking about a work email the whole store visit, should've paid more attention to the price. Expensive little mistake.",True,own_corpus_gpt6astra,gpt-6-astra
clothing_boutique,5,hard_evasion,17,"Had time to kill before my flight and went into Thread & Co just to look. Left with wide-leg pants that actually fit my waist without needing a belt. The woman helping me grabbed a different size without making it a whole thing, which I appreciated. still annoyed at my brother for our argument about the thermostat this morning but at least I have good pants now. 5 stars",True,own_corpus_gpt6astra,gpt-6-astra
hotel,5,hard_evasion,159,"Five stars for The Riverside Inn. I stayed two nights while waiting for the keys to my new place around the corner. Finally sitting down on my lunch break to write this. The room was quiet and the woman at the desk found me some tape when one of my moving boxes split. My brother argued with me this morning that I should've hired movers. easy to say when it's not your money. Anyway, I slept properly there, which was more than I managed my first night in the apartment.",True,own_corpus_gpt6astra,gpt-6-astra
saas_tool,4,hard_evasion,103,"4 stars. Guy I work with told me about Streamline so I tried it between jobs, rain coming down sideways that day. Got my quotes sorted and sent two invoices from the truck. took me a bit to find where to change the payment terms. Still using it, saves me doing paperwork after dinner. Miserable weather that day though, boots are probably still wet.",True,own_corpus_gpt6astra,gpt-6-astra
hotel,4,hard_evasion,20,"Third stay at The Riverside Inn this month, been working a job nearby. Shower gets hot fast and there's room to park the work truck without doing a ten point turn. The breakfast room reminds me of a little place back home, same green chairs. Wish the curtains closed all the way, parking lot light sneaks in. Still, slept fine after a long day. 4 stars.",True,own_corpus_gpt6astra,gpt-6-astra
plumber_service,5,hard_evasion,38,"★★★★★ A coworker gave me QuickFix Plumbing’s number five years ago and they’ve been my go-to since. This time it was a slow leak under the kitchen sink. They showed me where it was coming from and had it fixed without leaving a mess in the cabinet. got a text halfway through the visit and completely lost my train of thought... anyway, nice not having a bowl under there anymore.",True,own_corpus_gpt6astra,gpt-6-astra
saas_tool,1,hard_evasion,47,"I'm 67, retired from teaching, and this is my third visit to Streamline this month trying to fix the same invoice. I change the amount, save it, and the old amount comes right back. A text from my sister came in halfway through and I admit I lost my train of thought, but this was going wrong before that. The help page just sends me to another help page. I managed a classroom for 32 years, I shouldn't need an afternoon to correct one number. One star.",True,own_corpus_gpt6astra,gpt-6-astra
skincare_product,5,hard_evasion,14,"5 stars for GlowRenew. I’m 24 and somehow still guessing what my skin wants, but this serum has been a good find. Stopped in after a long day at work to grab another bottle because mine is almost empty. It sinks in fast and doesn’t leave that sticky feeling under moisturizer. Got a text halfway through my visit and completely lost my train of thought... anyway, my cheeks feel softer and my makeup isn’t catching on the dry bits anymore.",True,own_corpus_gpt6astra,gpt-6-astra
coffee_shop,5,hard_evasion,133,my roommates took me to Daily Grind before class for my birthday and honestly the iced vanilla latte did more for me than sleeping in would've. Got a cinnamon roll too and we tore it into three very uneven pieces lol. reminds me a little of the coffee place back home except there's actually somewhere to sit here. such a good start to turning 21,True,own_corpus_gpt6astra,gpt-6-astra
plumber_service,5,hard_evasion,192,"Just moved to the neighborhood and already had a leak under the kitchen sink. QuickFix Plumbing got it sorted without turning it into a whole afternoon. I’m on my lunch break finally catching up on things and wanted to leave 5 stars. My kid was cranky the entire time they were here, too, but the plumber was patient. Nice to have a dry cabinet again.",True,own_corpus_gpt6astra,gpt-6-astra
mobile_app,5,hard_evasion,112,"5 stars from me. Had a pile of things to get sorted before an unexpected trip and needed something right then, not a whole new system to learn. I'm 58 and managed to get my list into TaskFlow without asking my daughter. Checked things off as I went, which helped more than I expected. got a phone call halfway through writing this and forgot what else I was going to say. Anyway, the list is done and my bag is packed.",True,own_corpus_gpt6astra,gpt-6-astra
plumber_service,5,hard_evasion,156,"5 stars!! Kitchen sink backed up the night before I had a paper due, because apparently that was needed too. QuickFix Plumbing got someone over the next morning and he cleared it, checked underneath for leaks, and wiped up before leaving. I was worried about the cost on a student budget but the price matched what they told me. Reminded me of the little plumbing shop back home, even the same blue shoe covers lol. Sink drains properly now!",True,own_corpus_gpt6astra,gpt-6-astra
electronics_store,5,hard_evasion,149,"5 stars. Stopped into CircuitHub to kill some time before my flight and found a charger for my laptop that actually fit my student budget. The guy helping me checked the connection instead of just guessing, which I appreciated. was still thinking about a work email the whole visit so I probably asked him twice. He was nice about it.",True,own_corpus_gpt6astra,gpt-6-astra
hotel,4,hard_evasion,80,"4 stars for The Riverside Inn. Needed a room last minute after our plumbing gave up and honestly with a 3 month old I just needed somewhere clean to lie down. The guy at the desk got us checked in fast and found a crib without making it a whole thing. got a text halfway through our stay and lost my train of thought about asking for more towels... remembered at midnight of course. Room was quiet except the fridge rattled, unplugged it and finally got some sleep.",True,own_corpus_gpt6astra,gpt-6-astra
gym,2,hard_evasion,190,"I'm 58 and just needed somewhere to get a quick workout in when my usual gym closed without warning. Iron Peak Fitness took nearly 20 minutes to sort out a day pass then the bike I picked had a seat that wouldn't stay put. got a text from my daughter halfway through and lost my train of thought but the other thing was no one could tell me which lockers actually worked. 2 stars, too much hassle for one visit.",True,own_corpus_gpt6astra,gpt-6-astra
plumber_service,1,hard_evasion,59,"1 star. in town for the first time, thought getting my sister's dripping tap fixed would be a decent last minute gift. couldn't get a clear answer from QuickFix about when anyone could come, just kept going in circles. guy back home books you in with a pencil on a calendar... somehow that works better. bought her flowers instead",True,own_corpus_gpt6astra,gpt-6-astra
mobile_app,3,hard_evasion,57,"3 stars. I work nights, so TaskFlow deciding my day is “over” at midnight is kind of annoying lol. Easy enough to dump my errands into though. Finally met up with an old friend for coffee and actually remembered to bring the book I'd borrowed, thanks to a reminder. was still thinking about a work email the whole visit, unfortunately there's no checkbox for turning my brain off. I'll keep using it for now but I wish the scheduling made more sense for my hours.",True,own_corpus_gpt6astra,gpt-6-astra
electronics_store,5,hard_evasion,161,"Had some time before my flight and wandered into CircuitHub for a charging cable because mine was doing that thing where it only works at one angle. guy there checked which phone I had so I didn’t buy the wrong one, which I appreciated. Reminded me a bit of the electronics shop back home except I could actually find stuff here. cable works, phone is charging, small crisis avoided",True,own_corpus_gpt6astra,gpt-6-astra
hotel,5,hard_evasion,99,"Waiting for my flight so I have a minute to say how much I liked The Riverside Inn. My room was quiet and there was a proper reading lamp beside the bed, which my 66 year old eyes appreciated. Had a silly argument with my sister this morning about our mother's old dishes, still on my mind. But I slept beautifully here. The lady at the desk helped me sort out my taxi. Five stars from this retired teacher.",True,own_corpus_gpt6astra,gpt-6-astra
hotel,1,hard_evasion,119,Booked a night at The Riverside Inn as a last-minute birthday gift for my mom. I’m in college so this was a lot of money for me. The room smelled damp and we had to ask twice for clean towels. My kid was cranky the whole time too. honestly wish I’d just bought her dinner.,True,own_corpus_gpt6astra,gpt-6-astra
hotel,5,hard_evasion,27,"5 stars. Third lunch break at The Riverside Inn this month and I’m getting attached to that little table by the window. My sandwich came out quick, coffee was hot, nobody rushed me. Had a stupid argument with my brother this morning about returning a ladder so honestly the quiet was half the appeal today. Nice place to get an hour back to yourself.",True,own_corpus_gpt6astra,gpt-6-astra
electronics_store,3,hard_evasion,117,"3 stars. A coworker sent me to CircuitHub about 5 years ago and I’ve been shopping there since. Went in for a laptop charger Saturday, took a while to find someone who could check which one I needed. The guy did open the box to make sure it fit, appreciated that. Got a phone call halfway through typing this and now I forget what else I was going to say... charger works fine, just wish the price on the shelf had been the current one.",True,own_corpus_gpt6astra,gpt-6-astra
skincare_product,4,hard_evasion,150,"4 stars. First time in town for my birthday and picked up GlowRenew as a little present to myself. The shop reminded me of that tiny beauty place back home next to the bakery... anyway, been using it a week and my cheeks feel less dry. takes a bit longer to soak in than i expected, so just a couple drops for me.",True,own_corpus_gpt6astra,gpt-6-astra
mobile_app,4,hard_evasion,103,"4 stars. I'm 34 with a newborn and we just moved here, so my brain is basically boxes and feeding times. Put three errands into TaskFlow outside the pharmacy while our dog was waiting in the car the whole time with my husband. actually remembered to do all three. Being able to move unfinished stuff to tomorrow helps, because some days nothing happens except laundry. Took me a bit to figure out reminders but it's one less thing to keep in my head.",True,own_corpus_gpt6astra,gpt-6-astra
electronics_store,2,hard_evasion,190,"Just moved nearby and popped into CircuitHub on my lunch break for a laptop charger. Spent ten minutes waiting by the counter before someone told me to check the aisle I'd already checked. I was still thinking about a work email the whole time, so maybe I missed a sign, but I did ask for help. Left with no charger and barely enough time to eat. Two stars because at least the guy checked the stock before I left.",True,own_corpus_gpt6astra,gpt-6-astra
mobile_app,1,hard_evasion,35,"1 star. Downloaded TaskFlow at the airport thinking I'd get my assignments sorted before my flight. Put in three deadlines and two of them somehow ended up on today?? Got a phone call halfway through so I forget what I was trying to change, but why does editing a due date take this many taps. Then it asked me to upgrade. I have a paper due Monday and now a second thing to be annoyed about.",True,own_corpus_gpt6astra,gpt-6-astra
gym,5,hard_evasion,184,"Third visit to Iron Peak Fitness this month, which with a newborn feels like a major achievement. I’m 34 and currently running on coffee and whatever sleep counts as sleep now. The staff didn’t make me feel awkward asking how to adjust a machine I’ve definitely used before. Got a short workout in, my dog was waiting in the car the whole time, and left feeling a bit more like myself. Five stars for that alone honestly.",True,own_corpus_gpt6astra,gpt-6-astra
mobile_app,4,hard_evasion,127,"4 stars. Been using TaskFlow for five years and the repeating reminders still save me from forgetting trash day. Leaving this while waiting for a prescription, just felt like it. My brother and I argued this morning about who lost mom’s cooler and somehow I’m still annoyed. wish moving tasks to tomorrow took fewer taps, but my grocery list is in here so I’m opening it again in ten minutes anyway.",True,own_corpus_gpt6astra,gpt-6-astra
skincare_product,5,hard_evasion,120,"Popped in on my lunch break between errands and picked up GlowRenew on a whim, still thinking about a work email the whole visit. Two weeks later and I’m much more interested in this little bottle than that email. My cheeks feel soft instead of tight after washing, and it sits nicely under my sunscreen, no little rolled-up bits. 5 stars for making my rushed mornings a little nicer.",True,own_corpus_gpt6astra,gpt-6-astra
hotel,4,hard_evasion,164,"4 stars for The Riverside Inn. Stayed three nights while pricing a job nearby. Got in late and the guy at the desk found me a parking spot where I could keep an eye on the truck. Room was quiet enough to get estimates done, decent water pressure too. Sitting at the airport now trying to remember—just took a call about a missing pallet and lost my train of thought. Right, breakfast starts at 7 which didn't help me much. Bed was comfortable though, slept straight through my first alarm.",True,own_corpus_gpt6astra,gpt-6-astra
gym,5,hard_evasion,145,"5 stars for Iron Peak Fitness. I'm 34 with a baby who apparently doesn't believe in sleep, so just getting through a workout feels huge right now. Staff helped me adjust a machine without making me feel clueless. Clean showers too!! typing this at my gate and still thinking about that stupid parking ticket I got outside... but that's on me. Really glad I squeezed a workout in.",True,own_corpus_gpt6astra,gpt-6-astra
plumber_service,5,hard_evasion,158,"★★★★★ QuickFix Plumbing got the leak under my kitchen sink sorted out, and the young man showed me where the shutoff was without making me feel foolish. I’m 67, retired from teaching, still learning apparently. My sister and I had argued that morning about who lost Mother’s cake tin, so I was already out of sorts... it was a relief to have one thing go smoothly. He wiped out the cupboard afterward too. That small kindness stayed with me.",True,own_corpus_gpt6astra,gpt-6-astra
mobile_app,4,hard_evasion,174,"4 stars. First time in town visiting an old friend, and I used TaskFlow to keep my train times and the few things I needed to get done in one place. Should've put “check the weather” on there too, wore canvas shoes in the rain. Took me a bit to figure out repeating tasks but I've kept using it since I got home, which is more than I can say for my last three planning apps.",True,own_corpus_gpt6astra,gpt-6-astra
saas_tool,5,hard_evasion,14,"5 stars from me. Been using Streamline for 5 years and after a long day at work, I appreciate not having to hunt through emails to see what's still waiting on me. Updated a few tasks and closed the laptop. I'd already spent the morning arguing with my sister about whose turn it was to pick up Dad, so my patience was pretty much gone by then. nice to have one part of the day just work.",True,own_corpus_gpt6astra,gpt-6-astra
restaurant,4,hard_evasion,31,"Stopped into Bella Vista on my lunch break between errands because the rain was coming down sideways and I was done with it. Got the tomato soup and a sandwich, soup was just what I needed after that miserable weather. Bread was a little too hard on the ends but I ate most of it. server was nice about getting the check quickly since I had to get back to work. Still pouring when I left, of course.",True,own_corpus_gpt6astra,gpt-6-astra
clothing_boutique,5,hard_evasion,134,"5 stars for Thread & Co! I work nights as a nurse and stopped in half asleep looking for something for my birthday dinner. The woman helping me found a green dress I would've walked right past, and it actually had pockets. got a text halfway through trying to explain what shoes I had and completely lost my train of thought lol. She was patient with me. Wore it that night and felt so good being in something other than scrubs for once.",True,own_corpus_gpt6astra,gpt-6-astra
gym,3,hard_evasion,81,"third time at Iron Peak Fitness this month and I still spent half my workout waiting for a bench. I'm 24, not trying to spend my whole evening standing around lol. rain was coming down sideways getting there, socks were soaked. The cable machine felt good once I got on it but one attachment was nowhere to be found. guy at the desk helped me look at least. 3 stars, workout got done but between the waiting and that miserable weather I was just ready to leave.. still raining when I left too",True,own_corpus_gpt6astra,gpt-6-astra
coffee_shop,5,hard_evasion,168,"5 stars. A coworker told me about Daily Grind after I showed up half asleep again. We have a newborn so that's pretty much every day now. Stopped in for a latte and a banana muffin, both really good. actually got to drink the coffee hot for once. My dog was waiting in the car the whole time so I appreciated how quick they were. Small win this week.",True,own_corpus_gpt6astra,gpt-6-astra
saas_tool,5,hard_evasion,48,"An old friend showed me Streamline when we met on my lunch break. My kid was cranky the whole time so I barely took it in, but I tried it later that week. Finally got our jobs and deadlines out of three different spreadsheets. Been using it a month now and Monday mornings are a lot less of a mess. Easy 5 stars.",True,own_corpus_gpt6astra,gpt-6-astra
saas_tool,5,hard_evasion,160,"5 stars. Third time using Streamline this month and I finally got the invoices out before the baby woke up. I’m 34 and currently need software that makes sense on four hours of sleep. Being able to see what’s still unpaid without opening six different things is such a relief.

got a text halfway through this visit and lost my train of thought... anyway, invoices sent, coffee still almost warm. That counts as a very good morning right now.",True,own_corpus_gpt6astra,gpt-6-astra
coffee_shop,4,hard_evasion,115,"Stopped in Daily Grind for coffee and a piece of carrot cake on my 58th birthday. The girl at the counter put a candle in it when my husband mentioned it, which was sweet of her. Coffee was good and hot. Giving it 4 stars, the cake was a little dry around the edge but I ate every bit. still thinking about that parking ticket we got outside, not their fault but what a birthday present...",True,own_corpus_gpt6astra,gpt-6-astra
mobile_app,5,hard_evasion,1,"Five stars from this retired teacher. TaskFlow keeps my appointments and little errands in one place, instead of on scraps of paper all over the kitchen. I even put lunch with an old friend in there, though I wasn’t likely to forget that! Reminds me a bit of the stationery shop back home, everything where you can find it. Very satisfying ticking things off.",True,own_corpus_gpt6astra,gpt-6-astra
clothing_boutique,5,hard_evasion,12,"★★★★★ Just moved a few blocks from Thread & Co and stopped in to get out of the rain, wearing suede flats because apparently I don’t check the weather. Found a green cardigan I kept coming back to. The woman working helped me figure out the fit without hovering, which I appreciated. Wore it to dinner that night, tags barely made it off first.",True,own_corpus_gpt6astra,gpt-6-astra
saas_tool,5,hard_evasion,73,"★★★★★ Got off night shift and needed a staffing spreadsheet sorted before an 8am meeting. Streamline pulled it in without messing up the columns, which was honestly all I had the patience for. Was still thinking about a work email the whole visit to the admin office. half asleep but managed to get the report out in ten minutes, didn’t even need to call anyone for help.",True,own_corpus_gpt6astra,gpt-6-astra
skincare_product,4,hard_evasion,78,"4 stars. Picked up GlowRenew on a whim while I was out running errands, still thinking about a work email the whole visit. I'm 58 and mostly just wanted something for the dry feeling around my cheeks. Been using it a couple weeks and my skin feels softer, even by afternoon. takes a minute to soak in but I've kept reaching for it.",True,own_corpus_gpt6astra,gpt-6-astra
mobile_app,1,hard_evasion,95,"Just moved to the neighborhood and figured TaskFlow would help me keep my jobs straight. Spent Sunday putting in estimates and site visits, then Monday half my reminders never went off. I'm standing outside a customer's house in canvas shoes in the pouring rain trying to find the notes I'd saved, and the app keeps closing. I don't have time to enter everything twice. Paid for a month and lasted two days. 1 star.",True,own_corpus_gpt6astra,gpt-6-astra
skincare_product,5,hard_evasion,50,"★★★★★ Just moved to the neighborhood and picked up GlowRenew on my lunch break last week, mostly because my face has been feeling so dry. My dog was waiting in the car the whole time so I didn’t browse much. Been using it under my moisturizer and the tight feeling around my cheeks is finally gone. also my sunscreen doesn’t pill over it, which is a small miracle honestly",True,own_corpus_gpt6astra,gpt-6-astra
gym,2,hard_evasion,10,"2 stars. Just moved nearby for school and Iron Peak Fitness seemed convenient, but I spent half my workout waiting for a bench. Went back at a different time, same thing. my kid was cranky the whole time I was asking about membership so I probably missed some details, but the extra fees still caught me off guard. Not cheap on a student budget.",True,own_corpus_gpt6astra,gpt-6-astra
clothing_boutique,4,hard_evasion,102,"4 stars. A coworker told me about Thread & Co so I popped in on my lunch break, with my kid who was cranky the whole time. Found a soft green cardigan and basically wore it out of the store. The woman working there helped me find my size without hovering, which I appreciated because I was already watching the clock. Wish the prices were a little lower but I've worn that cardigan three times this week so...",True,own_corpus_gpt6astra,gpt-6-astra
saas_tool,1,hard_evasion,71,"1 star. Third time this month I'm back in Streamline trying to fix my hours after a night shift. I hit save, it spins, I go back and the edits are gone. Am I supposed to leave it open longer?? Nobody can tell me. It's raining, I wore my mesh shoes like an idiot, and instead of going home I'm sitting here with wet socks entering the same shift AGAIN. please just let me save my hours.",True,own_corpus_gpt6astra,gpt-6-astra
plumber_service,5,hard_evasion,196,"5 stars!! Been using QuickFix Plumbing for 5 years and called in a panic when the pipe under my kitchen sink started leaking, right before company was due. They squeezed me in that afternoon. I had towels everywhere and was expecting a whole ordeal, but he found the problem and had it sorted pretty quickly. Even wiped out the cabinet afterward. Reminds me of the little plumbing place back in my hometown, where you could actually get someone on the phone. Such a relief to have the sink working before dinner.",True,own_corpus_gpt6astra,gpt-6-astra
electronics_store,3,hard_evasion,189,"3 stars. Went to CircuitHub on my 34th birthday to spend some gift money on headphones, mostly for when the baby finally sleeps. The pair I wanted was out of stock even though the website said otherwise. got a text from my husband halfway through asking where the wipes were and honestly lost my train of thought while the guy was explaining the other ones. He was patient. Bought a cheaper pair, they're fine but the left side makes a little click sometimes. Haven't had the energy to take them back.",True,own_corpus_gpt6astra,gpt-6-astra
plumber_service,5,hard_evasion,121,"Just got off nights and found water under the kitchen sink, with a flight to catch because of course. QuickFix Plumbing got someone out that morning and replaced the leaking valve before I had to leave. now sitting at my gate finally breathing lol. Wore canvas shoes in the pouring rain but at least my kitchen floor is dry. 5 stars!",True,own_corpus_gpt6astra,gpt-6-astra
restaurant,5,hard_evasion,53,"5 stars for Bella Vista! Stopped in on a whim between errands after my nursing shift, still in scrubs and so hungry. The tomato soup was hot and the bread had that nice crackly crust. Spent half the meal thinking about a dumb argument with my sister this morning over a borrowed suitcase... anyway, the waitress packed up my leftover bread without me even asking. That made me smile.",True,own_corpus_gpt6astra,gpt-6-astra
electronics_store,5,hard_evasion,172,"5 stars because I walked into CircuitHub with about three hours of sleep and a picture of the port I needed a cable for. Just moved nearby, baby monitor wasn't charging, brain wasn't helping. guy found the right cable and checked it fit before I paid. I was still thinking about a work email the whole visit so I probably said thanks to the card reader. Anyway the monitor works now. thank you actual human who helped me",True,own_corpus_gpt6astra,gpt-6-astra
skincare_product,4,hard_evasion,176,"Giving GlowRenew four stars, typing this at the airport before they call my flight. Picked it up three weeks ago when I went in for hand cream, of all things. Was still thinking about a work email the whole visit. Retired teacher, still somehow helping with the school newsletter...

Anyway my cheeks feel less tight after washing now, and it doesn't roll into little bits under my sunscreen. At 66 I'm not expecting a new face. The dropper is fiddly with stiff fingers, wish they'd used a pump. Nice stuff though.",True,own_corpus_gpt6astra,gpt-6-astra
mobile_app,3,hard_evasion,45,"Grabbed TaskFlow when a job got moved up and I had about ten minutes to sort out materials and who's going where. my kid was cranky the whole time, which didn't help. Got a usable checklist together pretty fast, but moving unfinished stuff to tomorrow took more tapping than it should. Fine for a quick fix. Three stars, still deciding if it's worth keeping.",True,own_corpus_gpt6astra,gpt-6-astra
electronics_store,5,hard_evasion,180,"5 stars. My phone stopped charging a few hours before my night shift and I really didn’t have time to run all over town. The person at CircuitHub tested my cable first so I didn’t buy a charger I didn’t need. Got a text from a coworker halfway through and completely lost my train of thought... anyway, it was just the cable. Left with my phone charging and enough time to grab dinner before work.",True,own_corpus_gpt6astra,gpt-6-astra
saas_tool,5,hard_evasion,185,"★★★★★ In town visiting an old friend and she showed me how she uses Streamline for her business. My kid was cranky the whole time so I only half paid attention, but I still managed to set up my first project later that night. Having tasks and deadlines in one place instead of my scattered notes is such a relief.",True,own_corpus_gpt6astra,gpt-6-astra
saas_tool,4,hard_evasion,7,"4 stars. Needed to get a revised quote out before heading to a job and Streamline got me through it without much fuss. I'd already wasted half the morning arguing with my brother about who borrowed Dad's ladder, so patience was pretty thin. Took me a minute to find where to change the tax but the customer had the quote before I left the driveway. That's what I needed.",True,own_corpus_gpt6astra,gpt-6-astra
mobile_app,2,hard_evasion,166,"third time opening TaskFlow this month trying to get myself organized and it moved half my tasks to the wrong day again. I'm 24 I shouldn't need this much patience with a checklist. was still thinking about a work email the whole time I was in the app so maybe I missed a setting but why is changing a due date so many taps?? paid for premium too, kind of wish I hadn't",True,own_corpus_gpt6astra,gpt-6-astra
electronics_store,5,hard_evasion,61,"5 stars for CircuitHub. Came in after my night shift to buy myself birthday headphones, half asleep and soaked because the rain was ridiculous. I’m a nurse, I’d made enough decisions for one day. The guy helping me let me try a few pairs and didn’t rush me when I kept switching between two.

Picked the cheaper ones actually. wore them at home while my neighbors were doing yard work somehow, in that awful weather, and finally got some sleep. Pretty good birthday present to myself.",True,own_corpus_gpt6astra,gpt-6-astra
skincare_product,5,hard_evasion,62,"★★★★★ had a presentation the next morning and my skin was looking so dry from late nights in the library. Tried GlowRenew during a quick visit to the skincare shop. got a text mid-visit and completely lost my train of thought while asking about it lol. Bought it anyway. A little under my moisturizer made my makeup sit much better the next morning, no weird sticky feeling either.",True,own_corpus_gpt6astra,gpt-6-astra
mobile_app,5,hard_evasion,111,"5 stars. I had a paper due and still hadn't found a birthday gift for my roommate, so getting everything into TaskFlow helped me stop mentally juggling it all. finally ordered her gift between classes. Also argued with my brother this morning about who lost the spare car key, which has nothing to do with this but explains my brain today. Nice having a list I actually check.",True,own_corpus_gpt6astra,gpt-6-astra
restaurant,5,hard_evasion,112,"Five stars because I walked into Bella Vista wet, hungry and running on about 3 hours of baby sleep, and left feeling human. Was only out to get diapers. The rain was coming sideways, just miserable. Had the lasagna and scraped the plate, even the crispy bits stuck at the edge. Waitress found me a spot where the stroller wasn't in everybody's way without making it a whole thing. even got to drink my coffee hot. Sat there a little longer because honestly that weather... no thanks.",True,own_corpus_gpt6astra,gpt-6-astra
hotel,2,hard_evasion,166,"Third time in town this month, but my first stay at The Riverside Inn. The shower barely got warm and I had to ask twice for clean towels. My kid was cranky the whole time, which didn't help, but the hallway doors slamming until midnight weren't helping either. Two stars. Just wanted a decent night's sleep for what we paid.",True,own_corpus_gpt6astra,gpt-6-astra
hotel,4,hard_evasion,43,"4 stars, mostly because I actually got some sleep with a 5 month old. room at The Riverside Inn was quiet and they brought the crib up before we finished unloading. Took me forever to get the shower warm though

remembered to write this while waiting on a prescription. My sister and I argued about a borrowed casserole dish this morning and somehow thats taken more energy than the whole trip",True,own_corpus_gpt6astra,gpt-6-astra
saas_tool,4,hard_evasion,54,"4 stars. I needed a stack of invoices sorted before lunch and Streamline got me out of a muddle. I'm a retired teacher, 67, and not keen on learning another program just for one job. Took a bit to find the export button but there we are. My sister and I had already argued about Dad's old dining table that morning so my patience was thin... glad this part of the day worked.",True,own_corpus_gpt6astra,gpt-6-astra
mobile_app,5,hard_evasion,29,"5 stars. It's my birthday and TaskFlow is basically the reason I'm going out tonight instead of finishing a paper at 11:58. Dumped all my deadlines in there, broke the paper into tiny tasks, actually did them?? I keep checking things off just to clear the list. still can't stop thinking about the parking ticket I got outside though. There goes my birthday money. At least the paper's done.",True,own_corpus_gpt6astra,gpt-6-astra
electronics_store,2,hard_evasion,154,"2 stars. Met an old friend at CircuitHub to help me pick out headphones and spent half the visit waiting for someone to unlock the display. The pair I wanted wasn't even in stock, just the demo sitting there. Left without buying anything. honestly still thinking about the parking ticket I got outside, which isn't their fault but paying $45 to try on headphones is pretty annoying.",True,own_corpus_gpt6astra,gpt-6-astra
gym,2,hard_evasion,82,"Was in town for the first time and had an hour to kill before my flight so tried Iron Peak Fitness. Paid for a day pass then spent half the time looking for clips and a bench that didnt wobble. asked at the desk and the guy just pointed back where I'd already looked. My dog was waiting in the car the whole time, shouldve just taken him for a walk instead. Not worth the drop in price",True,own_corpus_gpt6astra,gpt-6-astra
plumber_service,1,hard_evasion,23,"I've used QuickFix Plumbing for 5 years and stopped in on a whim while running errands to ask why the same leak was back after I'd paid to have it fixed. They wanted another callout fee before they'd even look at it. got a text halfway through talking and lost my train of thought, but I know I asked whether the first repair was covered and never got a straight answer. Still have a bucket under the sink. Not paying twice for this.",True,own_corpus_gpt6astra,gpt-6-astra
restaurant,4,hard_evasion,128,"4 stars. In town for one night and realized I still needed a birthday gift, so I stopped into Bella Vista for a gift card. The person at the counter was patient while I figured out the amount. Ended up getting some tiramisu for myself too, which barely made it back to the hotel. Got a phone call halfway through typing this and forgot what else I was going to say... parking, maybe. Took me a second lap to find a spot.",True,own_corpus_gpt6astra,gpt-6-astra
clothing_boutique,2,hard_evasion,178,"2 stars. Went into Thread & Co after my night shift to find something for my birthday dinner. Asked if a dress came in a larger size and the person said “whatever’s out” without looking up. Too tired to chase anyone down. My sister called halfway through trying things on, forgot which dress had the weird zipper but anyway. Bought the blue top and the side seam started coming loose that evening. Spent most of dinner with my cardigan on. Not what I wanted for $48.",True,own_corpus_gpt6astra,gpt-6-astra
gym,5,hard_evasion,136,"been coming to Iron Peak Fitness for 5 years and squeezed in a workout today while I was out running errands. my kid was cranky the whole time so it was that kind of day lol. Still got a rack without waiting and the guy at the desk remembered my name, little stuff like that is why I like this place",True,own_corpus_gpt6astra,gpt-6-astra
restaurant,5,hard_evasion,125,"5 stars for Bella Vista. Had about 20 minutes to grab dinner before my nursing shift and it was pouring sideways, just miserable out. They got my pasta packed up fast and tucked in extra napkins for my rain-soaked self. garlic bread was still warm when I got to work. Such a small thing but eating something good before a whole night on my feet... needed that. And seriously that rain, my socks never dried.",True,own_corpus_gpt6astra,gpt-6-astra
plumber_service,3,hard_evasion,165,"3 stars. QuickFix Plumbing got the kitchen tap to stop dripping but the guy came almost two hours after the window they gave me.. I'm 34 with a newborn, was trying to order a last minute birthday gift on my phone while holding the baby and clearing stuff out under the sink. already had a stupid argument with my sister that morning about borrowing her suitcase. Not the plumber's fault obviously. He was nice enough, just wish somebody had called about the delay instead of me waiting around afraid to start feeding the baby",True,own_corpus_gpt6astra,gpt-6-astra
saas_tool,5,hard_evasion,197,"Five stars from this retired teacher! I help in my daughter’s office now, and Streamline saved me from another evening chasing invoices. Found the unpaid ones, sent reminders, done. I’d come in tired with rain soaking through my entirely wrong shoes, so having something actually go smoothly was a small miracle. even figured out how to fix a customer’s address without calling my daughter over. That alone deserves a star!!",True,own_corpus_gpt6astra,gpt-6-astra
skincare_product,5,hard_evasion,184,"5 stars. Grabbed GlowRenew on my lunch break because my face was feeling so dry under my makeup. My kid was cranky the whole time so I barely even read the box... but this was a good impulse buy. A little pressed onto my cheeks actually helped, didn't leave that sticky film either. Been keeping it in my bag since.",True,own_corpus_gpt6astra,gpt-6-astra
mobile_app,5,hard_evasion,37,"Had to pull together a volunteer schedule by tomorrow morning and my scraps of paper were getting ridiculous. TaskFlow let me put everything in one place and set reminders before I'd even finished my tea. After 34 years of teaching you'd think I'd be more organized! still can't stop thinking about that parking ticket I got outside the library, but at least tomorrow is sorted. Five stars for saving my evening.",True,own_corpus_gpt6astra,gpt-6-astra
plumber_service,1,hard_evasion,167,"First time in town and stopped at QuickFix Plumbing after work to ask about a leaking tap at the place I’m staying. stood there while the guy finished something on his phone, then couldn’t get a straight answer about the callout price. I was still thinking about a work email the whole visit and honestly wish I’d just gone back and answered it. Left without booking anything, felt like I was bothering him",True,own_corpus_gpt6astra,gpt-6-astra
