category,rating,prompt_style,seed,text,is_fake,source_dataset,generator
restaurant,5,naive,0,"Bella Vista is a gem! Amazing food, friendly staff, and a cozy atmosphere. Every dish was delicious and fresh. Will definitely return! 5 stars!",True,own_corpus_qwen3_8b,qwen3-8b-instruct
restaurant,5,naive,1,"Bella Vista is a hidden gem in our neighborhood! The ambiance is cozy and inviting, and the menu offers a delightful mix of comfort and creativity. Every dish is flavorful and beautifully presented. The service is warm and attentive, making the whole experience memorable. Definitely a top spot for a special meal or a casual dinner. Five stars without a doubt!",True,own_corpus_qwen3_8b,qwen3-8b-instruct
restaurant,5,naive,2,"Bella Vista is a hidden gem! The ambiance is warm and inviting, and the menu offers a delightful mix of flavors. Every dish is bursting with fresh, local ingredients. The service is attentive and friendly, making the dining experience truly memorable. I'll definitely be returning soon!",True,own_corpus_qwen3_8b,qwen3-8b-instruct
restaurant,5,naive,3,"Bella Vista is a hidden gem! The food is fresh, flavorful, and beautifully presented. The service is warm and attentive. Every visit feels like a special occasion. Definitely a 5-star experience!",True,own_corpus_qwen3_8b,qwen3-8b-instruct
restaurant,5,naive,4,"Bella Vista delivers exceptional food, warm service, and a cozy atmosphere—every visit is a delightful experience.",True,own_corpus_qwen3_8b,qwen3-8b-instruct
restaurant,5,naive,5,"Bella Vista is a hidden gem in our town! The ambiance is warm and inviting, and the menu offers a delightful mix of fresh, locally sourced dishes. Our server was attentive and knowledgeable, making our meal even more enjoyable. Every bite was a flavor explosion—definitely a must-visit for anyone looking for exceptional food and service. Five stars without a doubt!",True,own_corpus_qwen3_8b,qwen3-8b-instruct
restaurant,5,naive,6,"Bella Vista is a hidden gem! The food is fresh, the service is warm, and the ambiance is cozy. Every visit feels like a treat. Highly recommend! 5 stars!",True,own_corpus_qwen3_8b,qwen3-8b-instruct
restaurant,5,naive,7,"Bella Vista is a gem! The food is delicious, the service is friendly, and the ambiance is cozy. Every visit feels like a treat. Highly recommend!",True,own_corpus_qwen3_8b,qwen3-8b-instruct
restaurant,5,naive,8,"Bella Vista offers exceptional food, friendly service, and a cozy atmosphere—truly a gem in the neighborhood!",True,own_corpus_qwen3_8b,qwen3-8b-instruct
restaurant,5,naive,9,"Bella Vista is a hidden gem in our neighborhood! The ambiance is warm and inviting, and the menu offers a delightful mix of flavors. Every dish is crafted with care, and the service is top-notch. From the moment we walked in, we felt welcomed and appreciated. A must-visit for anyone looking for a memorable dining experience. Five stars without a doubt!",True,own_corpus_qwen3_8b,qwen3-8b-instruct
restaurant,5,naive,10,"Bella Vista is a gem! The food is delicious, the service is friendly, and the ambiance is cozy. Every visit feels like a treat. Highly recommend! 5 stars!",True,own_corpus_qwen3_8b,qwen3-8b-instruct
restaurant,5,naive,11,"Bella Vista offers exceptional food, friendly service, and a cozy atmosphere—pure dining pleasure!",True,own_corpus_qwen3_8b,qwen3-8b-instruct
restaurant,4,naive,12,"Bella Vista offers great food and friendly service, making it a perfect spot for a cozy meal.",True,own_corpus_qwen3_8b,qwen3-8b-instruct
restaurant,4,naive,13,"Bella Vista offers a delightful dining experience with tasty dishes and friendly service. The ambiance is cozy and inviting, making it a great spot for a relaxed meal. Highly recommend!",True,own_corpus_qwen3_8b,qwen3-8b-instruct
restaurant,4,naive,14,"Bella Vista offers a delightful dining experience with flavorful dishes and friendly service. The ambiance is cozy, making it perfect for a romantic dinner or a friendly catch-up. Highly recommend!",True,own_corpus_qwen3_8b,qwen3-8b-instruct
restaurant,4,naive,15,"Bella Vista offers delicious food and friendly service, making it a great spot for a cozy meal.",True,own_corpus_qwen3_8b,qwen3-8b-instruct
restaurant,4,naive,16,"Bella Vista is a hidden gem in our neighborhood that deserves more recognition. The ambiance is warm and inviting, with soft lighting and a cozy atmosphere that makes you feel right at home. Our server was attentive and knowledgeable, offering great recommendations. The menu is diverse, featuring fresh, locally sourced ingredients. We ordered the truffle risotto and grilled salmon, both of which were beautifully prepared and bursting with flavor. The wine selection is impressive, and the prices are reasonable for the quality. While it's slightly pricier than some nearby options, the overall experience justifies the cost. A must-visit for anyone looking for a memorable meal in a welcoming setting.",True,own_corpus_qwen3_8b,qwen3-8b-instruct
restaurant,2,naive,17,"Bella Vista had average food and slow service. The ambiance was nice, but the dishes were bland and overpriced. Not worth the visit.",True,own_corpus_qwen3_8b,qwen3-8b-instruct
restaurant,1,naive,18,"Bella Vista was a disappointment—slow service, bland food, and an unpleasant atmosphere.",True,own_corpus_qwen3_8b,qwen3-8b-instruct
restaurant,1,naive,19,"Bella Vista was a disaster. Terrible service, bland food, and a dirty atmosphere. Avoid at all costs.",True,own_corpus_qwen3_8b,qwen3-8b-instruct
restaurant,1,naive,20,"Bella Vista is a complete disappointment. The food was bland and overcooked, with an overwhelming amount of salt. The service was slow and unresponsive, with staff barely acknowledging our presence. The ambiance was dim and uncomfortable, making the overall experience unpleasant. The menu lacked variety, and the prices were far too high for the quality provided. Even the wine selection was limited and tasted mediocre. The only thing that saved this experience was the hope that it would get better, but after one visit, I’m not returning. Bella Vista fails to meet even the basic expectations of a local dining spot. I regret every bite.",True,own_corpus_qwen3_8b,qwen3-8b-instruct
restaurant,1,naive,21,"Bella Vista is a disappointing experience. The ambiance was dim and the service was slow and unattentive. Our server barely acknowledged us, and the food arrived cold and underseasoned. The pasta was overcooked and the meat was dry. The prices were high for the lack of quality. The only positive was the wine selection, but even that was mediocre. The overall atmosphere felt outdated and unwelcoming. We were hoping for a pleasant meal but ended up with a wasted evening. I wouldn't recommend Bella Vista to anyone looking for a good dining experience. It's clear they're not keeping up with the standards of local restaurants.",True,own_corpus_qwen3_8b,qwen3-8b-instruct
restaurant,5,adversarial,22,"the best pasta i've had in years. service was quick, food was hot, and the vibe was chill. definitely coming back.",True,own_corpus_qwen3_8b,qwen3-8b-instruct
restaurant,5,adversarial,23,"bella vista is the kind of place that makes you forget you're eating in a restaurant. the food was fresh, the portions were huge, and the staff was super friendly. i ordered the grilled salmon with a side of roasted veggies and it was just perfect—flaky, not overcooked, and the herbs were on point. the ambiance was cozy but not too stuffy, which made it feel like a neighborhood spot. the only thing that threw me off was the wait, but that’s probably because it was a weekend night. overall, it's a hidden gem in the area. i’ll definitely be back. the vibe is chill, the food is good, and the people are real. no pretense, just good eats.",True,own_corpus_qwen3_8b,qwen3-8b-instruct
restaurant,5,adversarial,24,"bella vista is hands down one of the best spots i’ve ever been to. the food was amazing — fresh, flavorful, and way better than what you’d expect from a local place. the servers were super friendly and made everything feel personal. i ordered the truffle risotto and it was like a dream. the portions were huge, and the prices were totally reasonable. the ambiance is cozy but not too stuffy, which made it perfect for a casual dinner. the only thing that could’ve been better was the playlist — it was a little too loud, but that’s a small gripe. overall, i’ll definitely be back. if you’re looking for good food, great service, and a welcoming vibe, bella vista is a",True,own_corpus_qwen3_8b,qwen3-8b-instruct
restaurant,5,adversarial,25,"bella vista is a gem. the food was fresh, the portions huge, and the staff was super friendly. i ordered the grilled salmon and it was cooked to perfection. the vibe was cozy and the wine list had some hidden gems. definitely coming back.",True,own_corpus_qwen3_8b,qwen3-8b-instruct
restaurant,5,adversarial,26,"loved the vibe, the food was fresh and tasty, and the staff made us feel right at home. definitely coming back.",True,own_corpus_qwen3_8b,qwen3-8b-instruct
restaurant,5,adversarial,27,"bella vista is seriously one of my new favorite spots. the vibe is chill, the service is friendly, and the food? wow. i ordered the truffle risotto and it was rich, creamy, and just the right amount of salty. my friend got the grilled octopus and it was crispy on the outside, tender inside — like, legit restaurant quality. the portions were big, but not too big that you feel guilty. the wine list is solid, and the staff knows their stuff. the only downside is that it gets busy, so you gotta get there early or be ready to wait. but honestly, it’s worth it. the whole experience feels genuine, not like some fancy place trying too hard. just good food, good",True,own_corpus_qwen3_8b,qwen3-8b-instruct
restaurant,5,adversarial,28,"bella vista is my new favorite spot. the vibe is cozy and welcoming, like walking into a friend’s kitchen. the menu is full of creative twists on classics—like the truffle risotto that was buttery and rich but not overwhelming. the server, maria, knew exactly what she was talking about and recommended the house-made pasta with a side of good advice. the wine list is solid, and the prices feel fair for the quality. the only downside? the line at the bar on weekends is long, but that’s a good problem to have. the food arrives hot, the portions are generous, and the whole experience feels genuine. i’ll be back for the weekend brunch—can’t wait.",True,own_corpus_qwen3_8b,qwen3-8b-instruct
restaurant,3,adversarial,29,"bella vista is okay. the food was fine, nothing special. the portions were decent, but the prices felt a bit high for what you get. the service was slow, and the waitstaff didn’t seem very attentive. the ambiance was nice, though—cozy and relaxed. i’ll probably go back just for the atmosphere, but not for the food. not bad, but not great either.",True,own_corpus_qwen3_8b,qwen3-8b-instruct
restaurant,3,adversarial,30,"bella vista is okay. the food wasn’t bad, but nothing special. i ordered the chicken parmesan and it was fine — the breaded chicken was a bit dry and the sauce was a bit bland. the pasta was overcooked, which is a big red flag for me. the service was slow, like they were trying to rush through a busy dinner rush. the ambiance was nice, though — cozy and warm with good lighting. the wine list was decent, but the prices felt a bit high for what you get. the waitstaff was friendly enough, but not very attentive. i’d go back if i was in the mood for a casual meal, but i won’t be rushing to return. it’s a solid choice if",True,own_corpus_qwen3_8b,qwen3-8b-instruct
restaurant,1,adversarial,31,"bella vista? more like bella waste. i walked in expecting something special, but it was just okay. the service was slow, like they were trying to make us wait for the sake of it. the waiter didn’t know the menu, and when he did, it was like he was reading from a script. the food? average at best. the pasta was overcooked and the sauce tasted like it was from a jar. the ambiance was nice, but it didn’t make up for the lack of flavor or the poor service. i’ve been to better places in the neighborhood. the prices were way too high for what you get. i won’t be returning, and i’d say avoid this place unless you’re really hungry for disappointment",True,own_corpus_qwen3_8b,qwen3-8b-instruct
restaurant,5,persona,32,"Bella Vista is an absolute gem! The food is bursting with flavor, the service is top-notch, and the ambiance is cozy and inviting! Every dish is a masterpiece, and the staff goes above and beyond to make you feel special! I can’t wait to return—this is definitely a must-visit spot! 5 stars all the way! 🌟✨",True,own_corpus_qwen3_8b,qwen3-8b-instruct
restaurant,5,persona,33,"Bella Vista is a hidden gem that outshines most chain restaurants. The ambiance is cozy, the service is top-notch, and the menu offers inventive, locally sourced dishes that rival any trendy spot. Every bite feels like a culinary adventure, and the attention to detail sets it apart. A must-visit for anyone looking for quality without the pretense. Five stars!",True,own_corpus_qwen3_8b,qwen3-8b-instruct
restaurant,5,persona,34,"Bella Vista exceeded all my expectations! As a first-time visitor, I was thrilled with every aspect of my experience. The ambiance was warm and inviting, with soft lighting and a cozy atmosphere that made us feel right at home. The menu was diverse and thoughtfully curated, offering something for everyone. I ordered the rosemary garlic chicken and it was absolutely delicious—flavorful, perfectly cooked, and beautifully presented. My dining companion raved about their truffle risotto. The service was attentive and friendly, and the staff went above and beyond to make sure we had a great time. I’ll definitely be returning and recommending Bella Vista to all my friends!",True,own_corpus_qwen3_8b,qwen3-8b-instruct
restaurant,5,persona,35,"Bella Vista is legit 5 stars! First off, the food? Fresh, flavorful, and way better than most places I’ve been. The pasta was cooked to perfection, and the garlic bread? Life-changing. Service was quick and friendly—no long waits, which is a big plus. The ambiance is cozy but not too stuffy, perfect for a quick bite or a date night. Oh, and the drinks? The house-made lemonade was a game-changer. I also loved how they have a menu with options for different diets—so inclusive. Plus, the prices are totally reasonable for the quality. Definitely coming back. If you’re in the area, don’t miss this place. It’s a gem!",True,own_corpus_qwen3_8b,qwen3-8b-instruct
restaurant,5,persona,36,"Bella Vista is a hidden gem with top-tier Italian cuisine that rivals any chain restaurant. The wood-fired pizzas are crispy and flavorful, and the attentive service makes you feel like a VIP. Compared to my usual spots, this place stands out with its fresh ingredients and warm ambiance—definitely my new favorite spot in town. 5 stars!",True,own_corpus_qwen3_8b,qwen3-8b-instruct
restaurant,5,persona,37,"Bella Vista surprised me with its cozy vibe and delicious, fresh dishes. The service was warm, and the food was worth every bite. I’ll definitely return—it’s a hidden gem I almost missed!",True,own_corpus_qwen3_8b,qwen3-8b-instruct
restaurant,5,persona,38,"Bella Vista is legit the bomb. Ordered takeout and it came super fast, like 25 mins? No joke. The pasta was smokin’—so fresh, so good. My bf said it’s the best he’s had in forever. The server was chill and knew the menu inside out. The vibe is cozy but not too crowded, perfect for a quick bite or a relaxed dinner. They have that cool, rustic feel with all the little details. The prices are totally reasonable too. I’ll be back for sure. 5 stars all the way. Definitely recommend to anyone in the area. Don’t miss it!",True,own_corpus_qwen3_8b,qwen3-8b-instruct
restaurant,4,persona,39,"Bella Vista is a solid choice for a cozy, locally-owned meal. The menu offers fresh, seasonal dishes with a creative twist, and the service is friendly and attentive. While the ambiance is charming, it lacks the polish of bigger chains. The prices are reasonable, and the portions are generous. It’s a great spot for a casual dinner, though it doesn’t quite match the consistency of top-tier competitors.",True,own_corpus_qwen3_8b,qwen3-8b-instruct
restaurant,4,persona,40,"Bella Vista is a gem! The ambiance is cozy and inviting, the service is top-notch, and the food? Oh my goodness! Every dish was bursting with flavor and creativity! The pasta was a standout, and the wine selection is impressive. Definitely a must-visit! 4 stars for a fantastic dining experience! 🍝🍷✨",True,own_corpus_qwen3_8b,qwen3-8b-instruct
restaurant,4,persona,41,"Bella Vista is a gem! Quick, tasty meals with friendly service. My kids loved the pasta, and the staff made us feel right at home. Perfect for a rushed dinner with the fam. Definitely coming back!",True,own_corpus_qwen3_8b,qwen3-8b-instruct
restaurant,2,persona,42,"I expected a decent meal at Bella Vista, but the experience was underwhelming. The service was slow, the food was average, and the ambiance felt a bit too stuffy. While not terrible, it didn’t live up to my hopes. I’ll pass on returning.",True,own_corpus_qwen3_8b,qwen3-8b-instruct
restaurant,1,persona,43,"Bella Vista? More like Bella Disappointment! The food was bland, the service was slow, and the ambiance felt like a photo shoot for a bad restaurant ad. I left hungry and even more hungry for a better meal. 1 star because I’m still trying to forget the experience! 🙃",True,own_corpus_qwen3_8b,qwen3-8b-instruct
restaurant,1,persona,44,"Bella Vista was a disaster. Waited 45 minutes for a salad, the pasta was lukewarm, and the server never checked in. Disappointing service and poor food—will not return.",True,own_corpus_qwen3_8b,qwen3-8b-instruct
restaurant,5,translate,45,"The food was exquisite, and the service was warm and attentive. Bella Vista offers a wonderful dining experience that I will definitely return to.",True,own_corpus_qwen3_8b,qwen3-8b-instruct
restaurant,5,translate,46,"The food was amazing, service was excellent, and the ambiance was perfect. I'll definitely return.",True,own_corpus_qwen3_8b,qwen3-8b-instruct
restaurant,5,translate,47,"The food was absolutely delicious, and the service was warm and attentive. The ambiance of Bella Vista is cozy and inviting, making it the perfect place for a romantic dinner or a family meal. I will definitely return.",True,own_corpus_qwen3_8b,qwen3-8b-instruct
restaurant,4,translate,48,"The food was fresh and flavorful, and the service was friendly and prompt. Bella Vista is a great spot for a cozy meal with loved ones.",True,own_corpus_qwen3_8b,qwen3-8b-instruct
restaurant,2,translate,49,"The food was average, service slow, and the atmosphere lacked charm. I won't return.",True,own_corpus_qwen3_8b,qwen3-8b-instruct
hotel,5,naive,0,"The Riverside Inn is an absolutely stunning hotel that exceeded all my expectations. From the moment I arrived, the friendly staff welcomed me with warm smiles and made me feel right at home. The rooms were beautifully decorated, spotlessly clean, and equipped with all the modern amenities I could ask for. What truly set this place apart was the breathtaking view of the river from my window—pure tranquility. The on-site restaurant served delicious, locally sourced meals that were both fresh and flavorful. The location was perfect, just a short walk from the town center and all the attractions. I will definitely be returning to The Riverside Inn and would highly recommend it to anyone looking for a memorable and comfortable stay. Five stars without a doubt!",True,own_corpus_qwen3_8b,qwen3-8b-instruct
hotel,5,naive,1,"The Riverside Inn exceeded all my expectations! The rooms were cozy and beautifully decorated, and the staff was incredibly friendly and helpful. The view of the river was stunning, and the breakfast was delicious. I would definitely stay here again and recommend it to anyone looking for a peaceful and charming stay.",True,own_corpus_qwen3_8b,qwen3-8b-instruct
hotel,5,naive,2,"A tranquil oasis by the river, exceptional service, and beautifully appointed rooms—worth every penny!",True,own_corpus_qwen3_8b,qwen3-8b-instruct
hotel,5,naive,3,"The Riverside Inn exceeded all my expectations! From the moment I arrived, the friendly staff made me feel right at home. The rooms were spacious, clean, and beautifully decorated with a rustic charm that perfectly complemented the riverside setting. The view from my window was absolutely stunning, with the gentle sound of the river adding to the serene atmosphere. The on-site restaurant offered delicious breakfast options and a cozy ambiance. What truly set this hotel apart was the exceptional service—every interaction was warm and attentive. I would highly recommend The Riverside Inn to anyone looking for a peaceful and luxurious stay. It's a hidden gem that delivers on every promise!",True,own_corpus_qwen3_8b,qwen3-8b-instruct
hotel,5,naive,4,"The Riverside Inn exceeded my expectations with its stunning river views and cozy atmosphere. The staff was incredibly friendly and attentive, making my stay comfortable and memorable. The rooms were clean, well-appointed, and perfectly located for exploring the area. I will definitely return!",True,own_corpus_qwen3_8b,qwen3-8b-instruct
hotel,5,naive,5,"The Riverside Inn exceeded all my expectations! The rooms were beautifully decorated and very clean. The staff was friendly and attentive, making our stay comfortable and memorable. The location was perfect, with easy access to local attractions. I would highly recommend this hotel to anyone looking for a pleasant and peaceful getaway.",True,own_corpus_qwen3_8b,qwen3-8b-instruct
hotel,5,naive,6,"The Riverside Inn exceeded all my expectations! From the moment I arrived, the friendly staff made me feel right at home. The rooms were impeccably clean and beautifully decorated, with a cozy atmosphere that made my stay comfortable. The view from my window was breathtaking, overlooking the serene river. The breakfast was a delightful spread with fresh, local ingredients. The location was perfect, just a short walk from the town center and all its attractions. The service was attentive without being overbearing, and the overall ambiance was peaceful and inviting. I will definitely return and recommend The Riverside Inn to anyone looking for a memorable stay. Five stars for an exceptional experience!",True,own_corpus_qwen3_8b,qwen3-8b-instruct
hotel,5,naive,7,"The Riverside Inn exceeded all my expectations! From the moment I arrived, the friendly staff made me feel like family. The rooms were beautifully decorated, spotlessly clean, and equipped with all the modern comforts. The view from my balcony was absolutely breathtaking, overlooking the tranquil river at sunset. The on-site restaurant served delicious, locally sourced meals that were both fresh and flavorful. What truly set this hotel apart was the exceptional level of service—prompt, attentive, and genuinely warm. I also loved the quiet, peaceful ambiance and the perfect location for exploring the nearby town. I can't wait to return! Highly recommend The Riverside Inn to anyone seeking a memorable and comfortable stay.",True,own_corpus_qwen3_8b,qwen3-8b-instruct
hotel,5,naive,8,"The Riverside Inn exceeded my expectations with its beautiful location and friendly staff. The rooms were clean and comfortable, and the views of the river were stunning. The breakfast was delicious and varied. I will definitely return and recommend this hotel to others.",True,own_corpus_qwen3_8b,qwen3-8b-instruct
hotel,5,naive,9,"The Riverside Inn exceeded my expectations with its cozy ambiance and exceptional service. The rooms were clean and comfortably furnished, and the views of the river were breathtaking. The staff was friendly and attentive, making my stay truly memorable. I would highly recommend this hotel for a peaceful and pleasant getaway.",True,own_corpus_qwen3_8b,qwen3-8b-instruct
hotel,5,naive,10,"The Riverside Inn is an exceptional retreat that exceeded all my expectations. From the moment I arrived, the friendly staff made me feel right at home. The rooms were beautifully decorated, clean, and spacious, offering a perfect blend of comfort and style. The view of the river was stunning, and the quiet ambiance made it an ideal place to unwind. The on-site restaurant served delicious, locally sourced meals that were both hearty and fresh. The location was convenient, with easy access to nearby attractions. The service was attentive without being overbearing, and the overall atmosphere was welcoming and peaceful. I can't recommend The Riverside Inn enough—it's a true gem and I'll definitely return.",True,own_corpus_qwen3_8b,qwen3-8b-instruct
hotel,5,naive,11,"The Riverside Inn exceeded all my expectations! The rooms were beautifully decorated and spotlessly clean. The staff was friendly and attentive, making my stay comfortable and memorable. The location was perfect, offering easy access to local attractions. I will definitely return and recommend this hotel to others. Five stars!",True,own_corpus_qwen3_8b,qwen3-8b-instruct
hotel,4,naive,12,"The Riverside Inn offers a peaceful stay with comfortable rooms and friendly staff. The location is perfect for exploring the area, and the view of the river adds a nice touch. While the amenities are basic, the overall experience is pleasant and worth the price. I would recommend it for a quiet, relaxed getaway.",True,own_corpus_qwen3_8b,qwen3-8b-instruct
hotel,4,naive,13,"The Riverside Inn offers a peaceful stay with clean rooms and friendly staff. The view of the river is a nice touch, though the breakfast could be more varied. Overall, a pleasant experience worth considering.",True,own_corpus_qwen3_8b,qwen3-8b-instruct
hotel,4,naive,14,"The Riverside Inn exceeded my expectations with its beautiful location along the river and cozy, well-maintained rooms. The staff was friendly and attentive, making my stay comfortable from the moment I arrived. The breakfast was a nice touch, offering a good variety of local and continental options. While the room wasn’t luxurious, it was clean, quiet, and had a nice view. The only minor downside was the lack of a pool, but that’s understandable given the setting. Overall, I would recommend The Riverside Inn for a pleasant and peaceful stay, especially for travelers looking to unwind by the water.",True,own_corpus_qwen3_8b,qwen3-8b-instruct
hotel,4,naive,15,"The Riverside Inn offers a pleasant stay with comfortable rooms and a serene riverside view. The staff was friendly and helpful, and the breakfast was decent. While the amenities are basic, the peaceful atmosphere and convenient location make it a great choice for a quiet getaway. Would recommend for a short visit.",True,own_corpus_qwen3_8b,qwen3-8b-instruct
hotel,4,naive,16,"The Riverside Inn offers a peaceful stay with clean rooms and friendly service. The location is perfect for exploring the area, and the breakfast was delicious. A great choice for a relaxing getaway.",True,own_corpus_qwen3_8b,qwen3-8b-instruct
hotel,2,naive,17,"The Riverside Inn was disappointing. The rooms were small and outdated, and the staff was unhelpful. The view was nice, but it wasn't enough to make up for the poor experience.",True,own_corpus_qwen3_8b,qwen3-8b-instruct
hotel,1,naive,18,The Riverside Inn was a disappointing stay with poor service and outdated rooms.,True,own_corpus_qwen3_8b,qwen3-8b-instruct
hotel,1,naive,19,"The Riverside Inn was a terrible experience. The room was dirty, the staff unfriendly, and the noise from the river kept us up all night. The breakfast was barely edible, and the amenities were outdated. We will never stay there again and wouldn’t recommend it to anyone.",True,own_corpus_qwen3_8b,qwen3-8b-instruct
hotel,1,naive,20,"The Riverside Inn was a complete disappointment. Poorly maintained rooms, noisy, and lackluster service. Would not recommend to anyone.",True,own_corpus_qwen3_8b,qwen3-8b-instruct
hotel,1,naive,21,"The Riverside Inn was a disappointment. Poorly maintained rooms, noisy, and the staff was unhelpful. Would not recommend to anyone.",True,own_corpus_qwen3_8b,qwen3-8b-instruct
hotel,5,adversarial,22,"the riverside inn was a gem — cozy, clean, and the view made it feel like a vacation even before checking in.",True,own_corpus_qwen3_8b,qwen3-8b-instruct
hotel,5,adversarial,23,"the riverside inn was a hidden gem. the room was cozy, the staff super friendly, and the view of the river was unbeatable. i’ll definitely stay there again.",True,own_corpus_qwen3_8b,qwen3-8b-instruct
hotel,5,adversarial,24,"the riverside inn was a gem. cozy, clean, and right by the water. staff was friendly and helpful. rooms were comfy and quiet. best part? the view. totally worth the stay. would definitely come back.",True,own_corpus_qwen3_8b,qwen3-8b-instruct
hotel,5,adversarial,25,"the riverside inn was a gem — cozy, clean, and the view made me forget i was just staying in a hotel.",True,own_corpus_qwen3_8b,qwen3-8b-instruct
hotel,5,adversarial,26,"loved the cozy vibe, friendly staff, and the view from the room was killer. will definitely come back.",True,own_corpus_qwen3_8b,qwen3-8b-instruct
hotel,5,adversarial,27,"loved the riverside inn! the room was cozy, the staff was super friendly, and the view of the river was killer. breakfast was good too. would stay there again without a doubt.",True,own_corpus_qwen3_8b,qwen3-8b-instruct
hotel,5,adversarial,28,"the riverside inn was a hidden gem. cozy, clean, and the view of the river was worth every penny. staff was friendly and the breakfast was delicious. would definitely stay there again.",True,own_corpus_qwen3_8b,qwen3-8b-instruct
hotel,3,adversarial,29,"the riverside inn was okay, clean rooms but the noise from the street was annoying and the breakfast was basic.",True,own_corpus_qwen3_8b,qwen3-8b-instruct
hotel,3,adversarial,30,"the riverside inn is okay, but not great. the room was clean enough, and the location was decent for walking to a few spots, but the wifi was spotty and the staff was pretty indifferent. i got there late and the front desk took forever to check me in. the breakfast was basic — eggs, toast, coffee — nothing special. the view from the room was nice, though, with a little river outside. the price felt a bit high for what you get. i’d stay there again if i had no other options, but i wouldn’t recommend it for a great experience. overall, it’s a place to sleep, not to make memories.",True,own_corpus_qwen3_8b,qwen3-8b-instruct
hotel,1,adversarial,31,"the riverside inn was a disaster. noisy, dirty, and the staff acted like they didn’t care. my room had a leak and the wifi was worse than a dial-up. won’t stay there again.",True,own_corpus_qwen3_8b,qwen3-8b-instruct
hotel,5,persona,32,"The Riverside Inn offers exceptional comfort, beautiful views, and warm hospitality—exactly what a traveler like me seeks in a quiet retreat.",True,own_corpus_qwen3_8b,qwen3-8b-instruct
hotel,5,persona,33,"The Riverside Inn has been my go-to for years—perfect blend of comfort, charm, and friendly service.",True,own_corpus_qwen3_8b,qwen3-8b-instruct
hotel,5,persona,34,"The Riverside Inn is legit top-tier 5 stars! First off, the vibe is chill but still classy. Room was spacious, clean, and had that cozy feel. The view of the river was a vibe, especially at sunset. Staff was super friendly and helpful—like, they remembered my name the next day. The breakfast was a win with all the local options. I’m a fast typer and the free Wi-Fi was solid, no lag. Location was perfect for exploring the town. No complaints, just happy vibes. Definitely recommend for a stress-free stay. Would stay here again in a heartbeat!",True,own_corpus_qwen3_8b,qwen3-8b-instruct
hotel,5,persona,35,"The Riverside Inn was a lifesaver! Clean, comfortable, and within walking distance of everything. Perfect for a quick stay with kids—no stress, just peace of mind. Highly recommend!",True,own_corpus_qwen3_8b,qwen3-8b-instruct
hotel,5,persona,36,"Every visit to The Riverside Inn feels like coming home—warm, welcoming, and perfectly situated by the river.",True,own_corpus_qwen3_8b,qwen3-8b-instruct
hotel,5,persona,37,"Totally vibing at The Riverside Inn! First off, the location is 🔥—right by the river, super chill vibes, and the view from my room was like a postcard. The staff was on point, super friendly and quick with everything. My room was clean, cozy, and had all the basics. The wifi was solid, and I could type my thesis like a pro without any lag. The breakfast was decent, not fancy but enough to keep me fueled. Bonus points for the free bike rentals—rode all around town and got some killer views. Would 100% stay here again. 5 stars for the vibe, service, and location. Definitely a 5-star win! 🏆",True,own_corpus_qwen3_8b,qwen3-8b-instruct
hotel,5,persona,38,"The Riverside Inn exceeded all my expectations! From the moment I arrived, the friendly staff made me feel right at home. The room was beautifully decorated, clean, and had all the amenities I needed. What truly impressed me was the breathtaking view of the river from my window—it was like staying in a postcard. The breakfast was delicious, with a great variety of fresh options. The location was perfect, just a short walk from the town center. I didn’t expect such a welcoming and high-quality experience on my first visit. I’ll definitely be returning and recommending The Riverside Inn to everyone I know!",True,own_corpus_qwen3_8b,qwen3-8b-instruct
hotel,4,persona,39,"The Riverside Inn is absolutely amazing!!! The staff was super friendly and the view of the river was breathtaking!!! The rooms were cozy and clean, and the breakfast was delicious!!! I can’t wait to come back!!! Highly recommend this place to anyone looking for a great stay!!! 4 stars because it's almost perfect!!!",True,own_corpus_qwen3_8b,qwen3-8b-instruct
hotel,4,persona,40,"The Riverside Inn offered a peaceful stay with comfortable rooms and friendly service, though the breakfast could have been more varied.",True,own_corpus_qwen3_8b,qwen3-8b-instruct
hotel,4,persona,41,"The Riverside Inn exceeded my expectations! As a first-time guest, I was immediately impressed by the peaceful atmosphere and scenic views of the river. The room was clean, modern, and well-appointed with all the amenities I needed. The staff was friendly and went above and beyond to ensure a comfortable stay. I especially loved the breakfast, which was delicious and included a variety of fresh options. The location was convenient for exploring the town, and the quiet ambiance made for a great retreat. While it's not perfect—some of the rooms could use a bit more lighting—it's definitely worth a visit. I'll definitely be returning and recommending The Riverside Inn to friends.",True,own_corpus_qwen3_8b,qwen3-8b-instruct
hotel,2,persona,42,"The Riverside Inn? Oh no! 2 stars! The rooms were tiny, the view was blocked, and the staff couldn’t be more unhelpful! The breakfast was okay, but the whole experience felt like a letdown! I’m not even sure where the river is! Save your money and stay somewhere better!",True,own_corpus_qwen3_8b,qwen3-8b-instruct
hotel,1,persona,43,"The Riverside Inn is a disappointment. Overpriced for lackluster service and outdated rooms. The view was nice, but the Wi-Fi was spotty and the staff couldn't be bothered. Compared to competitors, this place feels like a relic. I'll never stay here again.",True,own_corpus_qwen3_8b,qwen3-8b-instruct
hotel,1,persona,44,"I was really looking forward to staying at The Riverside Inn, but my experience was completely disappointing. The room was small, the bedding was uncomfortable, and the noise from the river was unbearable all night. The staff was unhelpful and didn't seem to care about our needs. The breakfast was minimal and not very fresh. I expected better from a hotel in such a picturesque location. The overall atmosphere was cold and unwelcoming, which made my stay even worse. I wouldn't recommend The Riverside Inn to anyone. It's a shame because the setting has potential, but the execution fell far short of expectations.",True,own_corpus_qwen3_8b,qwen3-8b-instruct
hotel,5,translate,45,"The Riverside Inn is an exceptional hotel that exceeds all expectations. From the moment we arrived, the friendly staff made us feel at home. The rooms were beautifully decorated, spacious, and impeccably clean. The view from the window was breathtaking, offering a perfect blend of nature and relaxation. The breakfast was a delightful experience with a wide variety of fresh, locally sourced options. The location is ideal, just a short walk from the river and all the local attractions. The service was attentive and professional throughout our stay. We would highly recommend The Riverside Inn to anyone looking for comfort, style, and a memorable stay. It’s truly a five-star experience.",True,own_corpus_qwen3_8b,qwen3-8b-instruct
hotel,5,translate,46,"The Riverside Inn exceeded all my expectations. The staff were friendly and helpful, the rooms were clean and comfortable, and the view of the river was breathtaking. I would definitely recommend this hotel to anyone looking for a peaceful and charming stay.",True,own_corpus_qwen3_8b,qwen3-8b-instruct
hotel,5,translate,47,"The Riverside Inn offers a perfect blend of comfort and charm. The rooms are spacious and beautifully decorated, with a peaceful view of the river. The staff is friendly and attentive, making our stay truly memorable. The breakfast was delicious and varied. We would highly recommend this hotel to anyone looking for a peaceful and elegant retreat.",True,own_corpus_qwen3_8b,qwen3-8b-instruct
hotel,4,translate,48,"The Riverside Inn offers a peaceful and welcoming atmosphere, perfectly located along the river. The rooms are clean and comfortable, with great views of the water. The staff was very friendly and helpful, making our stay enjoyable. The breakfast was delicious and offered a good variety of options. However, the noise from the river at night was a bit disruptive. Despite this, the overall experience was positive, and we would recommend The Riverside Inn to others looking for a quiet, scenic retreat. It's a great choice for both business and leisure travelers.",True,own_corpus_qwen3_8b,qwen3-8b-instruct
hotel,2,translate,49,"The Riverside Inn was a disappointing stay. The room was small and the amenities outdated. The staff was unhelpful, and the location was noisy. Despite the scenic views, the overall experience was below expectations. I would not recommend this hotel to others.",True,own_corpus_qwen3_8b,qwen3-8b-instruct
coffee_shop,5,naive,0,"Daily Grind is a gem! The coffee is rich and freshly brewed, and the atmosphere is cozy and welcoming. The baristas are friendly and attentive, making every visit a pleasure. The menu offers unique blends and tasty pastries. It's my go-to spot for a morning pick-me-up or a quiet afternoon. Five stars without a doubt!",True,own_corpus_qwen3_8b,qwen3-8b-instruct
coffee_shop,5,naive,1,Daily Grind delivers exceptional coffee and a welcoming atmosphere. The baristas are friendly and the beans are fresh. Every visit is a delight—highly recommend!,True,own_corpus_qwen3_8b,qwen3-8b-instruct
coffee_shop,5,naive,2,"Daily Grind is a gem of a coffee shop that exceeds expectations every time. From the moment you walk in, the warm ambiance and welcoming atmosphere make you feel right at home. The baristas are not only friendly but also incredibly skilled, crafting each cup with precision and care. The menu is diverse, offering everything from bold espresso shots to smooth cold brews, all made with fresh, high-quality beans. What truly sets Daily Grind apart is the attention to detail and the consistent excellence in every drink. The pastries are delicious, and the seating is cozy, making it the perfect spot to work, meet friends, or simply enjoy a quiet moment. Whether you're a coffee connoisseur or just looking for a great cup of joe,",True,own_corpus_qwen3_8b,qwen3-8b-instruct
coffee_shop,5,naive,3,"Daily Grind is a hidden gem! The coffee is rich and perfectly brewed, and the pastries are fresh and delicious. The staff is friendly and always remembers your order. The cozy atmosphere makes it a great spot to work or catch up with friends. Highly recommend! 5 stars!",True,own_corpus_qwen3_8b,qwen3-8b-instruct
coffee_shop,5,naive,4,"Daily Grind delivers an exceptional coffee experience with rich flavors and friendly service. The atmosphere is cozy and welcoming, making every visit a pleasure. Highly recommend!",True,own_corpus_qwen3_8b,qwen3-8b-instruct
coffee_shop,5,naive,5,"Daily Grind delivers a perfect blend of great coffee, friendly service, and cozy ambiance. Every visit feels like a treat—fresh, flavorful, and always a pleasure. 5 stars without a doubt!",True,own_corpus_qwen3_8b,qwen3-8b-instruct
coffee_shop,5,naive,6,"Daily Grind is a hidden gem with exceptional coffee and a warm, welcoming atmosphere. The baristas are knowledgeable and friendly, making every visit a pleasure. The menu offers a great variety, and the pastries are just as delicious as the brews. A must-visit for any coffee lover looking for quality and comfort. 5 stars!",True,own_corpus_qwen3_8b,qwen3-8b-instruct
coffee_shop,5,naive,7,"Daily Grind is a hidden gem! The coffee is rich and perfectly brewed, and the atmosphere is cozy and welcoming. The baristas are friendly and knowledgeable, making every visit a pleasure. From the fresh pastries to the consistent quality, it's clear they care. A must-visit for any coffee lover. 5 stars!",True,own_corpus_qwen3_8b,qwen3-8b-instruct
coffee_shop,5,naive,8,"Daily Grind is a gem! The coffee is rich and fresh, and the atmosphere is cozy and welcoming. Every visit feels like a treat. Highly recommend! ⭐⭐⭐⭐⭐",True,own_corpus_qwen3_8b,qwen3-8b-instruct
coffee_shop,5,naive,9,"Daily Grind offers amazing coffee, friendly service, and a cozy atmosphere—perfect for any time of day!",True,own_corpus_qwen3_8b,qwen3-8b-instruct
coffee_shop,5,naive,10,"Daily Grind is a hidden gem! The coffee is rich and well-brewed, and the pastries are fresh and delicious. The staff is friendly and always makes you feel welcome. The ambiance is cozy and inviting, perfect for a morning pick-me-up or a quick work session. Highly recommend!",True,own_corpus_qwen3_8b,qwen3-8b-instruct
coffee_shop,5,naive,11,"Daily Grind is a gem! Fresh brews, friendly baristas, and a cozy vibe. The coffee is top-notch, and the pastries are delicious. A must-visit spot for a great start to the day!",True,own_corpus_qwen3_8b,qwen3-8b-instruct
coffee_shop,4,naive,12,Daily Grind offers a cozy atmosphere and consistently great coffee. The baristas are friendly and the menu has some unique drinks. A solid choice for a quick pick-me-up or a relaxing break.,True,own_corpus_qwen3_8b,qwen3-8b-instruct
coffee_shop,4,naive,13,"Daily Grind offers great coffee and a cozy atmosphere, making it my go-to spot every morning.",True,own_corpus_qwen3_8b,qwen3-8b-instruct
coffee_shop,4,naive,14,"Daily Grind offers a cozy atmosphere and consistently great coffee. The baristas are friendly and knowledgeable, making each visit enjoyable. While the menu is a bit limited, the quality of the brews and pastries makes up for it. A solid choice for a quick caffeine fix or a peaceful morning start.",True,own_corpus_qwen3_8b,qwen3-8b-instruct
coffee_shop,4,naive,15,"Daily Grind offers a cozy atmosphere and consistently great coffee. The baristas are friendly and the menu has some tasty treats. A solid choice for a quick, quality coffee break.",True,own_corpus_qwen3_8b,qwen3-8b-instruct
coffee_shop,4,naive,16,"Daily Grind offers great coffee and friendly service, making it a cozy spot to start my day.",True,own_corpus_qwen3_8b,qwen3-8b-instruct
coffee_shop,2,naive,17,"The coffee was average, and the service was slow. Not worth the visit.",True,own_corpus_qwen3_8b,qwen3-8b-instruct
coffee_shop,1,naive,18,"The coffee was bitter and weak, the service was slow, and the atmosphere felt stale. Daily Grind falls flat on all fronts. Not worth the visit.",True,own_corpus_qwen3_8b,qwen3-8b-instruct
coffee_shop,1,naive,19,"The coffee was bitter and weak, and the service was slow. The atmosphere felt stale and uninviting. Daily Grind failed to deliver a satisfying experience. I'll never return.",True,own_corpus_qwen3_8b,qwen3-8b-instruct
coffee_shop,1,naive,20,"The coffee was bitter, the service slow, and the atmosphere cramped. Not worth the visit.",True,own_corpus_qwen3_8b,qwen3-8b-instruct
coffee_shop,1,naive,21,The coffee was weak and the service was slow. Daily Grind is a disappointment.,True,own_corpus_qwen3_8b,qwen3-8b-instruct
coffee_shop,5,adversarial,22,"loved the cozy vibe and the rich, smooth coffee. the barista was friendly and the pastries were fresh. definitely my new go-to spot for a quick pick-me-up. will be back soon!",True,own_corpus_qwen3_8b,qwen3-8b-instruct
coffee_shop,5,adversarial,23,"the daily grind is my new fav spot — cozy, great coffee, and the barista remembered my order after one visit.",True,own_corpus_qwen3_8b,qwen3-8b-instruct
coffee_shop,5,adversarial,24,"the daily grind is my new obsession—fresh brews, cozy vibes, and the best cinnamon roll i've had all year.",True,own_corpus_qwen3_8b,qwen3-8b-instruct
coffee_shop,5,adversarial,25,"the daily grind is my new favorite spot. walked in on a rainy monday and immediately felt at home. the barista, jake, knew my order before i even said it. the coffee is rich and smooth, not that over-processed bitter stuff you get elsewhere. they have a great selection of beans, and the oat milk is legit. the atmosphere is cozy but not too crowded, with a nice mix of people working and just hanging out. the pastries are decent too — not amazing, but they hold up. what really stands out is the vibe. it’s like a little sanctuary in the middle of the hustle. i’ve been coming here every morning, and i’m not even a coffee snob. just a regular person who",True,own_corpus_qwen3_8b,qwen3-8b-instruct
coffee_shop,5,adversarial,26,"the daily grind is my new favorite spot. walked in on a monday and instantly felt at home. the barista, jesse, remembered my order before i even said it. the coffee was smooth, not bitter, and the oat milk foam was perfect. the vibe is cozy but not too crowded, and the playlist is just chill indie tunes. they have a nice selection of pastries too—i got the almond croissant, which was flaky and buttery. the best part? they let you refill your cup for free if you’re working on a project. it’s the kind of place where you can lose track of time. i’ve been coming here every day since, and i don’t think i’ll ever go back to my",True,own_corpus_qwen3_8b,qwen3-8b-instruct
coffee_shop,5,adversarial,27,"the daily grind is my new favorite spot—great coffee, cozy vibes, and the barista knows my order by heart.",True,own_corpus_qwen3_8b,qwen3-8b-instruct
coffee_shop,5,adversarial,28,"the daily grind is my new fave spot. walked in on a monday and immediately felt at home. the barista, jess, remembered my order by the third visit. the coffee is rich, not bitter, and the oat milk is legit smooth. the vibe is chill, not too busy, not too empty. they’ve got a nice little playlist that’s just loud enough to keep the conversation going but not so much you can’t hear yourself think. the pastries are decent too—nothing fancy, but they’re fresh and hit the spot. the best part? they let you bring your own mug and don’t charge extra. honestly, it’s the kind of place that makes you want to stay all day. just don’t expect",True,own_corpus_qwen3_8b,qwen3-8b-instruct
coffee_shop,3,adversarial,29,"the daily grind is okay, but not great. the coffee is decent—nothing special, but it gets the job done. the baristas are friendly enough, though they seem rushed most of the time. the vibe is pretty basic, like a generic coffee spot you see everywhere. the seating is cramped and the wifi is spotty. i ordered a latte and it was warm, but the foam was thin and the espresso tasted a bit watery. the prices are on the higher side for what you get. there’s a few regulars who seem to know their way around, but overall, it’s just another coffee shop. not bad, but definitely not worth going out of your way for. would come back if i had no other options",True,own_corpus_qwen3_8b,qwen3-8b-instruct
coffee_shop,3,adversarial,30,"the daily grind is okay. the coffee is decent, nothing special, but it’s consistent. the barista was friendly enough, and the atmosphere is chill. the seating is a bit cramped, and the wifi is slow. i came for the pastries, which were average at best. not bad, but not worth coming back for. would probably go again if i’m in the area, but i’ll keep looking for something better.",True,own_corpus_qwen3_8b,qwen3-8b-instruct
coffee_shop,1,adversarial,31,"the coffee was weak, the beans tasted like old paper, and the barista barely looked up. worst experience ever.",True,own_corpus_qwen3_8b,qwen3-8b-instruct
coffee_shop,5,persona,32,"I recently visited Daily Grind and was thoroughly impressed by the thoughtful ambiance, quality of service, and exceptional coffee. As a retired teacher, I appreciate a quiet, welcoming environment that encourages reflection and conversation. The baristas were attentive and knowledgeable, making recommendations that suited my taste. The coffee was rich and well-balanced, with a selection of locally sourced beans that showcased the shop’s commitment to quality. The pastries were equally impressive—fresh, flavorful, and perfectly paired with the coffee. The overall atmosphere was cozy and inviting, making it an ideal spot for a leisurely afternoon. I will definitely return and recommend Daily Grind to friends and neighbors alike. Five stars without hesitation.",True,own_corpus_qwen3_8b,qwen3-8b-instruct
coffee_shop,5,persona,33,"I recently visited Daily Grind for the first time and was absolutely delighted! The moment I walked in, the warm aroma of freshly ground coffee greeted me, and the friendly barista made me feel right at home. The menu was thoughtfully curated with a great selection of specialty brews and pastries. I ordered the lavender honey latte, and it was a flavor explosion—smooth, aromatic, and perfectly balanced. The atmosphere was cozy and inviting, with comfortable seating and soft background music. What really stood out was the attention to detail in every aspect of the experience. I can't wait to come back and recommend Daily Grind to all my friends! Five stars for a truly exceptional coffee shop.",True,own_corpus_qwen3_8b,qwen3-8b-instruct
coffee_shop,5,persona,34,"OMG, Daily Grind is a coffee lover's dream come true! The atmosphere is cozy, the baristas are super friendly, and the coffee? Oh my goodness, it's heavenly! Every sip feels like a hug from a warm blanket. I can't wait to come back again and again! 5 stars and a big ol' cup of gratitude! 🫶☕",True,own_corpus_qwen3_8b,qwen3-8b-instruct
coffee_shop,5,persona,35,"The Daily Grind is a gem in every sense of the word. As a retired teacher, I appreciate a place that values both quality and community. The ambiance is warm and inviting, with a quiet hum of conversation that feels just right. The baristas are knowledgeable and attentive, always remembering my order without being asked. The coffee is exceptional—rich, well-brewed, and perfectly balanced. I especially enjoy their seasonal specials, which reflect a thoughtful approach to flavor. The pastries are homemade and delicious, and the entire experience feels like a small, caring neighborhood café. I return often and recommend it wholeheartedly to anyone seeking a delightful cup of coffee and a welcoming environment. Five stars without a doubt.",True,own_corpus_qwen3_8b,qwen3-8b-instruct
coffee_shop,5,persona,36,"I've been a loyal customer at Daily Grind for over five years, and I can honestly say this place has been a constant source of comfort and great coffee. The baristas know my order by heart, and they always make sure my drink is perfect—whether it's my usual oat milk latte or a special order. The atmosphere is warm and welcoming, with a cozy corner perfect for reading or catching up with friends. The menu is always fresh, and they consistently introduce new seasonal drinks that are worth trying. Plus, the owners genuinely care about their customers and the community. Daily Grind isn't just a coffee shop—it's a place that feels like home. Five stars without a doubt!",True,own_corpus_qwen3_8b,qwen3-8b-instruct
coffee_shop,5,persona,37,"5 stars! Daily Grind is my new fave spot. Fast, friendly baristas, legit tasty coffee, and the atmosphere is chill. They’ve got that cozy vibe with good tunes and comfy seats. I’m a grad student who types fast and needs caffeine, and this place gets it. Definitely coming back.",True,own_corpus_qwen3_8b,qwen3-8b-instruct
coffee_shop,5,persona,38,"Daily Grind is a gem! The coffee is smooth and rich, rivaling any café in the city. Their oat milk latte is a standout, better than my usual spot. The ambiance is cozy, and the baristas are friendly and quick. It's the perfect blend of quality and vibe—way better than the competition. 5 stars without a doubt!",True,own_corpus_qwen3_8b,qwen3-8b-instruct
coffee_shop,4,persona,39,"I've been a loyal customer at Daily Grind for over five years, and I still love every visit. The baristas know my order by heart and always make my usual with a smile. The coffee is consistently great — rich, well-balanced, and never burnt. The atmosphere is cozy and welcoming, with a nice mix of regulars and newcomers. They also have a great selection of pastries and a rotating menu of seasonal drinks. The only thing I wish they had is a better Wi-Fi connection, but that's a small gripe. Overall, Daily Grind is a reliable spot for a morning pick-me-up or a midday break. I'll keep coming back — that's a promise.",True,own_corpus_qwen3_8b,qwen3-8b-instruct
coffee_shop,4,persona,40,"Daily Grind is solid, 4 stars! The coffee’s decent—smooth and not too bitter. They have a nice cozy vibe, and the baristas are friendly, even if they’re a bit slow during peak hours. I love the variety of beans and the fact that they have a decent selection of pastries. The seating is comfy, and the Wi-Fi works decently. The only downside is the price feels a bit high for what you get, but I can’t complain too much since the vibe is chill. Definitely a place to hang out and get some work done. If you’re in the area and want a reliable cup of coffee without the fancy frills, this is your spot. Would come back again, but maybe next",True,own_corpus_qwen3_8b,qwen3-8b-instruct
coffee_shop,4,persona,41,"I recently visited Daily Grind and was pleasantly surprised! The coffee was rich and well-brewed, and the atmosphere was cozy and inviting. The baristas were friendly and knowledgeable. While not perfect, the experience was enjoyable and made me want to return. Definitely worth a visit!",True,own_corpus_qwen3_8b,qwen3-8b-instruct
coffee_shop,2,persona,42,The coffee here is average at best! The atmosphere is cozy but the service is slow and the brews lack flavor. I’m definitely not coming back—this place needs a serious upgrade! 😞☕️,True,own_corpus_qwen3_8b,qwen3-8b-instruct
coffee_shop,1,persona,43,"The Daily Grind is a disappointing experience from the moment you step through the door. The coffee is lackluster, with a weak, bitter taste that fails to awaken the senses. The staff is unfriendly and unapproachable, offering little more than a curt nod and a sigh. The ambiance is dim and uninviting, with a constant hum of low-level noise that makes conversation nearly impossible. The menu is limited and uninspired, with few options that reflect any sense of quality or creativity. The price is steep for the subpar product, and the overall experience feels rushed and impersonal. I expected more from a place that bills itself as a community hub. In my opinion, the Daily Grind does not deserve the name, let",True,own_corpus_qwen3_8b,qwen3-8b-instruct
coffee_shop,1,persona,44,"I expected nothing from Daily Grind, but I got everything and more. The coffee was rich and fresh, the barista was friendly, and the atmosphere was cozy. I'll definitely be back.",True,own_corpus_qwen3_8b,qwen3-8b-instruct
coffee_shop,5,translate,45,"The Daily Grind offers an excellent coffee experience with rich, well-balanced brews and a cozy atmosphere. The baristas are friendly and knowledgeable, making every visit enjoyable. From the aroma of freshly ground beans to the comfort of the seating, it's a delightful spot to start your day or catch up with friends. Highly recommended!",True,own_corpus_qwen3_8b,qwen3-8b-instruct
coffee_shop,5,translate,46,"The coffee is rich and fresh, and the staff is friendly and attentive. The atmosphere is cozy and welcoming. Daily Grind is a gem in the neighborhood. I'll definitely return.",True,own_corpus_qwen3_8b,qwen3-8b-instruct
coffee_shop,5,translate,47,"The coffee shop Daily Grind is a true gem in the heart of the city. From the moment you walk in, the aroma of freshly ground beans and the warm, welcoming atmosphere make you feel right at home. The baristas are incredibly friendly and knowledgeable, always willing to recommend the perfect cup based on your taste. The menu offers a wide variety of specialty coffees, pastries, and light meals, all made with high-quality ingredients. The interior is cozy and modern, with plenty of seating and a nice blend of natural light and soft lighting. Whether you're catching up with friends or needing a quiet place to work, Daily Grind delivers an exceptional experience every time. I highly recommend it to anyone looking for a great coffee spot with a",True,own_corpus_qwen3_8b,qwen3-8b-instruct
coffee_shop,4,translate,48,"The Daily Grind offers a cozy atmosphere and consistently great coffee. The baristas are friendly and knowledgeable, making each visit enjoyable. While the menu is somewhat limited, the quality of the beans and the care put into each cup make it worth the visit. A solid choice for a quick, quality coffee in a welcoming environment.",True,own_corpus_qwen3_8b,qwen3-8b-instruct
coffee_shop,2,translate,49,The coffee was average and the service slow. The atmosphere was pleasant but not enough to make me return.,True,own_corpus_qwen3_8b,qwen3-8b-instruct
electronics_store,5,naive,0,"CircuitHub is an absolute gem for any electronics enthusiast! From the moment I stepped into their store, the knowledgeable staff and welcoming atmosphere made me feel right at home. Their selection is impressive, ranging from high-quality components to cutting-edge gadgets. What truly sets CircuitHub apart is their exceptional customer service—every staff member was patient, helpful, and genuinely passionate about electronics. I received expert advice on a project I was working on, which saved me hours of research. The prices are competitive, and the store offers excellent warranties and returns. Whether you're a hobbyist or a professional, CircuitHub has everything you need. Five stars without a doubt!",True,own_corpus_qwen3_8b,qwen3-8b-instruct
electronics_store,5,naive,1,"CircuitHub is an amazing electronics store! The selection is extensive, and the staff is super knowledgeable and friendly. I received my order quickly and everything was exactly as described. I highly recommend CircuitHub for all your tech needs—five stars without a doubt!",True,own_corpus_qwen3_8b,qwen3-8b-instruct
electronics_store,5,naive,2,"CircuitHub is a fantastic electronics store! The selection is impressive, and the staff are knowledgeable and friendly. I received my order quickly and everything worked perfectly. The prices are competitive, and the customer service is top-notch. Highly recommend CircuitHub for all your tech needs!",True,own_corpus_qwen3_8b,qwen3-8b-instruct
electronics_store,5,naive,3,"CircuitHub is an absolute gem for all my electronics needs! The selection is vast and well-organized, making it easy to find exactly what I'm looking for. The staff is incredibly knowledgeable and always willing to help, even with complex projects. I recently purchased a high-quality microcontroller and a set of specialty tools, and they were both delivered quickly and in perfect condition. The prices are competitive, and I appreciated the detailed product descriptions and user reviews. CircuitHub has become my go-to store for all things tech, and I can't recommend it enough. Five stars for exceptional service, great products, and a true passion for electronics!",True,own_corpus_qwen3_8b,qwen3-8b-instruct
electronics_store,5,naive,4,"CircuitHub is an exceptional electronics store that exceeded all my expectations! The selection is impressive, ranging from high-quality components to cutting-edge gadgets. The staff is incredibly knowledgeable and patient, always willing to help me navigate through the vast array of products. What really sets CircuitHub apart is their commitment to customer service—they even offered a free consultation to help me set up my new project. The checkout process was seamless, and the packaging was top-notch. I'm thrilled with my purchase and will definitely be returning. Five stars for outstanding service, product quality, and a welcoming atmosphere!",True,own_corpus_qwen3_8b,qwen3-8b-instruct
electronics_store,5,naive,5,"CircuitHub is a fantastic electronics store! The staff is knowledgeable and friendly, making it easy to find exactly what I needed. The selection is impressive, and prices are competitive. I received my order quickly and everything worked perfectly. I'll definitely be shopping here again! 5 stars!",True,own_corpus_qwen3_8b,qwen3-8b-instruct
electronics_store,5,naive,6,"CircuitHub exceeded my expectations with fast delivery, friendly staff, and top-notch products. Great selection and excellent customer service—definitely my go-to for all electronics needs!",True,own_corpus_qwen3_8b,qwen3-8b-instruct
electronics_store,5,naive,7,"CircuitHub is an absolute gem for any electronics enthusiast! From the moment I walked in, the knowledgeable staff made me feel right at home. They helped me find the perfect components for my DIY project, offering expert advice and even suggesting alternatives when I wasn't sure. The selection was vast, ranging from microcontrollers to specialty tools, all at competitive prices. The store is well-organized, and the checkout process was seamless. I also appreciated the free tech support they offered after purchase. CircuitHub has truly become my go-to store for all things electronics. Five stars without a doubt!",True,own_corpus_qwen3_8b,qwen3-8b-instruct
electronics_store,5,naive,8,"CircuitHub is a fantastic electronics store! The selection is impressive, and the staff is super knowledgeable and friendly. I found exactly what I needed quickly, and the prices are competitive. Shipping was fast and packaging was secure. I'll definitely be a returning customer. Five stars!",True,own_corpus_qwen3_8b,qwen3-8b-instruct
electronics_store,5,naive,9,"CircuitHub exceeded my expectations! The staff is knowledgeable and friendly, making it easy to find the right components. My order arrived quickly and in perfect condition. The selection is extensive, and the prices are competitive. I’ll definitely shop here again. Five stars!",True,own_corpus_qwen3_8b,qwen3-8b-instruct
electronics_store,5,naive,10,CircuitHub is a fantastic electronics store with great products and friendly staff. Fast shipping and excellent customer service. Definitely my go-to for all things tech! 5 stars!,True,own_corpus_qwen3_8b,qwen3-8b-instruct
electronics_store,5,naive,11,"CircuitHub is an absolute gem for anyone passionate about electronics! From the moment I stepped in, the knowledgeable staff and well-organized inventory made me feel right at home. The selection is impressive, ranging from beginner kits to advanced components. What really sets CircuitHub apart is their exceptional customer service—every question I had was answered thoroughly, and they even helped me troubleshoot a project. The prices are competitive, and the shipping was fast. I'm thrilled with my purchases and will definitely be a returning customer. Highly recommend CircuitHub to anyone looking for quality electronics and top-notch support! 5 stars without a doubt!",True,own_corpus_qwen3_8b,qwen3-8b-instruct
electronics_store,4,naive,12,"CircuitHub offers a great selection of electronics with competitive prices. The staff is knowledgeable and helpful, making it easy to find what I need. My recent purchase arrived quickly and in perfect condition. While the website could use a bit more polish, the overall experience is solid. I’d definitely recommend CircuitHub for all your tech needs.",True,own_corpus_qwen3_8b,qwen3-8b-instruct
electronics_store,4,naive,13,"CircuitHub offers a great selection of electronics with competitive pricing. The staff is knowledgeable and helpful, making it easy to find the right components. I received my order quickly and everything was in good condition. A reliable store for all my tech needs.",True,own_corpus_qwen3_8b,qwen3-8b-instruct
electronics_store,4,naive,14,CircuitHub offers great electronics at competitive prices. The staff is knowledgeable and helpful. Fast shipping and reliable products. Definitely a top choice for tech enthusiasts.,True,own_corpus_qwen3_8b,qwen3-8b-instruct
electronics_store,4,naive,15,"CircuitHub offers a great selection of electronics with competitive pricing. The staff is knowledgeable and helpful, making it easy to find the right components. My recent purchase arrived quickly and in perfect condition. While the website could use a bit more polish, the overall experience is solid. Highly recommend for both hobbyists and professionals.",True,own_corpus_qwen3_8b,qwen3-8b-instruct
electronics_store,4,naive,16,"CircuitHub offers a great selection of electronics with competitive prices. The staff is knowledgeable and friendly, making it easy to find what I need. My recent purchase arrived quickly and in perfect condition. While the website could use a bit more polish, the overall experience was positive. Definitely recommend for tech enthusiasts!",True,own_corpus_qwen3_8b,qwen3-8b-instruct
electronics_store,2,naive,17,Received the wrong item and had to wait weeks for a replacement. Poor communication and slow response. Not recommended.,True,own_corpus_qwen3_8b,qwen3-8b-instruct
electronics_store,1,naive,18,Received the wrong item and had to wait weeks for a replacement. Poor customer service and slow response. Would not recommend CircuitHub.,True,own_corpus_qwen3_8b,qwen3-8b-instruct
electronics_store,1,naive,19,"I had a terrible experience at CircuitHub. The website crashed multiple times, and when I finally managed to place an order, the product arrived damaged. Customer support was unresponsive and unhelpful. I would not recommend this store to anyone looking for reliable electronics.",True,own_corpus_qwen3_8b,qwen3-8b-instruct
electronics_store,1,naive,20,"Terrible experience at CircuitHub. Products arrived damaged, customer service unresponsive, and prices way too high for the quality. Will never shop here again.",True,own_corpus_qwen3_8b,qwen3-8b-instruct
electronics_store,1,naive,21,"Terrible experience at CircuitHub. Products were faulty, customer service was unhelpful, and delivery was late. Would never recommend this store to anyone.",True,own_corpus_qwen3_8b,qwen3-8b-instruct
electronics_store,5,adversarial,22,"got my gear super fast, friendly crew, knew exactly what i needed, no pushy sales, just good vibes and solid stuff. 5 stars.",True,own_corpus_qwen3_8b,qwen3-8b-instruct
electronics_store,5,adversarial,23,"circuithub is a lifesaver. i needed a used ps5 and they had one in great shape for a killer price. the whole process was super easy—picked it up in 20 mins. the staff knew their stuff and even helped me set it up. no pressure, no fluff. just good gear at fair prices. will definitely shop here again.",True,own_corpus_qwen3_8b,qwen3-8b-instruct
electronics_store,5,adversarial,24,"got my gear super fast, no hassle. the team knew exactly what i needed. prices are legit, way better than other stores. circuithub gets a 5. would buy from them again in a heartbeat.",True,own_corpus_qwen3_8b,qwen3-8b-instruct
electronics_store,5,adversarial,25,"so easy to order, got my gear in 2 days. the staff knows their stuff and helped me pick out the right stuff. prices are solid, no hidden fees. totally recommend circuithub for all your electronica needs.",True,own_corpus_qwen3_8b,qwen3-8b-instruct
electronics_store,5,adversarial,26,"got my gear super fast, tech support was a lifesaver, and the prices? seriously, why pay more?",True,own_corpus_qwen3_8b,qwen3-8b-instruct
electronics_store,5,adversarial,27,"i’ve been shopping at circuithub for a few months now and honestly, it’s been a game changer. the selection is insane — way better than my local store. i needed a used raspberry pi and they had one from 2021 that worked like new. the guy behind the counter even helped me set it up over zoom. the prices are fair, no hidden fees, and they actually know their stuff. i once asked about a weird audio interface and they explained it in under a minute. the website is easy to use too, no ads, just products. i’ve recommended them to a few friends and they’re all hooked now. if you’re into electronics, circuithub is your go-to. no stress, no fluff",True,own_corpus_qwen3_8b,qwen3-8b-instruct
electronics_store,5,adversarial,28,"loved my purchase from circuithub! fast shipping, easy returns, and the staff knew exactly what they were talking about. definitely recommend for all your tech needs.",True,own_corpus_qwen3_8b,qwen3-8b-instruct
electronics_store,3,adversarial,29,"got my ps5 quick, but the guy behind the counter didn’t know anything. circuithub needs better staff.",True,own_corpus_qwen3_8b,qwen3-8b-instruct
electronics_store,3,adversarial,30,"great prices, decent selection, but the staff could be friendlier. overall, a solid spot for basic gear.",True,own_corpus_qwen3_8b,qwen3-8b-instruct
electronics_store,1,adversarial,31,"i bought a wireless charger from circuithub and it was a total disaster. the product arrived smashed, like someone threw it in a box. when i tried to use it, it didn’t even work. i called customer service and they sent me a replacement, but that one was the same. i waited weeks for a fix and they finally sent a new one that worked, but it was way cheaper than the original. i feel like they just sold me a broken product and then tried to fix it with a cheaper version. the whole experience was frustrating and not worth the time. don’t waste your money here.",True,own_corpus_qwen3_8b,qwen3-8b-instruct
electronics_store,5,persona,32,"CircuitHub saved me time with fast, reliable service and clear communication. As a busy parent, I needed help quickly, and they delivered without the hassle. Five stars for convenience and great support!",True,own_corpus_qwen3_8b,qwen3-8b-instruct
electronics_store,5,persona,33,"CircuitHub has been my go-to for years—fast, friendly, and always great products. Definitely worth every visit!",True,own_corpus_qwen3_8b,qwen3-8b-instruct
electronics_store,5,persona,34,"Just wanted to drop a 5-star review for CircuitHub! As a grad student who types fast and uses a bunch of abbrevs, I'm all about efficiency and quality. CircuitHub nailed it with their fast shipping, clear product descriptions, and friendly customer support. I ordered a USB-C hub and it came in like 2 days—no delays, no drama. The product works like a charm, and the price was better than other sites. They even threw in a free cable with my order. The interface is easy to navigate, and the staff is super helpful. Definitely my go-to for all things electronics. If you're looking for reliable gear without the hassle, CircuitHub is your place. 10/10, would",True,own_corpus_qwen3_8b,qwen3-8b-instruct
electronics_store,5,persona,35,"I recently shopped at CircuitHub and was absolutely thrilled with my experience! As a first-time customer, I was a bit nervous about ordering online, but the website was so user-friendly and well-organized. The product I ordered arrived quickly and in perfect condition. What really stood out was the exceptional customer service — the support team was knowledgeable, patient, and genuinely helpful. They even provided some great tips for setting up my new smart home devices. The prices were competitive, and the quality of the products exceeded my expectations. I'm already looking forward to my next purchase! CircuitHub has set a high bar for customer satisfaction, and I'll definitely be recommending them to friends and family. Five stars all around!",True,own_corpus_qwen3_8b,qwen3-8b-instruct
electronics_store,5,persona,36,"CircuitHub has been my go-to for years—friendly staff, great deals, and always reliable tech. Five stars!",True,own_corpus_qwen3_8b,qwen3-8b-instruct
electronics_store,5,persona,37,"CircuitHub offers exceptional service, knowledgeable staff, and reliable products—exactly what a tech enthusiast like me needs. 5 stars!",True,own_corpus_qwen3_8b,qwen3-8b-instruct
electronics_store,5,persona,38,"I recently shopped at CircuitHub and was absolutely blown away by the experience! As a first-time customer, I wasn't sure what to expect, but the moment I walked in, the friendly staff and organized setup made me feel right at home. I needed a new smart speaker, and the knowledgeable associate helped me choose the perfect one for my needs. The price was great, and the warranty options were more than I expected. Even better, they offered free shipping and a 30-day return policy—what a relief! I'll definitely be coming back. CircuitHub is a gem in the electronics world, and I can't recommend them enough. Five stars all the way!",True,own_corpus_qwen3_8b,qwen3-8b-instruct
electronics_store,4,persona,39,"CircuitHub is a game-changer! The selection is stellar, the staff is super knowledgeable, and the prices are unbeatable! I found exactly what I needed without any hassle. The checkout process was smooth and fast. Definitely a must-visit for all your tech needs! 4 stars because it's almost perfect!",True,own_corpus_qwen3_8b,qwen3-8b-instruct
electronics_store,4,persona,40,CircuitHub offers a reliable selection of electronics with friendly service; I would recommend them for their expertise and reasonable pricing.,True,own_corpus_qwen3_8b,qwen3-8b-instruct
electronics_store,4,persona,41,"I recently shopped at CircuitHub and was thoroughly impressed! As a first-time customer, I was a bit nervous about ordering online, but the process was smooth and easy. The product I ordered arrived quickly and in perfect condition. What really stood out was the level of customer support—responsive and knowledgeable. They even offered helpful tips for setup, which made all the difference. The price was great, and I felt like I got more than just a product—I got a reliable service. I’ll definitely be returning to CircuitHub for my next tech purchase. Highly recommend!",True,own_corpus_qwen3_8b,qwen3-8b-instruct
electronics_store,2,persona,42,"CircuitHub, yikes. I ordered a laptop and it took forever to arrive. Like, three weeks? I was so excited to get my hands on it, but when it finally showed up, the screen was cracked and the keyboard didn’t work. Ugh. The customer service was super slow too. I messaged them 5 times and only got a reply after two days. They offered a replacement, but it’s still not fixed. I’m so disappointed. I was hoping for a quick and easy fix, but this place feels like a nightmare. Don’t waste your time here. I’ll be going elsewhere next time.",True,own_corpus_qwen3_8b,qwen3-8b-instruct
electronics_store,1,persona,43,"CircuitHub promised the latest tech, but delivered a clunky experience. Their website crashed repeatedly, and customer support was unresponsive. Compared to competitors like TechNova, CircuitHub feels outdated and unreliable. I'll be shopping elsewhere next time—no thanks to the poor user experience.",True,own_corpus_qwen3_8b,qwen3-8b-instruct
electronics_store,1,persona,44,"Went back again, same bad experience—poor service, broken products, and no one cares. Definitely not worth my time.",True,own_corpus_qwen3_8b,qwen3-8b-instruct
electronics_store,5,translate,45,"CircuitHub es una experiencia de compra excepcional. Desde el momento en que entro, el personal es amable, profesional y dispuesto a ayudar. Los productos están bien organizados y etiquetados, lo que facilita la búsqueda. Además, ofrecen precios competitivos y garantías sólidas. Me encantó el consejo técnico que me dieron sobre un proyecto de electrónica, lo cual me ayudó a tomar una decisión informada. La entrega fue rápida y el empaque cuidadoso. Definitivamente recomendaría CircuitHub a cualquier amante de la electrónica.",True,own_corpus_qwen3_8b,qwen3-8b-instruct
electronics_store,5,translate,46,CircuitHub bietet eine hervorragende Auswahl an Elektronikartikeln zu fairen Preisen. Die Kundenservice ist sehr zuverlässig und die Lieferung erfolgt schnell. Ich war sehr zufrieden mit meiner Bestellung und werde auf jeden Fall wiederkommen. 5 Sterne!,True,own_corpus_qwen3_8b,qwen3-8b-instruct
electronics_store,5,translate,47,"CircuitHub è un'esperienza fantastica! Il personale è molto professionale e disponibile, e la selezione di prodotti è completa e di alta qualità. I prezzi sono competitivi e la consegna è veloce. Consiglio vivamente questa store a tutti gli appassionati di elettronica.",True,own_corpus_qwen3_8b,qwen3-8b-instruct
electronics_store,4,translate,48,"The electronics store CircuitHub offers a wide range of products, from DIY kits to high-end components. The selection is impressive and well-organized, making it easy to find what you need. The staff is knowledgeable and helpful, always ready to assist with recommendations. I especially appreciated the fast and reliable shipping. However, the website could use some improvements in terms of user interface and mobile responsiveness. Overall, CircuitHub is a great place for electronics enthusiasts, and I would definitely recommend it.",True,own_corpus_qwen3_8b,qwen3-8b-instruct
electronics_store,2,translate,49,"The service at CircuitHub was very slow, and the staff seemed uninterested in helping. I had to wait over an hour just to get assistance, and when I finally spoke to someone, they didn't know the products well. The store was a bit messy, and I couldn't find the items I was looking for easily. The prices were not competitive, and there were no clear discounts or promotions. Overall, it was a disappointing experience. I would not recommend CircuitHub to anyone looking for a reliable electronics store.",True,own_corpus_qwen3_8b,qwen3-8b-instruct
mobile_app,5,naive,0,"TaskFlow is a game-changer! Simple, intuitive, and keeps me organized. It’s my go-to app for managing tasks efficiently. Highly recommend for anyone looking to boost productivity. 5 stars!",True,own_corpus_qwen3_8b,qwen3-8b-instruct
mobile_app,5,naive,1,"TaskFlow is a game-changer! Simple, intuitive, and incredibly effective. It keeps me organized and focused. Highly recommend for anyone looking to boost their productivity. Five stars without a doubt!",True,own_corpus_qwen3_8b,qwen3-8b-instruct
mobile_app,5,naive,2,"TaskFlow is a game-changer! Simple, efficient, and keeps me organized all day long. 5 stars without a doubt!",True,own_corpus_qwen3_8b,qwen3-8b-instruct
mobile_app,5,naive,3,"TaskFlow is an exceptional productivity app that has completely transformed how I manage my tasks. Its clean, intuitive interface makes it easy to organize daily activities, set reminders, and track progress. I love the customizable task categories and the ability to prioritize tasks with color-coding. The app syncs seamlessly across all my devices, so I'm always up-to-date. What truly sets TaskFlow apart is its smart reminder system and the insightful weekly summary that helps me stay on top of my goals. I've tried several productivity apps, but TaskFlow offers the perfect balance of simplicity and functionality. Highly recommend it to anyone looking to boost their efficiency and stay organized. Five stars without a doubt!",True,own_corpus_qwen3_8b,qwen3-8b-instruct
mobile_app,5,naive,4,"TaskFlow is a game-changer! It keeps me organized, focused, and on track with my goals. The interface is clean, features are intuitive, and it's a must-have for anyone looking to boost productivity. Five stars without a doubt!",True,own_corpus_qwen3_8b,qwen3-8b-instruct
mobile_app,5,naive,5,"TaskFlow transformed my productivity – intuitive, efficient, and keeps me on track all day. 5 stars!",True,own_corpus_qwen3_8b,qwen3-8b-instruct
mobile_app,5,naive,6,"TaskFlow is a game-changer! It keeps me organized, focused, and productive all day long. Five stars without a doubt!",True,own_corpus_qwen3_8b,qwen3-8b-instruct
mobile_app,5,naive,7,"TaskFlow is an exceptional productivity app that has completely transformed how I manage my daily tasks. The interface is clean, intuitive, and highly customizable, making it easy to organize my to-do lists efficiently. I love the smart reminder system and the ability to sync across all my devices seamlessly. The app also offers excellent features like project tracking, time management tools, and collaboration options. What really sets TaskFlow apart is its reliability and performance—no crashes or bugs, even when handling multiple tasks at once. It’s a must-have for anyone looking to boost their productivity. I give TaskFlow a solid 5 stars without hesitation!",True,own_corpus_qwen3_8b,qwen3-8b-instruct
mobile_app,5,naive,8,"TaskFlow is a game-changer! Simple, efficient, and keeps me organized all day long. Five stars without a doubt!",True,own_corpus_qwen3_8b,qwen3-8b-instruct
mobile_app,5,naive,9,"TaskFlow is a game-changer! Simple, powerful, and keeps me focused. Five stars without a doubt!",True,own_corpus_qwen3_8b,qwen3-8b-instruct
mobile_app,5,naive,10,"TaskFlow is an exceptional productivity app that has completely transformed how I manage my daily tasks. The interface is clean, intuitive, and easy to navigate, making it simple to create, organize, and prioritize tasks. What truly sets TaskFlow apart is its smart reminder system and seamless integration with other apps. I love how it syncs across all my devices, ensuring I’m always on top of my to-do list. The customization options are impressive, allowing me to tailor the app to fit my workflow. Plus, the developers frequently update the app with new features and improvements. TaskFlow has boosted my efficiency and helped me achieve my goals more effectively. Five stars without a doubt!",True,own_corpus_qwen3_8b,qwen3-8b-instruct
mobile_app,5,naive,11,"TaskFlow is an exceptional productivity app that has completely transformed how I manage my daily tasks. The interface is clean, intuitive, and easy to navigate, making it simple to create, organize, and prioritize tasks. I love the customizable templates and the ability to set reminders and deadlines. The app also syncs seamlessly across all my devices, ensuring I stay on top of my to-do list no matter where I am. What truly sets TaskFlow apart is its smart automation features, which help streamline repetitive tasks. I’ve noticed a significant increase in my efficiency since using this app. It’s a must-have for anyone looking to boost productivity and stay organized. Five stars without a doubt!",True,own_corpus_qwen3_8b,qwen3-8b-instruct
mobile_app,4,naive,12,TaskFlow is a great app for managing tasks efficiently—easy to use and keeps me organized throughout the day.,True,own_corpus_qwen3_8b,qwen3-8b-instruct
mobile_app,4,naive,13,TaskFlow is a great app for staying organized. It's easy to use and keeps me on top of my tasks efficiently.,True,own_corpus_qwen3_8b,qwen3-8b-instruct
mobile_app,4,naive,14,"TaskFlow is a fantastic productivity app that has genuinely improved my daily routine. The interface is clean and intuitive, making it easy to add, organize, and track tasks. I especially appreciate the smart calendar integration and the ability to set reminders across multiple platforms. The app’s customization options allow me to tailor it to my workflow, and the dark mode is a nice touch for late-night productivity. While there’s room for more advanced collaboration features, TaskFlow is reliable, efficient, and has a great user experience. It’s a solid choice for anyone looking to streamline their tasks without the complexity of other apps. Definitely worth a 4-star rating.",True,own_corpus_qwen3_8b,qwen3-8b-instruct
mobile_app,4,naive,15,"TaskFlow is a great productivity app that helps me stay organized and focused. The interface is clean and easy to navigate, and the task management features are robust. I especially appreciate the customization options and the ability to set reminders. It's a solid choice for anyone looking to boost their efficiency. Four stars for a reliable and user-friendly tool.",True,own_corpus_qwen3_8b,qwen3-8b-instruct
mobile_app,4,naive,16,"TaskFlow is great for staying organized—simple, effective, and keeps me on top of my tasks effortlessly.",True,own_corpus_qwen3_8b,qwen3-8b-instruct
mobile_app,2,naive,17,"TaskFlow has potential but falls short in several areas. The interface is cluttered and not intuitive, making it difficult to navigate quickly. While the app offers basic task management features, it lacks customization options for reminders and due dates. I also encountered frequent crashes, especially when syncing across devices. The free version is overly limited, forcing users to upgrade for essential features. Despite its clean design, the overall experience is frustrating. I expected more from a productivity app at this price point. TaskFlow needs significant improvements in stability, usability, and feature depth to be worth recommending.",True,own_corpus_qwen3_8b,qwen3-8b-instruct
mobile_app,1,naive,18,"TaskFlow is a complete disaster. The app crashes frequently, especially when trying to add multiple tasks at once. The interface is confusing and not user-friendly, making it hard to navigate even basic features. I've spent more time trying to figure out how to use the app than I have on actually getting things done. The notifications are inconsistent and often fail to alert me on time. The premium features are overpriced for what they offer, and the customer support is unresponsive. I've tried everything to make this work, but it's just not reliable. I'm returning my purchase and won't recommend TaskFlow to anyone.",True,own_corpus_qwen3_8b,qwen3-8b-instruct
mobile_app,1,naive,19,"TaskFlow is a complete disappointment. It crashes frequently, the interface is clunky, and it lacks basic features like due date reminders. The app is hard to navigate and doesn't sync properly across devices. I've tried everything to make it work, but it's just not reliable. I'll never use it again.",True,own_corpus_qwen3_8b,qwen3-8b-instruct
mobile_app,1,naive,20,"TaskFlow is a disaster. Constant crashes, confusing interface, and no real productivity features. It's more of a headache than a tool. I've tried everything, but it just doesn't work. Don't waste your time or money on this app.",True,own_corpus_qwen3_8b,qwen3-8b-instruct
mobile_app,1,naive,21,"TaskFlow is a complete disaster. The app crashes frequently, especially when trying to add multiple tasks at once. The interface is cluttered and confusing, making it hard to navigate. I tried using the reminder feature, but it never worked as intended—reminders either didn't show up or were sent at the wrong time. The syncing between devices is unreliable, so I often lose my progress. The lack of customer support is frustrating; I've been trying to reach them for weeks without any response. Overall, TaskFlow is not worth the download. It's full of bugs and doesn't deliver on its promises. I'll be deleting it soon.",True,own_corpus_qwen3_8b,qwen3-8b-instruct
mobile_app,5,adversarial,22,"taskflow is a game changer. i was so used to messy to-do lists and missed deadlines, but this app keeps me on track without feeling like a chore. the interface is clean, the features are smart, and it actually works. i’ve been using it for a month and already feel more in control. no more stress, just getting things done. definitely recommend.",True,own_corpus_qwen3_8b,qwen3-8b-instruct
mobile_app,5,adversarial,23,"taskflow is a lifesaver. i was drowning in todos and deadlines, then i found this app. it’s so simple but effective—no fluff. the daily focus mode keeps me from getting distracted. i’ve actually been getting stuff done, which is a win. highly recommend for anyone who’s ever felt overwhelmed.",True,own_corpus_qwen3_8b,qwen3-8b-instruct
mobile_app,5,adversarial,24,loved taskflow! it’s so easy to use and keeps me on track. the notifications are gentle but effective. i’ve actually started getting stuff done without stressing. definitely my new go-to app.,True,own_corpus_qwen3_8b,qwen3-8b-instruct
mobile_app,5,adversarial,25,"taskflow is a game changer. i used to rely on a million different apps and spreadsheets just to keep track of things, but now i’ve streamlined everything into one place. the interface is clean and easy to navigate, which is huge. i love how you can set priorities, add due dates, and even sync with my calendar. the reminder feature actually works — no more missed deadlines. i also appreciate the dark mode and the ability to customize the color of each task. it’s not perfect, but it’s way better than anything i’ve tried before. i’ve been using it for a few weeks now and i’m hooked. definitely recommend it to anyone who wants to stay on top of their work without the chaos.",True,own_corpus_qwen3_8b,qwen3-8b-instruct
mobile_app,5,adversarial,26,"taskflow is a game-changer. i was so tired of my phone being a chaotic mess, and this app actually helps me stay on top of things without feeling like work. the interface is clean, the features are smart, and it’s super easy to use. i’ve been using it for a month and already feel more in control. definitely recommend it to anyone who wants to get stuff done without the stress.",True,own_corpus_qwen3_8b,qwen3-8b-instruct
mobile_app,5,adversarial,27,"taskflow is a game changer. i’ve tried so many apps, but this one actually works. the interface is clean, the tasks are easy to track, and it keeps me focused. no more missing deadlines. just pure productivity magic.",True,own_corpus_qwen3_8b,qwen3-8b-instruct
mobile_app,5,adversarial,28,"taskflow is a lifesaver. it’s simple, stays out of my way, and actually works. i’ve tried a dozen apps, but this one keeps me focused without the headache. worth every penny.",True,own_corpus_qwen3_8b,qwen3-8b-instruct
mobile_app,3,adversarial,29,"taskflow is okay. it keeps me organized, but the interface feels a bit clunky. sometimes the buttons are hard to tap, and the notifications are too frequent. i like the ability to set reminders, but the app can be slow when syncing across devices. it’s not bad, but there’s room for improvement. would recommend if you need something basic, but don’t expect much in the way of features.",True,own_corpus_qwen3_8b,qwen3-8b-instruct
mobile_app,3,adversarial,30,"taskflow is okay. it helps me keep track of stuff, but the interface feels a bit clunky. sometimes the app lags when adding multiple tasks. the reminders work, but they’re too pushy. i like the ability to group tasks, but the app could use more customization. overall, it’s functional but not amazing.",True,own_corpus_qwen3_8b,qwen3-8b-instruct
mobile_app,1,adversarial,31,"taskflow is a disaster. it crashes every time i try to add a task, and the interface is a mess. i’ve tried everything, but it just doesn’t work. save your time and money, there’s better apps out there.",True,own_corpus_qwen3_8b,qwen3-8b-instruct
mobile_app,5,persona,32,"TaskFlow is a lifesaver! It keeps my kids’ schedules, chores, and my to-dos all in one place. Simple, fast, and reliable—perfect for a chaotic parent on the go. Five stars without a doubt!",True,own_corpus_qwen3_8b,qwen3-8b-instruct
mobile_app,5,persona,33,"I just downloaded TaskFlow and I'm absolutely thrilled! The interface is clean and intuitive, making it easy to organize my tasks. The reminders and progress tracking are game-changers for my productivity. I didn't expect such a seamless experience from a new app—highly recommend! Five stars without a doubt.",True,own_corpus_qwen3_8b,qwen3-8b-instruct
mobile_app,5,persona,34,"TaskFlow is a game-changer! It’s sleek, intuitive, and keeps me organized like a pro. The features are amazing, and the UI is a dream! I’m obsessed! 5 stars all the way!",True,own_corpus_qwen3_8b,qwen3-8b-instruct
mobile_app,5,persona,35,"TaskFlow is a lifesaver! It keeps my family's to-dos organized without slowing me down. Simple, fast, and always syncs across devices. Five stars for saving my sanity during chaos!",True,own_corpus_qwen3_8b,qwen3-8b-instruct
mobile_app,5,persona,36,"TaskFlow has been my go-to app for years—simple, reliable, and keeps me organized without any hiccups. 5 stars!",True,own_corpus_qwen3_8b,qwen3-8b-instruct
mobile_app,5,persona,37,"TaskFlow is a game-changer! This app has completely transformed how I manage my day with its intuitive design and lightning-fast features! The task prioritization is on point, and the reminders are spot-on! I'm obsessed with how easy it is to sync across devices—pure magic! 5 stars without a doubt! 💥✨",True,own_corpus_qwen3_8b,qwen3-8b-instruct
mobile_app,5,persona,38,"TaskFlow is a game-changer—smooth, intuitive, and packed with smart features that outshine competitors. My productivity just got a major boost. 5 stars without a doubt!",True,own_corpus_qwen3_8b,qwen3-8b-instruct
mobile_app,4,persona,39,"TaskFlow has a clean interface and helpful features, but the learning curve is a bit steep. I almost didn’t try it, but now I see its value. Definitely worth a shot if you're looking for a solid task manager.",True,own_corpus_qwen3_8b,qwen3-8b-instruct
mobile_app,4,persona,40,"TaskFlow is a well-designed app that helps me stay organized, though I wish it had more customization options. Four stars.",True,own_corpus_qwen3_8b,qwen3-8b-instruct
mobile_app,4,persona,41,"TaskFlow is a solid productivity app with a clean interface and smart task management. It holds its own against Todoist and Trello, though it lacks some advanced collaboration features. Great for staying organized, but not perfect. 4 stars.",True,own_corpus_qwen3_8b,qwen3-8b-instruct
mobile_app,2,persona,42,"TaskFlow promised to boost my productivity, but it felt more like a distraction. The interface was clunky, and the features didn't live up to the hype. I almost didn't try it, but I'm glad I gave it a shot—just don't expect magic.",True,own_corpus_qwen3_8b,qwen3-8b-instruct
mobile_app,1,persona,43,"Wasted my time with TaskFlow—clunky interface, constant crashes, and no real productivity boost. Not worth the hassle.",True,own_corpus_qwen3_8b,qwen3-8b-instruct
mobile_app,1,persona,44,"TaskFlow is a disaster. Constant crashes, confusing interface, and no real productivity features—just a waste of time.",True,own_corpus_qwen3_8b,qwen3-8b-instruct
mobile_app,5,translate,45,"TaskFlow is an exceptional productivity app that has completely transformed how I manage my daily tasks. The interface is clean and intuitive, making it easy to organize my to-do lists, set reminders, and track progress. What truly sets TaskFlow apart is its powerful scheduling feature and the ability to sync across all my devices seamlessly. I also appreciate the customization options, which allow me to tailor the app to my specific workflow. The app is reliable, fast, and consistently updates with new features that enhance user experience. Whether you're a busy professional or a student, TaskFlow is a must-have tool. I highly recommend it without any hesitation.",True,own_corpus_qwen3_8b,qwen3-8b-instruct
mobile_app,5,translate,46,"TaskFlow is a game-changer for productivity – intuitive, efficient, and keeps me on top of my tasks effortlessly.",True,own_corpus_qwen3_8b,qwen3-8b-instruct
mobile_app,5,translate,47,"TaskFlow is a game-changer for productivity—intuitive, powerful, and keeps me on track all day.",True,own_corpus_qwen3_8b,qwen3-8b-instruct
mobile_app,4,translate,48,"TaskFlow is an excellent productivity app that has truly transformed how I manage my daily tasks. The interface is clean and intuitive, making it easy to navigate even for someone who isn't tech-savvy. One of the best features is the ability to set reminders and prioritize tasks effectively. The app also syncs across all my devices, which is a huge plus. I especially appreciate the customization options, allowing me to tailor the app to my workflow. While there is room for improvement in terms of advanced features, TaskFlow is a solid choice for anyone looking to boost their productivity. I would highly recommend it to anyone in search of a reliable task management tool.",True,own_corpus_qwen3_8b,qwen3-8b-instruct
mobile_app,2,translate,49,"The app has a nice interface, but it lacks essential features like task prioritization and calendar integration. It's hard to manage multiple projects, and the notifications are too frequent and annoying. The app crashes often, especially when syncing with other services. Although the design is clean, the overall experience is frustrating. It feels like the developers didn't consider real user needs. I expected more from a productivity tool. TaskFlow is not reliable and doesn't meet my expectations. I would not recommend it to others.",True,own_corpus_qwen3_8b,qwen3-8b-instruct
skincare_product,5,naive,0,"GlowRenew is an absolute game-changer for my skincare routine! As someone with sensitive skin, I was initially cautious, but this serum has exceeded all my expectations. The texture is lightweight and absorbs quickly without leaving any greasy residue. Within a week, I noticed a visible improvement in my skin's texture and radiance. The ingredients are clean and nourishing, with a pleasant, subtle scent that's not overpowering. I love that it's suitable for all skin types and has no harsh chemicals. The packaging is sleek and eco-friendly, which is a plus. I've been using it daily for over a month now, and my skin feels healthier, more hydrated, and visibly brighter. I highly recommend GlowRenew to anyone looking",True,own_corpus_qwen3_8b,qwen3-8b-instruct
skincare_product,5,naive,1,"GlowRenew is a game-changer for my skincare routine! The serum absorbs quickly and leaves my skin feeling deeply hydrated and radiant. I’ve noticed a visible improvement in texture and brightness within days. It’s lightweight, non-greasy, and works well with other products. I’m thrilled with the results and will definitely repurchase. Five stars!",True,own_corpus_qwen3_8b,qwen3-8b-instruct
skincare_product,5,naive,2,"GlowRenew is a game-changer—my skin feels radiant, hydrated, and renewed in just days!",True,own_corpus_qwen3_8b,qwen3-8b-instruct
skincare_product,5,naive,3,"GlowRenew transformed my skin—bright, hydrated, and radiant in just days!",True,own_corpus_qwen3_8b,qwen3-8b-instruct
skincare_product,5,naive,4,"GlowRenew is an absolute game-changer for my skincare routine! As someone with sensitive skin, I was hesitant to try new products, but this serum exceeded all my expectations. The texture is lightweight and absorbs quickly without leaving any greasy residue. I noticed a visible improvement in my skin’s texture and radiance within just a week. My complexion looks more even and hydrated, and the subtle scent is calming and pleasant. What really stands out is how gentle it is—no irritation, no breakouts. I’ve used it morning and night, and it works well with my moisturizer and sunscreen. I’m impressed with the quality and results, and I’ll definitely be repurchasing. Five stars without a doubt!",True,own_corpus_qwen3_8b,qwen3-8b-instruct
skincare_product,5,naive,5,"GlowRenew is a game-changer! My skin has never felt this hydrated and radiant. The lightweight formula absorbs quickly without leaving a greasy residue. I’ve noticed a significant improvement in texture and brightness within a week. It’s a must-have for anyone looking to achieve a healthy, glowing complexion. 5 stars without a doubt!",True,own_corpus_qwen3_8b,qwen3-8b-instruct
skincare_product,5,naive,6,"GlowRenew is a game-changer for my skincare routine! The serum absorbs quickly and leaves my skin feeling incredibly soft and radiant. I’ve noticed a visible improvement in my complexion within weeks. It’s lightweight, non-greasy, and works well under makeup. I’m thoroughly impressed and would highly recommend it to anyone looking for a reliable, effective serum.",True,own_corpus_qwen3_8b,qwen3-8b-instruct
skincare_product,5,naive,7,"GlowRenew is a game-changer for my skincare routine! The moment I applied it, I noticed a noticeable difference in my skin's texture and brightness. It absorbs quickly without leaving any greasy residue, making it perfect for my oily skin. The blend of hyaluronic acid and vitamin C works wonders in hydrating and brightening my complexion. I've seen a significant reduction in dark spots and a more even skin tone within just a few weeks. The scent is subtle and pleasant, and the packaging is sleek and eco-friendly. I highly recommend GlowRenew to anyone looking for a powerful yet gentle serum that delivers real results. Five stars without a doubt!",True,own_corpus_qwen3_8b,qwen3-8b-instruct
skincare_product,5,naive,8,"GlowRenew is a game-changer for my skincare routine! As someone with sensitive skin, I was initially cautious, but this serum exceeded my expectations. It absorbs quickly without leaving any greasy residue, and my skin feels noticeably softer and more radiant after just a few days. The lightweight formula is easy to layer under moisturizer and makeup, making it a perfect addition to my morning and nighttime routine. I love the subtle, fresh scent and the natural ingredients like hyaluronic acid and vitamin C that leave my skin hydrated and glowing. The results are consistent, and I’ve seen a visible improvement in my skin’s texture and overall appearance. I would highly recommend GlowRenew to anyone looking for a high-quality, effective serum that delivers",True,own_corpus_qwen3_8b,qwen3-8b-instruct
skincare_product,5,naive,9,"GlowRenew is a game-changer for my skincare routine! The serum absorbs quickly and leaves my skin feeling incredibly smooth and radiant. I've noticed a visible improvement in my complexion within days. It's lightweight, non-greasy, and packed with powerful ingredients. I'll definitely be repurchasing this gem!",True,own_corpus_qwen3_8b,qwen3-8b-instruct
skincare_product,5,naive,10,GlowRenew is a game-changer! My skin feels instantly refreshed and radiant. The lightweight formula absorbs quickly without leaving a greasy residue. I’ve never had such a noticeable glow after just one use. Highly recommend!,True,own_corpus_qwen3_8b,qwen3-8b-instruct
skincare_product,5,naive,11,"GlowRenew is an absolute game-changer for my skincare routine! As someone with sensitive skin, I was initially hesitant, but this serum exceeded all my expectations. The lightweight formula absorbs quickly without any greasy residue, and I’ve noticed a visible improvement in my skin’s texture and radiance within just a week. My complexion looks more even and glowing, with reduced redness and a healthier sheen. The natural ingredients are a huge plus, and I love that it’s free from harsh chemicals. The scent is subtle and pleasant, making it a pleasure to apply every morning. I highly recommend GlowRenew to anyone looking for a powerful, gentle serum that delivers real results. Five stars without a doubt!",True,own_corpus_qwen3_8b,qwen3-8b-instruct
skincare_product,4,naive,12,"GlowRenew is a game-changer for my skincare routine. The lightweight formula absorbs quickly without leaving a greasy residue. I've noticed a noticeable improvement in my skin's texture and radiance within a week. It's gentle yet effective, and I love that it's suitable for all skin types. Highly recommend!",True,own_corpus_qwen3_8b,qwen3-8b-instruct
skincare_product,4,naive,13,"GlowRenew is a game-changer for my skincare routine. The lightweight formula absorbs quickly without leaving a greasy residue. I've noticed a visible improvement in my skin’s texture and radiance within a week. It feels gentle yet effective, and I love that it’s packed with hydrating and brightening ingredients. Definitely recommend for anyone looking to achieve a healthy, glowing complexion.",True,own_corpus_qwen3_8b,qwen3-8b-instruct
skincare_product,4,naive,14,"GlowRenew is a game-changer! My skin feels noticeably brighter and smoother after just a few uses. Lightweight and effective, it's a must-have for a radiant glow.",True,own_corpus_qwen3_8b,qwen3-8b-instruct
skincare_product,4,naive,15,"GlowRenew is a fantastic addition to my skincare routine! The serum has a light, non-greasy texture that absorbs quickly into the skin. I've noticed a visible improvement in my skin's texture and brightness within a week of consistent use. The formula is gentle yet effective, making it suitable for sensitive skin. I appreciate the blend of hyaluronic acid and vitamin C, which together provide hydration and a radiant glow. The scent is subtle and pleasant, adding to the overall experience. While it's a bit pricey, the results justify the cost. I would highly recommend GlowRenew to anyone looking for a reliable, high-performing serum that delivers visible results over time.",True,own_corpus_qwen3_8b,qwen3-8b-instruct
skincare_product,4,naive,16,"GlowRenew is a game-changer for my skincare routine. The texture is light and absorbs quickly, leaving my skin feeling refreshed. I’ve noticed a visible improvement in texture and brightness within a week. It’s gentle yet effective, and I love that it doesn’t irritate my sensitive skin. A must-try for anyone looking to enhance their glow.",True,own_corpus_qwen3_8b,qwen3-8b-instruct
skincare_product,2,naive,17,"GlowRenew left my skin feeling dry and irritated. The texture was thick and hard to absorb. I expected more radiant results, but it didn’t deliver. Disappointed with the product.",True,own_corpus_qwen3_8b,qwen3-8b-instruct
skincare_product,1,naive,18,GlowRenew left my skin feeling irritated and dry. The texture was thick and difficult to apply. I noticed no improvement in my complexion. Disappointed with the results and the overall experience.,True,own_corpus_qwen3_8b,qwen3-8b-instruct
skincare_product,1,naive,19,"I am extremely disappointed with GlowRenew. The serum arrived with a strange, chemical-like smell that immediately made me wary. Upon application, it felt heavy and greasy, leaving a noticeable residue on my skin. My skin reacted badly, developing redness, irritation, and breakouts within days. The packaging was unappealing and not eco-friendly, which was a letdown given the product's marketing. The results were nonexistent; my skin didn't glow, renew, or improve in any way. The price was way too high for such a poor product. I would not recommend GlowRenew to anyone. It’s a waste of money and time.",True,own_corpus_qwen3_8b,qwen3-8b-instruct
skincare_product,1,naive,20,"GlowRenew left me disappointed. The serum felt油腻 and didn’t absorb well into my skin. It caused irritation and breakouts, making my skin worse. The scent was overpowering and unpleasant. I expected better results but ended up with more issues. Not worth the money or the hassle.",True,own_corpus_qwen3_8b,qwen3-8b-instruct
skincare_product,1,naive,21,"GlowRenew left my skin feeling irritated and dry. The texture was thick and hard to absorb. I noticed no improvement in my complexion. Disappointing product, not worth the price.",True,own_corpus_qwen3_8b,qwen3-8b-instruct
skincare_product,5,adversarial,22,"glowrenew is a game-changer. my skin feels softer, brighter, and way more balanced since i started using it.",True,own_corpus_qwen3_8b,qwen3-8b-instruct
skincare_product,5,adversarial,23,"i’ve been using glowrenew for about a month now and i’m obsessed. it’s not that fancy packaging or anything, but the serum itself is a game changer. my skin has never felt this hydrated without feeling greasy. it absorbs so fast, which is a huge plus for someone who hates waiting. i’ve noticed a real difference in my texture—less dryness, more even tone. i apply it in the morning and it gives my skin that fresh, awake look. i also use it at night and it feels like my skin is getting a little extra love. the scent is light and not overpowering, which i love. i’ve had some breakouts lately, but glowrenew hasn’t irritated my skin at all.",True,own_corpus_qwen3_8b,qwen3-8b-instruct
skincare_product,5,adversarial,24,"glowrenew is a game changer. i’ve used a bunch of serums, but this one actually works. it feels light, doesn’t irritate, and my skin has been glowing since day one. the texture is nice, not too thick, and it absorbs fast. i’m impressed. definitely worth the money.",True,own_corpus_qwen3_8b,qwen3-8b-instruct
skincare_product,5,adversarial,25,"glowrenew is a game changer. my skin feels softer, brighter, and way more balanced. i’ve been using it morning and night and it’s actually working. no more breakouts or dry patches. legit love it.",True,own_corpus_qwen3_8b,qwen3-8b-instruct
skincare_product,5,adversarial,26,"glowrenew is a game-changer. my skin feels softer, brighter, and way more balanced since i started using it.",True,own_corpus_qwen3_8b,qwen3-8b-instruct
skincare_product,5,adversarial,27,"glowrenew is a game-changer. i’ve been using it for a month and my skin feels way more balanced. it’s lightweight, absorbs fast, and doesn’t leave that greasy residue. i’ve noticed less redness and my skin looks brighter, like it’s naturally glowing. i’m not into fancy skincare, but this one actually works. would recommend to anyone looking for something simple but effective.",True,own_corpus_qwen3_8b,qwen3-8b-instruct
skincare_product,5,adversarial,28,"glowrenew is a game changer. i’ve been using it for a month and my skin feels so much softer and brighter. it absorbs quickly without that sticky residue, which i hate. the scent is subtle and not overwhelming. i’ve noticed less redness and my complexion looks more even. definitely worth the investment.",True,own_corpus_qwen3_8b,qwen3-8b-instruct
skincare_product,3,adversarial,29,"glowrenew is okay. it doesn’t do much for my skin, but it’s not terrible. feels a bit heavy, and i didn’t notice much of a difference after a week. maybe it works for others, but i’ll pass.",True,own_corpus_qwen3_8b,qwen3-8b-instruct
skincare_product,3,adversarial,30,"glowrenew is okay, not game changing but it keeps my skin feeling balanced and slightly brighter over time.",True,own_corpus_qwen3_8b,qwen3-8b-instruct
skincare_product,1,adversarial,31,"glowrenew was a huge letdown. i was super excited because the packaging looked so clean and the ingredients seemed legit, but once i started using it, my skin just didn’t react well. it felt way too heavy for my oily skin, and after a few days, i noticed more breakouts and redness. the scent was overwhelming too—like a strong floral that didn’t fade. i tried using it less, but it still left my face feeling sticky and not refreshed. honestly, i feel like i wasted money. there’s no real glow or renewal, just a bunch of fancy terms. i’d skip this one and go for something simpler. no stars, just a big thumbs down.",True,own_corpus_qwen3_8b,qwen3-8b-instruct
skincare_product,5,persona,32,"I was skeptical about another serum, but GlowRenew surprised me. It’s lightweight, absorbs fast, and my skin has never looked brighter. Worth every drop!",True,own_corpus_qwen3_8b,qwen3-8b-instruct
skincare_product,5,persona,33,"GlowRenew is a game-changer! As a busy parent, I need results fast—this serum works in minutes, leaving my skin glowing and refreshed. It’s a must-have for tired, overworked moms who want to feel radiant on the go. 5 stars!",True,own_corpus_qwen3_8b,qwen3-8b-instruct
skincare_product,5,persona,34,"GlowRenew has transformed my skin—glowy, even, and radiant. I’ve been hooked for years!",True,own_corpus_qwen3_8b,qwen3-8b-instruct
skincare_product,5,persona,35,"I am thoroughly impressed with the GlowRenew serum. As someone who has spent decades in education, I value quality and consistency, and this product delivers both. The formula is lightweight yet nourishing, absorbing quickly without leaving a greasy residue. I noticed a visible improvement in my skin's texture and tone within a week of regular use. The natural ingredients are soothing and gentle, making it suitable for my sensitive skin. I appreciate the clean, minimalist packaging and the thoughtful inclusion of a pH balance indicator. GlowRenew has become a staple in my nightly routine, and I would highly recommend it to anyone seeking a reliable, effective skincare solution. Five stars without hesitation.",True,own_corpus_qwen3_8b,qwen3-8b-instruct
skincare_product,5,persona,36,"GlowRenew is a game-changer! As a busy parent, I need results fast, and this serum delivers. My skin feels refreshed and radiant in minutes—no more waiting. Highly recommend! 5 stars!",True,own_corpus_qwen3_8b,qwen3-8b-instruct
skincare_product,5,persona,37,"GlowRenew transformed my skin—bright, smooth, and radiant. I was skeptical, but now I can't imagine my routine without it.",True,own_corpus_qwen3_8b,qwen3-8b-instruct
skincare_product,5,persona,38,"GlowRenew has transformed my skin, leaving it radiant and refreshed—truly a standout product worthy of five stars.",True,own_corpus_qwen3_8b,qwen3-8b-instruct
skincare_product,4,persona,39,"I recently tried the GlowRenew serum and I'm really happy with the results! As someone with sensitive skin, I was a bit nervous about trying a new product, but this one felt gentle yet effective. The texture is lightweight and absorbs quickly without leaving any greasy residue. After just a few weeks, I noticed my skin looked more even and had a healthy glow. It doesn't irritate my skin, which is a big plus. I also appreciate the natural ingredients and the calming scent. While it's not a miracle worker, it's definitely made a noticeable difference in my routine. I'd recommend it to anyone looking for a reliable, skin-friendly serum that delivers real results.",True,own_corpus_qwen3_8b,qwen3-8b-instruct
skincare_product,4,persona,40,"GlowRenew is a decent serum with a nice texture and mild scent. It didn't do much for my skin, but it didn't irritate either. I'll keep it in my routine just in case. Not a game-changer, but not bad either.",True,own_corpus_qwen3_8b,qwen3-8b-instruct
skincare_product,4,persona,41,"GlowRenew delivers a subtle yet effective glow, leaving my skin feeling refreshed and balanced—excellent for my mature complexion.",True,own_corpus_qwen3_8b,qwen3-8b-instruct
skincare_product,2,persona,42,"I've been using GlowRenew for over two years now, and honestly, I can't say I'm happy. The first few weeks, I thought it was working—my skin felt a little smoother. But then it started to irritate me. My face would break out in tiny red bumps, and my skin felt dry and tight. I've tried it on different parts of my face, and it just doesn't seem to agree with me. I've read reviews where people love it, but my experience has been the opposite. I've even tried switching to other serums, and my skin reacts much better. I wish I had known it wasn't for me sooner. It's a shame because I was hoping for something that would really",True,own_corpus_qwen3_8b,qwen3-8b-instruct
skincare_product,1,persona,43,"GlowRenew is a disaster. I tried it for a week, and my skin got super dry and red. It smells weird, like chemicals. The texture is gross, and it doesn’t really do anything. Waste of money. Don’t buy it. I’m going back to my old routine.",True,own_corpus_qwen3_8b,qwen3-8b-instruct
skincare_product,1,persona,44,"This serum was a huge disappointment. It felt greasy, didn't absorb well, and my skin broke out. Not worth the price or the wait. Will never buy again.",True,own_corpus_qwen3_8b,qwen3-8b-instruct
skincare_product,5,translate,45,"Revitalizes my skin, leaves it radiant and healthy. Perfect serum for a glowing complexion.",True,own_corpus_qwen3_8b,qwen3-8b-instruct
skincare_product,5,translate,46,"After using GlowRenew for a month, my skin has never looked better! The serum is lightweight and absorbs quickly without leaving a greasy residue. My skin feels noticeably smoother and more radiant, with a visible reduction in dark spots and fine lines. The scent is subtle and pleasant, making it a joy to apply every morning. I love that it’s cruelty-free and formulated with natural ingredients. It has become a staple in my skincare routine. I would highly recommend GlowRenew to anyone looking for a powerful, effective serum that delivers real results. It’s definitely worth the investment!",True,own_corpus_qwen3_8b,qwen3-8b-instruct
skincare_product,5,translate,47,"This serum has transformed my skin! It's lightweight, absorbs quickly, and leaves a radiant glow. My skin feels softer and more even. I've noticed a visible improvement in texture and clarity. I would highly recommend GlowRenew to anyone looking for a reliable, effective serum.",True,own_corpus_qwen3_8b,qwen3-8b-instruct
skincare_product,4,translate,48,"GlowRenew es un sérum efectivo que mejora la piel, deja una sensación suave y deja un brillo natural.",True,own_corpus_qwen3_8b,qwen3-8b-instruct
skincare_product,2,translate,49,The serum didn't improve my skin; it felt heavy and caused breakouts. I would not recommend it.,True,own_corpus_qwen3_8b,qwen3-8b-instruct
gym,5,naive,0,"Iron Peak Fitness is amazing! The trainers are knowledgeable, the equipment is top-notch, and the atmosphere is motivating. I've seen incredible progress in just a few weeks—highly recommend!",True,own_corpus_qwen3_8b,qwen3-8b-instruct
gym,5,naive,1,"Exceptional training environment, top-notch equipment, and dedicated coaches make Iron Peak Fitness a 5-star gem.",True,own_corpus_qwen3_8b,qwen3-8b-instruct
gym,5,naive,2,"Iron Peak Fitness is an exceptional gym that truly delivers on all fronts. From the moment I walked in, the atmosphere was welcoming and motivating. The facility is well-maintained with state-of-the-art equipment and plenty of space to move freely. The staff are knowledgeable, friendly, and always ready to assist. What sets Iron Peak apart is the variety of classes and personal training options that cater to all fitness levels. I’ve seen incredible progress in my strength and endurance since joining. The cleanliness and organization of the gym are top-notch, making it a pleasure to work out. Whether you're a beginner or a seasoned athlete, Iron Peak Fitness offers the tools and support needed to achieve your goals. Five stars without a doubt!",True,own_corpus_qwen3_8b,qwen3-8b-instruct
gym,5,naive,3,Iron Peak Fitness is an amazing gym with top-notch equipment and a welcoming atmosphere. The trainers are knowledgeable and genuinely care about your progress. The variety of classes and personal training options make it easy to stay motivated. I've seen incredible results in just a few weeks—highly recommend!,True,own_corpus_qwen3_8b,qwen3-8b-instruct
gym,5,naive,4,"Iron Peak Fitness is an exceptional gym with top-notch equipment and friendly staff. The trainers are knowledgeable and motivating, making every workout effective and enjoyable. Highly recommend!",True,own_corpus_qwen3_8b,qwen3-8b-instruct
gym,5,naive,5,"Exceptional workouts, knowledgeable staff, and a welcoming atmosphere—Iron Peak Fitness is a top-notch gym experience!",True,own_corpus_qwen3_8b,qwen3-8b-instruct
gym,5,naive,6,"Iron Peak Fitness is an incredible gym that delivers on every level. From the moment I walked in, the atmosphere was welcoming and motivating. The facility is clean, well-maintained, and equipped with state-of-the-art machines and free weights. The staff is knowledgeable, friendly, and always ready to help. What truly sets Iron Peak apart is the variety of classes and personal training options. Whether I'm looking for a HIIT session or a strength training workout, there's something for everyone. The community feel is amazing—everyone is supportive and pushes each other to do better. I've seen real progress in my fitness journey here. If you're serious about getting in shape, Iron Peak Fitness is the place to be. Five stars without a doubt",True,own_corpus_qwen3_8b,qwen3-8b-instruct
gym,5,naive,7,"Iron Peak Fitness is an outstanding gym with top-notch equipment and a welcoming atmosphere. The staff is knowledgeable and supportive, making it easy to stay motivated. The variety of classes and personal training options keeps workouts fun and effective. I've seen real progress and would highly recommend it to anyone looking to reach their fitness goals. Five stars!",True,own_corpus_qwen3_8b,qwen3-8b-instruct
gym,5,naive,8,"Exceptional training environment, knowledgeable staff, and results-driven programs—Iron Peak Fitness delivers beyond expectations.",True,own_corpus_qwen3_8b,qwen3-8b-instruct
gym,5,naive,9,"Transformative workouts, amazing staff, and a welcoming community—Iron Peak Fitness is the best!",True,own_corpus_qwen3_8b,qwen3-8b-instruct
gym,5,naive,10,"Iron Peak Fitness is an outstanding gym that has completely transformed my fitness journey. The facility is well-maintained, clean, and equipped with state-of-the-art machines and free weights. The staff is friendly, knowledgeable, and always ready to offer guidance. What truly sets Iron Peak apart is the welcoming community atmosphere—it feels like a family. The trainers are incredibly supportive and tailor programs to individual goals, whether you're a beginner or an advanced athlete. The variety of classes and equipment ensures there's something for everyone. I've seen incredible progress in my strength and endurance since joining. Highly recommend Iron Peak Fitness to anyone looking for a top-notch gym experience. Five stars without a doubt!",True,own_corpus_qwen3_8b,qwen3-8b-instruct
gym,5,naive,11,"Iron Peak Fitness is an exceptional gym with top-notch equipment and a welcoming atmosphere. The trainers are knowledgeable and passionate, making workouts both effective and enjoyable. The clean environment and flexible hours make it easy to stay consistent. I highly recommend Iron Peak Fitness for anyone serious about their fitness journey. Five stars without a doubt!",True,own_corpus_qwen3_8b,qwen3-8b-instruct
gym,4,naive,12,"Iron Peak Fitness offers great equipment and friendly staff, but the crowded atmosphere can be overwhelming during peak hours.",True,own_corpus_qwen3_8b,qwen3-8b-instruct
gym,4,naive,13,"Iron Peak Fitness is an excellent gym that delivers on its promise of a challenging and supportive workout environment. The facility is well-maintained, with modern equipment and clean, spacious areas. The trainers are knowledgeable and genuinely care about members' progress, offering personalized guidance that helps you reach your fitness goals. The atmosphere is motivating, with a strong sense of community among members. I’ve noticed significant improvements in my strength and endurance since joining. The variety of classes and equipment options keeps workouts interesting and effective. While the membership fee is on the higher side, the value and results justify the cost. Overall, Iron Peak Fitness is a top-notch gym that's worth the investment for anyone serious about their fitness journey.",True,own_corpus_qwen3_8b,qwen3-8b-instruct
gym,4,naive,14,"Iron Peak Fitness is an excellent gym that delivers on its promise of a challenging and supportive environment. The facility is well-maintained, with modern equipment and a clean, motivating atmosphere. The trainers are knowledgeable and genuinely care about their members' progress. I've noticed significant improvements in my strength and overall fitness since joining. The variety of classes and programs keeps things interesting and helps prevent burnout. The community feel is welcoming, making it easy to stay consistent. While the membership is a bit pricey, the value is worth it given the quality of service and amenities. I would highly recommend Iron Peak Fitness to anyone looking for a serious workout environment.",True,own_corpus_qwen3_8b,qwen3-8b-instruct
gym,4,naive,15,"Iron Peak Fitness offers a great mix of strength training and cardio equipment. The staff is friendly and helpful, making it easy to stay motivated. The clean, well-maintained facilities and varied workout options keep things interesting. While the crowd can get busy, the atmosphere is welcoming. A solid 4-star experience overall.",True,own_corpus_qwen3_8b,qwen3-8b-instruct
gym,4,naive,16,"Iron Peak Fitness offers great equipment and friendly staff, but the wait times could be shorter.",True,own_corpus_qwen3_8b,qwen3-8b-instruct
gym,2,naive,17,"Iron Peak Fitness is a disappointing experience. The facility is clean, but the equipment is outdated and in poor condition. Many machines are broken or difficult to use, making workouts frustrating. The staff is unhelpful and unresponsive, offering little guidance or support. The locker rooms are basic and lack privacy. While the location is convenient, the overall atmosphere feels impersonal and disorganized. As someone looking for a motivating and well-maintained gym environment, I was let down. The pricing is steep for the lack of quality and service. I won't be returning and wouldn't recommend this gym to others.",True,own_corpus_qwen3_8b,qwen3-8b-instruct
gym,1,naive,18,"Iron Peak Fitness is a complete disappointment. The equipment is outdated, the staff is unhelpful, and the atmosphere is toxic. I've tried multiple times to get a good workout, but it's always crowded and uncomfortable. I won't be returning and don't recommend this gym to anyone.",True,own_corpus_qwen3_8b,qwen3-8b-instruct
gym,1,naive,19,"Iron Peak Fitness is a complete disappointment. The equipment is outdated, the staff is unhelpful, and the atmosphere is hostile. I’ve never felt welcome here. The promised discounts never materialized, and the gym feels more like a money trap than a place to get fit. I’ll never return.",True,own_corpus_qwen3_8b,qwen3-8b-instruct
gym,1,naive,20,"Wasted my money and time. Terrible equipment, unprofessional staff, and no real results.",True,own_corpus_qwen3_8b,qwen3-8b-instruct
gym,1,naive,21,"I regret visiting Iron Peak Fitness. The experience was terrible from the start. The facility is dirty, with old equipment that feels unsafe. The staff was unhelpful and unprofessional, ignoring members' needs. The atmosphere was hostile, and I felt unwelcome. The locker rooms were in disarray, and the showers were broken. The pricing is way over the top for the poor service and outdated amenities. There's no sense of community or motivation here. I would not recommend this gym to anyone. It's clear that management doesn't care about member satisfaction. My time at Iron Peak Fitness was a complete waste of money and time.",True,own_corpus_qwen3_8b,qwen3-8b-instruct
gym,5,adversarial,22,"i’ve been going to iron peak for a few months now and it’s honestly changed my life. the trainers are chill but push you hard when you need it. the equipment is solid, the vibe is real, and the place is always clean. i’ve gained so much confidence and actually enjoy working out now. definitely worth the membership.",True,own_corpus_qwen3_8b,qwen3-8b-instruct
gym,5,adversarial,23,loved the vibe here. coaches are chill but push you hard. the equipment is solid and clean. never felt rushed. the community feels real. definitely worth the drive. would recommend to anyone looking to actually get after it.,True,own_corpus_qwen3_8b,qwen3-8b-instruct
gym,5,adversarial,24,"loved the vibe here. trainers are real, not salesy. equipment is solid, clean, and enough to get a good workout. the community feels genuine. definitely worth the membership. would recommend to anyone looking for a real gym.",True,own_corpus_qwen3_8b,qwen3-8b-instruct
gym,5,adversarial,25,"i’ve been going to iron peak fitness for about 6 months now, and honestly, it’s been a game changer. the vibe here is real — no fake smiles or generic workouts. the trainers are chill but know their stuff, and they actually care about your progress. the equipment is solid, not that beat-up stuff you see at some gyms. the layout is clean and functional, and the lighting makes it feel more like a training space than a crowded gym. i’ve made some solid gains and even met some cool people here. the pricing is fair, and they’ve got a good mix of cardio and strength areas. the only thing i’d say is that it’s a bit crowded during peak hours, but that’s to be expected",True,own_corpus_qwen3_8b,qwen3-8b-instruct
gym,5,adversarial,26,"i’ve been going to iron peak fitness for a few months now and i’m hooked. the vibe is solid, the equipment is clean and well maintained, and the trainers are actually helpful. no fluff, just straight talk and real progress. the community here feels genuine, not some sales pitch. if you’re looking for a place that’s more than just a gym, this is it. definitely recommend.",True,own_corpus_qwen3_8b,qwen3-8b-instruct
gym,5,adversarial,27,"loved the vibe here. trainers are real pros, not flexy bros. the equipment is solid, clean, and always maintained. no long lines, no drama. just get after it. best workout spot in the area. 5 stars solid.",True,own_corpus_qwen3_8b,qwen3-8b-instruct
gym,5,adversarial,28,"best gym ever, actually. the trainers are legit, the vibe is real, and the results? don’t even get me started.",True,own_corpus_qwen3_8b,qwen3-8b-instruct
gym,3,adversarial,29,"iron peak fitness is okay. the equipment is decent, but nothing special. the vibe is pretty chill, no judgment. the trainers are friendly but not super knowledgeable. the location is a bit out of the way, but worth it if you’re into the vibe. not the best gym i’ve been to, but it gets the job done. would come back if i had to, but i’m not crazy about it.",True,own_corpus_qwen3_8b,qwen3-8b-instruct
gym,3,adversarial,30,"iron peak fitness is okay. the equipment is decent, but nothing fancy. the staff is friendly enough, but the vibe feels a bit too intense for some. i’ve been going a few times a week and it’s helping me stay consistent. the prices are reasonable, but the locker room could use a bit of a refresh. not the best gym i’ve been to, but it gets the job done.",True,own_corpus_qwen3_8b,qwen3-8b-instruct
gym,1,adversarial,31,"the vibe was okay, but the place feels more like a warehouse than a gym. equipment was old, staff barely acknowledged me, and the vibe was way too intense for my comfort. wouldn’t recommend to anyone looking for a friendly workout spot.",True,own_corpus_qwen3_8b,qwen3-8b-instruct
gym,5,persona,32,"Iron Peak Fitness saves me time with quick, effective workouts—perfect for a busy parent juggling three kids and a hectic schedule.",True,own_corpus_qwen3_8b,qwen3-8b-instruct
gym,5,persona,33,"Iron Peak Fitness outperforms every gym I've tried. The state-of-the-art equipment, knowledgeable staff, and killer atmosphere make it a top-tier experience. Compared to other gyms, Iron Peak offers better personal training options and a more motivating environment. It's not just a gym—it's a lifestyle upgrade. 5 stars without a doubt!",True,own_corpus_qwen3_8b,qwen3-8b-instruct
gym,5,persona,34,"I was hesitant to try Iron Peak Fitness, but the atmosphere and trainer support made all the difference. The workouts are intense, effective, and the community is welcoming. Definitely worth every penny!",True,own_corpus_qwen3_8b,qwen3-8b-instruct
gym,5,persona,35,"Iron Peak Fitness is a lifesaver! As a busy parent of three, I love the flexible hours and friendly staff. The workouts are effective, and the atmosphere is motivating. Highly recommend! 5 stars!",True,own_corpus_qwen3_8b,qwen3-8b-instruct
gym,5,persona,36,"Iron Peak Fitness has transformed my life—stronger, healthier, and more confident. Best gym experience ever!",True,own_corpus_qwen3_8b,qwen3-8b-instruct
gym,5,persona,37,"Iron Peak Fitness is an absolute game-changer! The vibe is electric, the trainers are fire, and the results? Unreal! Every session feels like a victory. I’ve never been this motivated! 5 stars for the best gym ever! 💪🔥🔥🔥🔥🔥",True,own_corpus_qwen3_8b,qwen3-8b-instruct
gym,5,persona,38,"Iron Peak Fitness is a lifesaver! As a busy parent of three, I love the flexibility and results. The staff is friendly, the workouts are effective, and I finally feel strong again—without sacrificing family time. Five stars!",True,own_corpus_qwen3_8b,qwen3-8b-instruct
gym,4,persona,39,"I almost didn’t try Iron Peak Fitness, but the friendly staff and clean equipment made me stay. The workouts are tough but effective—great for pushing limits. Could be better with more class options, but overall a solid 4-star experience.",True,own_corpus_qwen3_8b,qwen3-8b-instruct
gym,4,persona,40,Iron Peak Fitness offers a welcoming environment with skilled trainers and well-maintained equipment—well worth the membership fee.,True,own_corpus_qwen3_8b,qwen3-8b-instruct
gym,4,persona,41,"Iron Peak Fitness is a lifesaver! As a busy parent of three, I love the flexible hours and efficient workouts. The staff is friendly and motivating. Definitely worth the time and money—highly recommend!",True,own_corpus_qwen3_8b,qwen3-8b-instruct
gym,2,persona,42,"I almost didn’t try Iron Peak Fitness, but the hype was too much. Disappointed—basic equipment, crowded, and the trainers were unhelpful. Not worth the membership fee.",True,own_corpus_qwen3_8b,qwen3-8b-instruct
gym,1,persona,43,"The gym is a disappointing waste of time and money; poor equipment, untrained staff, and an unwelcoming atmosphere.",True,own_corpus_qwen3_8b,qwen3-8b-instruct
gym,1,persona,44,"Waste of time and money. Poor equipment, dirty, and the staff couldn't care less about members.",True,own_corpus_qwen3_8b,qwen3-8b-instruct
gym,5,translate,45,Exceptional gym with top-notch equipment and friendly staff. The atmosphere is motivating and supportive. Highly recommend for anyone serious about their fitness journey. 5 stars without a doubt.,True,own_corpus_qwen3_8b,qwen3-8b-instruct
gym,5,translate,46,"Excellent service, friendly staff, and top-notch equipment. Iron Peak Fitness offers a motivating environment that helps you reach your fitness goals. Highly recommend!",True,own_corpus_qwen3_8b,qwen3-8b-instruct
gym,5,translate,47,"Exceptional training, friendly staff, and motivating environment. Highly recommend Iron Peak Fitness!",True,own_corpus_qwen3_8b,qwen3-8b-instruct
gym,4,translate,48,"The gym at Iron Peak Fitness is an excellent place for anyone serious about their fitness journey. The facility is well-maintained, with modern equipment and a clean environment. The trainers are knowledgeable and always ready to assist. The atmosphere is motivating and supportive, making it easy to stay committed. The variety of classes and equipment ensures that there's something for everyone, whether you're a beginner or an advanced athlete. The staff is friendly and professional, creating a welcoming environment. I would highly recommend Iron Peak Fitness to anyone looking for a great gym experience.",True,own_corpus_qwen3_8b,qwen3-8b-instruct
gym,2,translate,49,"The gym is quite large and well-equipped, but the experience is far from ideal. The equipment is old and often broken, which makes it difficult to work out comfortably. The staff is unhelpful and not very knowledgeable, and they don’t seem to care about members' needs. The atmosphere is noisy and chaotic, making it hard to focus. There’s a lack of cleanliness in some areas, which is concerning. Although the price is reasonable, the overall quality doesn’t match. I’m not satisfied with the services provided and would not recommend Iron Peak Fitness to others.",True,own_corpus_qwen3_8b,qwen3-8b-instruct
plumber_service,5,naive,0,"QuickFix Plumbing saved the day! They arrived fast, fixed the leak in minutes, and were friendly and professional. Highly recommend for reliable, quick service! 5 stars!",True,own_corpus_qwen3_8b,qwen3-8b-instruct
plumber_service,5,naive,1,"QuickFix Plumbing deserves a solid 5-star rating! From the moment I called them, their team was professional, courteous, and genuinely concerned about my issue. They arrived within 30 minutes, which was a huge relief after a leak had been going on for days. The technician was knowledgeable and explained everything clearly, making sure I understood the problem and the solution. They fixed the leak efficiently without any unnecessary charges, and even offered tips to prevent future issues. The price was fair, and the follow-up was thoughtful. I would highly recommend QuickFix Plumbing to anyone needing reliable and trustworthy plumbing services. They truly go above and beyond!",True,own_corpus_qwen3_8b,qwen3-8b-instruct
plumber_service,5,naive,2,"QuickFix Plumbing saved the day! They arrived promptly, diagnosed the leak quickly, and fixed it efficiently. The team was professional and friendly, and the price was fair. I’d highly recommend their service for any plumbing needs. Five stars without a doubt!",True,own_corpus_qwen3_8b,qwen3-8b-instruct
plumber_service,5,naive,3,"QuickFix Plumbing saved the day! They arrived promptly, diagnosed the issue quickly, and fixed the leak in no time. The technician was professional and friendly, and the price was fair. Highly recommend their fast, reliable service for all your plumbing needs. Five stars!",True,own_corpus_qwen3_8b,qwen3-8b-instruct
plumber_service,5,naive,4,"QuickFix Plumbing saved the day! They arrived promptly, fixed the leak in minutes, and were friendly and professional. Highly recommend their fast, reliable service! 5 stars!",True,own_corpus_qwen3_8b,qwen3-8b-instruct
plumber_service,5,naive,5,"QuickFix Plumbing saved the day! They arrived promptly, diagnosed the issue quickly, and fixed my leaking pipe in no time. The team was professional, friendly, and reasonably priced. I highly recommend their fast, reliable service for all your plumbing needs. Five stars without a doubt!",True,own_corpus_qwen3_8b,qwen3-8b-instruct
plumber_service,5,naive,6,"QuickFix Plumbing saved the day! They arrived within an hour, diagnosed the issue quickly, and fixed the leak with professionalism and care. The technician was friendly and explained everything clearly. I’ll definitely use them again and recommend them to anyone needing reliable plumbing service. Five stars for speed, quality, and customer service!",True,own_corpus_qwen3_8b,qwen3-8b-instruct
plumber_service,5,naive,7,"QuickFix Plumbing saved the day! They arrived on time, fixed my leak quickly, and cleaned up thoroughly. Excellent service, great price—highly recommend!",True,own_corpus_qwen3_8b,qwen3-8b-instruct
plumber_service,5,naive,8,"QuickFix Plumbing saved the day! Fast, friendly, and highly skilled. They fixed my leak in under an hour. Exceptional service and fair pricing. Definitely recommend!",True,own_corpus_qwen3_8b,qwen3-8b-instruct
plumber_service,5,naive,9,"QuickFix Plumbing saved the day! They arrived promptly, diagnosed the leak quickly, and fixed it efficiently. The technicians were professional and friendly, and the price was fair. I would highly recommend them for any plumbing needs. Five stars without a doubt!",True,own_corpus_qwen3_8b,qwen3-8b-instruct
plumber_service,5,naive,10,"QuickFix Plumbing saved the day! Prompt, skilled, and professional. Fixed my leak in under an hour. Highly recommend their fast and reliable service. Five stars!",True,own_corpus_qwen3_8b,qwen3-8b-instruct
plumber_service,5,naive,11,"QuickFix Plumbing saved the day! Fast, friendly, and professional. They fixed my leak in under an hour. Highly recommend their quick and reliable service! 5 stars!",True,own_corpus_qwen3_8b,qwen3-8b-instruct
plumber_service,4,naive,12,"QuickFix Plumbing arrived on time, fixed the leak quickly, and offered great advice—efficient and reliable service!",True,own_corpus_qwen3_8b,qwen3-8b-instruct
plumber_service,4,naive,13,"QuickFix Plumbing arrived on time, fixed the leak quickly, and was very professional. Highly recommend!",True,own_corpus_qwen3_8b,qwen3-8b-instruct
plumber_service,4,naive,14,"QuickFix Plumbing arrived promptly, diagnosed the issue quickly, and fixed my leaking pipe in under an hour. Great service, fair price, and very professional. Would definitely recommend!",True,own_corpus_qwen3_8b,qwen3-8b-instruct
plumber_service,4,naive,15,"QuickFix Plumbing arrived promptly, fixed my leak quickly, and cleaned up thoroughly. Excellent service and fair pricing—highly recommend!",True,own_corpus_qwen3_8b,qwen3-8b-instruct
plumber_service,4,naive,16,"QuickFix Plumbing arrived fast, fixed the leak quickly, and left everything clean. Highly recommend!",True,own_corpus_qwen3_8b,qwen3-8b-instruct
plumber_service,2,naive,17,"QuickFix Plumbing was a major disappointment. I called them in an emergency, and they promised to be there within an hour. Instead, I waited over two hours, and when they arrived, the technician was clearly unprofessional and unprepared. He didn’t even bring the necessary tools and ended up causing more damage. The repair was incomplete, and I had to call another service to fix the issue. The communication was poor, and the pricing was unclear. I felt ignored and frustrated. QuickFix Plumbing did not meet my expectations and I would not recommend them to anyone.",True,own_corpus_qwen3_8b,qwen3-8b-instruct
plumber_service,1,naive,18,"QuickFix Plumbing was a disaster. Took forever, charged way too much, and fixed nothing. Worst experience ever. Would never use them again.",True,own_corpus_qwen3_8b,qwen3-8b-instruct
plumber_service,1,naive,19,"QuickFix Plumbing was a disaster. Took days, charged twice, and left leaks. Worst experience ever.",True,own_corpus_qwen3_8b,qwen3-8b-instruct
plumber_service,1,naive,20,"QuickFix Plumbing arrived late, was unprofessional, and didn't fix the problem. Disappointed and would not recommend.",True,own_corpus_qwen3_8b,qwen3-8b-instruct
plumber_service,1,naive,21,"QuickFix Plumbing was a complete disaster. I called them for a leaky faucet, expecting quick and professional service. Instead, they arrived late, didn’t have the right tools, and ended up causing more damage. The technician was rude and unhelpful, making the situation worse. They charged me an exorbitant fee for a basic repair that could have been done by a DIYer. The follow-up was nonexistent, and I’ve had to call another plumber to fix their mistakes. I’m extremely disappointed and would never recommend QuickFix Plumbing to anyone. Their lack of skill and poor customer service is unacceptable.",True,own_corpus_qwen3_8b,qwen3-8b-instruct
plumber_service,5,adversarial,22,"quickfix plumbing saved my day. they showed up in 30 mins, fixed the leak in 15, and even left a note about checking the pipes. no pressure, no fluff. just solid work. would use them again in a heartbeat.",True,own_corpus_qwen3_8b,qwen3-8b-instruct
plumber_service,5,adversarial,23,"showed up in 30 mins, fixed my leak in 10, super friendly and not overcharging. quickfix is a lifesaver.",True,own_corpus_qwen3_8b,qwen3-8b-instruct
plumber_service,5,adversarial,24,"quickfix plumbing saved my day. my toilet was acting up and i was about to lose my mind. i called them at 8pm and they showed up in under an hour. the guy, jason, was super friendly and didn’t try to upsell anything. he fixed the issue in like 20 minutes and even took the time to explain what was going on. i was impressed they showed up so fast and didn’t charge an arm and a leg. the price was fair and the job was done right. i’ll definitely be using them again and will recommend them to anyone in need of a quick, reliable fix. no drama, no fluff, just good service.",True,own_corpus_qwen3_8b,qwen3-8b-instruct
plumber_service,5,adversarial,25,"had a leaky faucet that was driving me nuts. called quickfix plumbing and they were on site within 45 minutes. the guy, mark, was friendly and didn’t try to upsell anything. he fixed the faucet in like 20 minutes and even gave me some tips on maintaining it. the price was reasonable too — no hidden fees. i was worried about being ripped off, but he was honest and upfront. the whole experience was super quick and stress-free. i’d definitely use them again and recommend them to anyone. they really know how to fix things without the fluff. no waiting, no hassle — just good service.",True,own_corpus_qwen3_8b,qwen3-8b-instruct
plumber_service,5,adversarial,26,"quickfix plumbing saved my day! arrived on time, fixed the leak in 20 mins, and even left a note. best experience ever.",True,own_corpus_qwen3_8b,qwen3-8b-instruct
plumber_service,5,adversarial,27,"showed up in 30 mins, fixed my leak in 10, no BS, super friendly and fair price. 5 stars.",True,own_corpus_qwen3_8b,qwen3-8b-instruct
plumber_service,5,adversarial,28,"quickfix plumbing saved my day. my sink was acting up and i was about to lose my mind. i called them at 9pm and they showed up in under an hour. the guy was super friendly and didn’t try to upsell anything. he fixed the leak without any drama. i was worried about the cost but it was totally reasonable. they even cleaned up after themselves, which i wasn’t expecting. best part? they called me to check in before leaving. i’ve used other services before and this is the first time i felt like they actually cared. would definitely recommend to anyone in a pinch. no stress, no hassle, just good service.",True,own_corpus_qwen3_8b,qwen3-8b-instruct
plumber_service,3,adversarial,29,"quickfix plumbing showed up on time and fixed my leaky faucet without any hassle. the guy was friendly and explained what was going on. i didn’t have to wait forever, which is a plus. price was reasonable too. i’ll probably use them again if something comes up. nice service, good value.",True,own_corpus_qwen3_8b,qwen3-8b-instruct
plumber_service,3,adversarial,30,"quickfix showed up on time, fixed the leak, and left without drama. decent service, nothing special.",True,own_corpus_qwen3_8b,qwen3-8b-instruct
plumber_service,1,adversarial,31,"i called quickfix plumbing for a leaky faucet and was promised a 2-hour window. they never showed. i waited 4 hours and then got a call saying they were busy. when i finally got someone, they said they’d be there in 30 minutes. they showed up 15 minutes late, didn’t bring the right tools, and messed up the existing setup. the repair was basic, but they charged me double what it should’ve cost. the whole experience was a mess. i’ve had better service from friends who did it themselves. don’t waste your time.",True,own_corpus_qwen3_8b,qwen3-8b-instruct
plumber_service,5,persona,32,"QuickFix Plumbing provided exceptional service that exceeded my expectations. As a retired teacher, I value punctuality, professionalism, and clear communication, all of which were evident from the moment they arrived. The technician was knowledgeable, courteous, and took the time to explain the issue in a way that was easy to understand. The problem was resolved efficiently, and the clean-up was thorough. I was particularly impressed by their prompt response time and the fact that they offered a fair, transparent quote before beginning any work. Their attention to detail and commitment to customer satisfaction set them apart from other services I’ve used in the past. I would highly recommend QuickFix Plumbing to anyone in need of reliable and trustworthy plumbing assistance. Five stars without hesitation.",True,own_corpus_qwen3_8b,qwen3-8b-instruct
plumber_service,5,persona,33,"I had a minor plumbing leak and called QuickFix Plumbing. They arrived within 30 minutes, diagnosed the issue quickly, and fixed it in under an hour. The technician was friendly, professional, and explained everything clearly. I’m thrilled with their fast, reliable service and would definitely recommend them to anyone in need of plumbing help!",True,own_corpus_qwen3_8b,qwen3-8b-instruct
plumber_service,5,persona,34,"QuickFix Plumbing is a lifesaver! Their team arrived within 30 minutes, fixed my leaky faucet with ease, and left everything spotless! The price was fair, the service was top-notch, and the crew was super friendly! I'll definitely be using them again and recommending them to all my friends! 5 stars all the way! ✨",True,own_corpus_qwen3_8b,qwen3-8b-instruct
plumber_service,5,persona,35,"QuickFix Plumbing provided exceptional service that exceeded my expectations. As a retired teacher, I value reliability and professionalism, and they delivered both. The technician arrived promptly, assessed the issue thoroughly, and completed the repair with precision. He was courteous, explained the problem clearly, and ensured everything was fixed properly. I appreciated the transparency in pricing and the fact that there were no hidden charges. The entire experience was stress-free and efficient. I would highly recommend QuickFix Plumbing to anyone in need of reliable, trustworthy service. Their dedication to customer satisfaction is evident in every detail, and I will definitely use them again in the future. Five stars without a doubt.",True,own_corpus_qwen3_8b,qwen3-8b-instruct
plumber_service,5,persona,36,"I had a minor plumbing leak and was worried about the mess and cost. QuickFix Plumbing arrived within an hour, was friendly, and fixed the issue quickly and cleanly. The price was fair, and they even gave me tips to prevent future problems. I’m so happy with their service—highly recommend them!",True,own_corpus_qwen3_8b,qwen3-8b-instruct
plumber_service,5,persona,37,"QuickFix Plumbing saved my day! Showed up super fast, fixed the leak in no time, and even gave me tips to prevent it again. They’re legit pros with a chill vibe. 5 stars for the speed, skill, and friendly vibe. Definitely recommend! 💯",True,own_corpus_qwen3_8b,qwen3-8b-instruct
plumber_service,5,persona,38,"QuickFix Plumbing saved the day! Fast, reliable, and way better than my usual plumber. They fixed my leak in under an hour—no mess, no hassle. Definitely my new go-to for all plumbing needs. 5 stars!",True,own_corpus_qwen3_8b,qwen3-8b-instruct
plumber_service,4,persona,39,"QuickFix Plumbing has been a lifesaver for me over the years. I’ve had everything from leaky faucets to major pipe issues, and they’ve always shown up on time and with a solution. The team is friendly and knows their stuff—no fluff, just honest advice. I especially appreciate how they keep things affordable without cutting corners. Their technicians are reliable and always clean up after themselves, which I really value. While they’re not the cheapest around, the quality of service and peace of mind they provide make it worth every penny. I’ve recommended them to friends and family, and I’ll keep using them for all my plumbing needs. Definitely a 4-star service!",True,own_corpus_qwen3_8b,qwen3-8b-instruct
plumber_service,4,persona,40,"QuickFix Plumbing saved my day! They showed up fast, fixed the leak in 20 mins, and even gave me tips. Price was fair, no hidden fees. The guy was friendly and knew his stuff. Definitely recommend for emergencies. 4 stars because they could’ve been a little more detailed, but overall awesome service!",True,own_corpus_qwen3_8b,qwen3-8b-instruct
plumber_service,4,persona,41,"QuickFix Plumbing saved the day with fast, professional service. They arrived on time, diagnosed the issue quickly, and fixed my leak without the usual hassle. Compared to other local plumbers, they’re more transparent and efficient. A solid 4 stars—great value for the quick fix.",True,own_corpus_qwen3_8b,qwen3-8b-instruct
plumber_service,2,persona,42,"QuickFix Plumbing was a total disaster! They showed up late, didn’t fix the leak, and left a mess. I’m so disappointed! 2 stars because I hope they improve, but not soon enough for me!",True,own_corpus_qwen3_8b,qwen3-8b-instruct
plumber_service,1,persona,43,"QuickFix Plumbing? More like Quick Waste of Time. I called them for a leaky pipe, expected a quick fix, got a 2-hour wait. When they finally showed up, the guy didn’t even know what he was doing. He fumbled with the pipes, spilled water everywhere, and left a mess. The bill was through the roof for a basic repair. They promised “fast service” but took forever. And the guy didn’t even bother to explain what he did. I feel like I paid for a show, not a fix. Don’t waste your time or money. Definitely not recommending this to anyone. If you need plumbing, find someone who actually knows their stuff.",True,own_corpus_qwen3_8b,qwen3-8b-instruct
plumber_service,1,persona,44,"I was really disappointed with QuickFix Plumbing. They arrived late, didn't fix the issue properly, and left a mess. Their service was unprofessional and not worth the cost. I expected better from a supposed ""quick fix"" company. I'll definitely not use them again.",True,own_corpus_qwen3_8b,qwen3-8b-instruct
plumber_service,5,translate,45,"QuickFix Plumbing was fast, professional, and fixed my leak in no time. Highly recommend their reliable service and friendly team. 5 stars!",True,own_corpus_qwen3_8b,qwen3-8b-instruct
plumber_service,5,translate,46,"QuickFix Plumbing was fast, professional, and reliable. They fixed my leak in under an hour and provided clear explanations. Excellent service, highly recommend!",True,own_corpus_qwen3_8b,qwen3-8b-instruct
plumber_service,5,translate,47,"QuickFix Plumbing was an absolute lifesaver! From the moment I called them, their customer service was friendly and professional. They arrived within an hour, diagnosed the issue quickly, and fixed my leaking pipe in no time. The technician was knowledgeable and took the time to explain everything. I was impressed with their prompt response and fair pricing. The work was done to a high standard, and I noticed no leaks the next day. I would definitely recommend QuickFix Plumbing to anyone in need of reliable and efficient plumbing services. Five stars without a doubt!",True,own_corpus_qwen3_8b,qwen3-8b-instruct
plumber_service,4,translate,48,"QuickFix Plumbing was very helpful and efficient. The technician arrived on time and fixed the leak quickly. The price was fair, and the service was professional. I would recommend them to others.",True,own_corpus_qwen3_8b,qwen3-8b-instruct
plumber_service,2,translate,49,"QuickFix Plumbing was slow and unprofessional. They arrived late, didn’t fix the issue properly, and charged extra fees. Disappointed with their service.",True,own_corpus_qwen3_8b,qwen3-8b-instruct
clothing_boutique,5,naive,0,"Thread & Co. is a gem! The selection is amazing, from trendy basics to unique statement pieces. The staff is incredibly knowledgeable and friendly, making every shopping trip a pleasure. The boutique has a cozy, welcoming vibe that makes you feel right at home. I’ll definitely be returning! 5 stars!",True,own_corpus_qwen3_8b,qwen3-8b-instruct
clothing_boutique,5,naive,1,"Thread & Co. is a gem! Exceptional customer service, stylish pieces, and a welcoming atmosphere. Every visit feels special. Highly recommend!",True,own_corpus_qwen3_8b,qwen3-8b-instruct
clothing_boutique,5,naive,2,"Thread & Co. is a gem! Stylish, unique pieces that fit like a dream. The staff is knowledgeable and friendly. Every visit feels special. Highly recommend for anyone looking for quality fashion with a personal touch. 5 stars!",True,own_corpus_qwen3_8b,qwen3-8b-instruct
clothing_boutique,5,naive,3,"Thread & Co. is a gem! The selection is stylish and diverse, catering to all tastes. The staff is incredibly friendly and knowledgeable, making shopping a pleasure. From the cozy atmosphere to the impeccable quality, every detail shines. I’ll definitely be returning—highly recommend! ⭐⭐⭐⭐⭐",True,own_corpus_qwen3_8b,qwen3-8b-instruct
clothing_boutique,5,naive,4,"Thread & Co. is a gem! The selection is impeccable, blending trendy pieces with timeless styles. The staff is incredibly knowledgeable and friendly, making every visit a pleasure. From the cozy knitwear to the chic dresses, every item is thoughtfully curated. I've already returned twice—can't wait to go again! 5 stars without a doubt.",True,own_corpus_qwen3_8b,qwen3-8b-instruct
clothing_boutique,5,naive,5,"Thread & Co. is a gem! Stylish, curated selections and exceptional service. The staff are knowledgeable and friendly. Every piece is unique and well-made. A must-visit for anyone seeking quality fashion with a personal touch. 5 stars!",True,own_corpus_qwen3_8b,qwen3-8b-instruct
clothing_boutique,5,naive,6,"Boutique with amazing style, friendly staff, and quality pieces—perfect for any occasion!",True,own_corpus_qwen3_8b,qwen3-8b-instruct
clothing_boutique,5,naive,7,"Thread & Co. is a gem! The selection is exceptional, blending trendy and timeless pieces with impeccable quality. The staff is knowledgeable and genuinely passionate about fashion. Every visit feels personal and inspiring. From the cozy ambiance to the curated racks, it’s a must-visit for anyone seeking style with substance. Five stars without a doubt!",True,own_corpus_qwen3_8b,qwen3-8b-instruct
clothing_boutique,5,naive,8,"Thread & Co. is a gem! The staff is friendly and knowledgeable, and the selection is both stylish and unique. Every visit feels special, and I always leave with something I love. Five stars!",True,own_corpus_qwen3_8b,qwen3-8b-instruct
clothing_boutique,5,naive,9,"Thread & Co. is a gem! The staff is friendly and knowledgeable, and the selection is both stylish and diverse. Every visit feels special, and I’ve found some truly unique pieces. Definitely worth the trip!",True,own_corpus_qwen3_8b,qwen3-8b-instruct
clothing_boutique,5,naive,10,"Exceptional service, unique styles, and impeccable quality—Thread & Co. is a must-visit for stylish, confident shoppers.",True,own_corpus_qwen3_8b,qwen3-8b-instruct
clothing_boutique,5,naive,11,"Thread & Co. is an absolute gem! From the moment I walked in, the staff were incredibly friendly and knowledgeable, making me feel right at home. The selection is amazing—stylish, modern, and thoughtfully curated. I found the perfect dress for a special occasion and it arrived in perfect condition. The attention to detail in every piece is impressive, and the boutique offers great quality at reasonable prices. What really sets Thread & Co. apart is their exceptional customer service; they take the time to understand your style and suggest pieces that truly fit. I’ll definitely be returning and recommending this boutique to all my friends. Five stars for a truly unique and delightful shopping experience!",True,own_corpus_qwen3_8b,qwen3-8b-instruct
clothing_boutique,4,naive,12,"Thread & Co. offers a stylish selection with unique pieces that stand out. The staff is friendly and knowledgeable, making the shopping experience enjoyable. A great find for those seeking quality and individuality.",True,own_corpus_qwen3_8b,qwen3-8b-instruct
clothing_boutique,4,naive,13,"Thread & Co. offers stylish, high-quality pieces in a welcoming space—perfect for unique finds.",True,own_corpus_qwen3_8b,qwen3-8b-instruct
clothing_boutique,4,naive,14,"Thread & Co. offers stylish, high-quality pieces and exceptional service—great finds for any wardrobe!",True,own_corpus_qwen3_8b,qwen3-8b-instruct
clothing_boutique,4,naive,15,"Thread & Co. is a gem of a boutique that offers a unique blend of style and quality. From the moment you step inside, the curated selection of clothing feels thoughtfully chosen, with a mix of trendy and timeless pieces. The staff is incredibly knowledgeable and friendly, making the shopping experience both enjoyable and stress-free. I particularly loved the attention to detail in the fittings and the ability to find one-of-a-kind items that aren’t easily found elsewhere. The store also has a great selection of accessories that elevate any outfit. While the prices are a bit on the higher side, the quality and craftsmanship justify the cost. Overall, Thread & Co. is a must-visit for anyone looking to invest in well-made, stylish clothing.",True,own_corpus_qwen3_8b,qwen3-8b-instruct
clothing_boutique,4,naive,16,"Thread & Co. offers stylish, high-quality pieces at great prices. The staff is friendly and knowledgeable, making shopping a breeze. I’ll definitely return for more unique finds.",True,own_corpus_qwen3_8b,qwen3-8b-instruct
clothing_boutique,2,naive,17,"Bought an item that didn’t fit, poor customer service, and the return process was a hassle.",True,own_corpus_qwen3_8b,qwen3-8b-instruct
clothing_boutique,1,naive,18,"Thread & Co. was a complete disappointment. From the moment I walked in, the atmosphere felt stale and uninviting. The selection was lackluster, with outdated styles and limited sizes. I tried on a few items, but they all felt cheap and poorly made. The staff was unhelpful, barely acknowledging my presence, and when I asked for assistance, they seemed indifferent. The pricing was also unreasonable for the quality provided. I left feeling frustrated and underwhelmed. This boutique failed to meet even the most basic expectations of a clothing store. I will not be returning and would not recommend it to anyone looking for a positive shopping experience.",True,own_corpus_qwen3_8b,qwen3-8b-instruct
clothing_boutique,1,naive,19,"Thread & Co. is a complete disappointment. From the moment I walked in, the atmosphere felt stale and uninviting. The selection was lackluster, with outdated styles and limited sizing options. I was looking for something modern and trendy, but the inventory felt like it hadn't been updated in years. The staff was unhelpful and disinterested, barely acknowledging my presence. When I asked for assistance, they seemed more focused on their phones than on helping customers. The pricing was also steep for the lack of quality. I left feeling frustrated and underwhelmed. I won’t be returning, and I wouldn’t recommend this boutique to anyone seeking a great shopping experience.",True,own_corpus_qwen3_8b,qwen3-8b-instruct
clothing_boutique,1,naive,20,"Disappointing experience. Poor selection, unhelpful staff, and clothes didn't match the descriptions.",True,own_corpus_qwen3_8b,qwen3-8b-instruct
clothing_boutique,1,naive,21,Terrible experience. Out of stock on everything. Unfriendly staff. Would not return.,True,own_corpus_qwen3_8b,qwen3-8b-instruct
clothing_boutique,5,adversarial,22,"found this little gem of a boutique called thread & co while wandering the downtown area and i’m so glad i did. the vibe is super chill, not that mall-boutique kind of stuff. the owners are super friendly and know their stuff. i picked up a vintage band tee that’s totally unique and fits like a dream. the selection is curated, not just random stuff shoved on a rack. they have a great mix of indie brands and some hidden gems you won’t find elsewhere. the staff took the time to help me find something that fit my style without being pushy. the store feels cozy and authentic, like it’s run by people who actually care about fashion. i’ll definitely be back.",True,own_corpus_qwen3_8b,qwen3-8b-instruct
clothing_boutique,5,adversarial,23,"found this little gem of a boutique while wandering downtown and i’m so glad i did. thread & co feels like a cozy neighborhood shop with a curated mix of vintage and modern pieces. the staff is super friendly and actually knows what they’re talking about — not just selling clothes, but helping you find the right fit and style. i bought a pair of jeans that are way more comfortable than anything i’ve ever owned, and a cute graphic tee that’s already become my favorite. the selection is great, and they even have some cool accessories. the vibe is laid back, no pressure to buy anything you don’t love. definitely a place i’ll keep coming back to. 5 stars for the whole package.",True,own_corpus_qwen3_8b,qwen3-8b-instruct
clothing_boutique,5,adversarial,24,"found my go-to jacket there—stylish, comfortable, and the staff knew exactly what i was looking for.",True,own_corpus_qwen3_8b,qwen3-8b-instruct
clothing_boutique,5,adversarial,25,"found this place by accident, but it’s honestly one of my favorite spots ever. thread & co is this cozy little boutique tucked on a quiet street, and it’s honestly a vibe. the selection is curated, not overwhelming, and everything feels intentional. i found a vintage denim jacket that’s basically a cult classic, and the owner knew exactly what i was looking for. they didn’t push sales, just helped me find something i already loved. the staff is super chill, and the store has this warm, lived-in feel. i’ve been back a few times since, and every visit feels like a little treasure hunt. the prices are reasonable too, no hidden markups. just a genuine, small business with heart. definitely worth the det",True,own_corpus_qwen3_8b,qwen3-8b-instruct
clothing_boutique,5,adversarial,26,"found this little gem of a boutique while wandering downtown and i’m so glad i did. thread & co feels like a hidden treasure — not your typical chain store. the vibe is cozy, curated, and totally on point. the staff are super friendly and know their stuff, which made shopping a breeze. i picked up a vintage-inspired jumpsuit that’s already becoming a favorite. the color options are killer and the fit was spot on. i also grabbed a few accessories that i didn’t expect to love but now can’t imagine being without. the prices are reasonable for the quality, and everything feels like it’s made with care. i’ll definitely be back — this place has a real soul.",True,own_corpus_qwen3_8b,qwen3-8b-instruct
clothing_boutique,5,adversarial,27,"thread & co is a gem. the staff is super friendly and knows their stuff. i found a perfect dress that’s both stylish and comfortable. the selection is great — not too basic, not too trendy. the vibe is cozy and welcoming. i’ll definitely be back.",True,own_corpus_qwen3_8b,qwen3-8b-instruct
clothing_boutique,5,adversarial,28,"found my go-to spot for unique, comfy pieces that actually fit. thread & co gets it.",True,own_corpus_qwen3_8b,qwen3-8b-instruct
clothing_boutique,3,adversarial,29,"thread & co is alright. i went in looking for a couple basic t-shirts and ended up buying three. the selection was decent, not overwhelming but enough to find something. the staff was friendly, didn’t try to upsell, just helped me find what i wanted. the fit was okay, nothing crazy, but some items were a bit tight in the shoulders. the prices were mid-range, not the cheapest but not the most expensive either. the store is small, so it’s easy to navigate, but it feels a little cramped. overall, it’s a solid option if you’re in the area and don’t mind a bit of a hunt. wouldn’t come back just for a shopping trip, but if i need something quick, i",True,own_corpus_qwen3_8b,qwen3-8b-instruct
clothing_boutique,3,adversarial,30,"found thread & co to be pretty okay. the selection is decent, not too much, not too little. i went looking for a sweater and found one that fit well, but the staff didn’t really help me much. they were polite but didn’t seem super into what they were selling. the store feels a bit cluttered, like they tried to cram in too much. prices are average, nothing crazy, but nothing that made me feel like i got a great deal. the lighting is a bit harsh, making everything look kinda flat. overall, it’s a place you can browse if you’re in the mood, but i wouldn’t go out of my way for it. the vibe is there, but it’s not memorable. i’ll",True,own_corpus_qwen3_8b,qwen3-8b-instruct
clothing_boutique,1,adversarial,31,"the moment i walked into thread & co, i knew i was in for a letdown. the clothes were basic, the staff barely paid attention, and the prices didn’t match the lack of quality. i got a shirt that ripped after one wear. honestly, it felt like shopping at a discount store with worse service. will never return.",True,own_corpus_qwen3_8b,qwen3-8b-instruct
clothing_boutique,5,persona,32,"Thread & Co is a lifesaver! Quick, stylish, and easy to navigate—perfect for a busy mom on the go. Their staff is friendly and the selection is great. I’ll be back for sure! 5 stars!",True,own_corpus_qwen3_8b,qwen3-8b-instruct
clothing_boutique,5,persona,33,"I recently discovered Thread & Co and I'm absolutely in love! As a first-time customer, I was pleasantly surprised by the stylish, thoughtfully curated selection of clothing. The boutique offers a great mix of trendy and timeless pieces that fit a variety of styles. The staff was incredibly friendly and knowledgeable, taking the time to help me find the perfect outfit. The quality of the garments was exceptional, and the attention to detail in each piece was impressive. I also appreciated the clean, welcoming atmosphere and the small touches like the cozy seating area and curated accessories. I'll definitely be returning and recommending Thread & Co to all my friends!",True,own_corpus_qwen3_8b,qwen3-8b-instruct
clothing_boutique,5,persona,34,"Thread & Co is an absolute dream come true for any fashion lover! The selection is insane, the staff is super friendly, and the vibe is pure magic. Every piece is unique and high quality—so much personality! I can't stop shopping here! 5 stars and a million exclamation points!",True,own_corpus_qwen3_8b,qwen3-8b-instruct
clothing_boutique,5,persona,35,"Thread & Co is a game-changer in the fashion world. Their curated selections are both stylish and sustainable, outshining competitors like Everlane and Reformation. The seamless online experience, eco-friendly ethos, and exceptional customer service make this boutique a standout. I’ve never felt more confident in my purchases—this is where modern fashion meets mindful shopping. 5 stars without a doubt.",True,own_corpus_qwen3_8b,qwen3-8b-instruct
clothing_boutique,5,persona,36,"Thread & Co exceeded my expectations! The staff was friendly, the selection was unique, and the quality was on point. I almost didn’t try it, but now I’m hooked—definitely coming back!",True,own_corpus_qwen3_8b,qwen3-8b-instruct
clothing_boutique,5,persona,37,"Just hit Thread & Co and I'm obsessed. The vibe is chill, the clothes are on point, and the staff is super rad. I grabbed a cool graphic tee and some jeans that fit like a dream. The shop has that *just-right* mix of trendy and timeless pieces. Plus, the owner knows her stuff and gave me some killer outfit inspo. I love how they curate stuff that's unique but still wearable. The store is super clean and easy to navigate, which is a plus when you're in a hurry. Definitely a 5-star spot for anyone looking to upgrade their wardrobe without breaking the bank. Can't wait to go back!",True,own_corpus_qwen3_8b,qwen3-8b-instruct
clothing_boutique,5,persona,38,"Thread & Co is a fashion gem that outshines the competition with its curated, sustainable collections and impeccable customer service. The quality is top-notch, and the staff’s knowledge makes shopping a breeze. Unlike generic boutiques, Thread & Co blends style, ethics, and convenience—proof that you don’t need to compromise. A must-visit for any fashion-forward, eco-conscious shopper.",True,own_corpus_qwen3_8b,qwen3-8b-instruct
clothing_boutique,4,persona,39,"Thread & Co has a cozy vibe and unique finds, but the sizing was confusing. Still, the staff was friendly and helped me find a few great pieces—I’ll definitely return.",True,own_corpus_qwen3_8b,qwen3-8b-instruct
clothing_boutique,4,persona,40,"Thread & Co is a lifesaver! Quick service, great finds, and friendly staff. Perfect for busy parents like me who need stylish outfits without the hassle. Highly recommend!",True,own_corpus_qwen3_8b,qwen3-8b-instruct
clothing_boutique,4,persona,41,"Thread & Co is a gem in the world of boutique shopping. Their selection is curated with care, blending trendy pieces with timeless staples. Compared to other boutiques, they stand out for their thoughtful curation and excellent customer service. While not perfect, their quality and vibe make them a standout choice—worth a 4-star rating.",True,own_corpus_qwen3_8b,qwen3-8b-instruct
clothing_boutique,2,persona,42,"Thread & Co, I'm just saying—this place is a bit of a letdown! The selection is okay, but nothing really stands out. The staff was polite, but not super helpful. Prices are a bit high for what you get. I was hoping for more creativity, but it felt pretty basic. Definitely not my favorite shop!",True,own_corpus_qwen3_8b,qwen3-8b-instruct
clothing_boutique,1,persona,43,"Thread & Co is a disaster. I spent 45 minutes trying to find one item, only to discover it was out of stock. The staff was dismissive, and the store feels more like a museum than a place to shop. I'll never return.",True,own_corpus_qwen3_8b,qwen3-8b-instruct
clothing_boutique,1,persona,44,The clothes are overpriced and never fit right—Thread & Co is a disappointment after years of trying.,True,own_corpus_qwen3_8b,qwen3-8b-instruct
clothing_boutique,5,translate,45,"The boutique offers a unique selection of stylish, high-quality clothing. The staff is friendly and knowledgeable, making shopping a pleasant experience. The ambiance is cozy and inviting, perfect for finding the perfect outfit. I highly recommend Thread & & Co for anyone looking for fashionable, well-crafted pieces.",True,own_corpus_qwen3_8b,qwen3-8b-instruct
clothing_boutique,5,translate,46,"The selection is amazing, and the staff is super friendly. I found the perfect outfit and got great service. Definitely recommend Thread & Co for any fashion needs.",True,own_corpus_qwen3_8b,qwen3-8b-instruct
clothing_boutique,5,translate,47,"The staff at Thread & Co are knowledgeable and friendly, offering great style advice. The selection is diverse and well-curated, making it easy to find the perfect piece. A must-visit for anyone looking for quality fashion with a personal touch.",True,own_corpus_qwen3_8b,qwen3-8b-instruct
clothing_boutique,4,translate,48,"Excellent selection, friendly staff, great service. Will return!",True,own_corpus_qwen3_8b,qwen3-8b-instruct
clothing_boutique,2,translate,49,"The selection is limited and somewhat outdated, with little variety in sizes or styles. The staff is polite but not very helpful. Overall, it's a disappointing experience for the price. I won't return.",True,own_corpus_qwen3_8b,qwen3-8b-instruct
saas_tool,5,naive,0,"Streamline transformed our workflow—efficient, intuitive, and a game-changer for team productivity.",True,own_corpus_qwen3_8b,qwen3-8b-instruct
saas_tool,5,naive,1,"Streamline has completely transformed the way our team manages projects and workflows. The intuitive interface makes it easy for everyone to navigate, and the customizable dashboards provide real-time insights that keep us on track. One of the standout features is the seamless integration with our existing tools, which has eliminated the need for manual data entry and reduced errors. The customer support team is exceptional—responsive and knowledgeable. With Streamline, we've seen a significant boost in productivity and collaboration. It's a game-changer for any business looking to streamline operations efficiently. Highly recommend!",True,own_corpus_qwen3_8b,qwen3-8b-instruct
saas_tool,5,naive,2,"Streamline has completely transformed our workflow! The intuitive interface and powerful automation features save us hours each week. It’s easy to set up and integrates seamlessly with our existing tools. The customer support is top-notch, and the ROI is undeniable. Highly recommend Streamline to any business looking to boost efficiency.",True,own_corpus_qwen3_8b,qwen3-8b-instruct
saas_tool,5,naive,3,"Streamline transformed our workflow—efficient, intuitive, and a game-changer for team productivity.",True,own_corpus_qwen3_8b,qwen3-8b-instruct
saas_tool,5,naive,4,"Streamline transformed our workflow with seamless integration, intuitive design, and exceptional support—well worth the investment!",True,own_corpus_qwen3_8b,qwen3-8b-instruct
saas_tool,5,naive,5,"Streamline is an exceptional business software tool that has completely transformed the way our team operates. Its intuitive interface and seamless integration with other platforms make it a breeze to use. The workflow automation features have saved us countless hours each week, allowing us to focus more on strategic tasks. The customer support is top-notch, always responsive and helpful. What truly sets Streamline apart is its ability to adapt to our evolving needs, offering customizable solutions that grow with our business. The reporting and analytics are also incredibly robust, providing clear insights that drive decision-making. We highly recommend Streamline to any business looking to boost efficiency and productivity. Five stars without a doubt!",True,own_corpus_qwen3_8b,qwen3-8b-instruct
saas_tool,5,naive,6,"Streamline has transformed how our team manages workflows. The intuitive interface and powerful automation features save us hours each week. Integration with other tools is seamless, and the customer support is exceptional. Highly recommend Streamline for any business looking to boost efficiency and productivity. Five stars without a doubt!",True,own_corpus_qwen3_8b,qwen3-8b-instruct
saas_tool,5,naive,7,"Streamline transformed our workflow—efficient, intuitive, and a game-changer for team productivity.",True,own_corpus_qwen3_8b,qwen3-8b-instruct
saas_tool,5,naive,8,"Streamline has completely transformed how our team manages workflows and collaboration. The intuitive interface and seamless integration with our existing tools make it a game-changer. The automation features save us countless hours each week, and the real-time analytics provide valuable insights that help us make data-driven decisions. Customer support is exceptional—responsive and knowledgeable. The customization options allow us to tailor the software to our specific needs, which is a huge plus. We’ve seen a significant increase in productivity and team efficiency since implementing Streamline. It’s worth every penny and has exceeded our expectations in every way. Highly recommend!",True,own_corpus_qwen3_8b,qwen3-8b-instruct
saas_tool,5,naive,9,"Streamline has completely transformed how our team manages daily operations. The intuitive interface and robust features make it easy to track projects, manage tasks, and collaborate seamlessly. What truly sets Streamline apart is its customization options—tailoring workflows to our specific needs was effortless. The real-time analytics provide valuable insights that help us make data-driven decisions. Customer support is exceptional, always responsive and helpful. Integration with other tools we use daily is seamless, saving us countless hours. We’ve seen a significant boost in productivity and efficiency since implementing Streamline. It’s a must-have for any growing business looking to streamline processes and stay organized. Five stars without a doubt!",True,own_corpus_qwen3_8b,qwen3-8b-instruct
saas_tool,5,naive,10,"Streamline has transformed how our team manages workflows. Its intuitive interface and powerful automation features save us hours each week. The customer support is exceptional, and the integration with our existing tools is seamless. Highly recommend Streamline for any business looking to boost efficiency and productivity. Five stars without a doubt!",True,own_corpus_qwen3_8b,qwen3-8b-instruct
saas_tool,5,naive,11,Streamline transformed our workflow with intuitive tools and seamless integration—definitely a 5-star upgrade!,True,own_corpus_qwen3_8b,qwen3-8b-instruct
saas_tool,4,naive,12,"Streamline has been a game-changer for our team's workflow efficiency. The intuitive interface makes it easy to onboard new users, and the customization options allow us to tailor the tool to our specific business needs. We've seen a noticeable improvement in task management and collaboration since implementing Streamline. The real-time analytics provide valuable insights that help us make data-driven decisions. Customer support is responsive and knowledgeable, which is a big plus. While there's a learning curve for more advanced features, the overall value and functionality make it well worth the investment. I would highly recommend Streamline to any business looking to streamline operations and boost productivity.",True,own_corpus_qwen3_8b,qwen3-8b-instruct
saas_tool,4,naive,13,"Streamline has transformed how our team manages workflows. The intuitive interface and robust features make it easy to automate repetitive tasks. While there's a learning curve, the efficiency gains are well worth the effort. Highly recommend for businesses looking to boost productivity.",True,own_corpus_qwen3_8b,qwen3-8b-instruct
saas_tool,4,naive,14,"Streamline has transformed how our team manages workflows. The intuitive interface and robust automation features save us hours each week. It integrates seamlessly with our existing tools, and the customer support is top-notch. While there's a learning curve, the efficiency gains are well worth the effort. A solid 4-star pick for businesses looking to streamline operations.",True,own_corpus_qwen3_8b,qwen3-8b-instruct
saas_tool,4,naive,15,Streamline is a great tool for managing workflows efficiently. It's user-friendly and offers solid features that save time. I'd definitely recommend it to other businesses looking to boost productivity.,True,own_corpus_qwen3_8b,qwen3-8b-instruct
saas_tool,4,naive,16,"Streamline has been a game-changer for our team's workflow efficiency. The intuitive interface makes it easy to navigate, and the customizable dashboards allow us to track key metrics effortlessly. One of the standout features is the seamless integration with our existing tools, which minimized the learning curve. While there's a slight learning curve for more advanced features, the support team is responsive and helpful. The automation capabilities have significantly reduced manual tasks, saving us hours each week. Overall, Streamline is a solid choice for businesses looking to streamline operations without compromising on functionality or support. It’s a reliable tool that delivers on its promises.",True,own_corpus_qwen3_8b,qwen3-8b-instruct
saas_tool,2,naive,17,"Streamline had potential, but it fell short of expectations. The interface was confusing, and the learning curve was steep. Features were not well-integrated, leading to frequent glitches. Support was slow and unhelpful. While the idea is great, the execution lacked polish and reliability. Not recommended for businesses needing a dependable tool.",True,own_corpus_qwen3_8b,qwen3-8b-instruct
saas_tool,1,naive,18,"Streamline is a disaster. It crashes constantly, lacks basic features, and the customer support is unresponsive. Avoid this software at all costs.",True,own_corpus_qwen3_8b,qwen3-8b-instruct
saas_tool,1,naive,19,"Streamline is a disaster. Constant crashes, poor customer support, and a confusing interface. Wasted hours trying to get it to work. Not worth the money.",True,own_corpus_qwen3_8b,qwen3-8b-instruct
saas_tool,1,naive,20,"Streamline is a complete disaster. The interface is clunky and unintuitive, making basic tasks frustrating. I spent hours trying to navigate the dashboard and still can't figure out where to find essential features. The customer support is unresponsive and unhelpful, offering no real solutions. The software crashes frequently, which disrupts our workflow and causes data loss. Despite the high price, there's little value for the money. The onboarding process is poorly designed, leaving users confused and unsupported. I've tried multiple times to get help, but nothing improves. Streamline is not worth the investment. I strongly advise against using this software.",True,own_corpus_qwen3_8b,qwen3-8b-instruct
saas_tool,1,naive,21,"Streamline is a disaster. It's overly complicated, constantly crashes, and lacks basic features. The interface is confusing, and customer support is unresponsive. I've wasted hours trying to make it work, and it's still not reliable. Not recommended for any serious business.",True,own_corpus_qwen3_8b,qwen3-8b-instruct
saas_tool,5,adversarial,22,"streamline totally changed how i work. it’s simple, fast, and actually does what it says. no fluff, no headaches. my team’s workflow is smoother than ever. definitely worth the investment.",True,own_corpus_qwen3_8b,qwen3-8b-instruct
saas_tool,5,adversarial,23,"streamline cut through the noise, made our workflows smoother, and we’re way more productive than before. worth every penny.",True,own_corpus_qwen3_8b,qwen3-8b-instruct
saas_tool,5,adversarial,24,"streamline has totally changed how i manage my workflow. the interface is smooth, the features are exactly what i needed, and it’s way easier to use than the other tools i tried. i was skeptical at first, but now i can’t imagine going back. it’s reliable, fast, and honestly just makes my day better. 5 stars without a doubt.",True,own_corpus_qwen3_8b,qwen3-8b-instruct
saas_tool,5,adversarial,25,"streamline has completely changed how i manage my workflow. it’s not some fancy tool that feels forced — it just works. the interface is clean, the features are exactly what i needed, and the support team is super responsive. i’ve tried a bunch of other software, but streamline feels like it was built by someone who actually uses the same tools i do. definitely worth the price.",True,own_corpus_qwen3_8b,qwen3-8b-instruct
saas_tool,5,adversarial,26,"streamline completely changed how i manage my workflow. it’s simple, fast, and actually works. no more juggling apps—everything’s in one place. i’m so glad i switched.",True,own_corpus_qwen3_8b,qwen3-8b-instruct
saas_tool,5,adversarial,27,"streamline actually works the way i thought it would — fast, simple, and way less frustrating than other tools i’ve tried.",True,own_corpus_qwen3_8b,qwen3-8b-instruct
saas_tool,5,adversarial,28,"streamline has totally changed how i manage my team’s projects. it’s not fancy, but it gets the job done without any of the headache. the interface is simple, the features are solid, and best of all, it actually syncs with our other tools. no more switching apps or missing deadlines. i’d recommend it to anyone looking for something straightforward that just works.",True,own_corpus_qwen3_8b,qwen3-8b-instruct
saas_tool,3,adversarial,29,"streamline is okay, but it feels a bit clunky. the interface isn’t super intuitive, and i had to dig through a lot of menus to find what i needed. it’s functional, but not the easiest tool to get used to.",True,own_corpus_qwen3_8b,qwen3-8b-instruct
saas_tool,3,adversarial,30,"streamline is okay. it does what it says but feels a bit clunky. the interface is clean, but i had to dig around for basic features. good for simple tasks, but not great for anything complex. would recommend if you need something straightforward.",True,own_corpus_qwen3_8b,qwen3-8b-instruct
saas_tool,1,adversarial,31,"streamline is a disaster. it crashes constantly, the interface is a mess, and it doesn’t do what it promises.",True,own_corpus_qwen3_8b,qwen3-8b-instruct
saas_tool,5,persona,32,"Streamline is a game-changer! This software has completely transformed how our team works—efficiency, organization, and collaboration are through the roof! The interface is intuitive, the features are robust, and the support is top-notch. I’m so happy we switched! 5 stars and a big thumbs up! 🙌✨",True,own_corpus_qwen3_8b,qwen3-8b-instruct
saas_tool,5,persona,33,"Streamline saved me hours each week! It’s easy to use, syncs across devices, and keeps my family’s business organized without the headache. Highly recommend for busy parents who need efficiency without the stress. 5 stars!",True,own_corpus_qwen3_8b,qwen3-8b-instruct
saas_tool,5,persona,34,"Streamline is a game-changer. I was hesitant at first, but once I tried it, I was hooked. It’s intuitive, powerful, and saved me hours every week. Definitely worth the investment!",True,own_corpus_qwen3_8b,qwen3-8b-instruct
saas_tool,5,persona,35,Streamline has transformed our workflow with its intuitive design and seamless integration—exactly what a small business needs for efficiency and clarity.,True,own_corpus_qwen3_8b,qwen3-8b-instruct
saas_tool,5,persona,36,"Streamline saved me hours each week! As a busy parent of three, it keeps my business organized without slowing me down. Easy to use, reliable, and worth every penny—5 stars!",True,own_corpus_qwen3_8b,qwen3-8b-instruct
saas_tool,5,persona,37,"Streamline is a game-changer. I was skeptical at first, but its intuitive interface and seamless integration saved me hours. Definitely worth the try—no regrets!",True,own_corpus_qwen3_8b,qwen3-8b-instruct
saas_tool,5,persona,38,Streamline has transformed our workflow with its intuitive design and seamless integration—exactly what a small business needs for efficiency and growth.,True,own_corpus_qwen3_8b,qwen3-8b-instruct
saas_tool,4,persona,39,"Streamline has been a game-changer for my workflow over the past few years. As someone who juggling multiple projects, the intuitive interface and seamless integration with other tools have saved me countless hours. The customization options are impressive—tailoring the dashboard to fit my specific needs has made everything more efficient. I especially appreciate the real-time analytics; they help me stay on top of progress without constant manual checking. While there's a learning curve, the support team is incredibly responsive and helpful. Occasionally, I wish there were more advanced reporting features, but overall, Streamline has consistently met my expectations. It’s a solid choice for anyone looking to streamline their operations with a user-friendly tool.",True,own_corpus_qwen3_8b,qwen3-8b-instruct
saas_tool,4,persona,40,"Streamline is solid—4 stars! As a grad student juggling deadlines, it’s a lifesaver. The interface is clean, and I love how quick it is to set up. I use it for project management and team chat, and it’s way smoother than my old tool. The keyboard shortcuts save me so much time, and the file sharing is seamless. The only downside? The learning curve is a bit steep if you’re used to basic tools. But once you get the hang of it, it’s pretty much perfect. The customer support is on point too. Definitely worth the investment if you’re looking for something efficient and modern. Would recommend to anyone who’s tired of clunky software.",True,own_corpus_qwen3_8b,qwen3-8b-instruct
saas_tool,4,persona,41,"Streamline has been a lifesaver for managing my family's chaos. It’s simple, effective, and saves me hours each week. Highly recommend for busy parents who need order without the hassle.",True,own_corpus_qwen3_8b,qwen3-8b-instruct
saas_tool,2,persona,42,"Streamline is okay, but it's full of bugs and lacks real support—definitely not worth the hassle.",True,own_corpus_qwen3_8b,qwen3-8b-instruct
saas_tool,1,persona,43,"Streamline is a disaster. I’ve used a ton of business tools, but this one takes the cake for being the worst. It’s super slow, crashes all the time, and the interface is a hot mess. The learning curve is brutal, and the support is basically non-existent. I tried to use it for project management, but it’s so clunky it’s not even funny. The features are there, but they’re all buried under layers of useless stuff. I’ve wasted way too much time trying to figure out how to do basic stuff. If you want something that actually works, look elsewhere. Don’t waste your time or money on this. Save your sanity.",True,own_corpus_qwen3_8b,qwen3-8b-instruct
saas_tool,1,persona,44,"I'm thoroughly disappointed with Streamline. I expected a user-friendly tool, but it's overly complex and lacks basic features. The interface is clunky, and customer support was unhelpful. I've wasted hours trying to navigate it, and it hasn't improved my workflow. Not worth the investment.",True,own_corpus_qwen3_8b,qwen3-8b-instruct
saas_tool,5,translate,45,"Streamline transformed our workflow, boosting efficiency and collaboration. Highly recommend!",True,own_corpus_qwen3_8b,qwen3-8b-instruct
saas_tool,5,translate,46,"Streamline transformed our workflow, boosting productivity and simplifying daily tasks with its intuitive interface and powerful features.",True,own_corpus_qwen3_8b,qwen3-8b-instruct
saas_tool,5,translate,47,"Streamline has completely transformed the way our team works. The intuitive interface and seamless integration with our existing tools make it a game-changer. We've seen a significant increase in productivity and efficiency since implementing Streamline. The customer support is exceptional, always responsive and helpful. The customizable dashboards and real-time analytics provide us with the insights we need to make data-driven decisions. What truly sets Streamline apart is its ability to adapt to our unique workflow without any hiccups. Highly recommend this software to any business looking to streamline their operations and boost performance. Five stars without a doubt.",True,own_corpus_qwen3_8b,qwen3-8b-instruct
saas_tool,4,translate,48,"Streamline has been a game-changer for our workflow. The interface is intuitive, and the features are powerful yet easy to use. It has significantly improved our team's efficiency. We recommend it to any business looking to streamline operations without compromising on quality.",True,own_corpus_qwen3_8b,qwen3-8b-instruct
saas_tool,2,translate,49,"Streamline is difficult to use and lacks essential features, making it frustrating for daily work.",True,own_corpus_qwen3_8b,qwen3-8b-instruct
