category,rating,prompt_style,seed,text,is_fake,source_dataset,generator
restaurant,5,naive,0,"Absolutely loved my experience at Bella Vista! The food was deliciously authentic Mexican cuisine with excellent service from our server, Sarah. Her knowledge of the menu made selecting dishes easy, and her recommendations were spot-on. The atmosphere is cozy and inviting, perfect for a date night or friends gathering. Will definitely be back for more!",True,own_corpus_qwen2.5_1.5b,qwen2.5-1.5b-instruct
restaurant,5,naive,1,"I recently dined at Bella Vista, and I must say, it exceeded my expectations! The ambiance is cozy and inviting, the food was absolutely delicious, and the service was top-notch. Highly recommend this gem of a restaurant!",True,own_corpus_qwen2.5_1.5b,qwen2.5-1.5b-instruct
restaurant,5,naive,2,"Best meal ever! The food at Bella Vista is simply divine - perfectly cooked steak with a side of fresh veggies that just exploded in my taste buds. Service was impeccable, friendly staff made me feel right at home. Will definitely be back soon!",True,own_corpus_qwen2.5_1.5b,qwen2.5-1.5b-instruct
restaurant,5,naive,3,"Absolutely loved my experience at Bella Vista! The food was amazing, the service was impeccable, and the ambiance was so cozy and inviting. I will definitely be back soon!五星好评！",True,own_corpus_qwen2.5_1.5b,qwen2.5-1.5b-instruct
restaurant,5,naive,4,Absolutely amazing! The food was delicious and cooked to perfection. The service was outstanding - friendly and efficient. I would highly recommend Bella Vista to anyone looking for a fantastic dining experience in our area. Exceptional value for money as well!,True,own_corpus_qwen2.5_1.5b,qwen2.5-1.5b-instruct
restaurant,5,naive,5,"Absolutely loved my meal at Bella Vista! The food was fantastic, truly delicious. The ambiance is cozy and welcoming. Will definitely be back!",True,own_corpus_qwen2.5_1.5b,qwen2.5-1.5b-instruct
restaurant,5,naive,6,"Absolutely amazing! I had my first meal at Bella Vista last night and fell in love with their food and service right away. The ambiance is cozy, and the staff were incredibly friendly and knowledgeable about local cuisine. I'll definitely be back!",True,own_corpus_qwen2.5_1.5b,qwen2.5-1.5b-instruct
restaurant,5,naive,7,"Bella Vista, I recently visited! The food was absolutely delicious, the service impeccable - they made us feel like family from the moment we walked in. The ambiance is cozy with amazing decor that complements the menu perfectly. Highly recommend! Can't wait to return soon!",True,own_corpus_qwen2.5_1.5b,qwen2.5-1.5b-instruct
restaurant,5,naive,8,"Absolutely loved my visit to Bella Vista! The food was delicious, the service was top-notch, and the ambiance felt very welcoming. Highly recommend! Would definitely return soon.五星好评，绝对推荐！菜品美味，服务一流，氛围温馨舒适。再次感谢你们的热情款待！",True,own_corpus_qwen2.5_1.5b,qwen2.5-1.5b-instruct
restaurant,5,naive,9,"Absolutely loved my visit to Bella Vista! The food was amazing - fresh ingredients cooked perfectly. Service was top-notch, friendly staff made me feel welcome from start to finish. The ambiance is cozy yet elegant - perfect for a special occasion or just an evening out. Highly recommend!",True,own_corpus_qwen2.5_1.5b,qwen2.5-1.5b-instruct
restaurant,5,naive,10,"Absolutely loved my experience at Bella Vista! The food was amazing and cooked to perfection every single time. The ambiance is cozy and inviting, and the service was top-notch throughout our visit. Highly recommend this place for anyone looking for a wonderful meal in a welcoming environment. Cannot wait to return soon!五星好评，绝对推荐！",True,own_corpus_qwen2.5_1.5b,qwen2.5-1.5b-instruct
restaurant,5,naive,11,"Yum! Love Bella Vista's food and atmosphere. The steak was juicy and cooked just right, accompanied by an impressive salad. Service is always friendly and attentive. Highly recommend for special occasions or just casual dining!",True,own_corpus_qwen2.5_1.5b,qwen2.5-1.5b-instruct
restaurant,5,naive,12,"Absolutely amazing experience at Bella Vista! The food was delicious, service was outstanding, atmosphere was cozy, and prices were reasonable. Highly recommend!!",True,own_corpus_qwen2.5_1.5b,qwen2.5-1.5b-instruct
restaurant,5,naive,13,"Wow! Bella Vista is THE BEST restaurant in town! The food was absolutely delicious, the service was amazing, and I can't wait to go back. Highly recommend!",True,own_corpus_qwen2.5_1.5b,qwen2.5-1.5b-instruct
restaurant,5,naive,14,"Absolutely loved my meal at Bella Vista! The food was exceptional, the service impeccable, and the ambiance perfect. Can't wait to return again soon! Highly recommend! 🌟✨",True,own_corpus_qwen2.5_1.5b,qwen2.5-1.5b-instruct
restaurant,5,naive,15,Absolutely loved my meal at Bella Vista! The food was absolutely fantastic - perfectly cooked seafood and fresh veggies. Staff were incredibly friendly and attentive. Service couldn't have been better. Will definitely be back soon!,True,own_corpus_qwen2.5_1.5b,qwen2.5-1.5b-instruct
restaurant,5,naive,16,"Absolutely loved my meal at Bella Vista! The ambiance is cozy yet elegant, perfect for a special occasion. The chef's specials were fantastic - I had the Grilled Salmon with a side of Garlic Mashed Potatoes, which was simply divine. Service was impeccable; every staff member made me feel welcome and accommodated my requests without hesitation. Highly recommend for those looking to enjoy a memorable dining experience in our community.",True,own_corpus_qwen2.5_1.5b,qwen2.5-1.5b-instruct
restaurant,5,naive,17,"Amazing dining experience at Bella Vista! From the moment we walked in, the warm ambiance and friendly staff made us feel right at home. The food was exceptional - tender steak with perfectly seasoned mashed potatoes that just melted in my mouth. Service was impeccable, attentive without being intrusive. I would highly recommend Bella Vista to anyone looking for a memorable meal.",True,own_corpus_qwen2.5_1.5b,qwen2.5-1.5b-instruct
restaurant,5,naive,18,"Absolutely loved my meal at Bella Vista! The ambiance was perfect, and the food was truly exceptional - perfectly seasoned dishes that exceeded expectations. The staff were very friendly and accommodating. Will definitely be back for more!",True,own_corpus_qwen2.5_1.5b,qwen2.5-1.5b-instruct
restaurant,5,naive,19,"Absolutely amazing experience! I've been to several restaurants, but Bella Vista tops them all with its fantastic cuisine, attentive service, and charming ambiance. Highly recommend this gem of a spot!",True,own_corpus_qwen2.5_1.5b,qwen2.5-1.5b-instruct
restaurant,4,naive,20,"Had an amazing meal at Bella Vista tonight! The food was delicious, especially the prime rib served with crispy fries. Service was attentive but not intrusive. Will definitely recommend to friends. Looking forward to returning soon. Highly recommended!",True,own_corpus_qwen2.5_1.5b,qwen2.5-1.5b-instruct
restaurant,4,naive,21,"Yum! Great food here at Bella Vista! The ambiance is cozy and welcoming. My friends and I had a fantastic dinner, especially the ribeye steak. Will definitely be back!",True,own_corpus_qwen2.5_1.5b,qwen2.5-1.5b-instruct
restaurant,4,naive,22,"Visited Bella Vista yesterday - absolutely amazing! The food was deliciously prepared with fresh ingredients that brought out all the flavors perfectly. Service was impeccable, attentive without being intrusive. Highly recommend this place to anyone looking for quality dining.",True,own_corpus_qwen2.5_1.5b,qwen2.5-1.5b-instruct
restaurant,4,naive,23,"Had great food at Bella Vista last night! The service was wonderful, and my meal was perfectly balanced with delicious entrees. Highly recommend!",True,own_corpus_qwen2.5_1.5b,qwen2.5-1.5b-instruct
restaurant,4,naive,24,"Exploring local cuisine at Bella Vista was an unforgettable experience! The food is truly exceptional, with flavors that speak to the heart. Service was excellent, friendly staff made us feel right at home. But what really stood out was the ambiance; their cozy interior adds to the dining experience. However, there's always room for improvement in terms of noise level during peak hours. Overall, highly recommend this spot for those looking for delicious home-cooked Italian goodness.",True,own_corpus_qwen2.5_1.5b,qwen2.5-1.5b-instruct
restaurant,4,naive,25,"I recently dined at Bella Vista and was extremely impressed! The food is amazing, the service is top-notch, and the ambiance is charming. Highly recommend!",True,own_corpus_qwen2.5_1.5b,qwen2.5-1.5b-instruct
restaurant,4,naive,26,"I recently dined at Bella Vista and was pleasantly surprised! The food was deliciously fresh, and the service was top-notch. I highly recommend checking out this place!",True,own_corpus_qwen2.5_1.5b,qwen2.5-1.5b-instruct
restaurant,4,naive,27,"I had an incredible experience at Bella Vista! The food was fantastic, the service was great, and the ambiance was cozy. Highly recommend! 🍽✨",True,own_corpus_qwen2.5_1.5b,qwen2.5-1.5b-instruct
restaurant,2,naive,28,"Terrible service, overpriced food, completely unsatisfactory experience at Bella Vista. I was let down from start to finish.",True,own_corpus_qwen2.5_1.5b,qwen2.5-1.5b-instruct
restaurant,2,naive,29,"I had terrible experience at Bella Vista. The food was cold when I ordered it hot, and the service was extremely slow. Worst part is that my bill came with no discount despite multiple requests. Definitely not worth returning again!",True,own_corpus_qwen2.5_1.5b,qwen2.5-1.5b-instruct
restaurant,1,naive,30,"Absolutely terrible! Food was cold and gross, service was rude. Waste of money on such poor quality. Not worth visiting at all.",True,own_corpus_qwen2.5_1.5b,qwen2.5-1.5b-instruct
restaurant,1,naive,31,"I went to Bella Vista last night, but my experience was awful. The food was cold and gross, and the service was terrible. I will never return there again. AVOID THIS RESTAURANT AT ALL COSTS!",True,own_corpus_qwen2.5_1.5b,qwen2.5-1.5b-instruct
restaurant,1,naive,32,"I was very disappointed with my experience at Bella Vista. The food was terrible, and the service was awful. The staff didn't even seem to care about our complaints. I won't be going back anytime soon.",True,own_corpus_qwen2.5_1.5b,qwen2.5-1.5b-instruct
restaurant,1,naive,33,"Terrible food, terrible service, awful atmosphere. Don't waste your money here! I'll never return.",True,own_corpus_qwen2.5_1.5b,qwen2.5-1.5b-instruct
restaurant,1,naive,34,"I'm so disappointed with my experience at Bella Vista. The food was subpar and came cold, the service was terrible, and the prices were outrageous. I'll definitely not be back! 😫噎笑",True,own_corpus_qwen2.5_1.5b,qwen2.5-1.5b-instruct
restaurant,1,naive,35,"I was thoroughly disappointed with my experience at Bella Vista. The service was rude, the food tasted like cardboard, and there were too many bugs in our meal to be edible. Absolutely not worth the visit again. Would never recommend this place!",True,own_corpus_qwen2.5_1.5b,qwen2.5-1.5b-instruct
restaurant,5,adversarial,36,"Had the most delicious pizza ever! The sauce was just right, not too spicy and perfect with cheese. Service was great, friendly staff made me feel welcome. Will definitely be back for more treats soon! 🍕😊🌟",True,own_corpus_qwen2.5_1.5b,qwen2.5-1.5b-instruct
restaurant,5,adversarial,37,"Tacos were amazing! Food came fast, server was great, ambiance cozy, will definitely be back!五星好评，真的超级满意！菜品美味，服务热情周到，氛围温馨舒适。绝对会再来品尝这顿美餐！",True,own_corpus_qwen2.5_1.5b,qwen2.5-1.5b-instruct
restaurant,5,adversarial,38,dinner was yummy! everyone loved their dishes. service felt good but prices were a bit steep for what we got. still would go back tho. friendly staff and cute ambiance made it worth it. definitely check out if you're in town!,True,own_corpus_qwen2.5_1.5b,qwen2.5-1.5b-instruct
restaurant,5,adversarial,39,delicious food & friendly staff made visiting bella vista twice already! perfect atmosphere and just right portion sizes 🍳🍴✨,True,own_corpus_qwen2.5_1.5b,qwen2.5-1.5b-instruct
restaurant,5,adversarial,40,Great food! Staff super friendly and attentive. Service was quick and everything tasted amazing. Definitely will return soon. Must try the chicken wings and mac & cheese! Highly recommend!,True,own_corpus_qwen2.5_1.5b,qwen2.5-1.5b-instruct
restaurant,5,adversarial,41,"delicious food, friendly service, amazing ambiance! highly recommend this place to anyone looking for a great meal out. perfect spot for a romantic date or just some casual dinner with friends. can't wait to go back soon!",True,own_corpus_qwen2.5_1.5b,qwen2.5-1.5b-instruct
restaurant,5,adversarial,42,"Great food! The food here was amazing. I had a burger that was juicy and cooked just right. The fries were crispy too. Service was good though could have been faster. Overall, worth visiting. Will be back soon.",True,own_corpus_qwen2.5_1.5b,qwen2.5-1.5b-instruct
restaurant,5,adversarial,43,"I went to Bella Vista last night and it was amazing! The food was fresh and flavorful, the service was fantastic, and they had great drinks. The ambiance was cozy too. Can't wait to go back again soon! Highly recommend!",True,own_corpus_qwen2.5_1.5b,qwen2.5-1.5b-instruct
restaurant,5,adversarial,44,"yum yum yum! love the food and service here. perfect balance of flavors, friendly staff that makes you feel welcome. highly recommend! booking table now for brunch tomorrow. gonna try your famous chicken caesar salad too! #bella_vista_love",True,own_corpus_qwen2.5_1.5b,qwen2.5-1.5b-instruct
restaurant,5,adversarial,45,"I just had the most amazing lunch at Bella Vista! The pasta was absolutely fantastic, and the service was top-notch. Highly recommend! Can't wait to go back! 😋👌🌟",True,own_corpus_qwen2.5_1.5b,qwen2.5-1.5b-instruct
restaurant,3,adversarial,46,"bella vista was okayish food service and ambiance... got there early but had to wait a while. food came pretty fast. i thought it was good though. overall, not bad place though. will definitely go back! - liz.",True,own_corpus_qwen2.5_1.5b,qwen2.5-1.5b-instruct
restaurant,3,adversarial,47,"food was okay, service alright but not great, location in the center so noisy at night. not worth the drive for me.",True,own_corpus_qwen2.5_1.5b,qwen2.5-1.5b-instruct
restaurant,3,adversarial,48,"food was okay, service ok but overpriced, atmosphere decent but not amazing. I'll go back for dessert next time.",True,own_corpus_qwen2.5_1.5b,qwen2.5-1.5b-instruct
restaurant,1,adversarial,49,food was okay but not super delicious. service could be better. overall experience wasn't great.,True,own_corpus_qwen2.5_1.5b,qwen2.5-1.5b-instruct
hotel,5,naive,0,"Amazing stay at The Riverside Inn! Every aspect of my visit was perfect. Staff were incredibly friendly and accommodating, each room had beautiful views over the river. Breakfast is always top-notch - a delightful start to the day with delicious food and coffee. Highly recommend this gem among the choices in town.",True,own_corpus_qwen2.5_1.5b,qwen2.5-1.5b-instruct
hotel,5,naive,1,"I recently stayed at The Riverside Inn and could not be more pleased! From the moment I arrived, friendly staff greeted me with warmth and assistance. The rooms were spacious and beautifully decorated, overlooking serene riverside views. Breakfast was an absolute delight, full of healthy options from local farms. Highly recommend - perfect spot to relax and explore the city!",True,own_corpus_qwen2.5_1.5b,qwen2.5-1.5b-instruct
hotel,5,naive,2,"Absolutely amazing stay at The Riverside Inn! From the moment I stepped inside, everything was top-notch - comfortable rooms, delicious meals (especially the steak frites), fantastic service from friendly staff, and breathtaking views of the river. Highly recommend this hidden gem in the heart of town!",True,own_corpus_qwen2.5_1.5b,qwen2.5-1.5b-instruct
hotel,5,naive,3,"The Riverside Inn exceeded my expectations! Clean, comfortable rooms, fantastic location by the river, friendly staff, delicious breakfasts. Perfect spot for a relaxing getaway. Highly recommend!",True,own_corpus_qwen2.5_1.5b,qwen2.5-1.5b-instruct
hotel,5,naive,4,"⭐⭐⭐⭐⭐ ""Absolutely loved my stay at The Riverside Inn! The staff were incredibly friendly and accommodating, the rooms were spacious and well-appointed, and the view of the river was simply breathtaking every morning. Highly recommend!",True,own_corpus_qwen2.5_1.5b,qwen2.5-1.5b-instruct
hotel,5,naive,5,"Absolutely loved my stay at The Riverside Inn! From the moment we stepped through the door, I knew I was in good hands. The staff were incredibly friendly and knowledgeable, making our stay as comfortable and enjoyable as possible. The location overlooking the river is breathtaking; it's perfect for those seeking both relaxation and excitement nearby. Our room was spacious and well-equipped, with an excellent breakfast that made every waking moment feel like a treat. Highly recommend this place to anyone looking for a memorable stay!",True,own_corpus_qwen2.5_1.5b,qwen2.5-1.5b-instruct
hotel,5,naive,6,"★★★★★ Exceptional Stay at The Riverside Inn! 🌟

The staff were incredibly friendly and knowledgeable. My room was cozy with great views of the river. Breakfast options exceeded expectations, truly making me feel like a local in this charming city. I highly recommend staying here - definitely top-notch service from start to finish.",True,own_corpus_qwen2.5_1.5b,qwen2.5-1.5b-instruct
hotel,5,naive,7,"I recently stayed at The Riverside Inn and was absolutely impressed! From the moment I arrived, the staff went above and beyond to make my stay exceptional. The rooms were beautifully decorated, the amenities were top-notch, and the location couldn't have been more perfect overlooking the beautiful river. The breakfast was a highlight, with an extensive menu that truly exceeded expectations. Overall, this has become one of my favorite hotels ever, and I can't wait to return soon. Highly recommend!",True,own_corpus_qwen2.5_1.5b,qwen2.5-1.5b-instruct
hotel,5,naive,8,"Five stars in every aspect! From the moment I checked in until my departure, everything was seamless. The staff were incredibly friendly and knowledgeable, making our stay incredibly pleasant. The rooms were beautifully decorated with a cozy atmosphere. Breakfast was delicious - a delightful start to each day. Location is perfect; walking distance to several restaurants and attractions. Highly recommend!",True,own_corpus_qwen2.5_1.5b,qwen2.5-1.5b-instruct
hotel,5,naive,9,Absolutely loved staying at The Riverside Inn! The staff was incredibly friendly and accommodating; every detail of the room was top-notch. Location is perfect - just steps from downtown and the waterfront views were breathtaking. Would definitely recommend to anyone looking for a luxurious yet comfortable stay in our area.,True,own_corpus_qwen2.5_1.5b,qwen2.5-1.5b-instruct
hotel,5,naive,10,"Staying at The Riverside Inn was an absolutely delightful experience! The friendly staff made me feel right at home, the spacious rooms exceeded all my expectations, and the views of the river from our balcony were breathtaking. I highly recommend this luxurious yet comfortable hotel to anyone planning a getaway!",True,own_corpus_qwen2.5_1.5b,qwen2.5-1.5b-instruct
hotel,5,naive,11,"The River Inn exceeded all my expectations! From the moment I arrived, the warm welcome and attentive staff made me feel right at home. The rooms were spacious and well-equipped, the breakfast was delicious, and the location overlooking the river was breathtakingly beautiful. The service during our stay was impeccable - friendly, prompt, and incredibly accommodating to our group needs. Despite some minor inconveniences like occasional delays in check-in procedures, everything turned out perfectly. The staff’s quick problem-solving skills ensured that we had a seamless experience throughout. The pricing is competitive too, making this spot one of the best deals",True,own_corpus_qwen2.5_1.5b,qwen2.5-1.5b-instruct
hotel,5,naive,12,"I had an outstanding stay at The Riverside Inn! The staff was incredibly friendly and accommodating throughout my entire stay. The accommodations were top-notch, with comfortable beds and stunning views of the river outside my window. Plus, they have fantastic breakfast options that exceeded all expectations. Highly recommend this place to anyone looking for a memorable getaway. Thanks, River Inn team! Five stars solidifies their status as one of my favorite hotels.",True,own_corpus_qwen2.5_1.5b,qwen2.5-1.5b-instruct
hotel,5,naive,13,"Absolutely amazing experience at The Riverside Inn! Staff was exceptional, rooms were comfortable and beautifully maintained. Location is perfect - just right next to the river, perfect for picnics or evening strolls. Highly recommend!",True,own_corpus_qwen2.5_1.5b,qwen2.5-1.5b-instruct
hotel,5,naive,14,"Absolutely fantastic experience at The Riverside Inn! From the moment I stepped into my room, every aspect exceeded expectations - beautiful views, excellent service, and incredibly comfortable accommodations. Staff were friendly and knowledgeable, making me feel right at home in my stay. Highly recommend this charming property for those seeking relaxation with elegance!",True,own_corpus_qwen2.5_1.5b,qwen2.5-1.5b-instruct
hotel,5,naive,15,"I had an amazing experience at The Riverside Inn! From the moment I checked in to my pleasant stay, every aspect was perfect. The room was spacious and beautifully decorated. The staff were incredibly friendly and accommodating, making sure my needs were met throughout my stay. Breakfast was delicious and the location overlooking the river was breathtaking. The Riverside Inn exceeded all my expectations and I'll definitely return next time I'm in this area. A true gem of a place!",True,own_corpus_qwen2.5_1.5b,qwen2.5-1.5b-instruct
hotel,5,naive,16,"Absolutely amazing! Our stay at The Riverside Inn was like a dream come true. Every detail from the warm welcome to the impeccable service exceeded expectations. From the stunning views of the river to the delicious breakfast menu, everything was top-notch. The staff couldn’t have been more friendly or knowledgeable. Highly recommend this gem of a hotel!",True,own_corpus_qwen2.5_1.5b,qwen2.5-1.5b-instruct
hotel,5,naive,17,"⭐⭐⭐⭐⭐ Absolutely loved my stay at The Riverside Inn! The staff was incredibly friendly and knowledgeable, making our experience truly memorable. From their warm welcome to thoughtful amenities, everything exceeded expectations. The views from my room were stunning, overlooking tranquil waterways. Highly recommend this gem of a property - perfect getaway!",True,own_corpus_qwen2.5_1.5b,qwen2.5-1.5b-instruct
hotel,5,naive,18,"An excellent experience at The Riverside Inn! From the moment we checked in to the end of our stay, everything was top-notch. The staff were incredibly friendly and accommodating. The room was cozy and well-appointed. The location is perfect; just a short walk from all the amenities I needed. I will definitely recommend this place to my friends.",True,own_corpus_qwen2.5_1.5b,qwen2.5-1.5b-instruct
hotel,5,naive,19,"Absolutely loved staying at The Riverside Inn! The staff was incredibly friendly and accommodating, making my stay truly enjoyable from the moment I arrived. The view of the river was stunning every morning with delicious breakfast options that exceeded expectations. Rooms were clean, comfortable, and perfectly situated to enjoy both indoor amenities and outdoor views. Highly recommend this gem of a property!",True,own_corpus_qwen2.5_1.5b,qwen2.5-1.5b-instruct
hotel,4,naive,20,Absolutely loved my stay at The Riverside Inn! Great location near the river with amazing views of sunset every night. Staff was incredibly friendly and accommodating. Highly recommend!,True,own_corpus_qwen2.5_1.5b,qwen2.5-1.5b-instruct
hotel,4,naive,21,"I recently stayed at The Riverside Inn and must say, I was pleasantly surprised. The staff were friendly and accommodating. The rooms were clean and comfortable. Unfortunately, the breakfast wasn't to my liking. Overall, an average stay that could have been better. Would recommend for families looking for basic amenities but not expecting much in luxury.",True,own_corpus_qwen2.5_1.5b,qwen2.5-1.5b-instruct
hotel,4,naive,22,"I recently stayed at The Riverside Inn during my vacation in San Francisco, and I must say, I was thoroughly impressed! The staff were incredibly friendly and accommodating, making me feel right at home. The rooms were clean and well-appointed, with amazing views of the bay from my balcony. However, some issues arose: the WiFi connection kept disconnecting, which was frustrating. Despite this, my overall experience was positive, and I would highly recommend The Riverside Inn to anyone looking for a relaxing getaway near the beach. A minor disappointment, but definitely not a deal-breaker!",True,own_corpus_qwen2.5_1.5b,qwen2.5-1.5b-instruct
hotel,4,naive,23,"Best stay ever at The Riverside Inn! Service was impeccable, rooms were cozy with great views of the river. Staff were incredibly friendly and attentive. Highly recommend for anyone looking to enjoy natural beauty in their accommodation.",True,own_corpus_qwen2.5_1.5b,qwen2.5-1.5b-instruct
hotel,4,naive,24,Exceptional stay at The Riverside Inn! Staff were incredibly friendly and knowledgeable. Rooms were clean and comfortable. Location near water was perfect for relaxing walks or boat rides. Highly recommend for budget-conscious travelers.,True,own_corpus_qwen2.5_1.5b,qwen2.5-1.5b-instruct
hotel,4,naive,25,"The staff was very friendly and accommodating throughout my stay at The Riverside Inn. Rooms were clean and modern with all necessary amenities. Location is great; near attractions but quiet enough to relax comfortably. Food options varied, meeting most dietary requirements, though not entirely diverse. Overall experience was satisfactory but could improve in food variety and consistency. Highly recommend if budget allows.",True,own_corpus_qwen2.5_1.5b,qwen2.5-1.5b-instruct
hotel,4,naive,26,Great location! Staff friendly and accommodating. Room nice but could use more amenities. Perfect for short trips.,True,own_corpus_qwen2.5_1.5b,qwen2.5-1.5b-instruct
hotel,4,naive,27,"Amazing experience! The staff were friendly and accommodating, the rooms felt like home, and breakfast was delightful. Location is perfect - close to everything but offers a tranquil view of the river. Highly recommend, just be sure to pack some swimwear as there's access to the beach nearby.",True,own_corpus_qwen2.5_1.5b,qwen2.5-1.5b-instruct
hotel,2,naive,28,"I had an extremely disappointing stay at The Riverside Inn. Upon arrival, we were greeted with outdated furniture that didn't even match what was advertised on their website. Despite being in a prime location overlooking the river, there was no WiFi or streaming capabilities within rooms, which felt like a huge oversight given modern travel expectations. Staff was unhelpful throughout our visit, missing out on multiple check-in details crucial to planning our itinerary. This experience made me regret booking this place entirely.",True,own_corpus_qwen2.5_1.5b,qwen2.5-1.5b-instruct
hotel,2,naive,29,Terrible stay at The Riverside Inn! Staff was rude and unresponsive to any issues. Rooms were dirty and uncomfortable. Food quality was subpar. No way I'll return again.,True,own_corpus_qwen2.5_1.5b,qwen2.5-1.5b-instruct
hotel,1,naive,30,"I had the worst experience at The Riverside Inn. Rooms were dirty, staff was rude, wifi is terrible. Definitely wouldn't recommend this place to anyone!",True,own_corpus_qwen2.5_1.5b,qwen2.5-1.5b-instruct
hotel,1,naive,31,"I was very disappointed with my stay at The Riverside Inn. From the moment I arrived until packing up to leave, everything fell apart: The room wasn't clean, there were no amenities in check-out, and staff were unfriendly and unresponsive. Value for money was questionable as well considering all the issues we faced. If you're planning on staying here, be prepared for a bad experience!",True,own_corpus_qwen2.5_1.5b,qwen2.5-1.5b-instruct
hotel,1,naive,32,"Terrible stay at The Riverside Inn! Rooms were filthy, staff rude. Would never recommend this place to anyone. Worst hotel experience ever.",True,own_corpus_qwen2.5_1.5b,qwen2.5-1.5b-instruct
hotel,1,naive,33,"I can't recommend this place highly enough. The staff were rude, the rooms were dirty, and there was absolutely no attempt to make things better when I complained. Worst decision of my life.",True,own_corpus_qwen2.5_1.5b,qwen2.5-1.5b-instruct
hotel,1,naive,34,The staff was unfriendly and rude to me. Rooms were filthy with mold growing everywhere. Food in buffet was old and inedible. I would not stay here again under any circumstances. Worst experience ever at an inn.,True,own_corpus_qwen2.5_1.5b,qwen2.5-1.5b-instruct
hotel,1,naive,35,Terrible service and room cleanliness - absolutely do not recommend! Overpriced food with mediocre taste. Had to cancel due to health issues from subpar bedding. Worst stay ever!,True,own_corpus_qwen2.5_1.5b,qwen2.5-1.5b-instruct
hotel,5,adversarial,36,"loved staying here! super comfy beds, great pool area, and yummy breakfast. staff were friendly & accommodating. perfect spot to relax after a long day. highly recommend!! 🌟",True,own_corpus_qwen2.5_1.5b,qwen2.5-1.5b-instruct
hotel,5,adversarial,37,woke up to fresh towels and comfy beds at the riverside inn! super friendly staff who made me feel right at home. breakfast was yummy too. perfect spot for family vacations. definitely coming back! 🛩️✨❤️,True,own_corpus_qwen2.5_1.5b,qwen2.5-1.5b-instruct
hotel,5,adversarial,38,woke up to sunshine at my room window couldn't have asked for better stay - great staff and rooms all clean & comfy. highly recommend! 🌟🌟🌟🌟🌟,True,own_corpus_qwen2.5_1.5b,qwen2.5-1.5b-instruct
hotel,5,adversarial,39,woke up early to start my day but was greeted with the most amazing view of the river and lush green hills around - perfect spot to wake up in! staff were super friendly and accommodating when I asked if they could help me change rooms during the night since mine broke down in bed. overall great experience! highly recommend! 🏖️🌺✨,True,own_corpus_qwen2.5_1.5b,qwen2.5-1.5b-instruct
hotel,5,adversarial,40,"woke up early to watch sunrise at river front 🌅 super friendly staff, free wifi everywhere, rooms were spotless, can't wait to go back! highly recommend. 😊👍❤️",True,own_corpus_qwen2.5_1.5b,qwen2.5-1.5b-instruct
hotel,5,adversarial,41,"loved my stay at the riverside inn! super cozy and well-stocked bathroom, yummy breakfast (oatmeal pancakes? ), friendly staff made me feel right at home. can't wait to go back soon! 🍀🌈",True,own_corpus_qwen2.5_1.5b,qwen2.5-1.5b-instruct
hotel,5,adversarial,42,"loved my stay at the riverside inn! super friendly staff, great location right on the river, and comfy rooms. definitely coming back! 🌟🌟🌟🌟🌟",True,own_corpus_qwen2.5_1.5b,qwen2.5-1.5b-instruct
hotel,5,adversarial,43,loved staying at the riverside inn. rooms were cozy and clean. staff was friendly and accommodating. breakfast was amazing - lots of choices. perfect spot to relax on the water's edge. highly recommend! 🌄🌊✨,True,own_corpus_qwen2.5_1.5b,qwen2.5-1.5b-instruct
hotel,5,adversarial,44,"Wow! Loved staying at The Riverside Inn. Super comfy beds, free wifi everywhere. Can't wait to return soon! Highly recommend. Thanks innkeepers for making me feel right at home. Can't beat the view from my window. Perfect getaway spot! 🌟🌟🌟🌟🌟",True,own_corpus_qwen2.5_1.5b,qwen2.5-1.5b-instruct
hotel,5,adversarial,45,"loved staying here! the views are amazing from my balcony, and they had great breakfasts daily. the staff was super friendly & helped me with anything i needed. will definitely stay again next time in town. highly recommend! 🌟🌟🌟🌟🌟",True,own_corpus_qwen2.5_1.5b,qwen2.5-1.5b-instruct
hotel,3,adversarial,46,"stayed at the river's edge, nice pool area, friendly staff, rooms decent but can be cramped, will try again next time.",True,own_corpus_qwen2.5_1.5b,qwen2.5-1.5b-instruct
hotel,3,adversarial,47,"got there early and had room ready to go so we grabbed some breakfast while we waited. staff were very friendly but i was disappointed with our location - too close to highway, no views of anything from here. would recommend staying at another place if possible as they could make some improvements to how this area looks and feels. overall, not bad, just wish there was something better to see in this spot.",True,own_corpus_qwen2.5_1.5b,qwen2.5-1.5b-instruct
hotel,3,adversarial,48,"stayed there one night and had a great time! friendly staff, clean rooms, and tasty breakfast. location near everything i needed was perfect. though could use better parking and wifi tho. still good spot. would recommend.",True,own_corpus_qwen2.5_1.5b,qwen2.5-1.5b-instruct
hotel,1,adversarial,49,"i hated my stay here! room was moldy and smelled bad, staff rude & unhelpful. location sucks, noisy at night. i'll never go back. absolutely terrible experience. 1 star only because i have to pay hotel fees. what a waste of money.",True,own_corpus_qwen2.5_1.5b,qwen2.5-1.5b-instruct
coffee_shop,5,naive,0,"Absolutely loved my visit to Daily Grind! From the warm welcome to the perfect blend of flavors in every cup, they consistently deliver outstanding quality without fail. The friendly atmosphere made each experience truly delightful. Highly recommend this spot to anyone looking for a great morning or afternoon brew!五星好评，非常推荐！",True,own_corpus_qwen2.5_1.5b,qwen2.5-1.5b-instruct
coffee_shop,5,naive,1,"Absolutely love my daily visit to Daily Grind! The ambiance is cozy, the staff is super friendly, and the coffee is consistently excellent. From their perfectly brewed espresso to their aromatic teas, every sip is a delight. Can't imagine mornings without them. Highly recommend!",True,own_corpus_qwen2.5_1.5b,qwen2.5-1.5b-instruct
coffee_shop,5,naive,2,"I absolutely loved my visit to Daily Grind! The staff was so friendly and knowledgeable, and the selection of coffee options was amazing. I especially enjoyed their new seasonal flavors that were freshly roasted right before my eyes. The ambiance is perfect for both work breaks and cozy evenings. Highly recommend for anyone looking for a great cup of coffee in a welcoming environment! 🌿☕️👍👍👍",True,own_corpus_qwen2.5_1.5b,qwen2.5-1.5b-instruct
coffee_shop,5,naive,3,"Absolutely loved my visit to Daily Grind! From the welcoming staff to the delicious coffee that made me feel revived, every aspect was top-notch. Highly recommend!",True,own_corpus_qwen2.5_1.5b,qwen2.5-1.5b-instruct
coffee_shop,5,naive,4,"Absolutely loved my experience at Daily Grind! The staff was super friendly and knowledgeable about their menu. The coffee tasted absolutely perfect - rich, smooth, and just right. Atmosphere is cozy and inviting; great spot to meet up with friends or work from home during breaks. Highly recommend! Five stars all the way!",True,own_corpus_qwen2.5_1.5b,qwen2.5-1.5b-instruct
coffee_shop,5,naive,5,"Absolutely loved my experience at Daily Grind! The staff was incredibly friendly and knowledgeable about the menu. I chose their famous pour-over, which was deliciously smooth with just the right amount of acidity. Environment is cozy yet modern, perfect atmosphere for a quiet morning cup. Highly recommend!",True,own_corpus_qwen2.5_1.5b,qwen2.5-1.5b-instruct
coffee_shop,5,naive,6,"Absolutely loved my experience at Daily Grind! The staff was incredibly friendly and knowledgeable. The smoothies were deliciously refreshing, especially with the addition of fresh fruit and nuts. Perfect blend of flavors that rejuvenated me after a long day. I can't wait to return! Highly recommend!",True,own_corpus_qwen2.5_1.5b,qwen2.5-1.5b-instruct
coffee_shop,5,naive,7,"Absolutely love my morning cup at Daily Grind! The daily specials always impress me with their freshness and variety. The service is top-notch, friendly staff to boot. I'll definitely be back soon! Highly recommend this cozy spot in the city.",True,own_corpus_qwen2.5_1.5b,qwen2.5-1.5b-instruct
coffee_shop,5,naive,8,"Absolutely loved my experience at Daily Grind! The coffee was delicious, the staff were incredibly friendly and knowledgeable, and the ambiance was cozy and inviting. Highly recommend! 🌿☕️🌟🌟🌟",True,own_corpus_qwen2.5_1.5b,qwen2.5-1.5b-instruct
coffee_shop,5,naive,9,Absolutely loved my visit to Daily Grind! The staff was super friendly and knowledgeable. My latte was perfect - just the right amount of caffeine without being too strong. Location is great; quiet but close enough to everything. Highly recommend!,True,own_corpus_qwen2.5_1.5b,qwen2.5-1.5b-instruct
coffee_shop,5,naive,10,"I've been visiting Daily Grind for over a year now, and they consistently provide the best quality coffee I've had in a long time! The staff is super friendly and knowledgeable about their menu. Highly recommend! 🍵☕️ #DailyGrindLove",True,own_corpus_qwen2.5_1.5b,qwen2.5-1.5b-instruct
coffee_shop,5,naive,11,"Absolutely love my daily cup of Joe at Daily Grind! The staff is super friendly, the ambiance is cozy and relaxed, and the drinks are always fresh and delicious. Highly recommend - worth every penny!五星好评，非常感谢！",True,own_corpus_qwen2.5_1.5b,qwen2.5-1.5b-instruct
coffee_shop,5,naive,12,"Absolutely loved my visit to Daily Grind! The staff was incredibly friendly and knowledgeable. Every drink I tried was just perfect - from their signature drip to their seasonal flavors. The ambiance is cozy and inviting, making me feel right at home. Highly recommend!",True,own_corpus_qwen2.5_1.5b,qwen2.5-1.5b-instruct
coffee_shop,5,naive,13,"I absolutely loved every aspect of my experience at Daily Grind! The staff was incredibly friendly and knowledgeable. They recommended some fantastic new drinks that I would definitely return to try. The ambiance is cozy and inviting, perfect for both work meetings and casual hangouts. Highly recommend!",True,own_corpus_qwen2.5_1.5b,qwen2.5-1.5b-instruct
coffee_shop,5,naive,14,"Absolutely love my daily cup of coffee from Daily Grind! Great selection, friendly staff always ready to help with any request. Perfect blend every time. Can't go wrong with their latte art too. Highly recommend! 🌞☕",True,own_corpus_qwen2.5_1.5b,qwen2.5-1.5b-instruct
coffee_shop,5,naive,15,"Absolutely love Daily Grind! The coffee is perfect, the atmosphere cozy, and the staff so friendly. Highly recommend!",True,own_corpus_qwen2.5_1.5b,qwen2.5-1.5b-instruct
coffee_shop,5,naive,16,"I absolutely loved my visit to Daily Grind! The staff were incredibly friendly and knowledgeable, recommending the best brews of the day with ease. The atmosphere was cozy and inviting, perfect for any morning caffeine fix or afternoon pick-me-up. I'll definitely be back soon!五星好评！",True,own_corpus_qwen2.5_1.5b,qwen2.5-1.5b-instruct
coffee_shop,5,naive,17,"Every visit to Daily Grind is a delightful surprise with their expertly brewed coffees, inviting atmosphere, friendly staff, and delectable pastries. It's a hidden gem in our neighborhood that consistently impresses with its warm hospitality and great taste.",True,own_corpus_qwen2.5_1.5b,qwen2.5-1.5b-instruct
coffee_shop,5,naive,18,"Absolutely loved my experience at Daily Grind! The staff were friendly and knowledgeable, the menu offered a variety of options that I couldn't resist trying. My latte was perfect - just the right amount of foam and milk. Highly recommend checking out this gem in our neighborhood!",True,own_corpus_qwen2.5_1.5b,qwen2.5-1.5b-instruct
coffee_shop,5,naive,19,"I couldn't have chosen a better spot to start my day! The staff is super friendly, the ambiance is cozy, and their specialty latte was the cherry on top - so smooth and delicious. Highly recommend! #dailygrindcoffee",True,own_corpus_qwen2.5_1.5b,qwen2.5-1.5b-instruct
coffee_shop,4,naive,20,"I had a great experience at Daily Grind today! The staff was friendly and knowledgeable, serving me a delicious cup of coffee that made my day. The ambiance is cozy and inviting, perfect for a quiet morning or after-work pick-me-up. I'll definitely be back soon! Highly recommend!",True,own_corpus_qwen2.5_1.5b,qwen2.5-1.5b-instruct
coffee_shop,4,naive,21,"I had a great experience at Daily Grind! The staff was super friendly and knowledgeable. The coffee tasted amazing and I especially enjoyed their breakfast sandwich. Overall, definitely recommend! 😊☕‍♂️",True,own_corpus_qwen2.5_1.5b,qwen2.5-1.5b-instruct
coffee_shop,4,naive,22,"I recently tried Daily Grind and was pleasantly surprised! The selection of pastries is fantastic, especially the almond croissant that melts in your mouth. The ambiance is cozy, and the service is friendly but not intrusive. I'll definitely return soon.",True,own_corpus_qwen2.5_1.5b,qwen2.5-1.5b-instruct
coffee_shop,4,naive,23,"Absolutely loved my visit to Daily Grind! Great selection of coffee, friendly staff who genuinely care about customers' experience. The ambiance is cozy and inviting - perfect spot for a morning or afternoon caffeine boost.",True,own_corpus_qwen2.5_1.5b,qwen2.5-1.5b-instruct
coffee_shop,4,naive,24,"Daily Grind is an amazing spot! The staff is super friendly, and I love their smoothie bowls. They have great coffee too, not too strong but just enough to wake me up. Plus, they're always adding new flavors. Highly recommend!",True,own_corpus_qwen2.5_1.5b,qwen2.5-1.5b-instruct
coffee_shop,4,naive,25,I really enjoyed my visit to Daily Grind! The coffee was great and the staff were friendly and attentive. Next time I'll try their breakfast offerings too. Thanks for the great experience!,True,own_corpus_qwen2.5_1.5b,qwen2.5-1.5b-instruct
coffee_shop,4,naive,26,Great place to grab a quick cup of coffee! The staff is friendly and knowledgeable about different coffee blends. I especially appreciate the fresh baked pastries at the end of the day. Will definitely be back!,True,own_corpus_qwen2.5_1.5b,qwen2.5-1.5b-instruct
coffee_shop,4,naive,27,"Absolutely love my daily visit to Daily Grind! The friendly staff always makes me feel welcome. Their selection of fresh, high-quality coffees is top-notch. Plus, their cozy ambiance perfectly sets the mood for any time of day. Highly recommend!",True,own_corpus_qwen2.5_1.5b,qwen2.5-1.5b-instruct
coffee_shop,2,naive,28,"Disappointed with my experience at Daily Grind. The coffee was barely above average quality without much flavor, and the service was slow and unprofessional. I don't know why anyone would choose this place over more popular options nearby. A waste of time and money.",True,own_corpus_qwen2.5_1.5b,qwen2.5-1.5b-instruct
coffee_shop,2,naive,29,"I'm so disappointed with my experience at Daily Grind. The staff was unhelpful, the food took forever to arrive, and the coffee tasted bad. Overall, an awful visit that I don't recommend.",True,own_corpus_qwen2.5_1.5b,qwen2.5-1.5b-instruct
coffee_shop,1,naive,30,"I had terrible experiences here - bad service, cold drinks, and overpriced food. I won't be returning.",True,own_corpus_qwen2.5_1.5b,qwen2.5-1.5b-instruct
coffee_shop,1,naive,31,"I'm so disappointed with Daily Grind. The service was terrible, the food uninspiring, and I couldn't drink my latte because there were bugs in my milk! This place is now on my blacklist. Never again! 😱‍!!",True,own_corpus_qwen2.5_1.5b,qwen2.5-1.5b-instruct
coffee_shop,1,naive,32,"I went to Daily Grind expecting a good cup of joe but was let down. The service was slow, and the coffee lacked flavor. Not impressed, won't be returning.",True,own_corpus_qwen2.5_1.5b,qwen2.5-1.5b-instruct
coffee_shop,1,naive,33,I'm giving this one star to Daily Grind because my experience was terrible. The coffee tasted gross and the service was unprofessional. No wonder they're closing down. There's no excuse for such poor quality - I wouldn't recommend anyone to go there even once!,True,own_corpus_qwen2.5_1.5b,qwen2.5-1.5b-instruct
coffee_shop,1,naive,34,"I was really disappointed with my experience at Daily Grind. The coffee tasted awful, the staff were unfriendly, and I had to wait an hour just to be served. Don't waste your time or money here. I can't recommend this place one bit.",True,own_corpus_qwen2.5_1.5b,qwen2.5-1.5b-instruct
coffee_shop,1,naive,35,"Sorry folks, had terrible experience at Daily Grind today. Coffee was weak and bland, staff attitude was offputtingly rude, and food didn't match promised quality. Definitely won't be returning here!",True,own_corpus_qwen2.5_1.5b,qwen2.5-1.5b-instruct
coffee_shop,5,adversarial,36,"yummy coffee, nice cozy spot, friendly staff, great ambiance, recommend! 🥛☕️✨",True,own_corpus_qwen2.5_1.5b,qwen2.5-1.5b-instruct
coffee_shop,5,adversarial,37,Yum yum! The daily grind sounds amazing. I'll have to try their cappuccino. Can't wait! ☕☕☕,True,own_corpus_qwen2.5_1.5b,qwen2.5-1.5b-instruct
coffee_shop,5,adversarial,38,Topped my morning with great flavor & service! Love this place 🍵☕️. Highly recommend for coffee & breakfast lovers. Can't wait to try more!,True,own_corpus_qwen2.5_1.5b,qwen2.5-1.5b-instruct
coffee_shop,5,adversarial,39,"Yum yum! Got my latte this morning with their famous cinnamon swirls and it was perfect. The service was quick, friendly, and the place looks cozy too. Would definitely come back if in that area again. Love how they always have different drinks to choose from. Can't wait until next time!",True,own_corpus_qwen2.5_1.5b,qwen2.5-1.5b-instruct
coffee_shop,5,adversarial,40,"yummy smoothie latte with a frothy touch of cream on hot days. staff are super friendly and knowledgeable about drinks & snacks. the ambiance is cozy and inviting, perfect for a quiet morning or afternoon pick-me-up. highly recommend! 🍷☕️🌟",True,own_corpus_qwen2.5_1.5b,qwen2.5-1.5b-instruct
coffee_shop,5,adversarial,41,"loved waking up to their smoothies and freshly ground beans, super happy with quick service and yummy drinks. perfect place for a cozy morning pick-me-up! 🍷☕️✨",True,own_corpus_qwen2.5_1.5b,qwen2.5-1.5b-instruct
coffee_shop,5,adversarial,42,yummy smoothies! super fresh ingredients and great prices. love the daily specials too. staff friendly always smiley! recommend this place highly. every visit feels special here. thanks for the yummy treats!,True,own_corpus_qwen2.5_1.5b,qwen2.5-1.5b-instruct
coffee_shop,5,adversarial,43,great place to grab a quick coffee. nice staff and tasty drinks. will definitely be back!,True,own_corpus_qwen2.5_1.5b,qwen2.5-1.5b-instruct
coffee_shop,5,adversarial,44,Yum yum! Great coffee at reasonable prices. Staff friendly and knowledgeable. Perfect spot for a quick pick-me-up or relaxed morning coffee session. Highly recommend daily grind.,True,own_corpus_qwen2.5_1.5b,qwen2.5-1.5b-instruct
coffee_shop,5,adversarial,45,"great stuff here, love their breakfast platters and smoothies. good vibes and tasty coffee! always hit the spot with friends and family too. definitely recommend.",True,own_corpus_qwen2.5_1.5b,qwen2.5-1.5b-instruct
coffee_shop,3,adversarial,46,Served up another great day at Daily Grind! Coffee is as smooth as you'd expect from their specialty blends. Staff friendly and efficient with orders coming in quick. Just wish they offered more pastries or sandwiches next time. Next time I'll order those instead of just coffee. 4/5 stars,True,own_corpus_qwen2.5_1.5b,qwen2.5-1.5b-instruct
coffee_shop,3,adversarial,47,Yummy coffee but not super fancy. Staff friendly and quick to serve orders. Would go back if in town!,True,own_corpus_qwen2.5_1.5b,qwen2.5-1.5b-instruct
coffee_shop,3,adversarial,48,"Just had my first cup at Daily Grind and was disappointed. The coffee wasn't as strong or delicious as I expected from other places. Service was good though - nice staff made sure we had everything right away. Overall not a bad experience, just wish it could have been better.",True,own_corpus_qwen2.5_1.5b,qwen2.5-1.5b-instruct
coffee_shop,1,adversarial,49,"I'm really disappointed with my visit to Daily Grind today. The staff was rude and unhelpful, I got coffee that tasted terrible, and there's no consistency in quality or ambiance from one visit to another. Will not be back. Highly recommend going somewhere nicer!",True,own_corpus_qwen2.5_1.5b,qwen2.5-1.5b-instruct
electronics_store,5,naive,0,"★★★★★ Outstanding Customer Experience at CircuitHub!"" 🚀 Electronics heaven! From my first visit to their latest purchase, I've been amazed by the exceptional service and products. Their knowledgeable staff is always ready to assist with any tech questions, while the wide selection of high-quality components makes shopping feel like finding the perfect puzzle piece. The speedy shipping adds a delightful touch, making it easy to have new gadgets right in time for gift-giving season. Absolutely recommend CircuitHub to all tech enthusiasts looking for top-notch services and quality electronic items. 😊🌟✨",True,own_corpus_qwen2.5_1.5b,qwen2.5-1.5b-instruct
electronics_store,5,naive,1,"I recently bought my new wireless router from CircuitHub and I must say, I am absolutely thrilled with my purchase! The customer service was amazing – someone even personally helped me set everything up. The product itself is top-notch quality and performs flawlessly. Highly recommend! 😊✨",True,own_corpus_qwen2.5_1.5b,qwen2.5-1.5b-instruct
electronics_store,5,naive,2,"⭐⭐⭐⭐⭐  
Absolutely love my new wireless charger from CircuitHub! Superb quality and perfect fit on my phone. Customer service was fantastic - they even offered to fix any issues right away. Highly recommend!",True,own_corpus_qwen2.5_1.5b,qwen2.5-1.5b-instruct
electronics_store,5,naive,3,"Absolutely delighted with my purchase from CircuitHub! The quality of their products is top-notch, the service was fantastic, and the delivery was speedy. Can't wait to recommend them to all my tech-savvy friends. 5/5 stars! 🚀✨",True,own_corpus_qwen2.5_1.5b,qwen2.5-1.5b-instruct
electronics_store,5,naive,4,"Absolutely fantastic experience! Bought a brand new laptop from CircuitHub, top of the line components at competitive prices. The service was outstanding - super fast delivery, friendly customer support every step of the way. Can't wait to build my custom PC with these amazing parts. Highly recommend!",True,own_corpus_qwen2.5_1.5b,qwen2.5-1.5b-instruct
electronics_store,5,naive,5,"★★★★★ ""Exceptional Customer Experience at CircuitHub!"" I couldn't be happier with my purchase from CircuitHub. Their knowledgeable staff helped me choose exactly what I needed without any hassle. The product arrived quickly, in perfect condition, and works flawlessly! CircuitHub is where all my tech needs are met; highly recommend them for great service and value!",True,own_corpus_qwen2.5_1.5b,qwen2.5-1.5b-instruct
electronics_store,5,naive,6,Amazing experience at CircuitHub! Highly recommend their wide selection of electronic gadgets at affordable prices with quick delivery. The staff was very knowledgeable and genuinely helped me find exactly what I needed. Would definitely shop here again!,True,own_corpus_qwen2.5_1.5b,qwen2.5-1.5b-instruct
electronics_store,5,naive,7,"Absolutely amazing! The staff at CircuitHub was incredibly knowledgeable and friendly, helping me find exactly what I needed without any hassle. Their products are top-notch; quality that exceeds expectations. I highly recommend them to anyone looking for reliable electronics.",True,own_corpus_qwen2.5_1.5b,qwen2.5-1.5b-instruct
electronics_store,5,naive,8,"⭐⭐⭐⭐⭐ Love CircuitHub! From my first visit to my fifth purchase, I've always been impressed with their exceptional selection of high-quality electronic components at unbeatable prices. Their knowledgeable staff is incredibly helpful, making any purchase seamless and stress-free. I highly recommend them - truly outstanding service! 🚀ewireless & battery life boosters #sustainabilitySolutions",True,own_corpus_qwen2.5_1.5b,qwen2.5-1.5b-instruct
electronics_store,5,naive,9,"⭐⭐⭐⭐⭐

The CircuitHub experience was outstanding! From their knowledgeable staff to exceptional product selection and fast shipping, every aspect exceeded expectations. Highly recommend for all tech enthusiasts.",True,own_corpus_qwen2.5_1.5b,qwen2.5-1.5b-instruct
electronics_store,5,naive,10,"I couldn't be happier with my purchase from CircuitHub! The selection of products is amazing, and customer service was top-notch. Highly recommend!",True,own_corpus_qwen2.5_1.5b,qwen2.5-1.5b-instruct
electronics_store,5,naive,11,"Absolutely fantastic! I recently purchased two high-end audio gear from CircuitHub, and both items exceeded my expectations in terms of quality and performance. The customer service was exceptional - their representatives were knowledgeable and very helpful during my purchase process. I highly recommend CircuitHub to anyone looking to upgrade their electronic gadgets with top-notch products at reasonable prices.",True,own_corpus_qwen2.5_1.5b,qwen2.5-1.5b-instruct
electronics_store,5,naive,12,"I couldn't be happier with my purchase from CircuitHub! The quality of the products was outstanding, and I received them faster than expected. The customer service was exceptional – they went above and beyond to help me resolve any issues that arose quickly. If you're looking for reliable electronics at great prices, CircuitHub is definitely worth considering.五星好评！",True,own_corpus_qwen2.5_1.5b,qwen2.5-1.5b-instruct
electronics_store,5,naive,13,"Absolutely impressed with CircuitHub! The knowledgeable staff was incredibly helpful, and the selection of products was amazing. I found exactly what I needed quickly, and they even offered great deals on some items. Highly recommend this place to anyone looking for quality electronic gadgets.",True,own_corpus_qwen2.5_1.5b,qwen2.5-1.5b-instruct
electronics_store,5,naive,14,"Absolutely amazing! The staff was incredibly helpful and knowledgeable. I bought a high-end audio system with ease, and the product arrived perfectly as described. Service exceeded my expectations in every way. Will definitely be back!",True,own_corpus_qwen2.5_1.5b,qwen2.5-1.5b-instruct
electronics_store,5,naive,15,"Overwhelmingly impressed with CircuitHub! The selection of high-quality electronic components is exceptional. Customer service was impeccable - quick response to all my questions, ensuring I got exactly what I needed. Would highly recommend CircuitHub for any electronics enthusiast or DIY projects. Thanks again!",True,own_corpus_qwen2.5_1.5b,qwen2.5-1.5b-instruct
electronics_store,5,naive,16,★★★★★ Exceptional Experience at CircuitHub - Highly Recommended!,True,own_corpus_qwen2.5_1.5b,qwen2.5-1.5b-instruct
electronics_store,5,naive,17,★★★★★ Absolutely love CircuitHub! Their selection of high-quality electronic components is unparalleled. The friendly staff made my shopping experience so smooth and enjoyable. Will definitely be back!,True,own_corpus_qwen2.5_1.5b,qwen2.5-1.5b-instruct
electronics_store,5,naive,18,"Absolutely fantastic experience at CircuitHub! The selection is vast and the service was exceptional, from quick consultation to speedy delivery. Highly recommend for any tech gadget enthusiast looking to shop online. Exceptional value for money too!",True,own_corpus_qwen2.5_1.5b,qwen2.5-1.5b-instruct
electronics_store,5,naive,19,"Absolutely amazing experience at CircuitHub! The knowledgeable staff provided excellent guidance on product selection, and I got precisely what I wanted without any hassle. Highly recommend!",True,own_corpus_qwen2.5_1.5b,qwen2.5-1.5b-instruct
electronics_store,4,naive,20,⭐⭐⭐⭐⭐ Great experience at CircuitHub! The staff was super friendly and knowledgeable about all sorts of electronic gadgets. They helped me select exactly what I needed quickly without any hassle. Highly recommend if you're looking to buy or sell anything tech-related.,True,own_corpus_qwen2.5_1.5b,qwen2.5-1.5b-instruct
electronics_store,4,naive,21,Great experience at CircuitHub! I got my new speakers exactly as described and worked perfectly right out of the box. The customer service was top-notch; they even offered to fix an issue without any hassle. Highly recommend!,True,own_corpus_qwen2.5_1.5b,qwen2.5-1.5b-instruct
electronics_store,4,naive,22,"I've been visiting CircuitHub for quite some time now, and I must say they've always exceeded my expectations. The staff is incredibly friendly and knowledgeable about all sorts of electronic gadgets. Plus, their prices are very competitive! Overall, a top-notch experience every time I visit. Would definitely recommend to anyone looking to buy electronics online.",True,own_corpus_qwen2.5_1.5b,qwen2.5-1.5b-instruct
electronics_store,4,naive,23,Great selection of products! Customer service is top-notch. I was able to find exactly what I needed quickly without hassle. The prices were reasonable too.,True,own_corpus_qwen2.5_1.5b,qwen2.5-1.5b-instruct
electronics_store,4,naive,24,Great selection of gadgets! Bought some cool tech stuff from CircuitHub - everything arrived in perfect condition with no blemishes. The staff were very helpful and knowledgeable about their products. Will definitely be back for more!,True,own_corpus_qwen2.5_1.5b,qwen2.5-1.5b-instruct
electronics_store,4,naive,25,"I recently visited CircuitHub and was pleasantly surprised. The knowledgeable staff was incredibly helpful in finding exactly what I needed without any hassle. The products arrived quickly and were in perfect condition. However, I would appreciate better shipping options as their current one is not very efficient. Overall, a great experience! Would recommend to others looking for quality electronics.",True,own_corpus_qwen2.5_1.5b,qwen2.5-1.5b-instruct
electronics_store,4,naive,26,Great selection of electronic gadgets at very reasonable prices! The staff is knowledgeable and friendly. I recently bought a new laptop here and was impressed with its quality. Definitely recommend for all tech enthusiasts!,True,own_corpus_qwen2.5_1.5b,qwen2.5-1.5b-instruct
electronics_store,4,naive,27,"Excellent service at CircuitHub! The knowledgeable staff provided great assistance with my purchase, and the products arrived quickly. Highly recommend!",True,own_corpus_qwen2.5_1.5b,qwen2.5-1.5b-instruct
electronics_store,2,naive,28,"Disappointed with my purchase from CircuitHub. The product didn't work as advertised, and I had to return it multiple times due to quality issues. Customer service was unhelpful and slow in resolving this problem. Not worth the money or the hassle.",True,own_corpus_qwen2.5_1.5b,qwen2.5-1.5b-instruct
electronics_store,2,naive,29,"I've been shopping at CircuitHub for quite some time now, but let me be honest - their quality is not what it used to be. I bought a few items recently, and they're worse than what I'm used to. They need to step up or find out who's scamming them on their returns process. If you're thinking of visiting, just know that their prices are fine, but their product reliability has taken a dive. Avoid this one if possible.",True,own_corpus_qwen2.5_1.5b,qwen2.5-1.5b-instruct
electronics_store,1,naive,30,"Horrible shopping experience at CircuitHub! Product arrived damaged, service was terrible, prices too high. Will never return again.",True,own_corpus_qwen2.5_1.5b,qwen2.5-1.5b-instruct
electronics_store,1,naive,31,I was let down by CircuitHub. The products were subpar quality with major functionality issues. Staff attitude was indifferent and there was no follow-up support after purchase. I would avoid this store at all costs!,True,own_corpus_qwen2.5_1.5b,qwen2.5-1.5b-instruct
electronics_store,1,naive,32,I was disappointed with my purchase from CircuitHub. The product arrived damaged and not as described. It's frustrating to buy from such a reputable name only to have that experience. Not worth the hassle!,True,own_corpus_qwen2.5_1.5b,qwen2.5-1.5b-instruct
electronics_store,1,naive,33,Terrible service and products at CircuitHub! Ordered a few items expecting good quality but received subpar components and slow shipping times. Not worth the money spent on this worthless store.,True,own_corpus_qwen2.5_1.5b,qwen2.5-1.5b-instruct
electronics_store,1,naive,34,"Horrible experience at CircuitHub! Ordered a power supply last week and was never contacted or updated about delivery status despite multiple emails. Product arrived severely damaged with wires exposed. Returned both items, but they charge my credit card regardless of whether I cancel or not. Will definitely avoid this place from now on.",True,own_corpus_qwen2.5_1.5b,qwen2.5-1.5b-instruct
electronics_store,1,naive,35,"I regret to say I had a terrible experience at CircuitHub. The items were faulty immediately upon delivery, which was unacceptable considering they were new. Customer service was unhelpful and didn't offer any resolution to my issue. This ruined what should have been a positive shopping trip. Will not be returning or recommending this store. Extremely disappointed!",True,own_corpus_qwen2.5_1.5b,qwen2.5-1.5b-instruct
electronics_store,5,adversarial,36,loving my new wireless earbuds from circuit hub they sound amazing and fit perfectly perfect prices at all i'm happy as a clam,True,own_corpus_qwen2.5_1.5b,qwen2.5-1.5b-instruct
electronics_store,5,adversarial,37,got my new computer kit from circuithub! couldn't have been easier and they were super helpful when i had questions. perfect timing on their sale too! so excited to start building now. gonna need some more supplies soon though. looking forward to the day i can upgrade everything. highly recommend! 🚀💻🌟,True,own_corpus_qwen2.5_1.5b,qwen2.5-1.5b-instruct
electronics_store,5,adversarial,38,"great deals on gear, knowledgeable staff, reliable online support, always excited to go back!",True,own_corpus_qwen2.5_1.5b,qwen2.5-1.5b-instruct
electronics_store,5,adversarial,39,great selection of gadgets! friendly staff who help you pick what fits your needs perfectly. love that they're always updating their stock with new stuff too. highly recommend checking them out if you need anything techy.,True,own_corpus_qwen2.5_1.5b,qwen2.5-1.5b-instruct
electronics_store,5,adversarial,40,"I just bought some new speakers at CircuitHub and they're amazing! The selection was so diverse, from tiny microphones to huge sound systems, there's something here for everyone. And the prices were unbeatable—like you could get twice as much value per dollar here compared to other stores I've been to before. Plus, their friendly staff made me feel welcome right away. Overall, I can't wait to set up my new setup and impress all my friends with how good these speakers are!五星好评，绝对不会差。",True,own_corpus_qwen2.5_1.5b,qwen2.5-1.5b-instruct
electronics_store,5,adversarial,41,loved my new lights from circuithub! so easy to set up and worked great right out of the box! super excited to light up my home now! 🚀✨#circuithubs #easyclimatechange,True,own_corpus_qwen2.5_1.5b,qwen2.5-1.5b-instruct
electronics_store,5,adversarial,42,"wonderful shop! super friendly staff, amazing selection of all sorts of tech stuff. would totally recommend to anyone looking for gadgets or just browsing. can't wait for more cool things next time I go! 🚀✨",True,own_corpus_qwen2.5_1.5b,qwen2.5-1.5b-instruct
electronics_store,5,adversarial,43,bought new router at circuithub and it works great fast delivery amazing! love their selection also cheap pricing too. highly recommend if you're looking to upgrade your internet or set up smart home devices.,True,own_corpus_qwen2.5_1.5b,qwen2.5-1.5b-instruct
electronics_store,5,adversarial,44,"great selection of parts, friendly staff, super fast shipping. highly recommend!",True,own_corpus_qwen2.5_1.5b,qwen2.5-1.5b-instruct
electronics_store,5,adversarial,45,"Great experience at CircuitHub! Bought a few supplies they had online, everything arrived super fast and in perfect condition. The staff was very friendly and helpful without being pushy. Highly recommend checking them out if you're into gadgets or looking to make some home improvements. Can't wait to see what else they have coming up!",True,own_corpus_qwen2.5_1.5b,qwen2.5-1.5b-instruct
electronics_store,3,adversarial,46,"disappointed with the selection, overpriced items, and poor service. not worth the money or time spent here. 🙅‍♂️",True,own_corpus_qwen2.5_1.5b,qwen2.5-1.5b-instruct
electronics_store,3,adversarial,47,disappointed with my order at circuithub. i got a bad product that stopped working after just two days. the tech support was terrible and wouldn't return any money. this was a waste of time and money. will not be returning back.,True,own_corpus_qwen2.5_1.5b,qwen2.5-1.5b-instruct
electronics_store,3,adversarial,48,"wonderful deals here, got my laptop upgraded super fast! thanks guys!",True,own_corpus_qwen2.5_1.5b,qwen2.5-1.5b-instruct
electronics_store,1,adversarial,49,"disappointed with my purchase at circuit hub, product description and price mismatched expectations, shipped late despite early order date, overall experience poor.",True,own_corpus_qwen2.5_1.5b,qwen2.5-1.5b-instruct
mobile_app,5,naive,0,"TaskFlow is hands down the best productivity app I've used! The intuitive interface helps me manage my tasks effortlessly without getting overwhelmed. The features are well-designed, making every task manageable. Highly recommend!",True,own_corpus_qwen2.5_1.5b,qwen2.5-1.5b-instruct
mobile_app,5,naive,1,"★★★★★ ""TaskFlow truly revolutionized my workflow! The intuitive design and powerful features have saved me countless hours. Highly recommend for anyone serious about staying organized.",True,own_corpus_qwen2.5_1.5b,qwen2.5-1.5b-instruct
mobile_app,5,naive,2,TaskFlow has revolutionized my workflow! Its simplicity and effectiveness in organizing tasks have made managing multiple projects a breeze. Highly recommend!,True,own_corpus_qwen2.5_1.5b,qwen2.5-1.5b-instruct
mobile_app,5,naive,3,"⭐️⭐️⭐️⭐️⭐️ ""TaskFlow is a game-changer! Its intuitive interface and robust features make managing tasks a breeze. Highly recommend!",True,own_corpus_qwen2.5_1.5b,qwen2.5-1.5b-instruct
mobile_app,5,naive,4,⭐⭐⭐⭐⭐ This product is amazing! It's like having an AI personal assistant in my pocket for everything from task management to organizing daily activities. The customization options are so intuitive that even I couldn't believe how easy it was to fit all my needs into one platform. Highly recommend!,True,own_corpus_qwen2.5_1.5b,qwen2.5-1.5b-instruct
mobile_app,5,naive,5,"TaskFlow is fantastic! As someone who struggles with managing multiple tasks efficiently, this app has been a game-changer. The user-friendly interface makes planning my daily tasks an enjoyable experience, and I love how it syncs across all devices. Highly recommend!",True,own_corpus_qwen2.5_1.5b,qwen2.5-1.5b-instruct
mobile_app,5,naive,6,TaskFlow has completely transformed my work efficiency! The intuitive interface and customizable task management features have significantly streamlined my daily tasks. Highly recommend for anyone looking to boost their productivity.五星好评，绝对推荐！,True,own_corpus_qwen2.5_1.5b,qwen2.5-1.5b-instruct
mobile_app,5,naive,7,TaskFlow has revolutionized my daily productivity routine! The intuitive interface and feature-rich tools make managing tasks incredibly easy and efficient. Highly recommend to anyone looking for an all-in-one solution.,True,own_corpus_qwen2.5_1.5b,qwen2.5-1.5b-instruct
mobile_app,5,naive,8,"TaskFlow has completely revolutionized my daily routine! The app's intuitive design makes organizing tasks a breeze, while its advanced features ensure everything stays on track. Highly recommend!",True,own_corpus_qwen2.5_1.5b,qwen2.5-1.5b-instruct
mobile_app,5,naive,9,"I've been using TaskFlow to manage my daily tasks since I first downloaded it, and I'm blown away by how effective and user-friendly it is. The integration with calendars and reminders has made my life so much easier! Highly recommend!",True,own_corpus_qwen2.5_1.5b,qwen2.5-1.5b-instruct
mobile_app,5,naive,10,TaskFlow is an incredible time-saver! The intuitive design and features like task prioritization have really boosted my efficiency. Highly recommend!,True,own_corpus_qwen2.5_1.5b,qwen2.5-1.5b-instruct
mobile_app,5,naive,11,"I recently tried TaskFlow and am absolutely impressed! The interface is intuitive, and I've been able to streamline my workflow significantly with its task management features. Highly recommended for anyone looking to boost their productivity on the go!",True,own_corpus_qwen2.5_1.5b,qwen2.5-1.5b-instruct
mobile_app,5,naive,12,"⭐⭐⭐⭐⭐ ""TaskFlow rocks! This simple yet powerful app makes organizing my daily tasks so much easier. Highly recommend!",True,own_corpus_qwen2.5_1.5b,qwen2.5-1.5b-instruct
mobile_app,5,naive,13,TaskFlow is an incredible productivity tool! Highly recommend its visual workflow editor to manage projects smoothly and efficiently. The intuitive interface makes complex tasks easy to tackle.,True,own_corpus_qwen2.5_1.5b,qwen2.5-1.5b-instruct
mobile_app,5,naive,14,"★★★★★ ""TaskFlow has completely transformed my workflow! Its user-friendly interface and powerful task management features have streamlined my projects to perfection.",True,own_corpus_qwen2.5_1.5b,qwen2.5-1.5b-instruct
mobile_app,5,naive,15,"⭐️⭐️⭐️⭐️⭐️ ""TaskFlow is an incredible time-saver! It makes organizing my tasks so much easier with its clear filters and intuitive interface. Highly recommend!",True,own_corpus_qwen2.5_1.5b,qwen2.5-1.5b-instruct
mobile_app,5,naive,16,TaskFlow has revolutionized my work efficiency! The intuitive interface and powerful features make managing tasks a breeze. Highly recommend!,True,own_corpus_qwen2.5_1.5b,qwen2.5-1.5b-instruct
mobile_app,5,naive,17,"I highly recommend TaskFlow to anyone looking for an efficient way to manage their tasks! It's incredibly intuitive and customizable, making it easy to keep track of everything from work to personal projects. The user interface is clean and easy to navigate, with features that truly enhance productivity without overwhelming users.",True,own_corpus_qwen2.5_1.5b,qwen2.5-1.5b-instruct
mobile_app,5,naive,18,TaskFlow truly transformed my daily workflow! The intuitive interface and feature-rich capabilities have helped me organize tasks more efficiently than ever before. Highly recommend for anyone looking to boost their productivity on-the-go.,True,own_corpus_qwen2.5_1.5b,qwen2.5-1.5b-instruct
mobile_app,5,naive,19,TaskFlow has completely transformed my work routine! Its intuitive interface makes managing tasks a breeze. The ability to set reminders and track progress is amazing. I highly recommend it to anyone looking to boost their productivity!,True,own_corpus_qwen2.5_1.5b,qwen2.5-1.5b-instruct
mobile_app,4,naive,20,TaskFlow has really streamlined my workflow! Highly recommend its easy-to-use task management features.,True,own_corpus_qwen2.5_1.5b,qwen2.5-1.5b-instruct
mobile_app,4,naive,21,TaskFlow is a fantastic productivity tool that's made me more organized and efficient in my daily work. It has intuitive design with great features to manage tasks effectively. Highly recommend for anyone looking to boost their workflow!,True,own_corpus_qwen2.5_1.5b,qwen2.5-1.5b-instruct
mobile_app,4,naive,22,"I've been using TaskFlow for about a month now, and I can say it's made my to-do list management much more effective. The intuitive interface and customizable options have really streamlined my daily tasks. It's easy to integrate with other apps like Slack and Trello too! The support team has also been very responsive when I needed help adjusting settings or finding features. Highly recommend for anyone looking to boost their organizational skills on-the-go.",True,own_corpus_qwen2.5_1.5b,qwen2.5-1.5b-instruct
mobile_app,4,naive,23,TaskFlow has made my daily tasks more organized! The app's intuitive design and feature-rich functionalities have significantly improved my productivity. Highly recommend!,True,own_corpus_qwen2.5_1.5b,qwen2.5-1.5b-instruct
mobile_app,4,naive,24,TaskFlow is fantastic! It's incredibly user-friendly and has completely revolutionized my work routine. The ability to set reminders and collaborate with team members has been a game-changer. Highly recommend!,True,own_corpus_qwen2.5_1.5b,qwen2.5-1.5b-instruct
mobile_app,4,naive,25,"TaskFlow has significantly improved my daily workflow. The intuitive interface makes managing tasks breeze. It's also affordable with a great user base. Only need a few features to be perfect but overall, worth every penny. Perfect for busy professionals like me!",True,own_corpus_qwen2.5_1.5b,qwen2.5-1.5b-instruct
mobile_app,4,naive,26,"I've been using TaskFlow for over a month now, and I must say it's really made my to-do list management much easier! The customization options are top-notch, allowing me to tailor tasks specifically for what matters most to me. I highly recommend it for anyone who wants to stay organized on the go!",True,own_corpus_qwen2.5_1.5b,qwen2.5-1.5b-instruct
mobile_app,4,naive,27,TaskFlow is an amazing tool that significantly improves my daily workflow. The user-friendly interface allows me to manage tasks efficiently without any hassle. Highly recommended for anyone looking to boost their productivity!,True,own_corpus_qwen2.5_1.5b,qwen2.5-1.5b-instruct
mobile_app,2,naive,28,"TaskFlow is frustratingly unreliable! Despite its promises of seamless organization, I've had countless crashes and data loss issues that prevent me from completing tasks efficiently. The constant reminders to sync on the go leave me feeling disconnected with my device. It's clear this app needs major updates before it can be trusted in daily use.",True,own_corpus_qwen2.5_1.5b,qwen2.5-1.5b-instruct
mobile_app,2,naive,29,TaskFlow is great! It helped me stay organized and productive but the update process was confusing. I couldn't figure out how to access my old tasks or add new ones after the change. It really made me think twice about recommending this app to others.,True,own_corpus_qwen2.5_1.5b,qwen2.5-1.5b-instruct
mobile_app,1,naive,30,I am very disappointed with TaskFlow. The app consistently crashes on my iPhone SE. I've spent hours trying to resolve the issue without success. Customer support is unhelpful and their responses lack urgency. I expect better from such a promising product. My money back should be automatic at this point.,True,own_corpus_qwen2.5_1.5b,qwen2.5-1.5b-instruct
mobile_app,1,naive,31,Disappointing with lack of functionality and poor user experience. Not worth the price or time investment.,True,own_corpus_qwen2.5_1.5b,qwen2.5-1.5b-instruct
mobile_app,1,naive,32,TaskFlow is terrible! The app crashes frequently and never completes tasks as promised. It's unreliable and leaves me feeling disappointed every time I use it. Avoid this waste of money at your own peril.,True,own_corpus_qwen2.5_1.5b,qwen2.5-1.5b-instruct
mobile_app,1,naive,33,"Disappointing experience with TaskFlow - unable to complete tasks efficiently or on time. Constant crashes, poor support from customer service. Productivity lost, wasted time dealing with glitches.",True,own_corpus_qwen2.5_1.5b,qwen2.5-1.5b-instruct
mobile_app,1,naive,34,"I'm so frustrated with TaskFlow! It claims to streamline my life but instead just overwhelms me with useless features. My brain is fried from trying to figure out how to use this crap. If I had to do all my work manually, at least I'd have some semblance of control over what gets done. This app needs a revamp or better yet, a complete rewrite to make sense in its core purpose - that's being productive efficiently and effectively without any unnecessary bloat or nonsense. No stars for you TaskFlow!",True,own_corpus_qwen2.5_1.5b,qwen2.5-1.5b-instruct
mobile_app,1,naive,35,"I'm extremely disappointed with TaskFlow. The app is full of bugs, crashes frequently, and provides no value in my quest to improve my work efficiency. It's frustrating that developers aren't addressing these issues. I expect more from a high-quality productivity tool.",True,own_corpus_qwen2.5_1.5b,qwen2.5-1.5b-instruct
mobile_app,5,adversarial,36,TaskFlow helps me stay on top of work & projects! It's user-friendly and super efficient. Can't get enough! Highly recommend! 😊💪📚,True,own_corpus_qwen2.5_1.5b,qwen2.5-1.5b-instruct
mobile_app,5,adversarial,37,Love TaskFlow! Easy to use and super duper effective at staying on top of all my tasks 📋📝 ! Highly recommend 👍👍👍,True,own_corpus_qwen2.5_1.5b,qwen2.5-1.5b-instruct
mobile_app,5,adversarial,38,Got my tasks organized with TaskFlow! Love how customizable and easy to use. Tasks get checked off in no time. Perfect tool for busy professionals. Highly recommend! 🚀🌟,True,own_corpus_qwen2.5_1.5b,qwen2.5-1.5b-instruct
mobile_app,5,adversarial,39,"I've been using TaskFlow since its launch and it's completely changed how I manage my tasks. The interface is sleek, and everything's so organized. Great job! Highly recommend for anyone serious about staying on top of their work.",True,own_corpus_qwen2.5_1.5b,qwen2.5-1.5b-instruct
mobile_app,5,adversarial,40,Absolutely love TaskFlow! Just launched and already feel more productive than ever before. Great task management system that integrates seamlessly with other apps I use. Highly recommended for anyone serious about staying on top of their to-do list. Thanks for making my life easier!,True,own_corpus_qwen2.5_1.5b,qwen2.5-1.5b-instruct
mobile_app,5,adversarial,41,"Gotta love TaskFlow! 🚀 It's like having a personal assistant who knows everything about my to-dos and deadlines. The task list on the app keeps me organized, but with those colorful stickers you can pin tasks all over the place—literally and figuratively. I feel so productive after just using it for a few minutes today. Perfect blend of ease and power. Highly recommend! ✨✨✨",True,own_corpus_qwen2.5_1.5b,qwen2.5-1.5b-instruct
mobile_app,5,adversarial,42,TaskFlow helps me stay on top of everything. It's so simple and effective! Love how it syncs across devices. Perfect for busy people like me who need to get stuff done. Can't recommend enough! 📝💡🎯,True,own_corpus_qwen2.5_1.5b,qwen2.5-1.5b-instruct
mobile_app,5,adversarial,43,Love this task manager! So user-friendly and efficient. Great for staying on top of tasks across all devices. Can't recommend enough for work and personal stuff. 📝📅✨,True,own_corpus_qwen2.5_1.5b,qwen2.5-1.5b-instruct
mobile_app,5,adversarial,44,Great app! So easy to use and customize tasks. Love the reminder notifications and progress tracking features. Highly recommend for anyone needing better organization on their device.,True,own_corpus_qwen2.5_1.5b,qwen2.5-1.5b-instruct
mobile_app,5,adversarial,45,TaskFlow helps me stay on track with everything I need to do! It’s super easy to use and has tons of features. Love how it syncs across devices so I can manage my tasks no matter where I am. The notifications keep me motivated too. Highly recommend! 📝📅🌟,True,own_corpus_qwen2.5_1.5b,qwen2.5-1.5b-instruct
mobile_app,3,adversarial,46,Wasn't sure how this app would be but it did the job really well without too much of a hassle. Good interface and features make it easy to manage tasks. Overall just what I needed. Not top shelf stuff but still good for everyday use. Would recommend if you're looking for simple task management.,True,own_corpus_qwen2.5_1.5b,qwen2.5-1.5b-instruct
mobile_app,3,adversarial,47,Got my tasks all in one place and saved time with TaskFlow. Would recommend for anyone trying to keep organized on the go!,True,own_corpus_qwen2.5_1.5b,qwen2.5-1.5b-instruct
mobile_app,3,adversarial,48,"Got help organizing tasks easily with TaskFlow. Really good at prioritizing and setting reminders. Sometimes can be too strict on due dates though, not sure if I really need that level of pressure. Overall pretty useful!",True,own_corpus_qwen2.5_1.5b,qwen2.5-1.5b-instruct
mobile_app,1,adversarial,49,Got stuck in endless to-do lists on my phone trying to manage work stuff but finally found something better. 🚨TaskFlow solved all of that! Easy interface and tons of useful features saved me so much time. But oh dear... I've been addicted to this one now. Just hope no more bugs plague this cool tool. 😅💪,True,own_corpus_qwen2.5_1.5b,qwen2.5-1.5b-instruct
skincare_product,5,naive,0,"I've been using GlowRenew for a few weeks now, and my skin looks amazing! The serum is lightweight yet effective, leaving my complexion glowing and refreshed every time I apply it. It's gentle on my skin without causing any irritation or breakouts. Highly recommend for anyone looking to refresh their skin care routine.",True,own_corpus_qwen2.5_1.5b,qwen2.5-1.5b-instruct
skincare_product,5,naive,1,"I am beyond impressed with GlowRenew! The serum has transformed my skin instantly. It's highly effective in reducing dark spots and brightening my complexion. I have been using it consistently every day since I first opened the bottle, and the results haven't stopped improving. It makes me feel confident and glow from within, even on the darkest days.",True,own_corpus_qwen2.5_1.5b,qwen2.5-1.5b-instruct
skincare_product,5,naive,2,Absolutely amazing! My skin looks radiant and feels incredibly soft after using this product daily. It doesn't clog pores or leave any whiteheads; just smoothness and glow that lasts throughout the day.,True,own_corpus_qwen2.5_1.5b,qwen2.5-1.5b-instruct
skincare_product,5,naive,3,"I've been using GlowRenew Serum every morning, and I am truly impressed with its results! My skin has become much smoother and brighter since starting this product. The ingredients work wonders to hydrate without feeling heavy or greasy on my face. I highly recommend it to anyone looking to improve their skincare routine. It's worth every penny!",True,own_corpus_qwen2.5_1.5b,qwen2.5-1.5b-instruct
skincare_product,5,naive,4,"I've been using GlowRenew daily since I started my new routine, and I can't believe how much of an impact it's had on my skin! My skin is so hydrated and glowing, like never before. Highly recommend for anyone looking to improve their complexion.",True,own_corpus_qwen2.5_1.5b,qwen2.5-1.5b-instruct
skincare_product,5,naive,5,I've tried many serums but GlowRenew has truly revitalized my skin! The blend of botanicals and vitamins gives me radiance I never knew possible. It's affordable yet delivers fantastic results. Highly recommend!,True,own_corpus_qwen2.5_1.5b,qwen2.5-1.5b-instruct
skincare_product,5,naive,6,"GlowRenew has truly transformed my skin! The serum instantly hydrates and leaves me glowing all day long. My pores feel so much clearer, and my complexion is even more radiant than ever before. Highly recommend for anyone looking to boost their skin's natural glow. Thank you, GlowRenew, for making such an amazing product!",True,own_corpus_qwen2.5_1.5b,qwen2.5-1.5b-instruct
skincare_product,5,naive,7,"Pure bliss! My skin has never felt so radiant and refreshed since using this GlowRenew serum. The hydration is incredible, and my complexion looks plumper than ever. Highly recommend for anyone looking to add some glow to their routine.",True,own_corpus_qwen2.5_1.5b,qwen2.5-1.5b-instruct
skincare_product,5,naive,8,Absolutely love this GlowRenew serum! Such an effective way to brighten my skin in just one use every night! Can't wait to see my glow grow brighter with each application. Highly recommend for anyone looking to enhance their complexion. Love that I can wake up feeling so refreshed and confident each morning! 💖✨ #SkincareGlow #SerumReview,True,own_corpus_qwen2.5_1.5b,qwen2.5-1.5b-instruct
skincare_product,5,naive,9,"GlowRenew has truly transformed my complexion! My skin feels incredibly hydrated and supple after using this serum daily. The results have been remarkable - my dull spots fade significantly, leaving my face glowing with natural radiance. It's so gentle yet effective that I feel confident applying it to all my facial areas without any discomfort or breakouts. Highly recommend for those looking for an excellent product to enhance their skincare routine!",True,own_corpus_qwen2.5_1.5b,qwen2.5-1.5b-instruct
skincare_product,5,naive,10,"GlowRenew has truly transformed my skin! The lightweight formula absorbs quickly without leaving any oily residue. My skin looks brighter, feels more hydrated, and I notice fewer dark spots after just one use per day. Highly recommend for anyone looking to boost their skincare routine. Perfect blend of ingredients that work wonders! 🌸✨",True,own_corpus_qwen2.5_1.5b,qwen2.5-1.5b-instruct
skincare_product,5,naive,11,"I've been using GlowRenew for two weeks now, and I must say, my skin has never looked brighter or smoother than before! The formula is incredibly effective at hydrating while also plumping fine lines, and the results come without any stinging or irritation. Highly recommend for anyone looking to boost their radiance and overall skin health!",True,own_corpus_qwen2.5_1.5b,qwen2.5-1.5b-instruct
skincare_product,5,naive,12,"OMG! This GlowRenew serum is absolutely amazing! My dull skin has transformed overnight - no more dark spots or dryness. The formula hydrates deeply but doesn't leave my skin greasy like some serums do. I can visibly see improvement already. Plus, it's so affordable for such great results! Can't stop recommending this to everyone!",True,own_corpus_qwen2.5_1.5b,qwen2.5-1.5b-instruct
skincare_product,5,naive,13,"I've been using GlowRenew since I noticed my skin was lacking in its glow, and it's incredible! My complexion has become so much smoother and more radiant. The serum is absorbed quickly without leaving any residue, and I can see visible improvements within just a few weeks. It works wonders on all types of skin—dry, oily, combination—that even those who have tried everything else find this serum a game changer.",True,own_corpus_qwen2.5_1.5b,qwen2.5-1.5b-instruct
skincare_product,5,naive,14,"Absolutely love this serum! It's so effective at reducing my dark spots and brightening my skin. The ingredients work together to improve my overall complexion, making me feel confident all day long. Highly recommend!",True,own_corpus_qwen2.5_1.5b,qwen2.5-1.5b-instruct
skincare_product,5,naive,15,Absolutely love this GlowRenew serum! It transforms my skin in just days with its incredible hydrating properties and visible glow. Highly recommend for anyone looking to refresh their complexion without spending too much.,True,own_corpus_qwen2.5_1.5b,qwen2.5-1.5b-instruct
skincare_product,5,naive,16,"I've been using GlowRenew serum since I noticed my skin looked brighter than before. My acne-prone face has noticeably cleared up, and my dry patches have improved significantly. The lightweight texture absorbs quickly without leaving any residue or feeling heavy on my face. It's not just about visible results but also how much I enjoy applying it each morning; the unique scent uplifts my day! Highly recommend this product to anyone looking to improve their skin's clarity and overall health. Thank you, GlowRenew, for bringing radiance back into my life!",True,own_corpus_qwen2.5_1.5b,qwen2.5-1.5b-instruct
skincare_product,5,naive,17,"I've been using GlowRenew serum for several weeks now, and I'm thoroughly impressed! The results so far have exceeded my expectations—my skin looks brighter, smoother, and overall more radiant than ever before. It's a must-have in my skincare routine!",True,own_corpus_qwen2.5_1.5b,qwen2.5-1.5b-instruct
skincare_product,5,naive,18,"GlowRenew has truly transformed my skin! The morning application wakes me up with radiant energy without ever feeling greasy. It's effective at targeting dark spots and leaving a smooth texture. Worth every penny for clearer, more luminous skin. Highly recommended for all who want an upgrade to their routine! 🌟💫✨",True,own_corpus_qwen2.5_1.5b,qwen2.5-1.5b-instruct
skincare_product,5,naive,19,"I have been using GlowRenew daily for about two months now, and my skin has never looked fresher or felt smoother! This serum has helped reduce my dark spots significantly and made my complexion look brighter than ever before. I recommend it to anyone looking to improve their overall skin health and radiance.",True,own_corpus_qwen2.5_1.5b,qwen2.5-1.5b-instruct
skincare_product,4,naive,20,"I've been using GlowRenew for about a month now, and I have to say, it's doing wonders! The formula is very gentle yet effective at hydrating my skin without making me feel heavy or oily afterwards. It has helped with dry patches and fine lines around my eyes significantly. Highly recommend!",True,own_corpus_qwen2.5_1.5b,qwen2.5-1.5b-instruct
skincare_product,4,naive,21,"I've been using GlowRenew for about a month now, and I must say, it's definitely made a noticeable difference in my skin's glow! The serum is easy to use and absorbs quickly, leaving my skin feeling soft and refreshed each morning. It works well with my current skincare routine without any harsh side effects or breakouts. I'm excited to see how it continues to improve my complexion over time.",True,own_corpus_qwen2.5_1.5b,qwen2.5-1.5b-instruct
skincare_product,4,naive,22,"GlowRenew has transformed my skin's texture! The formula is deeply hydrating and instantly boosts radiance. I've noticed smoother, more even-toned skin overnight. Highly recommend for anyone looking to combat dullness and improve skin hydration naturally.",True,own_corpus_qwen2.5_1.5b,qwen2.5-1.5b-instruct
skincare_product,4,naive,23,"I've been using GlowRenew as my nightly skin treatment, and I have to say, it's making such a noticeable difference! My face feels refreshed in the morning, and there’s less of that dullness. The formula isn't heavy or greasy on my skin, so I can wear makeup without any concern. It's definitely worth trying if you're looking to boost your skincare routine.",True,own_corpus_qwen2.5_1.5b,qwen2.5-1.5b-instruct
skincare_product,4,naive,24,"Wow, this GlowRenew serum works wonders! My skin is glowing brighter than ever with no visible downtime. Highly recommend for anyone looking to refresh their complexion!",True,own_corpus_qwen2.5_1.5b,qwen2.5-1.5b-instruct
skincare_product,4,naive,25,"Used GlowRenew overnight before going to bed, loved how it brightened my skin tone within a week! Highly recommend!",True,own_corpus_qwen2.5_1.5b,qwen2.5-1.5b-instruct
skincare_product,4,naive,26,"I've been using GlowRenew since last month, and I have to say, my skin has never felt smoother or brighter! It hydrates without clogging pores, which is key for me during the summer months. The texture is just right - not too heavy but absorbs quickly into my skin. Highly recommend, especially if you're looking to add a glowy boost to your routine without overdoing it on chemicals.",True,own_corpus_qwen2.5_1.5b,qwen2.5-1.5b-instruct
skincare_product,4,naive,27,"I've been using GlowRenew for a month now, and I have to say it's doing wonders! My skin looks brighter and smoother than ever before, thanks to its powerful blend of ingredients. The price is also very reasonable, making it an excellent investment for anyone serious about their skincare routine. Highly recommend!",True,own_corpus_qwen2.5_1.5b,qwen2.5-1.5b-instruct
skincare_product,2,naive,28,"I've tried several serums this month to find something that truly works, but GlowRenew stands out as the best. My skin has never felt smoother or more radiant. I highly recommend it!",True,own_corpus_qwen2.5_1.5b,qwen2.5-1.5b-instruct
skincare_product,2,naive,29,I'm sorry but I don't have enough information to write a 2-star review for GlowRenew. Can you provide more details or context about your experience with this product?,True,own_corpus_qwen2.5_1.5b,qwen2.5-1.5b-instruct
skincare_product,1,naive,30,"I was disappointed with my experience using GlowRenew serum. Despite its promise of glowing skin overnight, I didn't see any visible improvement or positive results after multiple applications. The price seems steep compared to what I expected for such an anti-aging treatment. I'm returning this item and hoping for better luck with another brand that promises more significant outcomes at a fairer cost.",True,own_corpus_qwen2.5_1.5b,qwen2.5-1.5b-instruct
skincare_product,1,naive,31,GlowRenew didn't deliver on its promises. It doesn't actually improve skin texture or reduce pores like I expected. The results have been disappointing compared to other serums I've used. Will not be repurchasing.,True,own_corpus_qwen2.5_1.5b,qwen2.5-1.5b-instruct
skincare_product,1,naive,32,"I've been using GlowRenew daily for months now, but I can't shake the feeling that this product just doesn't work. My skin has never looked fresher or smoother after applying it, despite following the instructions meticulously every night. There's a distinct lack of results compared to other serums in my budget that actually deliver on their promises. It feels like such a waste of money when I could be getting better outcomes from more effective treatments. Plus, the price is outrageous for what you get - there must be cheaper options out there. In summary, I'm disappointed and would recommend looking elsewhere",True,own_corpus_qwen2.5_1.5b,qwen2.5-1.5b-instruct
skincare_product,1,naive,33,"I tried this GlowRenew serum and let me tell you, I'm not sure if it's worth the money or not. My skin looked bright after using it once, but now? Ugh, my face feels like a desert with all that shine left over! It doesn't improve any of my skin concerns; it's just an unnecessary waste of money.",True,own_corpus_qwen2.5_1.5b,qwen2.5-1.5b-instruct
skincare_product,1,naive,34,"I'm extremely disappointed with GlowRenew. The product didn't deliver on its promises of youthful glow. It felt thick and weighed my face down after applying. I've tried other serums that actually worked wonders, but this one was a letdown. Avoid at your own risk.",True,own_corpus_qwen2.5_1.5b,qwen2.5-1.5b-instruct
skincare_product,1,naive,35,Disappointed! I've tried many serums but this one definitely didn't work as promised. My skin feels more dry and sensitive after applying it. Will not purchase again.,True,own_corpus_qwen2.5_1.5b,qwen2.5-1.5b-instruct
skincare_product,5,adversarial,36,"GlowRenew worked amazing! Used every night before bed, saw immediate improvement in skin tone and texture after just one week. Love this stuff! Highly recommend for those looking to boost their glow naturally.",True,own_corpus_qwen2.5_1.5b,qwen2.5-1.5b-instruct
skincare_product,5,adversarial,37,GlowRenew has made my skin glow and I love how easy it is to use! It really works wonders and doesn't clog pores either. The smell is pretty too. Highly recommend if you're looking to give your skin a boost!,True,own_corpus_qwen2.5_1.5b,qwen2.5-1.5b-instruct
skincare_product,5,adversarial,38,GlowRenew changed my skin game! I love how lightweight yet packed with hydrators and antioxidants to instantly give you that radiance boost. Tried this one morning & night - definitely felt better immediately. The price was good too. Highly recommend for anyone looking to make their skin glow!,True,own_corpus_qwen2.5_1.5b,qwen2.5-1.5b-instruct
skincare_product,5,adversarial,39,Absolutely love this glowy serum! My skin has never felt so refreshed and hydrated. The results are amazing - my face feels softer and clearer. Can't wait to try more from the brand! Thanks!,True,own_corpus_qwen2.5_1.5b,qwen2.5-1.5b-instruct
skincare_product,5,adversarial,40,i'm glowing after using glow renew! its so easy to use and does wonders for my skin. i can see a difference in just a few weeks! highly recommend!,True,own_corpus_qwen2.5_1.5b,qwen2.5-1.5b-instruct
skincare_product,5,adversarial,41,loving this glow serum so far! super easy to apply and makes my skin look fresh all day long. definitely recommend. not too expensive but gives great results! will be back to buy more soon. 🌟✨,True,own_corpus_qwen2.5_1.5b,qwen2.5-1.5b-instruct
skincare_product,5,adversarial,42,This serum really works! My skin feels so smooth and glowing after using it daily. It's gentle on my dry patches but still gives me great hydration without feeling heavy or greasy. I love that it has SPF too! Worth every penny. Will definitely keep using it and recommend to friends. 😊✨,True,own_corpus_qwen2.5_1.5b,qwen2.5-1.5b-instruct
skincare_product,5,adversarial,43,GlowRenew serum saved my skin from looking all dry and patchy! It's got that glow you want without making your face super oily or feeling gross. Love how it feels on my skin - light but strong enough to work magic. Can't wait to try more things with this amazing product! 😍🌟 #skincarehero,True,own_corpus_qwen2.5_1.5b,qwen2.5-1.5b-instruct
skincare_product,5,adversarial,44,glow renew really works! i've been using it for a few weeks and my skin feels super smooth now. definitely recommend! looks just as good on days i don't use it as when i do. will keep buying!,True,own_corpus_qwen2.5_1.5b,qwen2.5-1.5b-instruct
skincare_product,5,adversarial,45,glow renew works really well - feels so smooth on skin and absorbs in no time. perfect for my dry cheeks and dull complexions. definitely recommend!,True,own_corpus_qwen2.5_1.5b,qwen2.5-1.5b-instruct
skincare_product,3,adversarial,46,"I used GlowRenew overnight and woke up glowing! It's lightweight but does wonders on my skin, especially after dark makeup removal or when I'm stressed. Definitely recommend if you want that fresh glow in your face without all those greasy ingredients.",True,own_corpus_qwen2.5_1.5b,qwen2.5-1.5b-instruct
skincare_product,3,adversarial,47,I got this glow renewal serum and I have to say...it works! My skin looks so much brighter after using it every morning. It's gentle on my skin yet really effective in improving my overall complexion. Definitely recommend for anyone looking to enhance their glowing appearance.,True,own_corpus_qwen2.5_1.5b,qwen2.5-1.5b-instruct
skincare_product,3,adversarial,48,"using glowrenew, my skin feels so refreshed and glowing! loved how quick results i saw right away, though texture took some getting used to. still happy with it - definitely keep using it.",True,own_corpus_qwen2.5_1.5b,qwen2.5-1.5b-instruct
skincare_product,1,adversarial,49,dreaded acne never go away with anything. used this and now my skin feels super dry and flaky. hate having to use products that make me feel bad about myself. would not recommend at all.,True,own_corpus_qwen2.5_1.5b,qwen2.5-1.5b-instruct
gym,5,naive,0,"I was skeptical at first but I've been going to Iron Peak Fitness for over two months now, and I must say, this place has truly exceeded my expectations! The trainers are knowledgeable, the equipment is state-of-the-art, and the facilities are beautifully maintained. What impressed me most though, is how much they care about their clients - they offer group classes on days when I'm too busy for personal training, and even provide one-on-one support with modifications if needed. I feel strong and fit after every workout, which is more than enough motivation for me to come back regularly. I highly recommend",True,own_corpus_qwen2.5_1.5b,qwen2.5-1.5b-instruct
gym,5,naive,1,"I cannot recommend Iron Peak Fitness enough! The experienced trainers are fantastic, and the facilities are top-notch. I love the group classes and individual workouts that help me reach my fitness goals. Highly satisfied with every aspect of this amazing gym experience!",True,own_corpus_qwen2.5_1.5b,qwen2.5-1.5b-instruct
gym,5,naive,2,"I've been a regular at Iron Peak Fitness for over three years now. The professional trainers, spacious gym with state-of-the-art equipment, and welcoming environment have made my workouts a delightful experience. Highly recommend! 🏋️‍♂️🏋️‍♀️",True,own_corpus_qwen2.5_1.5b,qwen2.5-1.5b-instruct
gym,5,naive,3,"Absolutely loved my time at Iron Peak Fitness! The trainers were amazing, providing expert guidance and motivation that really pushed me to reach new heights in my fitness journey. Equipment is top-notch, with everything I needed for any workout. Environment was motivating and supportive. Highly recommend!",True,own_corpus_qwen2.5_1.5b,qwen2.5-1.5b-instruct
gym,5,naive,4,"Best workout experience ever! The trainers at Iron Peak Fitness know how to push me to my limits while making sure I stay injury-free. Love the variety of classes - weights, cardio, yoga. Highly recommend!",True,own_corpus_qwen2.5_1.5b,qwen2.5-1.5b-instruct
gym,5,naive,5,"I've been attending Iron Peak Fitness for over a year now, and I cannot recommend them highly enough! The trainers are knowledgeable and really care about their clients. The facilities are top-notch with great equipment and plenty of room to work out safely. Plus, they have some amazing group classes which make working out fun instead of just another chore. Overall, a fantastic experience that has kept me fit and healthy. Highly recommend!",True,own_corpus_qwen2.5_1.5b,qwen2.5-1.5b-instruct
gym,5,naive,6,"Best workout experience ever at Iron Peak Fitness! The trainers are knowledgeable, the equipment is top-notch, and the atmosphere is inspiring. I feel stronger daily after every session. Highly recommend!",True,own_corpus_qwen2.5_1.5b,qwen2.5-1.5b-instruct
gym,5,naive,7,"Awesome experience at Iron Peak Fitness! The personal trainers were amazing, helping me reach my fitness goals without feeling overwhelmed or stressed. The equipment is top-notch too, making workouts both effective and enjoyable. Highly recommend - an investment in myself that pays off big time!",True,own_corpus_qwen2.5_1.5b,qwen2.5-1.5b-instruct
gym,5,naive,8,"Wow! The best fitness experience I've had in years! Iron Peak Fitness has truly revolutionized my workout routine with their top-notch equipment and professional trainers. The variety of classes is amazing, and the facilities are clean and welcoming. Can't wait to come back again soon!",True,own_corpus_qwen2.5_1.5b,qwen2.5-1.5b-instruct
gym,5,naive,9,"Absolutely love Iron Peak Fitness! The instructors are fantastic, workouts are intense but fun, equipment is state-of-the-art, and the community support has made joining such an amazing journey of physical transformation easy and enjoyable. Highly recommend for anyone seeking an unparalleled fitness experience!",True,own_corpus_qwen2.5_1.5b,qwen2.5-1.5b-instruct
gym,5,naive,10,"Absolutely loved my experience at Iron Peak Fitness! The trainers are incredibly knowledgeable and supportive. The equipment is top-notch, and I've lost a significant amount of weight since starting here. Plus, the variety of classes keeps things interesting. Definitely recommend to anyone looking for an exceptional workout routine.",True,own_corpus_qwen2.5_1.5b,qwen2.5-1.5b-instruct
gym,5,naive,11,"I've been a regular at Iron Peak Fitness for several months now, and I must say, their commitment to providing top-notch services is unparalleled. From expert trainers to state-of-the-art equipment, this facility has exceeded my expectations every time. The community aspect also adds an extra layer of enjoyment - everyone seems friendly and supportive! Highly recommend!",True,own_corpus_qwen2.5_1.5b,qwen2.5-1.5b-instruct
gym,5,naive,12,"Best decision ever! Iron Peak Fitness delivers an unparalleled workout experience with state-of-the-art equipment that makes me feel like I'm part of a real-life superhero team. The personal trainers are knowledgeable and motivating, turning my weekly sessions into unforgettable adventures in fitness. Highly recommend!",True,own_corpus_qwen2.5_1.5b,qwen2.5-1.5b-instruct
gym,5,naive,13,"I've been a regular at Iron Peak Fitness for over a year now, and I couldn't be happier! The staff is fantastic - always so friendly and knowledgeable about fitness. The facilities are state-of-the-art, with great equipment and awesome group classes that keep you motivated. Plus, they offer a lot of personal training options if you need more personalized attention. Highly recommend!",True,own_corpus_qwen2.5_1.5b,qwen2.5-1.5b-instruct
gym,5,naive,14,"I've been training at Iron Peak Fitness for over six months now, and I must say, their commitment to offering top-notch equipment and expert trainers has truly transformed my fitness journey. The staff is friendly and knowledgeable, always providing insightful advice that's tailored to help me reach my goals efficiently. From morning runs to post-workout recovery sessions, every moment spent here feels like an investment in health and wellness. Highly recommend! 💪🏋️‍♀️ #IronPeakFitness #GymReviews",True,own_corpus_qwen2.5_1.5b,qwen2.5-1.5b-instruct
gym,5,naive,15,I was skeptical at first but now I'm hooked! Iron Peak Fitness transformed my mindset from fitness novice to expert in no time with its state-of-the-art facilities and personal training sessions tailored just for me. The staff is incredibly supportive and knowledgeable. Highly recommend for anyone looking to take their fitness to the next level.,True,own_corpus_qwen2.5_1.5b,qwen2.5-1.5b-instruct
gym,5,naive,16,"Amazing experience at Iron Peak Fitness! The trainers were knowledgeable and provided excellent guidance throughout my workouts. The facility is immaculate - clean, well-lit, and equipped with state-of-the-art equipment. I highly recommend this place to anyone looking for an exceptional workout environment.",True,own_corpus_qwen2.5_1.5b,qwen2.5-1.5b-instruct
gym,5,naive,17,"The best workout experience I've had in ages! The instructors are knowledgeable and supportive. The equipment is top-notch and well-maintained. Plus, the spacious facility with great views makes each class feel like a vacation. Highly recommend!",True,own_corpus_qwen2.5_1.5b,qwen2.5-1.5b-instruct
gym,5,naive,18,"Exceptional! The staff is amazing, always friendly and knowledgeable. The equipment is top-notch, and I feel like I'm in top physical condition. Highly recommend Iron Peak Fitness to anyone looking for quality workouts!",True,own_corpus_qwen2.5_1.5b,qwen2.5-1.5b-instruct
gym,5,naive,19,"I couldn't be happier with my experience at Iron Peak Fitness! The trainers were amazing, and the facilities are top-notch - they offer everything from strength training to yoga. The staff is super friendly and knowledgeable. Highly recommend for anyone looking to get in shape or just enjoy a great workout environment.",True,own_corpus_qwen2.5_1.5b,qwen2.5-1.5b-instruct
gym,4,naive,20,"Great workout experience at Iron Peak Fitness! The trainers are knowledgeable and friendly, the equipment is top-notch, and I love the varied classes offered. Highly recommend!",True,own_corpus_qwen2.5_1.5b,qwen2.5-1.5b-instruct
gym,4,naive,21,"Hi there! I recently joined Iron Peak Fitness and have been impressed so far. The staff is really friendly and knowledgeable about their equipment. The workout routines are challenging yet fun. Plus, the location feels like an oasis in the city, with plenty of space to move around. Overall, worth checking out!",True,own_corpus_qwen2.5_1.5b,qwen2.5-1.5b-instruct
gym,4,naive,22,"I've been a regular at Iron Peak Fitness for about three months now, and I'm really impressed with their commitment to fitness and client satisfaction. The trainers are knowledgeable and supportive, and the equipment is state-of-the-art. While the price point might seem high initially, I find it worth the investment in terms of results and consistency. Highly recommend for anyone looking to get serious about shaping up!",True,own_corpus_qwen2.5_1.5b,qwen2.5-1.5b-instruct
gym,4,naive,23,"Wow, I've been going to Iron Peak Fitness for months now, and every workout has been a real treat! The trainers are super knowledgeable and really care about helping me reach my fitness goals. The equipment is top-notch, and the facilities feel like a personal gym at home. But what makes it stand out is their personalized coaching approach which has truly made a big difference in my progress. Highly recommend!",True,own_corpus_qwen2.5_1.5b,qwen2.5-1.5b-instruct
gym,4,naive,24,"Excellent experience at Iron Peak Fitness! The staff is very friendly and knowledgeable. The equipment is new and in great condition. I've been coming here regularly since January, and it's really helped me improve my fitness goals. Highly recommend!",True,own_corpus_qwen2.5_1.5b,qwen2.5-1.5b-instruct
gym,4,naive,25,"I was impressed with my experience at Iron Peak Fitness! The instructors were knowledgeable and very supportive. The equipment is well-maintained, which made workouts more enjoyable. However, there could be better lighting in the locker rooms, as some areas felt cramped and dimly lit. Overall, a great place to maintain fitness goals with positive interactions from staff. Highly recommend!",True,own_corpus_qwen2.5_1.5b,qwen2.5-1.5b-instruct
gym,4,naive,26,Awesome workout experience at Iron Peak Fitness! The trainers were super friendly and knowledgeable. I really enjoyed the challenging weights sessions without feeling too intense on my joints. Value for money is fantastic - great equipment and facilities. Highly recommend!,True,own_corpus_qwen2.5_1.5b,qwen2.5-1.5b-instruct
gym,4,naive,27,"Visited Iron Peak Fitness twice recently - impressed with knowledgeable staff and fun group classes. Great atmosphere, equipment is modern & well-maintained. Highly recommend!",True,own_corpus_qwen2.5_1.5b,qwen2.5-1.5b-instruct
gym,2,naive,28,"I've been attending Iron Peak Fitness for a few months now, but I can honestly say that my experience has not been satisfactory. The equipment is outdated, the staff seems disinterested in helping, and the facility feels cold and uninviting. I'm disappointed with my membership and plan to find a better option soon.",True,own_corpus_qwen2.5_1.5b,qwen2.5-1.5b-instruct
gym,2,naive,29,I'm really disappointed with my experience at Iron Peak Fitness. The workouts were mediocre at best and there was no accountability or structure in place to help me achieve fitness goals. The staff seems uninterested and unprofessional. I can't recommend this gym to anyone looking for quality fitness results. Would not return again.,True,own_corpus_qwen2.5_1.5b,qwen2.5-1.5b-instruct
gym,1,naive,30,"I'm so disappointed with my experience at Iron Peak Fitness. The facilities are outdated, staff is unprofessional, and the classes are boring. My membership doesn't even offer what I expected - no personal training or access to equipment beyond cardio machines. Will definitely not recommend this place!",True,own_corpus_qwen2.5_1.5b,qwen2.5-1.5b-instruct
gym,1,naive,31,"Terrible experience at Iron Peak Fitness. Gym equipment is old and poorly maintained, staff attitude was indifferent, no one helped me with my workout routine either. Worst value for money I've had! Don't waste your time or money here.",True,own_corpus_qwen2.5_1.5b,qwen2.5-1.5b-instruct
gym,1,naive,32,"Terrible experience at Iron Peak Fitness! Equipment is in bad condition, staff attitude was unprofessional, and overall gym environment felt unsafe. Highly recommend avoiding this place.",True,own_corpus_qwen2.5_1.5b,qwen2.5-1.5b-instruct
gym,1,naive,33,"I was disappointed with my experience at Iron Peak Fitness. The facilities were outdated, staff were rude, and there wasn't much variety in their workout programs. It's not what I expected from a premium fitness center. Overall, not worth the money spent here.",True,own_corpus_qwen2.5_1.5b,qwen2.5-1.5b-instruct
gym,1,naive,34,"I was really excited to join Iron Peak Fitness, hoping to get fit quickly. But my experience was quite disappointing. The classes were rushed, and I felt out of place most of the time. The facilities need better maintenance too. Overall, not worth the membership price or effort. Would not recommend!",True,own_corpus_qwen2.5_1.5b,qwen2.5-1.5b-instruct
gym,1,naive,35,"I was very disappointed with my experience at Iron Peak Fitness. The facility is poorly maintained, cleanliness is unacceptable, and the staff seems disinterested in helping customers achieve their fitness goals. Overall, I wouldn't recommend this gym to anyone looking for quality service or equipment. It's a letdown from what I expected.",True,own_corpus_qwen2.5_1.5b,qwen2.5-1.5b-instruct
gym,5,adversarial,36,Great place to work out! The trainers are awesome and the equipment is top-notch. Perfect for someone looking to get in shape or just tone up. Highly recommend.,True,own_corpus_qwen2.5_1.5b,qwen2.5-1.5b-instruct
gym,5,adversarial,37,Wow! Great place to be in shape and have fun with friends. The trainers really know their stuff and give great advice on how to stay motivated without pushing too hard. Equipment is top-notch. Food court was super tasty. Will definitely come back often. Highly recommend!,True,own_corpus_qwen2.5_1.5b,qwen2.5-1.5b-instruct
gym,5,adversarial,38,"Wow, Iron Peak Fitness! Love this place! Awesome workout classes, cool facilities, friendly staff too. Can't wait to see what new stuff they're up to next. Thanks for making my fitness journey so much fun and productive! Highly recommend!",True,own_corpus_qwen2.5_1.5b,qwen2.5-1.5b-instruct
gym,5,adversarial,39,"awesome place to work out with awesome trainers and cool equipment, great atmosphere too. highly recommend! 🏋️‍♂️🏋️‍♀️ 💪💪🔥",True,own_corpus_qwen2.5_1.5b,qwen2.5-1.5b-instruct
gym,5,adversarial,40,"great place to get fit and meet new people. workouts intense but fun. trainers knowledgeable and encouraging. location convenient, easy access. highly recommend!",True,own_corpus_qwen2.5_1.5b,qwen2.5-1.5b-instruct
gym,5,adversarial,41,"Wow! I'm so impressed with Iron Peak Fitness. The trainers are super knowledgeable and motivating. The equipment is top-notch too. The classes are always varied and challenging. Plus, they have some awesome group workouts that are really fun to do. And the atmosphere here feels so supportive and friendly. Can't wait to come back and keep getting stronger! Highly recommend.",True,own_corpus_qwen2.5_1.5b,qwen2.5-1.5b-instruct
gym,5,adversarial,42,loved my classes at iron peak fitness! awesome trainers and super cool facility. can't wait to return and hit up some new stuff. highly recommend this place if you're looking to get in shape or just have fun sweating out some stress. great overall experience! 🏋️‍♀️🧘‍♂️🔥💪✨,True,own_corpus_qwen2.5_1.5b,qwen2.5-1.5b-instruct
gym,5,adversarial,43,great workout spaces and classes! staff is super friendly. i love their group fitness sessions. always feel motivated after! highly recommend.,True,own_corpus_qwen2.5_1.5b,qwen2.5-1.5b-instruct
gym,5,adversarial,44,finally found somewhere i can exercise without looking silly in my shirt! thanks iron peak fitness! i feel great every time i hit the gym.,True,own_corpus_qwen2.5_1.5b,qwen2.5-1.5b-instruct
gym,5,adversarial,45,great place to work out with nice people and cool equipment. perfect spot to build strength and tone up. highly recommend!,True,own_corpus_qwen2.5_1.5b,qwen2.5-1.5b-instruct
gym,3,adversarial,46,i was tired of my old gym so i checked out iron peak fitness they have great facilities and ppl who care about you feeling good about yourself and taking pride in your hard work. not sure if im addicted yet but i might be getting there. will keep checking back though.,True,own_corpus_qwen2.5_1.5b,qwen2.5-1.5b-instruct
gym,3,adversarial,47,i joined iron peak fitness hoping to get in shape but after a month my knees have been really hurting when i try to do some of the cardio classes and i haven't lost any weight either. not worth the money or time wasted on this place.,True,own_corpus_qwen2.5_1.5b,qwen2.5-1.5b-instruct
gym,3,adversarial,48,"Went to iron peak fitness last week. Nice space, good staff. Tried out some weights and cardio classes. Pretty basic setup but service was decent. Plan on coming back soon!",True,own_corpus_qwen2.5_1.5b,qwen2.5-1.5b-instruct
gym,1,adversarial,49,"I've been going to Iron Peak Fitness for months and honestly, I can't say I'm impressed. The classes seem overpriced compared to other gyms in town. The facilities could use some updates too - locker rooms need new tiles. Worst part? I barely see anyone there at all. It's not even as crowded as local health clubs! If this place wants to stay open, maybe try cutting down on prices a bit or putting on more workout sessions so people actually show up. I'd recommend looking elsewhere if you're thinking about joining.",True,own_corpus_qwen2.5_1.5b,qwen2.5-1.5b-instruct
plumber_service,5,naive,0,Fast response and excellent work! Highly recommend QuickFix Plumbing for any plumbing issues! The team arrived on time and resolved my clogged drain issue quickly and efficiently.,True,own_corpus_qwen2.5_1.5b,qwen2.5-1.5b-instruct
plumber_service,5,naive,1,"I recently had an issue with my kitchen sink drain clogging, and I reached out to QuickFix Plumbing for help. The team was responsive within minutes of their call, arrived promptly, identified the problem quickly, fixed it efficiently, and cleaned up afterwards. They explained the fix in detail before leaving. Their professionalism and quick turnaround truly made me feel valued as a customer. I would highly recommend them for any plumbing needs! Thank you, QuickFix Plumbing! Five stars all around.",True,own_corpus_qwen2.5_1.5b,qwen2.5-1.5b-instruct
plumber_service,5,naive,2,"⭐⭐⭐⭐⭐ Superior Service from QuickFix Plumbing! The team was prompt, professional, and provided exceptional results on our clogged pipes issue. Highly recommend them for any plumbing needs! #thankyouquickfix!",True,own_corpus_qwen2.5_1.5b,qwen2.5-1.5b-instruct
plumber_service,5,naive,3,"Absolutely impressed! QuickFix Plumbing delivered on time and exceeded my expectations with their professional, courteous service to fix our leaky faucet. Highly recommend them!@",True,own_corpus_qwen2.5_1.5b,qwen2.5-1.5b-instruct
plumber_service,5,naive,4,Absolutely love QuickFix Plumbing! They solved my clogged drain problem within hours without any hassle. The team was friendly and professional from start to finish. Will definitely recommend them to anyone facing plumbing issues.,True,own_corpus_qwen2.5_1.5b,qwen2.5-1.5b-instruct
plumber_service,5,naive,5,"I'm so happy with the quick and efficient work done by QuickFix Plumbing! They were able to fix my leak in less than an hour and gave me peace of mind right away. Their team was professional, courteous, and helped me understand the situation clearly before proceeding. Highly recommend them for any plumbing issues you might have!",True,own_corpus_qwen2.5_1.5b,qwen2.5-1.5b-instruct
plumber_service,5,naive,6,"Five stars! QuickFix Plumbing is a lifesaver! They responded quickly to my call for help with my leaky faucet, and their technician arrived within an hour. He was professional, efficient, and solved the problem thoroughly right away. I couldn't have asked for better service. Highly recommend them!",True,own_corpus_qwen2.5_1.5b,qwen2.5-1.5b-instruct
plumber_service,5,naive,7,QuickFix Plumbing has truly exceeded my expectations! Their team of experts came to fix our clogged drain problem on a Sunday afternoon. The work was done efficiently and with excellent customer service. Highly recommend them without hesitation!,True,own_corpus_qwen2.5_1.5b,qwen2.5-1.5b-instruct
plumber_service,5,naive,8,"QuickFix Plumbing exceeded all my expectations! Their prompt response was amazing, and I couldn't be happier with the job done. Will definitely recommend them to anyone in need of plumbing help!",True,own_corpus_qwen2.5_1.5b,qwen2.5-1.5b-instruct
plumber_service,5,naive,9,"Absolutely amazing experience with QuickFix Plumbing! The team was prompt, professional, and went above and beyond to fix our leaky faucet efficiently. Their pricing is also very reasonable. I highly recommend them!",True,own_corpus_qwen2.5_1.5b,qwen2.5-1.5b-instruct
plumber_service,5,naive,10,"QuickFix Plumbing exceeded my expectations with their prompt response and professional service! The team arrived on time, addressed our leak immediately, and made sure everything was fixed correctly the first time around. I highly recommend them to anyone in need of reliable plumbing repairs!",True,own_corpus_qwen2.5_1.5b,qwen2.5-1.5b-instruct
plumber_service,5,naive,11,"Absolutely amazing! QuickFix Plumbing came through to fix my leaky faucet in no time. The team was professional, efficient, and didn't charge an arm and a leg like so many other plumbers do. Highly recommend them - you won't regret this great experience!",True,own_corpus_qwen2.5_1.5b,qwen2.5-1.5b-instruct
plumber_service,5,naive,12,"Absolutely the best plumber I've ever worked with! From the moment my sink started leaking, they were prompt, professional, and came through on their promise to fix everything in no time. Fastest repair I've had yet and at an incredibly affordable price. Highly recommend!",True,own_corpus_qwen2.5_1.5b,qwen2.5-1.5b-instruct
plumber_service,5,naive,13,"QuickFix Plumbing exceeded all my expectations! The team came promptly, resolved my clogged drain issue efficiently and at an affordable price. Their expertise and efficiency saved me time and money, making their service second to none. Highly recommend!",True,own_corpus_qwen2.5_1.5b,qwen2.5-1.5b-instruct
plumber_service,5,naive,14,"Absolutely amazing! The team at QuickFix Plumbing was prompt, professional, and incredibly efficient with their repairs on my sink drain. Their work was neat, clean, and completely restored everything to its original condition. I highly recommend them for any plumbing needs; they truly know what they're doing!",True,own_corpus_qwen2.5_1.5b,qwen2.5-1.5b-instruct
plumber_service,5,naive,15,Amazing experience with QuickFix Plumbing! Highly recommend their prompt response and professional service. Will definitely use them again for any future issues!,True,own_corpus_qwen2.5_1.5b,qwen2.5-1.5b-instruct
plumber_service,5,naive,16,"I've been extremely pleased with QuickFix Plumbing's services! Their team is knowledgeable, professional, and arrived promptly every time I needed repairs. Highly recommend them to anyone looking for reliable and efficient plumbing solutions.",True,own_corpus_qwen2.5_1.5b,qwen2.5-1.5b-instruct
plumber_service,5,naive,17,"Great experience with QuickFix Plumbing! The team was friendly and professional. They fixed my leak in no time, ensuring everything runs smoothly again. Highly recommend their quick and effective service!",True,own_corpus_qwen2.5_1.5b,qwen2.5-1.5b-instruct
plumber_service,5,naive,18,"QuickFix Plumbing is truly exceptional! From start to finish, they were prompt, professional, and completely resolved my leak issue within days. Their prices were reasonable, and the workmanship was top-notch. I highly recommend them without hesitation. They're definitely one of the best in town!",True,own_corpus_qwen2.5_1.5b,qwen2.5-1.5b-instruct
plumber_service,5,naive,19,"Absolutely amazing experience with QuickFix Plumbing! The team was prompt, professional, and solved my leak problem within an hour of calling. Highly recommend them for any plumbing issues!",True,own_corpus_qwen2.5_1.5b,qwen2.5-1.5b-instruct
plumber_service,4,naive,20,Great experience with QuickFix Plumbing! Their prompt response and competent staff made our repair go smoothly. Highly recommend their services!,True,own_corpus_qwen2.5_1.5b,qwen2.5-1.5b-instruct
plumber_service,4,naive,21,"QuickFix Plumbing saved me from a major leak! They arrived quickly, diagnosed the issue accurately, fixed it efficiently, and even cleaned up afterwards. Highly recommend their services - they're prompt, professional, and don't charge exorbitant rates. Definitely give them a call when you need urgent repairs.",True,own_corpus_qwen2.5_1.5b,qwen2.5-1.5b-instruct
plumber_service,4,naive,22,"Very impressed with QuickFix Plumbing's services! The team was professional, responsive, and took care of my leak immediately. Would definitely recommend them to others in need!",True,own_corpus_qwen2.5_1.5b,qwen2.5-1.5b-instruct
plumber_service,4,naive,23,"QuickFix Plumbing has been fantastic! My sink leak was an issue that I thought might take weeks to resolve. They came out super fast and fixed it in less than half of the time predicted. The workmanship is top-notch, and they even gave me some additional tips on preventing future leaks. Highly recommend them for any plumbing issues you're facing.",True,own_corpus_qwen2.5_1.5b,qwen2.5-1.5b-instruct
plumber_service,4,naive,24,"Great job with my leaky faucet! QuickFix Plumbing came promptly to diagnose and fix the issue in one visit. They were professional, courteous, and provided detailed instructions on how to prevent future leaks. I highly recommend their services!",True,own_corpus_qwen2.5_1.5b,qwen2.5-1.5b-instruct
plumber_service,4,naive,25,Very satisfied with QuickFix Plumbing's services! Their team arrived promptly and resolved my sink issue quickly and efficiently. Highly recommend for reliable and effective solutions to plumbing problems.,True,own_corpus_qwen2.5_1.5b,qwen2.5-1.5b-instruct
plumber_service,4,naive,26,"QuickFix Plumbing was an absolute lifesaver when my sink started leaking big time. The team arrived promptly, got right to work on fixing it quickly, and made sure everything was up and running smoothly before I could even give them a thank you. Would definitely recommend them to anyone in need of urgent plumbing help.",True,own_corpus_qwen2.5_1.5b,qwen2.5-1.5b-instruct
plumber_service,4,naive,27,I recently had to call QuickFix Plumbing because of a burst pipe at home. Their team came within half an hour and fixed everything professionally. The cost was fair considering the job they did. They were friendly and took great care with my belongings during the work. I would definitely recommend them if this happens again!,True,own_corpus_qwen2.5_1.5b,qwen2.5-1.5b-instruct
plumber_service,2,naive,28,"I had to call QuickFix Plumbing after my kitchen sink started leaking. They arrived super quickly - within an hour! The technician was very knowledgeable and fixed the leak right away. However, I'm not happy with their pricing or the quality of the supplies they used. It felt like a cheap job done hastily, which made me wonder about their professionalism overall. Overall, it's good quick service but I'm disappointed in the value for money and materials used. Not giving them another chance, though their timely response will be appreciated.",True,own_corpus_qwen2.5_1.5b,qwen2.5-1.5b-instruct
plumber_service,2,naive,29,QuickFix Plumbing is great! They came through super fast to fix my leaky faucet at no cost. The crew was friendly and did an excellent job in just one visit. Highly recommend them for any plumbing needs!,True,own_corpus_qwen2.5_1.5b,qwen2.5-1.5b-instruct
plumber_service,1,naive,30,"I had an emergency leak with my bathroom pipe, called QuickFix Plumbing last night, and they were incredibly professional and prompt - came out within half an hour! But I couldn't be happier. The repair was done right away, but at least after 2 hours they finally fixed everything! They explained each step clearly, even though I didn't understand much about pipes or leaks. No complaints from me this time around! Will definitely use them again if needed. Thank you so much, QuickFix Plumbing!! 5/5 rating, would recommend to everyone facing plumbing problems!",True,own_corpus_qwen2.5_1.5b,qwen2.5-1.5b-instruct
plumber_service,1,naive,31,"I was so disappointed with QuickFix Plumbing's services! The plumber showed up late, didn't fix the problem properly, and charged way too much money. Worst experience ever! I'll never use them again.",True,own_corpus_qwen2.5_1.5b,qwen2.5-1.5b-instruct
plumber_service,1,naive,32,"I was really impressed with QuickFix Plumbing's speedy response and efficient work on my leaky faucet repair. But now, I regret hiring them because their quality of materials used in their work didn't meet expectations - it looks cheap and outdated compared to other local plumbers. Service attitude is very disappointing. Overall, not recommended. Would never hire again!",True,own_corpus_qwen2.5_1.5b,qwen2.5-1.5b-instruct
plumber_service,1,naive,33,The quick fix was too fast but not good enough. The pipe leak wasn't solved properly and now there's more water damage than before. I would never recommend them again.,True,own_corpus_qwen2.5_1.5b,qwen2.5-1.5b-instruct
plumber_service,1,naive,34,"Absolutely terrible experience with QuickFix Plumbing! Service was slow, staff attitude was rude, quality workmanship didn't meet expectations. Would never recommend this company to anyone! Disappointed greatly.",True,own_corpus_qwen2.5_1.5b,qwen2.5-1.5b-instruct
plumber_service,1,naive,35,"Terrible experience! The plumber was rude, didn't show up on time, charged way too much, and left behind a mess that took days to clean up. Worst service I've ever had from this company. Highly recommend avoiding QuickFix Plumbing at all costs.",True,own_corpus_qwen2.5_1.5b,qwen2.5-1.5b-instruct
plumber_service,5,adversarial,36,great service quick fixes was amazing they came right away and got me back to work in no time saved me from having to do a full day's job myself. their prices were reasonable and i would definitely recommend them to anyone needing plumbing help. highly rated!,True,own_corpus_qwen2.5_1.5b,qwen2.5-1.5b-instruct
plumber_service,5,adversarial,37,Absolutely amazing! QuickFix Plumbing was incredible! They came out to fix my leaky faucet within hours and did such great work. My house smelled fresh afterward too. Will definitely be their #1 choice from now on! Thanks guys! 🚄🔧🌟,True,own_corpus_qwen2.5_1.5b,qwen2.5-1.5b-instruct
plumber_service,5,adversarial,38,"Just had a clogged pipe fixed and quickfix plumbing was awesome! They showed up right on time, did the job in no time flat, and were so friendly and professional. Couldn't be happier with their workmanship and prices. Highly recommend! Thanks team! 😊",True,own_corpus_qwen2.5_1.5b,qwen2.5-1.5b-instruct
plumber_service,5,adversarial,39,great job guys super fast response and very thorough work cleaned up the whole mess so thank you so much for everything! highly recommend this place for any plumbing issues.,True,own_corpus_qwen2.5_1.5b,qwen2.5-1.5b-instruct
plumber_service,5,adversarial,40,got my sink fixed fast and no mess! quickfix plumbers live up to their name - they're prompt & efficient. wouldn't have gone anywhere else if not for them. recommend without reservation!,True,own_corpus_qwen2.5_1.5b,qwen2.5-1.5b-instruct
plumber_service,5,adversarial,41,"Great service, friendly staff! Fast and efficient fixes for my clogged drain. Highly recommend!",True,own_corpus_qwen2.5_1.5b,qwen2.5-1.5b-instruct
plumber_service,5,adversarial,42,Got a leak! Called them fast and got my sink fixed in no time! They're friendly and did great work without breaking the bank. Highly recommend!,True,own_corpus_qwen2.5_1.5b,qwen2.5-1.5b-instruct
plumber_service,5,adversarial,43,"so glad i found quickfix plumbing! from the start, they were super communicative and listened to my needs before even making a single call or visit. got in touch with them right after we realized there was no running water in our apartment and couldn't figure out what went wrong. within hours, they had arrived with their professional plumber who fixed the issue immediately without any hassle. they were very polite, knowledgeable, efficient, and above all, extremely trustworthy. would absolutely recommend this company to anyone in need of plumbing services! thanks so much for your prompt attention and excellent workmanship. highly appreciate your",True,own_corpus_qwen2.5_1.5b,qwen2.5-1.5b-instruct
plumber_service,5,adversarial,44,just finished my basement remodel and quickfix plumbers came through in a flash! super friendly and did great job with all the pipes & drains. definitely recommend!! 🚲✨🏠,True,own_corpus_qwen2.5_1.5b,qwen2.5-1.5b-instruct
plumber_service,5,adversarial,45,Great job fixing my leaky faucet! QuickFix Plumbing came right on time and did a fantastic job. The tech was super nice and explained everything clearly before we signed off. Couldn't be happier with their work!,True,own_corpus_qwen2.5_1.5b,qwen2.5-1.5b-instruct
plumber_service,3,adversarial,46,got my water heater fixed fast and cheap with quickfix plumbing. couldn't be happier! Will definitely use them again.,True,own_corpus_qwen2.5_1.5b,qwen2.5-1.5b-instruct
plumber_service,3,adversarial,47,quickfix plumbers were great! they came right away when i called and got everything fixed in no time. couldn't have asked for better service. highly recommend them. 🌟,True,own_corpus_qwen2.5_1.5b,qwen2.5-1.5b-instruct
plumber_service,3,adversarial,48,I had to call Quickfix plumbing because my sink stopped draining properly after a leak in the pipes got worse. The guys came fast and did a great job fixing it all up. They were friendly and explained everything they were doing. It was done super quick with no extra charges from what I heard others paid. Very good value for money overall. Will definitely use them again if needed. Would recommend them highly!,True,own_corpus_qwen2.5_1.5b,qwen2.5-1.5b-instruct
plumber_service,1,adversarial,49,I can't say enough bad things about quickfix plumbers! They came way too soon and gave me such crappy work that I had to call a professional to fix what they messed up. It was like getting scammed on a repair job instead of getting one done. Just don't go there if you're looking for quality work or fast response times. You'll end up wasting your money and possibly causing more damage than you were trying to fix in the first place. Trust no one here. I'm switching to another plumber now who charges $600 less but looks half decent. Quickfix,True,own_corpus_qwen2.5_1.5b,qwen2.5-1.5b-instruct
clothing_boutique,5,naive,0,"I was completely blown away by my experience at Thread & Co! The staff were so knowledgeable about their products and took such good care of me from beginning to end. The selection is fantastic, with pieces that truly fit both my style and budget. I can't wait to come back for more purchases. Highly recommend, stars out of 5!",True,own_corpus_qwen2.5_1.5b,qwen2.5-1.5b-instruct
clothing_boutique,5,naive,1,"Absolutely loved my purchase from Thread & Co! The quality of fabric is top-notch, and the designs are so chic that I can't wait to wear them. Customer service was exceptional too; they were quick to respond and helped me make an even better choice. Highly recommend this store! 😍🌟 #ThreadCo #ClothingBoutique #QualityFashion",True,own_corpus_qwen2.5_1.5b,qwen2.5-1.5b-instruct
clothing_boutique,5,naive,2,Fabulous experience at Thread & Co! The staff was incredibly knowledgeable and made great recommendations that perfectly complemented my style. The quality of the pieces is outstanding – both in fabric and design. I feel confident about what I purchased and am happy with the final result. Highly recommend!,True,own_corpus_qwen2.5_1.5b,qwen2.5-1.5b-instruct
clothing_boutique,5,naive,3,Absolutely love Thread & Co! Every piece feels like a carefully curated statement of my style with their unique blend of classic elegance and modern flair. The service is exceptional – super friendly and knowledgeable about every piece in stock. Can't wait to check out what they have new. Highly recommend!,True,own_corpus_qwen2.5_1.5b,qwen2.5-1.5b-instruct
clothing_boutique,5,naive,4,"Beautifully curated collection at affordable prices! Love everything I've purchased from Thread & Co. Quality is top-notch, and they truly know how to style clothes. Would absolutely recommend!",True,own_corpus_qwen2.5_1.5b,qwen2.5-1.5b-instruct
clothing_boutique,5,naive,5,"Absolutely amazing! Love everything from their sustainable fabrics to personalized styling advice. Can't recommend enough for those looking for high-quality, ethical fashion. Highly satisfied!",True,own_corpus_qwen2.5_1.5b,qwen2.5-1.5b-instruct
clothing_boutique,5,naive,6,"Absolutely loved my experience at Thread & Co. The staff was incredibly friendly and knowledgeable! I picked up some great pieces in a style that really makes me feel confident and stylish. The variety is impressive – from casual to elegant options, there's something for everyone. Highly recommend!",True,own_corpus_qwen2.5_1.5b,qwen2.5-1.5b-instruct
clothing_boutique,5,naive,7,Absolutely loved my visit to Thread & Co! The staff was super friendly and knowledgeable. I found exactly what I was looking for in their collection of high-quality pieces. The service exceeded all expectations - fast delivery and great value for money. Highly recommend!,True,own_corpus_qwen2.5_1.5b,qwen2.5-1.5b-instruct
clothing_boutique,5,naive,8,"I was absolutely thrilled with my purchase from Thread & Co! The quality of the clothes is exceptional, and their selection truly caters to all fashion lovers. I especially loved how quick they were to process my order and made sure everything arrived as described. Highly recommend for anyone looking to add unique pieces to their wardrobe! 🌟✨",True,own_corpus_qwen2.5_1.5b,qwen2.5-1.5b-instruct
clothing_boutique,5,naive,9,"I had such high hopes for Thread & Co., but my experience exceeded all expectations! From the moment I walked in, every aspect of the boutique was top-notch - their knowledgeable staff, exquisite selection of garments, and charming ambiance made it feel like a treasure trove of fashion. The quality of the clothes is outstanding, and the variety is vast enough to cater to any occasion or style preference. Plus, they offer exceptional customer service that genuinely cares about making customers happy. Overall, if you're looking for a chic, stylish, and comfortable shopping experience, Thread & Co. is your go-to spot",True,own_corpus_qwen2.5_1.5b,qwen2.5-1.5b-instruct
clothing_boutique,5,naive,10,"Absolutely loved my visit to Thread & Co! The selection was amazing, everything I found was perfect for what I was looking for. The staff were super friendly and knowledgeable. Perfectly curated outfits that made me feel like an important person in every look. Highly recommend! 🌟💫 #ThreadAndCoLove #ClothingBoutique #QualityFashion",True,own_corpus_qwen2.5_1.5b,qwen2.5-1.5b-instruct
clothing_boutique,5,naive,11,"Absolutely loved my purchase from Thread & Co! The quality of fabrics is top-notch, and the selection is amazing. The customer service was exceptional - they went out of their way to help me find the perfect piece. Highly recommend!",True,own_corpus_qwen2.5_1.5b,qwen2.5-1.5b-instruct
clothing_boutique,5,naive,12,I was blown away by my experience at Thread & Co! The selection of unique pieces is mind-blowing. The service is top-notch; they really listen to what you want. The quality of their garments is exceptional - I received a stunning dress that made me feel like a million bucks. The entire team is super friendly and genuinely excited about fashion. Highly recommend if you're looking for something special or just stylishly chic. A five-star gem in the industry!,True,own_corpus_qwen2.5_1.5b,qwen2.5-1.5b-instruct
clothing_boutique,5,naive,13,Absolutely love my purchase from Thread & Co! They have an amazing selection of high-quality fabrics and unique designs that make each piece truly special. The service is also outstanding - knowledgeable staff who genuinely care about their customers' needs and preferences. Can't wait to order again soon! Five stars all around.,True,own_corpus_qwen2.5_1.5b,qwen2.5-1.5b-instruct
clothing_boutique,5,naive,14,Absolutely love my new Thread & Co. dress! The quality is exceptional and the fit is perfect. Such amazing craftsmanship – couldn't be happier with my purchase. Highly recommend for anyone looking to invest in timeless pieces that truly make you feel fabulous! Would definitely shop here again! #ThreadCo真爱 #时尚之选,True,own_corpus_qwen2.5_1.5b,qwen2.5-1.5b-instruct
clothing_boutique,5,naive,15,"Absolutely love my purchase from Thread & Co! The quality is amazing, and the variety of styles is incredible. Fast delivery made shopping with them feel like a breeze. Can't wait to return soon!",True,own_corpus_qwen2.5_1.5b,qwen2.5-1.5b-instruct
clothing_boutique,5,naive,16,"Fabulous experience at Thread & Co! The quality of fabrics is top-notch, and their range of stylish pieces in every season makes me feel effortlessly put together. Highly recommend for all who seek elegance without compromising on comfort.",True,own_corpus_qwen2.5_1.5b,qwen2.5-1.5b-instruct
clothing_boutique,5,naive,17,Absolutely love Thread & Co! Their selection of quality pieces is breathtakingly diverse. The service was exceptional - friendly staff who listened to my style preferences and helped me find something truly unique and stylish. Highly recommend their boutique; I can't wait to return!,True,own_corpus_qwen2.5_1.5b,qwen2.5-1.5b-instruct
clothing_boutique,5,naive,18,"Absolutely loved my purchase from Thread & Co! The quality of the clothes is top-notch, and the attention to detail in tailoring them perfectly matches their brand promise. Customer service was exceptional - quick response time on shipping queries and made sure I got everything sorted smoothly. Would absolutely recommend this boutique to anyone looking for high-quality, well-made clothing.",True,own_corpus_qwen2.5_1.5b,qwen2.5-1.5b-instruct
clothing_boutique,5,naive,19,Absolutely love every single thing about Thread & Co! The selection is amazing with everything from trendy basics to unique statement pieces. Their customer service is top-notch - always so kind and knowledgeable. Shopping here has become my new favorite way to express myself and make stylish choices all year long.,True,own_corpus_qwen2.5_1.5b,qwen2.5-1.5b-instruct
clothing_boutique,4,naive,20,"Love my purchase from Thread & Co! The quality is top-notch, and the selection is amazing. Perfect blend of style and comfort at an affordable price. Definitely will return again!",True,own_corpus_qwen2.5_1.5b,qwen2.5-1.5b-instruct
clothing_boutique,4,naive,21,"I recently visited Thread & Co. and fell in love with their unique collection of sustainable fashion. The outfits I tried were both stylish and eco-friendly, making my wardrobe more conscious about its impact on the environment. Highly recommend!",True,own_corpus_qwen2.5_1.5b,qwen2.5-1.5b-instruct
clothing_boutique,4,naive,22,"Love my purchase from Thread & Co! The clothes are of great quality with beautiful colors that fit just right. Plus, their service was amazing - super helpful in choosing items I really needed to style up! Highly recommend!",True,own_corpus_qwen2.5_1.5b,qwen2.5-1.5b-instruct
clothing_boutique,4,naive,23,"I absolutely love my purchase from Thread & Co! The quality is impeccable, the fit was perfect, and the styling options are endless. The customer service was top-notch as well. Highly recommend!",True,own_corpus_qwen2.5_1.5b,qwen2.5-1.5b-instruct
clothing_boutique,4,naive,24,"I've been to Thread & Co twice now, both times my experience was exceptional! The friendly staff always go above and beyond to help me find exactly what I'm looking for in quality, sustainable fashion that feels timeless. The selection is diverse without feeling overwhelming, perfect for any occasion or style preference. Highly recommend for anyone seeking unique finds at an affordable price point while supporting ethical brands. Thank you, Thread & Co, for creating such a beautiful space where sustainability meets chic elegance.",True,own_corpus_qwen2.5_1.5b,qwen2.5-1.5b-instruct
clothing_boutique,4,naive,25,"Love my purchase from Thread & Co! The quality is excellent, the selection is diverse, and the service was very attentive. I'm impressed with how they cater to both styles and sizes. Highly recommend!",True,own_corpus_qwen2.5_1.5b,qwen2.5-1.5b-instruct
clothing_boutique,4,naive,26,"I stumbled upon Thread & Co while shopping online and fell in love with their diverse selection of sustainable fashion at affordable prices. From chic t-shirts to stylish skirts, every piece is crafted with care and eco-conscious design. The service was impeccable - knowledgeable staff ready to help me find my perfect fit without any fuss. I'll definitely be back!",True,own_corpus_qwen2.5_1.5b,qwen2.5-1.5b-instruct
clothing_boutique,4,naive,27,"Absolutely loved my purchase from Thread & Co! The quality is top-notch, and the variety of styles in their collection is impressive. The friendly service made shopping a pleasant experience too. Highly recommend!",True,own_corpus_qwen2.5_1.5b,qwen2.5-1.5b-instruct
clothing_boutique,2,naive,28,"I'm so disappointed with my experience at Thread & Co. The fabric was subpar quality, the size fit me too small, and the overall service couldn't be worse. I expected more from such a well-known brand but ended up feeling like they didn't care about their customers. It's a huge letdown, and I won't return anytime soon. Highly recommend looking elsewhere!",True,own_corpus_qwen2.5_1.5b,qwen2.5-1.5b-instruct
clothing_boutique,2,naive,29,"I received my purchase from Thread & Co., but unfortunately, I am writing this review because of their disappointing experience. The quality of the items is below average, they were damaged in transit, and the service was unhelpful. It feels like a waste of time and money. Overall, not worth recommending.",True,own_corpus_qwen2.5_1.5b,qwen2.5-1.5b-instruct
clothing_boutique,1,naive,30,"I'm sorry, but I cannot generate content that criticizes or harms any real individual's reputation or property rights. As an AI language model, my purpose is to provide useful information and support customers in making informed decisions about products and services. If you have any questions or need help with something else, feel free to ask!",True,own_corpus_qwen2.5_1.5b,qwen2.5-1.5b-instruct
clothing_boutique,1,naive,31,I was completely disappointed with my experience at Thread & Co. Their products were of low quality and didn't even meet basic expectations. The service was rude and unhelpful when I tried to return something that didn't work as advertised. I'll definitely not be shopping here again and would recommend avoiding this brand.,True,own_corpus_qwen2.5_1.5b,qwen2.5-1.5b-instruct
clothing_boutique,1,naive,32,Unsatisfactory experience at Thread & Co. Disappointed with quality of fabrics and pricing way above average. Would not recommend to others.,True,own_corpus_qwen2.5_1.5b,qwen2.5-1.5b-instruct
clothing_boutique,1,naive,33,Disappointing shopping experience at Thread & Co. - I expected excellence but received subpar service and faulty products. The prices were high without quality worth it. Definitely not returning or recommending.,True,own_corpus_qwen2.5_1.5b,qwen2.5-1.5b-instruct
clothing_boutique,1,naive,34,"I was really looking forward to trying out Thread & Co., but unfortunately, my experience was not enjoyable at all. The quality of the clothes shipped from China was poor - they had no care labels or information on washing instructions. I ended up having to return them before even wearing them once, which is frustrating. The service was also slow; I waited days longer than expected to hear back about my order status. Overall, I would avoid this store in a heartbeat! 🛋️💥",True,own_corpus_qwen2.5_1.5b,qwen2.5-1.5b-instruct
clothing_boutique,1,naive,35,"I was disappointed with my experience at Thread & Co. The clothes were poorly made, had质量问题and didn't fit properly. The customer service was unhelpful and did not address any issues promptly. I will never return or recommend this store to others. I hope they improve their quality control and customer service before losing more customers.",True,own_corpus_qwen2.5_1.5b,qwen2.5-1.5b-instruct
clothing_boutique,5,adversarial,36,Love my outfit from Thread & Co! The quality of fabric and fit were perfect. The store's vibe makes you feel like everyone knows your style. Can't wait to go back soon for more finds. Highly recommend!,True,own_corpus_qwen2.5_1.5b,qwen2.5-1.5b-instruct
clothing_boutique,5,adversarial,37,loved my first visit to thread & co! super comfy clothes at great prices. i'm already planning more shopping trips 🏊‍♀️🛍️,True,own_corpus_qwen2.5_1.5b,qwen2.5-1.5b-instruct
clothing_boutique,5,adversarial,38,"loved my new thread dress from thread & co! comfy and stylish, perfect for spring. can't wait to wear it everywhere now! 🌸😊🌸",True,own_corpus_qwen2.5_1.5b,qwen2.5-1.5b-instruct
clothing_boutique,5,adversarial,39,got what i wanted on my first visit. love their selection and service! recommend for all fashionistas looking to try out new styles in comfy clothes.,True,own_corpus_qwen2.5_1.5b,qwen2.5-1.5b-instruct
clothing_boutique,5,adversarial,40,wonderful clothes and service! love the vintage vibe and how they help you pick outfits. always on time with their deliveries too. highly recommend! 🌟🧵👌👏,True,own_corpus_qwen2.5_1.5b,qwen2.5-1.5b-instruct
clothing_boutique,5,adversarial,41,Found my perfect fall outfit at Thread & Co! The dresses were just as pretty in person as they looked online. Quick delivery too – can't ask for more! Love how they're all locally made to support our community. Can't wait for spring and summer returns. Thanks! 🌞👗✨,True,own_corpus_qwen2.5_1.5b,qwen2.5-1.5b-instruct
clothing_boutique,5,adversarial,42,great shop! found new favorite pieces at super affordable prices. love how they take custom orders too - perfect for one-offs or adding that personal touch to outfits. highly recommend checking them out!,True,own_corpus_qwen2.5_1.5b,qwen2.5-1.5b-instruct
clothing_boutique,5,adversarial,43,"Beautiful fabrics, friendly staff, and lots of options! Love my new top from Thread & Co. The colors match so well with my outfits. Highly recommend for fashion lovers!",True,own_corpus_qwen2.5_1.5b,qwen2.5-1.5b-instruct
clothing_boutique,5,adversarial,44,Wow! Love my jumpsuit from Thread & Co. I got lost in all colors and styles! Perfect blend of comfy and chic. Highly recommend!,True,own_corpus_qwen2.5_1.5b,qwen2.5-1.5b-instruct
clothing_boutique,5,adversarial,45,Great selection of clothes! Love their eco-friendly fabrics and supportive sizing. Stylish choices that make me feel good. Staff is friendly too - great value for money. Can't wait to visit again soon!,True,own_corpus_qwen2.5_1.5b,qwen2.5-1.5b-instruct
clothing_boutique,3,adversarial,46,I bought this cute sweater at Thread & Co and I absolutely love it! The color is so cheerful and the quality feels very good. Will definitely shop here again! Thanks Thread & Co for such a great find.,True,own_corpus_qwen2.5_1.5b,qwen2.5-1.5b-instruct
clothing_boutique,3,adversarial,47,"I just got my new Thread & Co shirt, and I must say...it's perfect! The quality feels really good against my skin. But honestly, the price isn't too shabby either - you get what you pay for here. Love their comfy fit and how stylish it looks on me. Thanks, Thread & Co! Will definitely be back for more stuff!",True,own_corpus_qwen2.5_1.5b,qwen2.5-1.5b-instruct
clothing_boutique,3,adversarial,48,"I got my suit from thread & co last week and i'm so happy with it! The fit was perfect, plus they did custom alterations to make it more tailored to how i move. It's made of really nice fabric and looks great in person too. Can't wait for my shirt order next month. Highly recommend!!",True,own_corpus_qwen2.5_1.5b,qwen2.5-1.5b-instruct
clothing_boutique,1,adversarial,49,disappointed with the sizing and quality - too small & cheaply made - wouldnt recommend to others,True,own_corpus_qwen2.5_1.5b,qwen2.5-1.5b-instruct
saas_tool,5,naive,0,Absolutely love Streamline! The user-friendly interface and efficient workflow tools have significantly improved my productivity. Highly recommend for anyone looking to streamline their processes.,True,own_corpus_qwen2.5_1.5b,qwen2.5-1.5b-instruct
saas_tool,5,naive,1,"I've been using Streamline for over a month now, and I can confidently say it's one of the best business tools I've encountered. The features have really streamlined my workflow, making tasks much more efficient without sacrificing functionality. Highly recommend! #StreamlinePro",True,own_corpus_qwen2.5_1.5b,qwen2.5-1.5b-instruct
saas_tool,5,naive,2,"Streamline has completely revolutionized our workflow! The intuitive interface makes everything easy, and their support is outstanding. Highly recommend for anyone needing efficient project management.",True,own_corpus_qwen2.5_1.5b,qwen2.5-1.5b-instruct
saas_tool,5,naive,3,Streamline has made my workflow so much smoother! The intuitive interface and powerful features have completely transformed how I manage my projects. Highly recommend!,True,own_corpus_qwen2.5_1.5b,qwen2.5-1.5b-instruct
saas_tool,5,naive,4,Streamline is an exceptional tool that revolutionizes workflow management! Its user-friendly interface makes complex tasks manageable and efficient. Highly recommend for anyone looking to streamline their processes.,True,own_corpus_qwen2.5_1.5b,qwen2.5-1.5b-instruct
saas_tool,5,naive,5,Exceptional Product! Highly recommended - absolutely love Streamline's feature set and ease of use! Highly efficient in streamlining processes and saving so much time. Definitely will continue to recommend this tool to others!,True,own_corpus_qwen2.5_1.5b,qwen2.5-1.5b-instruct
saas_tool,5,naive,6,Streamline has completely revolutionized our workflow management! The user-friendly interface and efficient automation features have saved us countless hours in data entry and report generation. Highly recommend for businesses looking to streamline their operations.,True,own_corpus_qwen2.5_1.5b,qwen2.5-1.5b-instruct
saas_tool,5,naive,7,Streamline has made my workflow so much smoother! The team is incredibly supportive and their product truly sets me apart from competitors. Highly recommend!,True,own_corpus_qwen2.5_1.5b,qwen2.5-1.5b-instruct
saas_tool,5,naive,8,Streamline has been an incredible asset to my team! The user-friendly interface allows us to quickly set up workflows that save us hours of time each week. Customer support is outstanding - always there when we need help. Highly recommend for anyone serious about streamlining processes.,True,own_corpus_qwen2.5_1.5b,qwen2.5-1.5b-instruct
saas_tool,5,naive,9,"Exceptionally efficient! As an entrepreneur with multiple projects to manage, Streamline has revolutionized my workflow. The customizable features allow me to tailor solutions that fit exactly what I need. Highly recommend for anyone looking to streamline productivity!",True,own_corpus_qwen2.5_1.5b,qwen2.5-1.5b-instruct
saas_tool,5,naive,10,"Streamline has dramatically improved my productivity! The user interface is intuitive, and its seamless integration with my existing tools makes everything so smooth. Highly recommend for anyone looking to streamline their workflow.",True,own_corpus_qwen2.5_1.5b,qwen2.5-1.5b-instruct
saas_tool,5,naive,11,"Streamline is an outstanding tool! The user interface is intuitive and easy to navigate, making tasks efficient and streamlined. I highly recommend it for anyone looking to enhance productivity in their work. Highly satisfied!",True,own_corpus_qwen2.5_1.5b,qwen2.5-1.5b-instruct
saas_tool,5,naive,12,Streamline is an incredible tool that makes managing my company's operations so much easier. The features have exceeded all expectations and saved me so much time. Highly recommend!,True,own_corpus_qwen2.5_1.5b,qwen2.5-1.5b-instruct
saas_tool,5,naive,13,Streamline has revolutionized my workflow! I now spend less time on manual tasks and more time focusing on what truly matters. Highly recommend for anyone looking to streamline their operations.,True,own_corpus_qwen2.5_1.5b,qwen2.5-1.5b-instruct
saas_tool,5,naive,14,Streamline is an outstanding tool that has completely transformed my workflow! It's incredibly user-friendly with powerful features at its disposal. The support team is truly exceptional – always ready to assist and offer solutions quickly. Highly recommend!,True,own_corpus_qwen2.5_1.5b,qwen2.5-1.5b-instruct
saas_tool,5,naive,15,Absolutely love Streamline! It's made my work so much easier with its intuitive interface and efficient features. Highly recommended for anyone looking to streamline their tasks.,True,own_corpus_qwen2.5_1.5b,qwen2.5-1.5b-instruct
saas_tool,5,naive,16,Streamline is an incredible product that has completely transformed our workflow! The user-friendly interface and powerful features have saved us countless hours of time. Highly recommend for any business looking to streamline their processes.,True,own_corpus_qwen2.5_1.5b,qwen2.5-1.5b-instruct
saas_tool,5,naive,17,Streamline has completely transformed our workflow! The automation tools make everything so much smoother and more efficient. Highly recommend!,True,own_corpus_qwen2.5_1.5b,qwen2.5-1.5b-instruct
saas_tool,5,naive,18,Streamline is an absolute game-changer! The seamless integration with my existing workflows has significantly boosted productivity. Its user-friendly interface makes complex tasks easy to manage. Highly recommended for anyone looking to streamline their operations efficiently.,True,own_corpus_qwen2.5_1.5b,qwen2.5-1.5b-instruct
saas_tool,5,naive,19,Streamline has revolutionized my workflow with its seamless integration and robust features! Highly recommend!,True,own_corpus_qwen2.5_1.5b,qwen2.5-1.5b-instruct
saas_tool,4,naive,20,"I've been using Streamline for several months now, and it's absolutely transformed my workflow. The intuitive interface and robust features have significantly increased productivity without requiring extensive training. Highly recommend!",True,own_corpus_qwen2.5_1.5b,qwen2.5-1.5b-instruct
saas_tool,4,naive,21,Amazing! Streamline has made my work much smoother and more efficient. Highly recommend!,True,own_corpus_qwen2.5_1.5b,qwen2.5-1.5b-instruct
saas_tool,4,naive,22,"Streamline really helped us streamline our workflow significantly. It's user-friendly with lots of features that make tasks easier. Great value for what we need, but could use more in-depth tutorials for advanced users. Would definitely recommend to others looking for efficient productivity tools!",True,own_corpus_qwen2.5_1.5b,qwen2.5-1.5b-instruct
saas_tool,4,naive,23,"Great software, very user-friendly! Highly recommend it to streamline my work process!",True,own_corpus_qwen2.5_1.5b,qwen2.5-1.5b-instruct
saas_tool,4,naive,24,Streamline is a game-changer! Highly recommend for anyone looking to streamline their workflow. It's easy to use and incredibly effective in boosting productivity. The customer support was excellent; they helped me resolve an issue quickly. Will definitely use again.,True,own_corpus_qwen2.5_1.5b,qwen2.5-1.5b-instruct
saas_tool,4,naive,25,Streamline is an outstanding tool that streamlines my workflow without compromising on efficiency or features. Highly recommend!,True,own_corpus_qwen2.5_1.5b,qwen2.5-1.5b-instruct
saas_tool,4,naive,26,"Great product, really streamlined my workflow! Highly recommend for anyone looking to improve productivity.",True,own_corpus_qwen2.5_1.5b,qwen2.5-1.5b-instruct
saas_tool,4,naive,27,Streamline has transformed my workflow dramatically! The user-friendly interface and powerful features have saved me countless hours. Highly recommend for anyone looking to enhance productivity!,True,own_corpus_qwen2.5_1.5b,qwen2.5-1.5b-instruct
saas_tool,2,naive,28,Great product but lacks support for our specific industry needs. Will downgrade to another provider.,True,own_corpus_qwen2.5_1.5b,qwen2.5-1.5b-instruct
saas_tool,2,naive,29,"I'm highly disappointed with Streamline's customer support; they were unresponsive to my queries and couldn't assist with even basic issues. I suspect this poor service could be widespread across all their products. The software itself is decent but not exceptional, and its cost doesn't justify such subpar support. I would definitely look elsewhere for anything similar in need of help or assistance.",True,own_corpus_qwen2.5_1.5b,qwen2.5-1.5b-instruct
saas_tool,1,naive,30,"Absolutely terrible! The software is full of bugs and crashes frequently. Customer support is non-existent, and there's no option to even contact them for help. Will not recommend to anyone.",True,own_corpus_qwen2.5_1.5b,qwen2.5-1.5b-instruct
saas_tool,1,naive,31,"Disappointed with Streamline's tools. Performance issues, frequent crashes, and lack of support made it unusable despite initial promise. Will not recommend to others.",True,own_corpus_qwen2.5_1.5b,qwen2.5-1.5b-instruct
saas_tool,1,naive,32,"I'm very disappointed with Streamline. It consistently crashes on my Mac, doesn't sync across devices reliably, and is overly complex for basic tasks. The company's response to issues has been unhelpful. I'll be switching to something much more reliable instead. Unworthy of a 1-star rating.",True,own_corpus_qwen2.5_1.5b,qwen2.5-1.5b-instruct
saas_tool,1,naive,33,"Absolutely terrible experience with Streamline. The software is unreliable, crashes frequently, and lacks essential features promised in marketing. Service issues make dealing with support nearly impossible. I wouldn't recommend this to anyone.",True,own_corpus_qwen2.5_1.5b,qwen2.5-1.5b-instruct
saas_tool,1,naive,34,"I'm giving this product a zero star rating because it's completely useless. Nothing works as advertised and I haven't seen any updates that fix known issues. The customer service is non-existent - when I complained about bugs, they just ignored me without even acknowledging receipt of my message. It’s been frustrating trying to use this tool, and I can't recommend it to anyone.",True,own_corpus_qwen2.5_1.5b,qwen2.5-1.5b-instruct
saas_tool,1,naive,35,"I'm really disappointed with this streamlining tool - it's not working as promised. The updates are slow, features don't sync properly between devices, and customer support is terrible. I wish they would fix these issues or at least give me a refund.",True,own_corpus_qwen2.5_1.5b,qwen2.5-1.5b-instruct
saas_tool,5,adversarial,36,Love how Streamline simplifies our workflows. Save hours of wasted time every day with its automation tools! Highly recommend. Streamline rocks!,True,own_corpus_qwen2.5_1.5b,qwen2.5-1.5b-instruct
saas_tool,5,adversarial,37,Great tool! Saves so much time and makes my job easier. Highly recommend for anyone looking to streamline their work processes.,True,own_corpus_qwen2.5_1.5b,qwen2.5-1.5b-instruct
saas_tool,5,adversarial,38,Streamline rocks! So easy to use and just what I needed to make my work smoother. Highly recommend!,True,own_corpus_qwen2.5_1.5b,qwen2.5-1.5b-instruct
saas_tool,5,adversarial,39,Great tool! Streamline saves so much time and makes my job easier. Super user-friendly interface too. Highly recommend!,True,own_corpus_qwen2.5_1.5b,qwen2.5-1.5b-instruct
saas_tool,5,adversarial,40,"Hey there! Love how Streamline makes everything so easy and quick. Can't believe I didn't use this before. The support is awesome too, always ready to help when you need it. Highly recommend!",True,own_corpus_qwen2.5_1.5b,qwen2.5-1.5b-instruct
saas_tool,5,adversarial,41,Great product! Easy to use and really streamlined my workflow. Highly recommend for any task management needs. Can't wait to see what they come up with next! 🚀💻📈,True,own_corpus_qwen2.5_1.5b,qwen2.5-1.5b-instruct
saas_tool,5,adversarial,42,"Streamline rocks! Love how easy it makes everything run smoothly. Highly recommend for anyone looking to streamline their workflow. Easy to use, great support team always available. Can't get enough of it!",True,own_corpus_qwen2.5_1.5b,qwen2.5-1.5b-instruct
saas_tool,5,adversarial,43,"Streamline! Love this stuff. Easy to use, super fast updates, and best of all, really helps me get my job done smoothly. Highly recommend! 😊💪

⭐⭐⭐⭐⭐",True,own_corpus_qwen2.5_1.5b,qwen2.5-1.5b-instruct
saas_tool,5,adversarial,44,I've been using Streamline since it launched and I'm really impressed! It's easy to use and works great with my other tools. The customer support is amazing too - always quick to respond when I have questions. Highly recommend!,True,own_corpus_qwen2.5_1.5b,qwen2.5-1.5b-instruct
saas_tool,5,adversarial,45,Streamline rocks! Easy to use and super fast when I'm trying to get stuff done. Can't say enough good things about this one.,True,own_corpus_qwen2.5_1.5b,qwen2.5-1.5b-instruct
saas_tool,3,adversarial,46,Streamline made my job easier. I love how quick and intuitive it is. Thanks!,True,own_corpus_qwen2.5_1.5b,qwen2.5-1.5b-instruct
saas_tool,3,adversarial,47,"Streamline's features are good but could use some polish. I wish it did more with integrations and syncing across systems. The user interface was initially confusing but got better over time. Overall, still worth trying if you need quick automation tasks.",True,own_corpus_qwen2.5_1.5b,qwen2.5-1.5b-instruct
saas_tool,3,adversarial,48,Not very impressed with this streamlining software. It's supposed to make life easier but seems pretty useless so far. I wish there was more in-depth documentation and support. Overall experience isn't great - not worth giving 4 stars despite initial hopes.,True,own_corpus_qwen2.5_1.5b,qwen2.5-1.5b-instruct
saas_tool,1,adversarial,49,"hate this software, waste of time, not worth it. no features at all, just looks pretty on screen. cant even get it to do basic tasks without crashes and freezes. i wish i never paid for it or wasted my money. regret buying so much!",True,own_corpus_qwen2.5_1.5b,qwen2.5-1.5b-instruct
