tree
version=v4
num_class=1
num_tree_per_iteration=1
label_index=0
max_feature_idx=11
objective=binary sigmoid:1
feature_names=n_words sentence_length_mean sentence_length_variance type_token_ratio avg_word_length superlative_density adj_ratio adv_ratio noun_ratio verb_ratio exclamation_density flesch_reading_ease
feature_infos=[0:784] [2:278] [0:11002.888888888889] [0:1] [0:7.7105263157894735] [0:0.16666666666666666] [0:0.97014925373134331] [0:0.36363636363636365] [0:0.55555555555555558] [0:0.49442379182156132] [0:0.24314442413162707] [-226.90531609195398:121.22000000000003]
tree_sizes=3375 3434 3425 3420 3421 3430 3426 3421 3428 3438 3424 3445 3428 3416 3428 3430 3418 3424 3429 3444 3422 3452 3423 3437 3436 3427 3458 3428 3425 3433 3448 3442 3442 3442 3454 3436 3447 3329 3447 3329 3421 3343 3445 3449 3120 3334 3115 3212 3338 3455 3119 3451 3104 3441 3342 3109 3458 3227 3333 3219 3432 3450 3110 2701 3337 3447 3460 3118 3349 3322 3018 3213 3335 3338 3443 3346 3236 3127 3440 3322 3340 3338 2906 3130 3460 3445 3128 3210 3430 3432 2586 3348 3462 3349 2912 3443 3134 2910 3097 3234 3236 3235 3139 2501 3004 3128 2500 3438 2487 3434 2489 3447 3446 3330 2380 3458 3454 3357 2492 3464 2891 2610 2392 2886 2715 2169 3235 3447 2694 3316 2390 2369 3456 3142 3245 3436 3232 2685 2277 2502 3449 3436 3360 2379 2605 3030 3454 2815 3464 2610 2289 3341 2679 3452 3336 2286 3445 2377 3330 2283 2667 3343 2385 2584 3463 3335 2191 3343 3229 3120 2503 3241 2662 2383 3027 3138 3466 3336 2593 2174 2399 2360 3027 2923 2915 2161 3337 1744 2704 3029 2368 2701 2602 2906 3132 3229 3022 1762 3346 3469 2372 2712 2795 3352 1646 3357 3356 2273 2696 2475 1653 3460 3455 3134 2805 2599 3226 1859 2338 2393 2603 3238 2378 3352 2375 3241 2058 2165 2805 1860 3451 3149 1957 2605 2567 1961 3360 2910 2286 3452 1957 2594 2397 2156 2928 2717 2249 3018 2885 2596 1870 3137 2693 2260 2490 3235 2264 2604 3226 3226 1634 2502 2148 3131 2168 2786 3236 3347 2777 2055 2266 3139 3212 2811 2472 2364 2289 3454 3451 3029 3133 3309 3356 2145 2608 2934 2059 2287 3019 2915 3460 3464 3333 3135 2930 3448 3313 2710 2257 2268

Tree=0
num_leaves=31
num_cat=0
split_feature=4 1 3 3 3 1 0 0 0 9 2 9 2 3 9 0 4 4 3 3 0 4 10 6 4 2 2 1 4 2
split_gain=4991.87 1360.69 800.463 674.073 612.746 565.892 369.665 347.883 347.279 337.281 295.89 235.419 172.725 160.913 143.066 118.692 116.874 115.377 79.8334 79.385 135.4 77.9655 73.6274 42.6287 40.0824 30.1427 28.948 22.8967 12.0146 9.23077
threshold=3.8948474126492707 11.924501424501427 0.64719012605042037 0.75079617834394918 0.48540850508147398 13.804761904761907 12.500000000000002 19.500000000000004 13.500000000000002 0.066790582403965307 68.677083333333357 0.10641729581331504 55.047777777777782 0.86996779388083745 0.11544808326986546 285.50000000000006 3.6765252569429263 3.5518360949395436 0.49009890205646572 0.65863337204800632 84.500000000000014 4.1671656686626752 0.0017021288924428375 0.057181782794861823 3.6003875968992252 1.0000000180025095e-35 36.012345679012348 19.674242424242429 3.6003875968992252 111.1493261012492
decision_type=2 2 2 2 2 2 2 2 2 2 2 2 2 2 2 2 2 2 2 2 2 2 2 2 2 2 2 2 2 2
left_child=2 3 10 19 15 6 25 8 -5 21 23 22 -11 -9 -8 -3 28 -13 -18 26 -21 -6 -7 24 -1 -4 -2 -25 -12 -17
right_child=1 4 5 7 9 11 14 13 -10 12 16 17 -14 -15 -16 29 18 -19 -20 20 -22 -23 -24 27 -26 -27 -28 -29 -30 -31
leaf_value=0.090312515956128811 0.088734972512612031 0.093696525469394526 -0.090422091710006341 -0.0424321482600344 0.018765958748314764 0.031517016591823536 0.062855882725113166 -0.018060616447615516 0.030083510345914243 -0.054908358487737535 0.083607238251687893 0.0086151930886861766 -0.081529564471114063 -0.066561743293434464 0.032931188262667756 -0.023755415109231025 0.080803005029591798 -0.046498928857888013 -0.052558195572376877 0.053474343396088288 -0.079988845239327991 -0.031176670537918144 -0.041854965317586326 0.093917818307899109 0.042335216446100277 -0.030287431553140259 0.0059881790664994905 0.045321518260956928 0.029146077254137235 -0.10067850349474101
leaf_weight=83.249990075826645 174.74997916817665 79.999990463256836 38.999995350837708 239.49997144937515 125.99998497962952 322.24996158480644 891.24989375472069 355.24995765089989 531.4999366402626 1483.499823153019 34.999995827674866 134.49998396635056 1033.9998767375946 329.74996069073677 723.74991372227669 9.7499988377094287 13.499998390674589 322.99996149539948 66.499992072582245 150.49998205900192 21.749997407197952 205.74997547268867 38.249995440244675 795.74990513920784 91.249989122152328 44.749994665384293 11.249998658895491 24.999997019767761 14.249998301267622 6.499999225139617
leaf_count=333 699 320 156 958 504 1289 3565 1421 2126 5934 140 538 4136 1319 2895 39 54 1292 266 602 87 823 153 3183 365 179 45 100 57 26
internal_value=-0.000714199 -0.034425 0.0433517 -0.000361553 -0.055406 0.0276815 0.0441339 -0.0154793 0.00755757 -0.0595975 0.0784233 -0.00648534 -0.0658424 -0.0414084 0.0494454 0.0686722 0.00725188 -0.030296 -0.0300535 0.0610801 0.036622 -0.0122083 0.0237321 0.0876662 0.0652241 -0.0582904 0.0837301 0.0924376 0.0678494 -0.0545247
internal_weight=8401 4759.75 3641.25 1814.25 2945.5 2516.75 1698.75 1456 771 2849.25 1124.5 818 2517.5 685 1615 96.25 129.25 457.5 80 358.25 172.25 331.75 360.5 995.25 174.5 83.75 186 820.75 49.25 16.25
internal_count=33604 19039 14565 7257 11782 10067 6795 5824 3084 11397 4498 3272 10070 2740 6460 385 517 1830 320 1433 689 1327 1442 3981 698 335 744 3283 197 65
is_linear=0
shrinkage=1


Tree=1
num_leaves=31
num_cat=0
split_feature=4 1 3 3 3 1 2 0 0 9 0 9 0 4 2 3 3 0 0 10 3 0 4 1 3 2 2 6 6 0
split_gain=4509.58 1229.69 728.557 609.102 555.357 453.222 389.772 314.164 313.526 305.093 279.494 207.191 173.438 167.72 151.235 145.571 141.224 120.217 118.564 74.0163 71.9399 122.325 70.5724 36.3234 34.6821 26.2355 24.5879 19.8024 18.6282 11.7272
threshold=3.8948474126492707 11.924501424501427 0.68691260430390877 0.75079617834394918 0.50062972292191443 12.674242424242426 51.768888888888902 19.500000000000004 13.500000000000002 0.066790582403965307 12.500000000000002 0.10641729581331504 285.50000000000006 3.6431878306878311 49.02000000000001 0.86996779388083745 0.49009890205646572 51.500000000000007 19.500000000000004 0.0017021288924428375 0.65863337204800632 84.500000000000014 4.1671656686626752 16.341666666666672 0.54864183874139638 36.012345679012348 1.0000000180025095e-35 0.043373745819397999 0.0587372779023633 375.50000000000006
decision_type=2 2 2 2 2 2 2 2 2 2 2 2 2 2 2 2 2 2 2 2 2 2 2 2 2 2 2 2 2 2
left_child=2 3 6 20 12 10 23 8 -5 22 26 19 -3 27 -11 -9 -15 -13 -12 -7 25 -22 -6 28 -25 -2 -4 -8 -1 -14
right_child=1 4 5 7 9 11 13 15 -10 14 18 17 29 16 -16 -17 -18 -19 -20 -21 21 -23 -24 24 -26 -27 -28 -29 -30 -31
leaf_value=0.07184664801180253 0.085146996395641605 0.08625480787368682 -0.087256727728215827 -0.039650207315238536 0.018186834597167197 0.031810140895460116 0.0043859599568863783 -0.016480462196757358 0.029264550379713108 -0.051413140190087539 0.065900630999811416 -0.010856149838045819 -0.073673293735174922 0.085987921398581843 -0.076189991083793429 -0.062625701834663303 -0.034955654626752757 -0.06842601786464661 0.035266981474098451 -0.036530762525263445 0.051516557002401986 -0.075433560231687277 -0.029424049141052667 0.089419378961624191 0.039147625667834481 0.006367317543285976 -0.028435767119251089 0.078146202072502419 0.090305771605774882 0.0066536640727679966
leaf_weight=164.80645087361336 174.40646240115166 92.312348827719688 29.689271911978722 239.39222139120102 125.48895147442818 347.11145749688148 10.237188145518301 355.22103321552277 531.37977489829063 1379.7098215073347 536.88437914848328 381.59985317289829 21.719086229801182 29.203060001134872 1112.4856424182653 329.38503314554691 139.13335679471493 118.94605733454227 767.2535195350647 44.723974972963333 150.39246165752411 21.715247377753258 204.95019555091858 58.65213543176651 82.658956095576286 11.24989941716194 44.239853516221046 81.872620522975922 800.69086572527885 5.7457805573940268
leaf_count=660 699 370 119 958 502 1389 41 1421 2126 5523 2149 1527 87 117 4457 1319 557 476 3071 179 602 87 820 235 331 45 177 328 3209 23
internal_value=1.08242e-07 -0.0320542 0.0419045 0.000335288 -0.0520128 0.0245402 0.0707395 -0.0140331 0.00786048 -0.0564875 0.0425169 -0.00322042 0.0534367 0.0157059 -0.0624732 -0.0386824 -0.0139743 -0.0245366 0.0478782 0.0240097 0.0587858 0.035499 -0.0113431 0.0836896 0.0600133 0.0803733 -0.0520577 0.0699484 0.0871549 -0.0568685
internal_weight=8393.26 4755.55 3637.7 1813.14 2942.41 2270.45 1367.25 1455.38 770.772 2822.63 1378.07 892.381 119.777 260.446 2492.2 684.606 168.336 500.546 1304.14 391.835 357.764 172.108 330.439 1106.81 141.311 185.656 73.9291 92.1098 965.497 27.4649
internal_count=33604 19039 14565 7257 11782 9087 5478 5824 3084 11302 5516 3571 480 1043 9980 2740 674 2003 5220 1568 1433 689 1322 4435 566 744 296 369 3869 110
is_linear=0
shrinkage=0.05


Tree=2
num_leaves=31
num_cat=0
split_feature=4 1 3 3 3 1 0 0 0 9 2 9 2 9 3 0 4 4 0 4 4 4 3 6 3 2 2 7 1 3
split_gain=4080.93 1114.01 667.607 559.397 503.001 471.776 326.101 305.452 279.344 277.353 246.692 193.862 145.083 127.094 106.358 173.899 102.495 99.7401 97.5126 75.4601 71.0618 63.5572 57.9276 32.3289 35.1431 25.7497 23.9628 17.3829 16.1342 8.1538
threshold=3.8948474126492707 11.924501424501427 0.64719012605042037 0.78979857050032498 0.48540850508147398 13.804761904761907 19.500000000000004 12.500000000000002 11.500000000000002 0.066790582403965307 64.94280991735539 0.10641729581331504 55.047777777777782 0.11630785171540411 0.65863337204800632 60.500000000000007 3.6137488748874893 3.7145372233400407 285.50000000000006 4.2006493506493516 3.6369708994708998 4.1671656686626752 0.49009890205646572 0.057181782794861823 0.50062972292191443 1.0000000180025095e-35 36.012345679012348 0.041715003866976026 17.204166666666669 0.44916643512086701
decision_type=2 2 2 2 2 2 2 2 2 2 2 2 2 2 2 2 2 2 2 2 2 2 2 2 2 2 2 2 2 2
left_child=2 3 10 14 18 7 8 25 -5 21 23 20 -11 -9 26 -16 -13 27 -3 -8 -7 -6 -19 24 -1 -4 -2 -12 -25 -20
right_child=1 4 5 6 9 11 19 13 -10 12 17 16 -14 -15 15 -17 -18 22 29 -21 -22 -23 -24 28 -26 -27 -28 -29 -30 -31
leaf_value=0.091810594012876251 0.081353025964657794 0.086094879644719624 -0.082440946443206209 -0.058678070104687376 0.01758969829281809 0.046503189634072357 -0.023821470612245273 0.058069959528294017 0.020110524733288483 -0.049015963173177919 0.084156347892661243 0.0032790833695085517 -0.073473268210616893 0.029810354697482607 0.048275529175168315 -0.04714414356614699 -0.045601082813765834 0.071809745890889773 0.0046346306827224773 -0.059918498674733436 0.0018356980254775716 -0.027515377899540033 -0.047193690467985973 0.087415211003063764 0.044359488804375298 -0.026752556381234738 0.006049131042393077 0.032956198443614103 0.061504896775668977 -0.072234058869910467
leaf_weight=60.68919438123703 173.435741096735 79.355831146240234 38.746274158358574 137.76782047748566 125.95579117536545 161.29697223007679 258.20064228773117 894.10862968862057 613.37943243980408 1479.1954605132341 29.351584985852242 171.92764236032963 1027.6309713870287 716.84414450824261 225.85942043364048 60.549300998449326 285.06210713088512 12.165807172656057 4.9851076155900982 329.5999630689621 198.76931449770927 205.56133295595646 64.134534984827042 737.66802980005741 109.28423961997032 44.711659029126167 11.249570846557615 38.091073736548424 65.409055441617966 11.202017992734907
leaf_count=244 699 320 156 552 504 646 1035 3588 2456 5934 118 688 4136 2872 905 243 1142 49 20 1322 796 823 257 2975 439 179 45 153 263 45
internal_value=5.42267e-07 -0.0305283 0.0399168 0.000319379 -0.0495596 0.0256146 -0.0161682 0.040663 0.00565992 -0.0533579 0.07208 -0.00559285 -0.0590418 0.045495 0.0471806 0.028103 -0.0272115 0.0109385 0.0632811 -0.0440623 0.0218452 -0.0103783 -0.028219 0.081112 0.061302 -0.0526065 0.0767661 0.0552389 0.0853049 -0.048561
internal_weight=8372.19 4743.93 3628.26 1810.04 2933.89 2511.47 1338.95 1694.41 751.147 2838.34 1116.79 817.056 2506.83 1610.95 471.094 286.409 456.99 143.743 95.543 587.801 360.066 331.517 76.3003 973.051 169.973 83.4579 184.685 67.4427 803.077 16.1871
internal_count=33604 19039 14565 7257 11782 10067 5365 6795 3008 11397 4498 3272 10070 6460 1892 1148 1830 577 385 2357 1442 1327 306 3921 683 335 744 271 3238 65
is_linear=0
shrinkage=0.05


Tree=3
num_leaves=31
num_cat=0
split_feature=4 1 3 3 1 3 2 9 9 0 3 0 1 4 3 2 2 0 3 1 4 0 3 0 1 3 6 0 6 3
split_gain=3698.4 1016.29 617.535 616.948 384.774 380.916 334.054 262.686 226.085 204.568 207.109 185.981 148.991 143.115 119.63 99.8786 91.4381 87.0628 62.8022 55.7194 55.249 52.7807 43.1368 35.7138 31.2608 29.954 17.7044 16.47 15.8657 0.432051
threshold=3.8948474126492707 12.918333333333335 0.72427368992669028 0.68691260430390877 11.674242424242426 0.46609241550478142 51.768888888888902 0.058997563522450405 0.073968855218855226 51.500000000000007 0.78281378178835126 12.500000000000002 10.020833333333334 3.6431878306878311 0.49009890205646572 59.838367346938782 35.99913194444445 20.500000000000004 0.89528508771929838 14.806250000000002 4.1671656686626752 75.500000000000014 0.65863337204800632 295.50000000000006 16.341666666666672 0.54864183874139638 0.043373745819397999 10.500000000000002 0.058914870295944471 0.4425504134629335
decision_type=2 2 2 2 2 2 2 2 2 2 2 2 2 2 2 2 2 2 2 2 2 2 2 2 2 2 2 2 2 2
left_child=3 2 16 6 11 23 24 18 20 10 -6 27 -9 26 -15 -10 22 -13 -4 -11 -7 -18 -2 29 28 -26 -8 -5 -1 -3
right_child=1 5 7 4 9 8 13 12 15 19 -12 17 -14 14 -16 -17 21 -19 -20 -21 -22 -23 -24 -25 25 -27 -28 -29 -30 -31
leaf_value=0.066152337423981591 0.076691588853316214 0.088498878843371209 0.044997288023222552 -0.073550436012629283 0.04919532364544818 0.0078526035088208809 0.0020839743255369738 -0.012977705349985942 -0.050347772161831256 -0.012662217675876102 -0.0042059428986449977 0.060403092109665907 -0.04639596487065295 0.078985519430564866 -0.032941721267641839 -0.07220680891898977 0.066251912194243354 0.032367089482784363 0.0020939621066374901 -0.066221581988207739 -0.032013871388502639 -0.035678188078970795 0.03905708200153845 -0.031807570585310738 0.08242090878370073 0.035480456039658208 0.07194924913981042 -0.021094555193039599 0.083129142417226493 0.075983219779107242
leaf_weight=166.85256569087505 214.32864475250244 46.185710906982422 166.41467560827732 24.742034330964088 254.29988519847393 138.13588270545006 10.210383564233778 863.59890733659267 1259.178817898035 81.236822053790092 634.82201609015465 568.76088991761208 543.38912834227085 28.83247309923172 138.78945417702198 893.31656689941883 18.412919327616692 539.64882542192936 174.98811022937298 120.72112947702408 234.33178982138634 40.934567242860794 118.09316271543503 7.2102529853582373 57.8962172716856 82.294090703129768 81.027795106172562 37.863615542650223 785.55142740905285 8.1057200431823713
leaf_count=674 870 188 667 100 1020 554 41 3466 5070 326 2546 2290 2184 117 557 3621 74 2168 702 485 941 165 475 29 235 331 328 152 3195 33
internal_value=1.22571e-06 -0.0291114 -0.00362355 0.0380813 0.0221125 -0.0502012 0.0648103 -0.0163373 -0.0531958 0.000749127 0.0110675 0.0420176 -0.0258841 0.0137393 -0.0136892 -0.0594196 0.0531154 0.0467533 0.0230069 -0.0446775 -0.0172287 -0.00405375 0.0633219 0.072745 0.0769102 0.0548661 0.0641307 -0.0418254 0.080155 0.0866303
internal_weight=8340.17 4726.62 2140.16 3613.55 2262.1 2586.46 1351.45 1748.39 2524.96 1091.08 889.122 1171.02 1406.99 258.86 167.622 2152.5 391.769 1108.41 341.403 201.958 372.468 59.3475 332.422 61.5017 1092.59 140.19 91.2382 62.6056 952.404 54.2914
internal_count=33604 19039 8603 14565 9087 10436 5478 7019 10186 4377 3566 4710 5650 1043 674 8691 1584 4458 1369 811 1495 239 1345 250 4435 566 369 252 3869 221
is_linear=0
shrinkage=0.05


Tree=4
num_leaves=31
num_cat=0
split_feature=4 1 3 3 3 1 0 0 0 9 2 9 0 9 4 2 3 0 4 4 3 4 3 2 3 2 2 0 6 2
split_gain=3356.37 944.946 568.822 475.32 436.82 385.867 291.048 257.557 252.843 241.871 199.102 167.647 135.658 113.009 102.581 95.015 88.8027 157.593 88.6317 80.9128 72.8626 61.5146 55.0982 33.3047 36.0976 23.9371 20.0002 12.1372 11.2073 10.9827
threshold=3.8890753169276664 11.924501424501427 0.64719012605042037 0.78979857050032498 0.50062972292191443 13.804761904761907 19.500000000000004 12.500000000000002 11.500000000000002 0.083432776451869542 68.677083333333357 0.10641729581331504 285.50000000000006 0.11630785171540411 4.0296312554872697 38.257653061224495 0.65863337204800632 60.500000000000007 3.5518360949395436 3.6765252569429263 0.86996779388083745 3.6369708994708998 0.49009890205646572 42.115911989795926 0.50062972292191443 1.0000000180025095e-35 36.012345679012348 375.50000000000006 0.078456192603623742 75.849628945658509
decision_type=2 2 2 2 2 2 2 2 2 2 2 2 2 2 2 2 2 2 2 2 2 2 2 2 2 2 2 2 2 2
left_child=2 3 10 16 12 7 8 25 -5 14 23 21 29 -9 -6 -11 26 -18 -13 28 -8 -7 -21 -1 -25 -4 -2 -14 -12 -3
right_child=1 4 5 6 9 11 20 13 -10 15 19 18 27 -15 -16 -17 17 -19 -20 22 -22 -23 -24 24 -26 -27 -28 -29 -30 -31
leaf_value=0.078867780065856749 0.074981704675070635 0.085972124859278756 -0.077760170863594991 -0.055323134543384306 0.017234499750061284 0.043618969867639551 -0.021107613885121682 0.053661134596680107 0.019704305987780002 -0.04570619512530328 0.037795555737843163 0.0087979331005426167 -0.065972432955644519 0.026783736007581566 -0.032358775661201544 -0.06681618476361692 0.045439124962316363 -0.045172612009538204 -0.039680877618992555 0.070694180663936221 -0.056529547815881667 0.0017527211483630975 -0.043411678984435736 0.083907625494001381 0.036083514071257559 -0.023849998198287717 0.0061752209261291911 0.01463148115493661 0.086579865072152637 0.040514524968443225
leaf_weight=794.06354214251041 173.9325984120369 75.394630432128906 38.259223222732544 137.17649434506893 129.98217733204365 160.78645373880863 261.08977903425694 878.12785255908966 619.03071874380112 978.00936849415302 28.3500085324049 134.37960521876812 21.613343045115474 705.13735480606556 527.13101777434349 1171.560269549489 229.38129554688931 60.679129511117935 315.95996499061584 12.680802419781683 327.01064117252827 193.12158018350601 63.841140061616898 63.773282036185265 103.48223945498466 44.586564004421234 11.244016125798224 5.9577018171548835 20.133706048130989 16.129934191703796
leaf_count=3267 715 309 156 552 523 646 1047 3554 2480 3952 115 538 88 2837 2126 4780 922 244 1270 52 1321 774 257 262 421 179 45 24 82 66
internal_value=2.46524e-06 -0.027521 0.0367242 0.000772083 -0.0451165 0.0234645 -0.0144224 0.0371939 0.00609428 -0.0490962 0.0668776 -0.00497792 0.048672 0.0416908 -0.0225488 -0.0572116 0.043753 0.0264836 -0.025215 0.00751715 -0.0408038 0.0207733 -0.0245027 0.0745966 0.0543185 -0.0487464 0.0708037 -0.0485551 0.0580541 0.0779609
internal_weight=8302.01 4745.32 3556.68 1819.54 2925.78 2470.36 1344.31 1666.11 756.207 2806.68 1086.32 804.248 119.096 1583.27 657.113 2149.57 475.237 290.06 450.34 125.006 588.1 353.908 76.5219 961.319 167.256 82.8458 185.177 27.571 48.4837 91.5246
internal_count=33604 19194 14410 7326 11868 9954 5400 6726 3032 11381 4456 3228 487 6391 2649 8732 1926 1166 1808 506 2368 1420 309 3950 683 335 760 112 197 375
is_linear=0
shrinkage=0.05


Tree=5
num_leaves=31
num_cat=0
split_feature=4 1 3 3 3 1 2 9 9 0 3 0 0 3 0 2 0 2 3 0 0 0 3 0 3 6 3 0 3 3
split_gain=3048.75 861.053 533.471 530.289 321.179 317.376 277.418 228.916 201.723 175.158 178.549 154.116 136.712 119.763 120.163 92.3629 79.0583 76.5429 72.9075 72.7969 47.5948 46.1393 46.1258 45.5289 35.5277 29.5078 39.5875 14.6415 13.1028 5.52419
threshold=3.8890753169276664 12.918333333333335 0.72427368992669028 0.68691260430390877 0.48540850508147398 11.674242424242426 51.768888888888902 0.062640134529148003 0.066790582403965307 51.500000000000007 0.78281378178835126 12.500000000000002 31.500000000000004 0.5133894728215217 83.500000000000014 56.270000000000003 19.500000000000004 35.99913194444445 0.89699381078691431 281.50000000000006 293.50000000000006 67.500000000000014 0.63497856563550004 75.500000000000014 0.65863337204800632 0.07062020460358058 0.56108990670059378 10.500000000000002 0.44916643512086701 0.57698117592377418
decision_type=2 2 2 2 2 2 2 2 2 2 2 2 2 2 2 2 2 2 2 2 2 2 2 2 2 2 2 2 2 2
left_child=3 2 17 6 19 11 25 18 22 10 -7 27 -9 20 -15 -10 -13 24 -4 -3 -8 -11 -6 -19 -2 26 -1 -5 -21 -27
right_child=1 4 7 5 8 9 13 12 15 21 -12 16 -14 14 -16 -17 -18 23 -20 28 -22 -23 -24 -25 -26 29 -28 -29 -30 -31
leaf_value=0.076812088797768185 0.071379037624448985 0.077721108087891289 0.042480582630702146 -0.068364013915348007 0.0431424725824699 0.045869935526358117 0.078574138305235297 -0.014801423772325815 -0.045205924836555784 -0.022758106692136411 -0.003999929507968728 0.057184581792890467 -0.050732699232347925 0.050797681949898026 -0.036821045421292525 -0.065854947454604837 0.030160293992320515 0.06297748723787229 -0.0015997839635227735 0.022398073182506858 -0.075727118127969423 -0.072479353416883732 -0.016883298453337314 -0.031884985530553626 0.037244925027605118 0.081205085498618546 0.042476507707179409 -0.01861123950314721 -0.067649862980295072 0.072410113022749273
leaf_weight=164.95327857136726 213.7088468670845 62.800281450152397 183.38616083562374 24.324190691113472 36.864228487014771 251.57845710217953 67.767742961645126 1022.6161052435637 1265.5992452502251 121.50954934954643 626.29578925669193 512.26216414570808 357.19857715070248 57.62605756521225 121.91769988834858 946.60038036108017 573.7468299716711 18.319636657834053 192.02924457192421 6.1641247421503094 5.3954783976078025 75.742007300257683 242.76371076703072 40.858492806553841 118.4998614937067 399.58044183254242 170.9451280683279 37.716035813093185 11.721911355853079 322.75645804405212
leaf_count=686 886 262 737 100 148 1014 280 4122 5145 490 2517 2086 1443 234 493 3912 2320 74 772 25 22 306 975 166 479 1673 701 152 48 1336
internal_value=3.43919e-06 -0.0262949 -0.00291429 0.0351198 -0.0458047 0.020247 0.0603419 -0.0146845 -0.0489838 0.000725208 0.0102916 0.0385289 -0.0241031 0.0132736 -0.00869909 -0.0540416 0.0429074 0.0498709 0.019933 0.0523755 0.0671951 -0.0418504 -0.00896991 -0.00251863 0.0592033 0.0715818 0.0593381 -0.0381179 -0.0366163 0.0772753
internal_weight=8253.25 4719.13 2146.62 3534.12 2572.51 2223.18 1310.94 1755.23 2491.83 1075.13 877.874 1148.05 1379.81 252.707 179.544 2212.2 1086.01 391.387 375.415 80.6863 73.1632 197.252 279.628 59.1781 332.209 1058.24 335.898 62.0402 17.886 722.337
internal_count=33604 19194 8679 14410 10515 8985 5425 7074 10180 4327 3531 4658 5565 1029 727 9057 4406 1605 1509 335 302 796 1123 240 1365 4396 1387 252 73 3009
is_linear=0
shrinkage=0.05


Tree=6
num_leaves=31
num_cat=0
split_feature=4 1 3 3 3 1 0 3 0 9 2 9 0 6 4 2 4 4 3 0 4 0 3 2 6 4 1 2 2 0
split_gain=2772.09 779.566 494.595 402.046 362.783 335.257 253.534 234.744 220.485 205.063 181.165 151.449 114.317 108.112 90.6206 81.5643 80.176 73.2578 71.3482 140.83 69.4901 58.1163 46.4287 39.6255 32.7603 35.9444 19.0064 17.0007 12.6157 11.1199
threshold=3.8948474126492707 11.924501424501427 0.64719012605042037 0.78979857050032498 0.50062972292191443 13.804761904761907 19.500000000000004 0.9417420814479639 13.500000000000002 0.083432776451869542 68.677083333333357 0.10641729581331504 293.50000000000006 0.09212771690317946 4.1445113788487289 38.257653061224495 3.6137488748874893 3.6765252569429263 0.65863337204800632 59.500000000000007 4.2006493506493516 76.500000000000014 0.49009890205646572 1.0000000180025095e-35 0.057181782794861823 3.6003875968992252 19.674242424242429 36.012345679012348 75.849628945658509 375.50000000000006
decision_type=2 2 2 2 2 2 2 2 2 2 2 2 2 2 2 2 2 2 2 2 2 2 2 2 2 2 2 2 2 2
left_child=2 3 10 18 12 8 7 -5 23 14 24 21 28 -10 -6 -11 -13 -12 27 -20 -8 -7 -19 -4 25 -1 -26 -2 -3 -14
right_child=1 4 5 6 9 11 20 -9 13 15 17 16 29 -15 -16 -17 -18 22 19 -21 -22 -23 -24 -25 26 -27 -28 -29 -30 -31
leaf_value=0.07364645854116661 0.069788579525265945 0.081135324918739676 -0.074494656343496266 0.032873729781702103 0.0049647128250693848 0.024053717423007895 -0.018727316140815995 -0.02314104089781642 0.026313292720405237 -0.042048221139419674 0.054312300392460981 0.002500482488156687 -0.066420734083608768 0.052683431708596899 -0.034270431411314632 -0.061832688055699983 -0.04082869898941402 0.062712677423234539 0.044016227168417271 -0.040761603109569687 -0.053539087569560856 -0.061500158488939152 -0.041227460478746814 -0.011630531497258621 0.07505080124761554 0.027337506007934272 0.030016907225173556 0.006207575740305598 0.033067180911738714 0.013006109487442042
leaf_weight=79.658170849084854 165.1251455694437 72.613787829875946 41.030675888061523 386.86946702003479 225.60000017285347 337.22783608734608 256.18756577372551 362.09951631724834 833.61801496148109 959.52899174392223 47.795656949281693 171.58652758598328 19.504136472940448 728.20043773949146 423.3191472440958 1139.7136869430542 282.60418243706226 12.847226843237875 221.38514396548271 62.904536917805672 325.48576930165291 21.091409638524055 65.622423738241196 64.430977344512939 749.20647019147873 88.407723695039749 24.185680612921715 11.228517249226568 16.81019701063633 5.6928357630968085
leaf_count=333 699 306 170 1553 911 1357 1035 1455 3387 3919 197 688 81 2977 1720 4752 1142 54 894 254 1322 85 266 261 3183 365 100 45 70 23
internal_value=5.09533e-06 -0.0253737 0.0333001 0.000496049 -0.0415607 0.0210496 -0.0134412 0.00579261 0.0338836 -0.0451958 0.061752 -0.00528591 0.0455935 0.0386084 -0.0206301 -0.0527895 -0.0244596 0.00551323 0.040756 0.0252575 -0.0382069 0.0190178 -0.0242101 -0.0360883 0.0692946 0.0492866 0.0736425 0.0657403 0.0720993 -0.0484756
internal_weight=8201.58 4654.07 3547.51 1791.29 2862.78 2479.79 1330.64 748.969 1667.28 2748.16 1067.72 812.51 114.621 1561.82 648.919 2099.24 454.191 126.265 460.643 284.29 581.673 358.319 78.4697 105.462 941.458 168.066 773.392 176.354 89.424 25.197
internal_count=33604 19039 14565 7257 11782 10067 5365 3008 6795 11302 4498 3272 480 6364 2631 8671 1830 517 1892 1148 2357 1442 320 431 3981 698 3283 744 376 104
is_linear=0
shrinkage=0.05


Tree=7
num_leaves=31
num_cat=0
split_feature=4 1 1 3 3 0 3 0 2 0 9 0 4 2 0 0 3 9 3 3 3 0 6 7 9 2 0 2 0 8
split_gain=2525.19 637.803 518.798 529.623 304.247 299.877 264.41 238.475 230.685 203.201 184.469 174.722 151.055 96.0577 94.9228 91.2552 76.7261 56.263 51.2491 47.6732 32.0395 83.6677 31.1837 24.6217 20.3429 10.5607 10.0071 6.51437 5.89837 0.00175995
threshold=3.9584566074950698 10.986842105263159 20.027777777777782 0.71478174603174616 0.50062972292191443 41.500000000000007 0.79193722943722955 13.500000000000002 42.115911989795926 19.500000000000004 0.066790582403965307 14.500000000000002 3.7213522551178539 36.012345679012348 293.50000000000006 62.500000000000007 0.48104686965446469 0.097602036626426886 0.86996779388083745 0.66425964546402516 0.64938796835348567 43.500000000000007 0.057181782794861823 0.023294573643410855 0.058997563522450405 75.849628945658509 375.50000000000006 30.257231404958684 251.50000000000003 0.17396950875211747
decision_type=2 2 2 2 2 2 2 2 2 2 2 2 2 2 2 2 2 2 2 2 2 2 2 2 2 2 2 2 2 2
left_child=2 6 3 8 14 7 20 -5 22 11 19 -8 -10 -12 25 -7 28 24 -11 -6 27 -22 -1 -19 -18 -3 -16 -2 29 -4
right_child=1 4 16 5 10 15 9 -9 12 18 13 -13 -14 -15 26 -17 17 23 -20 -21 21 -23 -24 -25 -26 -27 -28 -29 -30 -31
leaf_value=0.049367393723873006 0.07153413082700831 0.079563196741925121 0.08119517749035203 -0.033608750530574577 0.03504208076549982 -0.011425713962291525 -0.024157180660295995 0.031220356277175083 0.053050399273131987 -0.017221126453202628 -0.038350837298644469 0.029080775792784997 -0.010646369192659969 -0.058465901458409887 -0.066849057341926657 -0.07339090044028411 0.034841949937764231 -0.013239358187488018 -0.053890612090255308 -0.017455251964706538 0.059794611956556255 -0.0083299055496461865 0.07091240088305592 -0.061404267818702875 -0.020317292013629445 0.032053316022930156 0.012748139418845306 0.014457326733831967 0.018430594490715786 0.080064961179685548
leaf_weight=203.97840897738934 88.208349049091339 63.530453577637672 7.5632587224245089 155.0307926684618 50.725930273532867 268.02694663405418 262.2778165191412 1669.0687479823828 190.04569737613201 163.16422186791897 1133.1466332674026 373.70706643164158 182.41749519109726 1246.2799535989761 16.388106614351276 76.338434234261513 22.282175093889236 31.290978714823723 229.03065536916256 293.24805004894733 112.38151320815086 75.248621091246605 950.80323116481304 174.52233758568764 66.906994238495827 14.336138412356375 5.2021224647760382 5.2994519770145407 5.241542622447013 6.32487753033638
leaf_count=849 380 273 32 633 205 1088 1056 6804 795 658 4649 1500 755 5245 69 312 90 127 939 1182 456 306 4063 714 272 60 21 22 22 27
internal_value=6.28636e-06 -0.0274237 0.0282731 0.0335165 -0.040802 0.0176316 0.0014197 0.0257105 0.0560706 -0.0103296 -0.0439389 0.00712564 0.0218543 -0.0488866 0.0450949 -0.0251621 -0.0334146 -0.0397071 -0.0386351 -0.00971346 0.0443893 0.0324734 0.0671067 -0.0540815 -0.00653683 0.0708161 -0.0476703 0.0682994 0.063624 0.0806805
internal_weight=8142.02 4132.18 4009.84 3695.71 2822.86 2168.46 1309.32 1824.1 1527.24 1028.18 2723.4 635.985 372.463 2379.43 99.4568 344.365 314.132 295.002 392.195 343.974 281.138 187.63 1154.78 205.813 89.1892 77.8666 21.5902 93.5078 19.1297 13.8881
internal_count=33604 17021 16583 15299 11704 8837 5317 7437 6462 4153 11281 2556 1550 9894 423 1400 1284 1203 1597 1387 1164 762 4912 841 362 333 90 402 81 59
is_linear=0
shrinkage=0.05


Tree=8
num_leaves=31
num_cat=0
split_feature=4 1 3 3 1 3 9 0 9 2 9 4 9 2 4 0 0 3 10 3 7 3 2 0 6 3 9 6 1 3
split_gain=2309.92 672.985 437.977 433.492 285.131 249.71 192.589 184.851 167.326 151.94 129.245 127.95 102.26 81.0156 80.0562 68.7433 65.7433 170.875 64.652 63.9976 53.7271 45.4212 37.0493 23.0966 17.2602 23.1303 17.1171 12.3766 10.0599 0.494898
threshold=3.8890753169276664 12.918333333333335 0.64719012605042037 0.72427368992669028 13.804761904761907 0.46609241550478142 0.058997563522450405 13.500000000000002 0.073968855218855226 53.095750403442715 0.11323027960900206 4.176607387140904 0.11630785171540411 59.838367346938782 3.6765252569429263 46.500000000000007 84.500000000000014 0.61663372859025045 0.0017021288924428375 0.49009890205646572 0.010016722408026759 0.89528508771929838 1.0000000180025095e-35 295.50000000000006 0.057181782794861823 0.55889894419306196 0.1123724358313576 0.044473531122745789 19.674242424242429 0.4425504134629335
decision_type=2 2 2 2 2 2 2 2 2 2 2 2 2 2 2 2 2 2 2 2 2 2 2 2 2 2 2 2 2 2
left_child=2 3 9 16 7 23 21 22 20 24 18 -8 -9 -10 27 -12 26 -18 -6 -16 -7 -5 -4 29 25 -1 -2 -11 -26 -3
right_child=1 5 4 6 10 8 11 12 13 14 15 -13 -14 -15 19 -17 17 -19 -20 -21 -22 -23 -24 -25 28 -27 -28 -29 -30 -31
leaf_value=0.070753110622996815 0.073133002245526615 0.076592088187449101 -0.070607448406598536 0.03943183309846425 0.021695299255560303 0.026717801204410037 -0.0027419016913210535 0.047352532594811557 -0.040406311560147894 0.0022411257675768108 -0.0095509171668222859 -0.033556589468755817 0.021329717504929489 -0.060512086971855276 0.067708698963988664 -0.052870378528020817 0.0559279334040566 -0.056864219072475436 -0.042668250455865496 -0.027251782999478461 -0.021462215099421329 0.0029404291395885075 -0.0094313862161602858 -0.020803446943337474 0.071965955147957394 0.030609226068493613 0.043590037937639277 0.063608640817330975 0.034694933081563045 0.062608857078181188
leaf_weight=76.490622833371162 149.85659722983837 42.704987391829491 40.210398957133293 166.51344116032124 360.9722566306591 71.65616238117218 564.12468977272511 847.35551235079765 1230.6416179388762 9.286590635776518 248.75476431846619 836.23924192786217 680.851029291749 845.10250277817249 22.047561421990395 144.94237188994884 109.31634856760502 48.46569088101387 43.744053542613983 90.867859125137329 300.59730279445648 174.78361317515373 64.364519909024239 7.2769769728183737 668.15786901116371 67.589026644825935 72.872536137700081 71.273432701826096 18.609007865190506 7.4282694458961478
leaf_count=329 631 189 170 674 1459 290 2286 3518 5114 38 1000 3409 2777 3639 95 593 470 200 176 370 1220 705 261 30 2960 284 304 302 78 33
internal_value=7.05901e-06 -0.0230901 0.0309385 -0.00237228 0.0193841 -0.0406389 -0.0129349 0.0313579 -0.0430562 0.0583625 -0.00510271 -0.0211432 0.0357588 -0.048592 0.0184567 -0.0254993 0.0459746 0.0212817 0.0147385 -0.00871005 -0.0121879 0.020744 -0.0329544 0.0624375 0.0676552 0.0519213 0.0634671 0.0565345 0.070956 0.0745202
internal_weight=8083.1 4627.58 3455.52 2122.17 2431.19 2505.41 1741.66 1632.78 2448 1024.32 798.413 1400.36 1528.21 2075.74 193.475 393.697 380.511 157.782 404.716 112.915 372.253 341.297 104.575 57.4102 830.847 144.08 222.729 80.56 686.767 50.1333
internal_count=33604 19194 14410 8679 9954 10515 7074 6726 10263 4456 3228 5695 6295 8753 805 1593 1605 670 1635 465 1510 1379 431 252 3651 613 935 340 3038 222
is_linear=0
shrinkage=0.05


Tree=9
num_leaves=31
num_cat=0
split_feature=4 1 3 1 3 3 4 0 0 9 0 9 3 3 3 0 7 2 2 4 2 1 3 2 2 1 6 10 9 0
split_gain=2111.24 534.16 556.302 505.535 233.6 226.87 220.737 204.254 275.099 159.892 154.732 128.261 113.122 86.3018 71.3569 65.3568 64.9466 63.9415 62.7645 56.4937 48.3692 47.6271 46.7188 43.1726 31.5623 26.4573 26.2832 18.7714 12.2393 10.3048
threshold=4.0012594458438295 15.67543859649123 0.73363914373088701 10.758333333333335 0.83438818565400863 0.50062972292191443 3.6252853881278546 13.500000000000002 19.500000000000004 0.10535885167464117 19.500000000000004 0.066790582403965307 0.9417420814479639 0.48540850508147398 0.69775807261167822 293.50000000000006 0.040560125342734045 46.711383219954662 38.257653061224495 3.7119928094504369 12.257800000000001 21.207142857142859 0.75773524720893148 50.243966942148766 1.0000000180025095e-35 6.8090909090909095 0.057181782794861823 0.0015209134270632379 0.12181114148119225 340.50000000000006
decision_type=2 2 2 2 2 2 2 2 2 2 2 2 2 2 2 2 2 2 2 2 2 2 2 2 2 2 2 2 2 2
left_child=1 2 18 4 20 15 14 24 -9 16 12 23 -6 -11 28 -5 -8 -13 26 -20 27 -16 -22 -7 -4 -12 -1 -2 -3 -17
right_child=3 6 7 5 10 11 9 8 -10 13 25 17 -14 -15 21 29 -18 -19 19 -21 22 -23 -24 -25 -26 -27 -28 -29 -30 -31
leaf_value=0.047540511483897097 0.057319392102626078 0.069859565997630685 -0.058763184838043638 0.066828142253678946 0.025096990873725546 -0.0026051902270380544 0.034283840109378641 0.049352541169216786 0.0072611791239646541 0.052099517171424692 -0.0016866948829149847 -0.03966790395389256 -0.020962175814060791 -0.045026697032332544 0.023344972826738693 -0.066650598570935887 -0.012238841017037882 -0.057073403142394667 0.059234206713708597 0.014942496818613628 0.038265682677426881 -0.034846849437301812 -0.017623523209301259 -0.045379045256347277 -0.015162563707682625 -0.05083731132241312 0.067975223710312435 0.014392467559391576 0.036623135190207073 0.011080482989760047
leaf_weight=192.63180840015411 163.80103592574596 80.089521214365959 81.203791841864586 62.159057825803757 251.66885071992874 237.715233117342 125.77105036377907 588.07480506598949 1142.0694367587566 24.145418062806129 30.812579780817032 1197.6399783194065 283.44749929010868 433.35719168186188 150.06249585747719 12.247850596904756 185.9033724963665 943.21586054563522 149.48095470666885 138.88367711007595 82.37075212597847 45.921864002943039 68.476116552948952 78.463369935750961 84.907772406935692 245.74598573148251 859.25673367083073 30.155364260077477 42.344109460711479 6.5406957864761344
leaf_count=815 681 347 339 275 1013 961 519 2446 4669 106 127 4985 1142 1806 605 53 770 4101 645 584 351 185 277 317 344 1016 3793 125 180 27
internal_value=8.77434e-06 0.0237235 0.0339107 -0.0277476 -0.000347965 -0.0402328 -0.00659183 0.0164833 0.021568 -0.0210849 -0.0149944 -0.0429462 0.000699763 -0.0399007 0.0284179 0.0421275 0.00653462 -0.0473364 0.0585678 0.0379022 0.0341301 0.00970982 0.0128951 -0.01322 -0.0364768 -0.0453612 0.064233 0.0506453 0.0583646 -0.0395907
internal_weight=8018.56 4324.1 3236.51 3694.46 1156.48 2537.98 1087.6 1896.26 1730.14 769.177 811.675 2457.03 535.116 457.503 318.418 80.9476 311.674 2140.86 1340.25 288.365 344.803 195.984 150.847 316.179 166.112 276.559 1051.89 193.956 122.434 18.7885
internal_count=33604 18153 13635 15451 4732 10719 4518 7798 7115 3201 3298 10364 2155 1912 1317 355 1289 9086 5837 1229 1434 790 628 1278 683 1143 4608 806 527 80
is_linear=0
shrinkage=0.05


Tree=10
num_leaves=31
num_cat=0
split_feature=4 2 3 3 1 3 3 1 9 0 3 0 1 0 9 4 1 10 0 9 7 2 2 3 9 2 0 9 0 1
split_gain=1950.62 720.273 715.304 325.694 323.167 217.108 178.706 148.526 133.425 104.095 270.847 96.5858 90.3764 87.0363 82.1498 92.1463 73.2687 67.8167 56.0397 50.417 34.0909 32.374 27.5209 29.3687 19.1188 15.0883 13.6414 13.3107 10.536 10.2519
threshold=3.7779733959311428 36.012345679012348 0.69452761144377917 0.73363914373088701 10.020833333333334 0.50062972292191443 0.94804318488529027 11.803846153846157 0.10641729581331504 82.500000000000014 0.59666186916755659 293.50000000000006 17.674242424242429 12.500000000000002 0.083432776451869542 4.0911958703756826 21.207142857142859 0.0022753158003727485 20.500000000000004 0.11596474490027715 0.039245305372904458 81.001730103806239 36.37079861111112 0.52707940498638184 0.061925832279814588 121.17506487889275 375.50000000000006 0.10939874620060792 258.50000000000006 5.3500000000000005
decision_type=2 2 2 2 2 2 2 2 2 2 2 2 2 2 2 2 2 2 2 2 2 2 2 2 2 2 2 2 2 2
left_child=3 2 9 12 6 11 -4 13 -6 27 -11 28 22 29 15 -7 17 -9 -15 25 -21 -16 -1 -24 -18 -14 -13 -2 -3 -5
right_child=1 5 4 7 8 14 -8 16 -10 10 -12 26 19 18 21 -17 24 -19 -20 20 -22 -23 23 -25 -26 -27 -28 -29 -30 -31
leaf_value=0.066257842589891355 0.07340837544697533 0.072404429686793725 0.016787528569044627 0.031786845933756774 -0.014294068661036111 0.011521116327213064 -0.024260382665409065 0.014513854147839173 -0.042845681358996232 0.05790213420345907 -0.028257041014444473 -0.070531328982115518 0.053323832272088825 0.05072157454755144 -0.045470298329278527 -0.043924507676877583 0.037064970394963696 -0.03851074217923281 0.023239200861974871 0.034107720405010172 -0.041595655129647392 -0.060866474622773128 0.069837246770999312 0.034903531314132534 -0.053214116912233593 -0.0078914715881756355 0.016007322609060674 0.050493774790081651 0.018588009813791873 -0.038685886167748429
leaf_weight=727.19226466119289 185.51605968177319 55.826082333922386 870.58242903649807 5.8617361187934867 771.53323483467102 116.24347220361233 381.2794895619154 493.63370805978775 871.24829611182213 243.95342467725277 145.68528701364994 19.719307556748394 72.613581031560898 417.61961279809475 797.49264623224735 210.86803895235062 6.4321194887161246 68.69183711707592 333.72052179276943 23.412925750017166 40.762661293148994 597.06158429384232 93.518040984869003 168.68579661846161 66.447859838604927 11.686095759272574 5.9212639182806006 96.257419914007187 10.864619359374045 43.146012410521507
leaf_count=3257 807 246 3556 24 3169 477 1555 2006 3624 1093 613 86 309 1763 3421 884 26 278 1374 99 170 2642 424 719 269 49 24 412 47 181
internal_value=9.67607e-06 -0.0171157 -0.00406752 0.0358123 -0.0148525 -0.0427665 0.00428557 0.0199759 -0.0294364 0.0424294 0.0256874 0.0319281 0.0557917 0.0343037 -0.0467723 -0.0242212 0.00192315 0.00803654 0.0385148 0.0194162 -0.0139771 -0.052062 0.0612505 0.047363 -0.0452464 0.0448378 -0.0505467 0.0655805 0.0636372 -0.0302568
internal_weight=7953.48 5380.05 3566.06 2573.42 2894.64 1814 1251.86 1435.55 1642.78 671.412 389.639 92.3313 1137.87 800.348 1721.67 327.112 635.206 562.326 751.34 148.475 64.1756 1394.55 989.396 262.204 72.88 84.2997 25.6406 281.773 66.6907 49.0077
internal_count=33604 22656 14829 10948 11904 7827 5111 5921 6793 2925 1706 403 5027 3342 7424 1361 2579 2284 3137 627 269 6063 4400 1143 295 358 110 1219 293 205
is_linear=0
shrinkage=0.05


Tree=11
num_leaves=31
num_cat=0
split_feature=4 1 3 1 3 3 4 0 0 0 9 9 3 0 3 3 6 7 4 3 9 2 3 3 2 3 1 3 10 6
split_gain=1785.99 452.969 486.873 428.267 201.896 192.86 188.837 179.521 237 141.941 131.347 115.565 99.2782 89.4069 78.4338 64.2016 60.6621 59.5331 53.3011 52.3801 44.8742 43.0501 40.739 37.6927 28.6383 27.2077 20.9399 20.8638 17.1509 13.1705
threshold=4.0012594458438295 15.67543859649123 0.73363914373088701 10.758333333333335 0.83438818565400863 0.5133894728215217 3.6530988779275551 13.500000000000002 19.500000000000004 20.500000000000004 0.10207389276618266 0.066790582403965307 0.9417420814479639 251.50000000000003 0.48540850508147398 0.69775807261167822 0.057181782794861823 1.0000000180025095e-35 3.6003875968992252 0.62235902395476883 0.06064283612827303 12.257800000000001 0.75773524720893148 0.85814889336016098 1.0000000180025095e-35 0.65863337204800632 6.0357142857142865 0.45475020475020483 0.0015209134270632379 0.063307838749540782
decision_type=2 2 2 2 2 2 2 2 2 2 2 2 2 2 2 2 2 2 2 2 2 2 2 2 2 2 2 2 2 2
left_child=1 2 16 4 21 13 15 24 -9 12 19 23 -6 -5 -12 29 18 -13 -1 -8 -17 28 -23 -7 -4 -18 -11 -15 -2 -3
right_child=3 6 7 5 9 11 10 8 -10 26 14 17 -14 27 -16 20 25 -19 -20 -21 -22 22 -24 -25 -26 -27 -28 -29 -30 -31
leaf_value=0.060228852775372557 0.053950062735495512 0.031144840841865265 -0.056046090577555108 0.070199242815256455 0.022214765577408795 0.0012642023417195258 0.043565728611717265 0.046114519662308041 0.0067982470582641664 0.042282442359470998 0.050666881642145625 -0.01617402167101498 -0.019904008886453647 0.035467516886122992 -0.041606176787799834 0.056693382283750697 0.065616484087574964 -0.047013245997559849 0.01333946980062416 -0.0061808576640088918 -0.0032285413176179768 0.035683705697526998 -0.016737636533302583 -0.034606699502068516 -0.014327995010008455 0.048032926558850463 -0.048192912590866402 -0.049529614995532989 0.012760540212017375 0.063766290281170049
leaf_weight=103.98026461899281 161.45953418314457 49.216684550046921 80.101286515593529 59.045942813158035 262.60303850471973 198.6499150544405 72.651795282959938 577.77550289034843 1138.801004499197 6.5708263367414466 24.314999505877495 170.50527526438236 299.44392174482346 9.6697758585214597 435.76972195506096 37.968886241316795 733.33475874364376 1904.090648829937 145.29903922975063 194.7832505106926 176.40155322849751 80.950586915016174 68.360820412635803 115.99742415547371 84.570127844810486 314.28067824244499 239.27094204723835 28.495786935091019 29.962847664952278 83.325898617506027
leaf_count=456 681 213 339 270 1060 806 315 2446 4669 27 110 722 1212 43 1845 155 3425 8282 618 796 712 351 277 470 344 1338 999 126 125 372
internal_value=1.11216e-05 0.0220083 0.0314964 -0.0257227 -0.000472122 -0.0373873 -0.00605738 0.0152476 0.0200316 -0.0140859 -0.0205322 -0.0401962 -0.000225016 0.0316481 -0.0367296 0.024298 0.0550665 -0.0444787 0.0328981 0.00733337 0.00738472 0.0318064 0.0116831 -0.0119599 -0.034621 0.0603415 -0.0457747 -0.0279944 0.0475028 0.0516531
internal_weight=7887.65 4252.58 3178.14 3635.08 1148.62 2486.45 1074.43 1881.25 1716.58 807.889 727.52 2389.24 562.047 97.2115 460.085 346.913 1296.89 2074.6 249.279 267.435 214.37 340.734 149.311 314.647 164.671 1047.62 245.842 38.1656 191.422 132.543
internal_count=33604 18153 13635 15451 4732 10719 4518 7798 7115 3298 3066 10280 2272 439 1955 1452 5837 9004 1074 1111 867 1434 628 1276 683 4763 1026 169 806 585
is_linear=0
shrinkage=0.05


Tree=12
num_leaves=31
num_cat=0
split_feature=4 2 3 9 3 1 3 1 0 3 3 2 0 0 9 4 0 1 4 9 0 2 3 0 6 6 0 1 2 3
split_gain=1653.31 633.046 616.374 286.523 284.75 189.715 166.851 128.748 87.708 192.444 86.4293 84.7426 81.9789 73.5915 68.6911 70.4076 65.2926 63.0352 49.6 51.3054 46.3072 26.9252 26.0898 47.8597 11.5173 10.6955 9.96048 9.23233 6.73144 5.40428
threshold=3.7779733959311428 38.257653061224495 0.66735822959889357 0.063891637803067794 0.73710792131844771 10.672619047619049 0.50062972292191443 11.803846153846157 91.500000000000014 0.54042260843731438 0.88989898989898997 52.475747590702959 281.50000000000006 12.500000000000002 0.083432776451869542 4.0911958703756826 51.500000000000007 21.468627450980396 3.6089455272363824 0.10535885167464117 20.500000000000004 81.001730103806239 0.61858067609685941 81.500000000000014 0.041745880861850444 0.043373745819397999 375.50000000000006 5.3500000000000005 75.849628945658509 0.79324593901396423
decision_type=2 2 2 2 2 2 2 2 2 2 2 2 2 2 2 2 2 2 2 2 2 2 2 2 2 2 2 2 2 2
left_child=4 2 8 10 11 -5 12 13 25 -10 -4 22 28 27 15 -8 17 -9 24 -20 -15 -16 -1 -24 -13 -2 -14 -6 -3 -18
right_child=1 6 3 5 7 -7 14 16 9 -11 -12 18 26 20 21 -17 29 -19 19 -21 -22 -23 23 -25 -26 -27 -28 -29 -30 -31
leaf_value=0.06588946349496802 0.035645459409314371 0.074016107295665851 0.03649327282681844 -0.0050330973404979374 0.030932976626962684 -0.03297513845442207 0.0090993966089299282 0.011883936867427024 0.065734470671385256 -0.010130937810079474 -0.0022115387058970724 0.0015884181139805258 -0.057219204023090643 0.047123319769968627 -0.043288096839887866 -0.041117829827884894 -0.047790766182979158 -0.040284426514845019 0.041106988090292826 -0.031722813082568364 0.021826897503316206 -0.057770740581691571 0.05464936601884976 -0.0021506482862183973 0.056835417364547051 0.070489933107159078 0.015772588980417539 -0.035949367342659293 0.036792468260871673 -0.09194006884821268
leaf_weight=513.06530076265335 24.5686856508255 38.51436422765255 312.25659939646721 1101.0719097852707 5.8727656602859488 1355.0762610435486 107.95756439864635 512.68544295430183 164.25111319124699 170.21739089488983 268.05125825107098 10.838453263044356 22.43170186877251 405.87126837670803 722.77040199935436 197.4805893599987 37.364083677530289 65.276467278599739 40.442760825157166 60.141542732715607 326.40503199398518 577.22210192680359 377.40037000179291 41.127774640917778 72.774827480316162 212.52799338102341 5.9039620757102957 42.498201563954353 17.739429920911789 8.5103314369916898
leaf_count=2472 107 177 1283 4522 24 5707 444 2086 774 734 1091 45 100 1753 3172 842 154 265 172 252 1351 2642 1652 182 324 958 24 181 79 35
internal_value=1.23751e-05 -0.0158459 -0.00401711 -0.0129833 0.0333492 -0.0204489 -0.0410993 0.0183692 0.0436159 0.0271251 0.018615 0.052205 0.0273433 0.0319021 -0.0447055 -0.0233685 0.00143467 0.00599191 0.0212165 -0.00243953 0.0358477 -0.0497187 0.0583321 0.0490678 0.049674 0.0668792 -0.0420108 -0.0278291 0.0622778 -0.0559811
internal_weight=7818.32 5298.04 3608.02 3036.46 2520.27 2456.15 1690.02 1404.48 571.565 334.469 580.308 1115.79 84.5895 780.647 1605.43 305.438 623.836 577.962 184.198 100.584 732.276 1299.99 931.593 418.528 83.6133 237.097 28.3357 48.371 56.2538 45.8744
internal_count=33604 22656 15176 12603 10948 10229 7480 5849 2573 1508 2374 5099 380 3309 7100 1286 2540 2351 793 424 3104 5814 4306 1834 369 1065 124 205 256 189
is_linear=0
shrinkage=0.05


Tree=13
num_leaves=31
num_cat=0
split_feature=4 1 3 1 0 3 3 3 2 4 7 0 0 3 0 3 9 0 9 4 7 3 3 3 3 3 0 6 0 3
split_gain=1515.51 399.401 396.958 364.621 277.971 210.174 180.737 162.835 160.311 107.15 103.936 86.873 80.5639 122.691 77.7439 67.4558 67.3995 60.8852 60.271 60.1203 44.5448 33.9249 21.34 18.0428 16.4222 14.5529 9.02596 6.58838 4.71094 3.43682
threshold=4.0012594458438295 20.027777777777782 0.68691260430390877 10.758333333333335 51.500000000000007 0.78281378178835126 0.88989898989898997 0.5133894728215217 38.257653061224495 3.7145372233400407 1.0000000180025095e-35 20.500000000000004 18.500000000000004 0.75773524720893148 251.50000000000003 0.84395292207792216 0.10467215179246077 69.500000000000014 0.062640134529148003 4.5932768361581937 0.025586470267321335 0.44916643512086701 0.68559907834101386 0.45475020475020483 0.56351398754713677 0.87411971830985924 11.500000000000002 0.21444879321591651 199.50000000000003 0.61297335203366077
decision_type=2 2 2 2 2 2 2 2 2 2 2 2 2 2 2 2 2 2 2 2 2 2 2 2 2 2 2 2 2 2
left_child=1 2 8 6 5 -4 12 14 24 -10 15 19 26 -14 28 -9 -12 -6 25 -8 22 -22 -20 -16 -1 29 -2 -13 -5 -3
right_child=3 18 4 7 17 -7 11 10 9 -11 16 27 13 -15 23 -17 -18 -19 20 -21 21 -23 -24 -25 -26 -27 -28 -29 -30 -31
leaf_value=0.066547221567182124 -0.0013600561921358002 0.07876302826487365 0.04789151307615435 0.074525313907263094 -0.015940617139016303 0.0113606897818282 0.0059134753921386883 0.030992690043686461 0.049446754689811599 -0.0031388712214720088 -0.030964669872274721 -0.055335164252839721 0.043175257839542437 -0.014732114756890151 0.033151079994552461 -0.02538560826041969 -0.048965047871960925 -0.064417033852672764 0.044379516616081999 -0.030844657538051209 0.060329487563151867 -0.04997128496383367 -0.019084452411974887 -0.04676983170410634 0.052974035299437519 -0.034918684594691357 0.054379320429483104 0.00070918534863416308 0.040115703758656113 0.03930242336297516
leaf_weight=427.93957707285881 7.649385690689086 8.1940652132034355 507.77599209547043 43.69845986366272 186.58683668076992 1753.0454949587584 280.0151921659708 81.267863750457764 179.41004313528538 210.5663959980011 938.96342346072197 137.97952796518803 152.52404798567295 228.51571753621101 9.4793359637260419 152.8351925611496 1165.582795932889 99.214183047413826 19.088656947016716 184.55386126041412 7.1747127622365943 245.65079465508461 43.27441518008709 27.691734582185745 464.99011291563511 5.9275365620851508 143.74261189997196 5.45107378065586 12.878362894058226 16.89449542760849
leaf_count=2121 31 37 2130 208 776 7320 1131 342 830 914 4078 588 682 937 43 646 5214 420 84 749 33 1051 179 126 2165 24 591 23 62 69
internal_value=1.43704e-05 0.0204684 0.0251178 -0.0238912 0.0136921 0.0195654 -0.000563755 -0.0348283 0.0477984 0.0210533 -0.0374184 -0.0191906 0.0207068 0.00844727 0.029786 -0.00581413 -0.040934 -0.0327689 -0.0309613 -0.00868899 -0.0375057 -0.0468412 0.000341177 -0.0263885 0.059479 0.0355429 0.051563 -0.0532052 0.0666928 0.0521905
internal_weight=7748.56 4175.73 3829.53 3572.83 2546.62 2260.82 1140.43 2432.4 1282.91 389.976 2338.65 608 532.432 381.04 93.7479 234.103 2104.55 285.801 346.205 464.569 315.189 252.826 62.3631 37.1711 892.93 31.0161 151.392 143.431 56.5768 25.0886
internal_count=33604 18153 16676 15451 10646 9450 4732 10719 6030 1744 10280 2491 2241 1619 439 988 9292 1196 1477 1880 1347 1084 263 169 4286 130 622 611 270 106
is_linear=0
shrinkage=0.05


Tree=14
num_leaves=31
num_cat=0
split_feature=4 2 3 3 0 0 3 3 1 0 3 1 9 4 0 6 0 4 10 9 1 7 2 9 7 2 0 9 6 1
split_gain=1402.41 552.551 544.549 254.348 253.416 313.153 210.608 161.732 113.762 90.5162 212.399 76.6136 68.7052 82.329 67.0029 63.155 57.862 51.994 47.7387 40.5998 35.376 28.136 24.7773 29.4743 16.9949 15.9897 11.845 11.6229 10.9461 9.15441
threshold=3.7779733959311428 36.012345679012348 0.69452761144377917 0.73363914373088701 19.500000000000004 14.500000000000002 0.82167318982387483 0.49009890205646572 11.803846153846157 82.500000000000014 0.59666186916755659 17.628289473684216 0.10260169937589293 4.0911958703756826 12.500000000000002 0.099714868278892962 293.50000000000006 3.3532998565279777 0.013015245623941277 0.11596474490027715 20.878676470588239 0.039245305372904458 36.37079861111112 0.12769271558295223 0.020857501933488013 121.17506487889275 375.50000000000006 0.10939874620060792 0.057181782794861823 9.9479578392621892
decision_type=2 2 2 2 2 2 2 2 2 2 2 2 2 2 2 2 2 2 2 2 2 2 2 2 2 2 2 2 2 2
left_child=3 2 9 11 5 -4 -6 16 14 27 -11 22 13 -9 29 17 -3 -10 -16 25 -17 -21 28 -24 -14 -13 -18 -2 -1 -5
right_child=1 7 4 8 6 -7 -8 12 15 10 -12 19 24 -15 18 20 26 -19 -20 21 -22 -23 23 -25 -26 -27 -28 -29 -30 -31
leaf_value=0.046927860513750336 0.068222549051097828 0.062387067913537035 -0.025893936601046576 -0.015530159012084094 -0.0055033468036646029 0.027471185638296432 -0.040745069788881504 -0.0050268615300409734 0.026552256741380283 0.052440059714832191 -0.025418925719096892 0.047894891784948025 -0.026250279870353301 -0.041535579363579787 0.037272957948302647 0.030686810254013847 -0.068469816885360538 -0.018117502771458637 -0.012297665171480109 0.030176252995232258 -0.040305842757365956 -0.03927633022775117 0.051645485156801223 0.012026315806734706 -0.051277201517198362 -0.014658835086736158 0.026674484616804269 0.046343417135761261 0.063163163223178248 -0.068019365613614699
leaf_weight=128.72549623250961 175.26240667700768 53.001664698123932 464.27283844351768 37.508582770824432 776.53777129948139 673.97974453866482 933.63762126863003 238.1589660346508 80.371502175927162 227.74896459281445 142.33863972127438 71.53682453930378 73.316061720252037 439.1691402643919 678.25690688192844 187.50881066918373 12.553583502769472 343.79665438830853 52.315528556704521 22.838717594742775 19.359488725662231 40.337162211537361 182.10780589282513 63.246904134750366 907.0937717705965 11.917742669582365 4.4240479022264472 92.863479852676392 536.59535986185074 10.669668972492216
leaf_count=589 807 254 1919 155 3255 2779 3951 1012 327 1093 613 319 329 1983 2913 768 58 1405 224 100 79 172 854 281 4173 51 18 412 2661 50
internal_value=1.52358e-05 -0.01468 -0.00322258 0.0310747 -0.0125759 0.00570451 -0.0247429 -0.0378019 0.0171714 0.0385224 0.0224949 0.0496129 -0.040945 -0.0286986 0.029957 0.00139303 0.0366549 -0.00965346 0.0337233 0.0160706 0.0240431 -0.0141685 0.0550136 0.0414326 -0.0494057 0.0389619 -0.043677 0.0606449 0.060022 -0.0271545
internal_weight=7681.45 5214.36 3486.64 2467.09 2848.43 1138.25 1710.18 1727.72 1409.79 638.213 370.088 1057.31 1657.74 677.328 778.751 631.036 69.9793 424.168 730.572 146.63 206.868 63.1759 910.676 245.355 980.41 83.4546 16.9776 268.126 665.321 48.1783
internal_count=33604 22656 14829 10948 11904 4698 7206 7827 5921 2925 1706 5027 7497 2995 3342 2579 330 1732 3137 642 847 272 4385 1135 4502 370 76 1219 3250 205
is_linear=0
shrinkage=0.05


Tree=15
num_leaves=31
num_cat=0
split_feature=4 3 0 1 3 0 2 3 3 0 7 3 0 0 3 0 3 3 0 0 2 0 3 3 4 3 3 0 0 0
split_gain=1280.94 348.069 322.304 318.825 240.377 297.051 176.201 159.766 139.04 101.76 94.0267 90.4192 74.3242 69.8236 103.754 68.0361 64.6626 58.9691 57.3574 54.2629 53.2853 34.9865 30.4106 24.0721 18.4795 16.9743 15.5209 7.69086 6.5446 4.55254
threshold=4.0012594458438295 0.62970031099802104 76.500000000000014 10.758333333333335 0.73931311655096832 41.500000000000007 60.670611439842212 0.88989898989898997 0.5133894728215217 138.50000000000003 1.0000000180025095e-35 0.48104686965446469 20.500000000000004 18.500000000000004 0.79193722943722955 251.50000000000003 0.77296157450796643 0.84395292207792216 54.500000000000007 11.500000000000002 20.757716049382719 295.50000000000006 0.52393684746625935 0.68976429506765624 3.5387112887112893 0.57457351943394408 0.4425504134629335 11.500000000000002 30.500000000000004 199.50000000000003
decision_type=2 2 2 2 2 2 2 2 2 2 2 2 2 2 2 2 2 2 2 2 2 2 2 2 2 2 2 2 2 2
left_child=1 6 4 7 18 -6 21 13 15 25 17 -11 19 27 -15 29 -12 -10 -3 -9 23 22 -1 -4 -22 -8 -17 -2 -14 -5
right_child=3 2 20 8 5 -7 9 12 10 11 16 -13 28 14 -16 26 -18 -19 -20 -21 24 -23 -24 -25 -26 -27 -28 -29 -30 -31
leaf_value=0.065689167618397812 -0.00012270921605171521 0.055269513501713489 0.031773204152565411 0.071776968014199347 0.014934704789107909 -0.038130998028482417 0.078725084066228662 -0.042181593148645433 0.02950314103621168 0.048986674969934918 -0.030680579504289103 -0.051678021084194593 -0.045056989037462171 0.033984242208846265 -0.018566644835008465 0.039145442892448881 -0.048597003970009073 -0.023285184762924294 0.023074998678580719 0.00042435655632907089 0.0087256382757469608 -0.062079253246983879 0.046205093628733339 -0.048853274710098614 -0.062247621710131588 0.027372546505732301 -0.041616749498612049 0.051390763323810221 -0.074528619909854099 0.037294377129429769
leaf_weight=393.33254386484623 7.6352089941501609 378.86522674560547 27.254277899861336 41.635220542550087 1984.5023014992476 304.13663901388645 29.971484422683716 93.68117368221283 81.399657592177391 29.674253061413765 1176.5059506893158 89.853873789310455 117.41700971126556 192.75002025067806 183.19528117775917 7.5131073445081702 880.50825533270836 151.1239307820797 217.92150995135307 369.4423720240593 9.6830989271402341 6.3477816283702841 407.99653428792953 14.019814178347586 173.58496488630772 34.749014392495155 28.574918523430824 141.98710268735886 22.436626985669136 12.429260641336439
leaf_count=2047 31 1686 122 208 8335 1271 136 388 342 140 5394 402 512 860 759 35 3898 646 961 1492 44 29 2010 59 759 152 134 591 99 62
internal_value=1.66272e-05 0.0189877 0.010762 -0.0221647 0.0152522 0.00788282 0.0447775 -0.000276855 -0.0325448 0.000655903 -0.034943 -0.0266868 -0.0178406 0.0198738 0.0083766 0.0283619 -0.0383497 -0.00480555 0.0435134 -0.00819402 -0.0469387 0.0548427 0.0557689 0.00438633 -0.0584977 0.0511534 -0.024803 0.048762 -0.0497851 0.0638495
internal_weight=7610.13 4101.89 3109.97 3508.24 2885.43 2288.64 991.925 1128.54 2379.69 184.249 2289.54 119.528 602.977 525.568 375.945 90.1525 2057.01 232.524 596.787 463.124 224.542 807.677 801.329 41.2741 183.268 64.7205 36.088 149.622 139.854 54.0645
internal_count=33604 18153 13237 15451 12253 9606 4916 4732 10719 830 10280 542 2491 2241 1619 439 9292 988 2647 1880 984 4086 4057 181 803 288 169 622 611 270
is_linear=0
shrinkage=0.05


Tree=16
num_leaves=31
num_cat=0
split_feature=4 2 3 9 3 0 0 3 6 7 3 3 2 1 0 2 9 4 9 3 4 2 9 6 4 6 9 11 0 11
split_gain=1189.83 494.098 456.241 266.436 229.852 168.372 141.021 240.827 124.649 122.751 84.8734 63.9931 57.2907 53.991 52.2296 50.2859 39.403 37.6396 36.137 30.6399 24.8123 23.9259 22.848 16.5958 17.3011 8.85194 7.79314 2.96909 1.45613 0.0136459
threshold=3.7779733959311428 49.02000000000001 0.66735822959889357 0.063891637803067794 0.65863337204800632 41.500000000000007 124.50000000000001 0.54042260843731438 0.098556858391729701 0.057987827431991663 0.4425504134629335 0.84240094618568906 50.890260631001375 20.205263157894738 13.500000000000002 67.737947530864218 0.071516754850088196 4.182149966821501 0.12007067137809188 0.61500264512095426 3.6003875968992252 90.277777777777786 0.10641729581331504 0.058914870295944471 3.5815140009492175 0.055620005155968037 0.065615168074184479 81.894344611528851 273.50000000000006 79.936833333333368
decision_type=2 2 2 2 2 2 2 2 2 2 2 2 2 2 2 2 2 2 2 2 2 2 2 2 2 2 2 2 2 2
left_child=4 2 6 11 15 -5 19 -8 9 12 28 -4 -6 14 -10 23 17 -12 -11 -2 25 -18 -22 24 -1 -17 -15 -25 29 -3
right_child=1 10 3 5 8 -7 7 -9 13 18 16 -13 -14 26 -16 20 21 -19 -20 -21 22 -23 -24 27 -26 -27 -28 -29 -30 -31
leaf_value=0.058642405838415228 0.068488563302620528 0.06756673762207055 0.038527747064768497 -0.011487973690303513 0.025667514528243063 -0.039817167329549624 0.05265349904547089 -0.037010828324727602 -0.014236719451006652 0.0010649957334125716 0.012449272310502607 0.0048345209392588427 -0.019679749447691117 0.01356260852142837 0.043501291845372679 0.0028860921325538232 -0.038479648080639667 -0.040046324188456855 -0.030566634006943913 0.039006703157159317 0.038387950180539067 -0.053193470381377089 -0.03470259407933185 0.046294376934914588 0.022012765820981987 0.064265970869063799 -0.05165804576881089 0.063217665714370722 0.035619369108630304 0.070934620524070624
leaf_weight=71.668707862496376 188.65624813735485 11.67821152508259 226.82826027274132 1881.7700938284397 640.96600207686424 727.17846924066544 150.72484819591045 148.83430571854115 42.041259124875069 177.95309987664223 60.33604209125042 372.11345559358597 78.141242787241936 6.0631030648946789 573.13303856551647 7.763833865523341 578.89633457362652 78.664648234844208 183.29335156083107 165.38819858431816 16.836298927664757 528.53546687960625 29.298985496163368 27.469067722558975 58.590796068310738 24.12992450594902 18.726556032896042 458.86106063425541 4.3061789423227301 4.0509717166423789
leaf_count=358 918 61 947 7956 2730 3157 769 658 176 757 248 1533 325 25 2504 34 2711 338 766 747 75 2574 125 137 277 118 77 2464 19 20
internal_value=1.73449e-05 -0.0136104 -0.004722 -0.0124798 0.028955 -0.019384 0.0333532 0.00810427 0.0191531 0.0087944 -0.0407114 0.0175947 0.0207399 0.0366401 0.0395555 0.0532307 -0.0423524 -0.0172596 -0.0149846 0.0547164 0.0154135 -0.045502 -0.00802942 0.0580165 0.0421664 0.0493244 -0.0357063 0.0622618 0.0613813 0.0684341
internal_weight=7542.9 5127.96 3861.49 3207.89 2414.94 2608.95 653.604 299.559 1720.32 1080.35 1266.47 598.942 719.107 639.964 615.174 694.619 1246.43 139.001 361.246 354.044 78.029 1107.43 46.1353 616.59 130.26 31.8938 24.7897 486.33 20.0354 15.7292
internal_count=33604 22656 16685 13593 10948 11113 3092 1427 7360 4578 5971 2480 3055 2782 2680 3588 5871 586 1523 1665 352 5285 200 3236 635 152 102 2601 100 81
is_linear=0
shrinkage=0.05


Tree=17
num_leaves=31
num_cat=0
split_feature=4 9 1 7 3 3 1 3 0 2 3 9 0 2 4 0 1 3 0 0 0 3 9 4 1 2 3 3 6 0
split_gain=1087.64 317.47 280.657 242.569 171.041 136.498 131.197 130.445 127.235 119.372 98.9241 94.6127 90.6883 83.9436 74.1142 62.7232 61.3126 77.4476 57.3916 58.53 56.434 65.8959 54.656 38.499 25.3658 24.035 20.5161 13.357 10.8155 7.39149
threshold=4.0012594458438295 0.11596474490027715 10.14835164835165 0.057181782794861823 0.75079617834394918 0.88989898989898997 14.324561403508774 0.5133894728215217 41.500000000000007 57.250850340136061 0.70943058443058449 0.10310889175257733 13.500000000000002 51.768888888888902 3.6137488748874893 251.50000000000003 13.93933823529412 0.63920788203053636 19.500000000000004 14.500000000000002 19.500000000000004 0.78281378178835126 0.078192934782608706 3.6318814277071998 20.027777777777782 36.012345679012348 0.49456457520973657 0.39734808570425012 0.17287356321839084 11.500000000000002
decision_type=2 2 2 2 2 2 2 2 2 2 2 2 2 2 2 2 2 2 2 2 2 2 2 2 2 2 2 2 2 2
left_child=1 4 5 6 9 20 10 15 12 24 -3 13 -6 -9 -8 -4 17 -5 19 -7 29 -22 -11 -10 -1 -13 -18 -17 -20 -2
right_child=2 3 7 16 8 18 14 11 23 22 -12 25 -14 -15 -16 27 26 -19 28 -21 21 -23 -24 -25 -26 -27 -28 -29 -30 -31
leaf_value=0.053564038457520925 -0.00010137132724023474 0.054769057054237971 0.061855128031764177 0.044756544774062421 -0.02754868709297624 -0.023257262100987771 0.023434930673382124 -0.010566907567212373 0.02093423512432635 0.056327853475988482 0.015682759646980016 -0.034489916548958492 0.027141612992275944 -0.04018258618846994 -0.023317319975947607 0.061286058058347838 0.029010055687198884 -0.019619028761464652 -0.048034700852079927 0.014217370811393721 0.035214627703812118 -0.013304013109647392 -0.0078388066373328413 -0.043891900470483733 0.012558431457587563 -0.048059548526244569 -0.044358935875299751 -0.034594223458313957 -0.0090408115126639505 0.050440104986476823
leaf_weight=868.89111822843552 7.6220712661743155 231.11082081496716 56.077618703246117 55.057582885026932 82.461201921105385 215.52514685690403 125.08211700618267 693.48676782846451 29.48272493481636 43.593605414032936 540.39813236892223 692.42709998786449 938.39557881653309 365.30630266666412 263.01745767891407 4.1144560128450385 9.902061462402342 308.53067366778851 118.57528491318226 201.7091548293829 133.8482242077589 146.66180507838726 139.00892202556133 102.62184680998325 39.425135135650635 617.18714053928852 252.36129027605057 31.001828774809837 20.9197918176651 142.06758140027523
leaf_count=4367 31 1170 294 289 345 883 545 2968 122 194 2275 3067 4003 1737 1164 21 50 1292 524 811 615 608 633 430 174 3055 1100 148 91 598
internal_value=1.92278e-05 0.0176575 -0.0206017 0.00192386 0.0301768 0.00192288 0.015463 -0.0296398 0.0167489 0.0443684 0.0273913 -0.0318993 0.0227239 -0.020785 -0.00824936 0.029041 -0.0231622 -0.00987074 -0.0144228 -0.0051404 0.0230762 0.00984715 0.00748002 -0.0294242 0.0517842 -0.0408849 -0.0415888 -0.0233603 -0.0421869 0.0478666
internal_weight=7475.87 4029.34 3446.53 1785.46 2243.88 986.929 1159.61 2459.6 1152.96 1090.92 771.509 2368.41 1020.86 1058.79 388.1 91.1939 625.852 363.588 556.729 417.234 430.2 280.51 182.603 132.105 908.316 1309.61 262.263 35.1163 139.495 149.69
internal_count=33604 18153 15451 7885 10268 4161 5154 11290 4900 5368 3445 10827 4348 4705 1709 463 2731 1581 2309 1694 1852 1223 827 552 4541 6122 1150 169 615 629
is_linear=0
shrinkage=0.05


Tree=18
num_leaves=31
num_cat=0
split_feature=4 1 3 3 3 0 3 7 6 7 9 3 0 3 2 1 3 2 0 3 0 3 0 6 3 9 0 0 2 9
split_gain=1012.96 427.29 329.463 213.659 202.441 143.283 255.833 141.068 111.669 103.144 91.4741 86.1126 71.235 60.5063 50.9723 49.0135 47.8203 45.6399 43.7712 121.856 29.6088 23.207 41.8676 16.8446 17.4299 13.4182 10.7113 10.0052 9.43577 6.90674
threshold=3.7779733959311428 12.918333333333335 0.72427368992669028 0.65863337204800632 0.50062972292191443 31.500000000000004 0.88989898989898997 1.0000000180025095e-35 0.098556858391729701 0.057987827431991663 0.10772546419098145 0.8239268680445152 293.50000000000006 0.84668803418803429 50.890260631001375 20.205263157894738 0.88989898989898997 67.737947530864218 77.500000000000014 0.61858067609685941 79.500000000000014 0.520369083249408 101.50000000000001 0.058914870295944471 0.52707940498638184 0.10872849073952451 271.50000000000006 375.50000000000006 74.677083333333357 0.065615168074184479
decision_type=2 2 2 2 2 2 2 2 2 2 2 2 2 2 2 2 2 2 2 2 2 2 2 2 2 2 2 2 2 2
left_child=3 2 18 17 12 6 -4 13 9 14 -9 -7 28 -6 -5 16 -10 23 25 -20 -11 26 -23 24 -1 -2 -19 -14 -3 -17
right_child=1 4 5 8 7 11 -8 10 15 20 -12 -13 27 -15 -16 29 -18 21 19 -21 -22 22 -24 -25 -26 -27 -28 -29 -30 -31
leaf_value=0.063643407200808022 0.06420101893948231 0.065655919283651526 0.027712496146184457 0.023567491921218899 0.036028297852363902 -0.013856416326453739 -0.014965972306865888 -0.022730318065387133 0.04685671439940977 -0.011031875840033591 -0.042806316838296998 -0.05929696012749034 -0.05597986365986915 -0.014665012761003751 -0.01928370796259643 0.011773132294479412 0.016676918849060095 0.064293534715473111 0.048785429115864719 -0.031344581746620345 -0.084463692342308092 0.046068466736483231 -0.047508039876267193 0.06031354746363371 0.025204343239626021 0.039530114152144712 -0.019447599974766677 0.019208284835677603 0.026385532814022086 -0.049794875119926446
leaf_weight=47.263454079627991 153.12129761278629 73.855070143938065 558.42435097694397 634.22799290716648 102.24590149521828 266.65891723334789 945.96066452562809 1069.1947885155678 410.74745827913284 346.25632166862488 1208.9509025216103 171.19609558582306 18.746995851397518 138.72742865979671 77.924893319606781 6.0312413275241878 192.89761337637901 23.768876910209659 157.23916718363762 67.948622182011604 14.294223234057425 21.427341133356094 27.034208327531815 459.79663048684597 78.427394986152649 86.107606828212738 4.5494815707206717 5.7913525104522696 19.291921079158783 18.612155079841614
leaf_count=253 745 405 2338 2730 433 1121 3963 4847 1831 1462 5745 749 91 597 325 25 849 117 818 297 61 97 117 2601 382 390 21 24 93 77
internal_value=1.97756e-05 -0.0126376 0.00259585 0.0270321 -0.0265415 -0.0064504 0.00087618 -0.0295359 0.0176513 0.00784679 -0.0333841 -0.0316231 0.0375564 0.00684435 0.0188786 0.0343909 0.0372126 0.0511261 0.0404282 0.0246068 -0.0139431 0.0148801 -0.00613306 0.0558794 0.0396586 0.055321 0.0508401 -0.0382345 0.0575225 -0.0347267
internal_weight=7406.72 5043.46 2406.66 2363.26 2636.8 1942.24 1504.39 2519.12 1700.99 1072.7 2278.15 437.855 117.685 240.973 712.153 628.288 603.645 662.267 464.417 225.188 360.551 76.7799 48.4615 585.487 125.691 239.229 28.3184 24.5383 93.147 24.6434
internal_count=33604 22656 10421 10948 12235 8171 6301 11622 7360 4578 10592 1870 613 1030 3055 2782 2680 3588 2250 1115 1523 352 214 3236 635 1135 138 115 498 102
is_linear=0
shrinkage=0.05


Tree=19
num_leaves=31
num_cat=0
split_feature=4 1 3 1 0 0 7 3 3 9 9 6 4 0 0 0 3 3 0 3 0 0 10 9 0 2 3 3 3 1
split_gain=933.501 356.565 336.314 216.35 162.891 168.65 133.67 105.944 100.453 93.1107 92.9977 76.5106 54.4797 52.4981 50.3663 49.7516 55.0294 49.6808 58.0327 48.7656 53.7982 49.3297 38.9845 37.8695 37.4969 36.6851 34.1394 32.0155 8.63195 7.35183
threshold=4.0668528864059601 15.67543859649123 0.75079617834394918 10.14835164835165 41.500000000000007 13.500000000000002 0.03128262004175366 0.50062972292191443 0.89528508771929838 0.057197382769901862 0.073968855218855226 0.0587372779023633 3.7119928094504369 19.500000000000004 11.500000000000002 20.500000000000004 0.75937646507266776 0.52707940498638184 247.50000000000003 0.65863337204800632 38.500000000000007 102.50000000000001 0.0018340245612972889 0.10719461697722568 293.50000000000006 49.02000000000001 0.65863337204800632 0.78281378178835126 0.66735822959889357 9.4316770186335415
decision_type=2 2 2 2 2 2 2 2 2 2 2 2 2 2 2 2 2 2 2 2 2 2 2 2 2 2 2 2 2 2
left_child=1 2 11 8 5 -4 22 24 15 -9 19 12 -1 14 -10 29 -17 18 -12 21 -21 -5 23 -3 -8 -19 -13 -6 -24 -2
right_child=3 6 4 10 27 -7 7 9 13 -11 17 26 -14 -15 -16 16 -18 25 -20 20 -22 -23 28 -25 -26 -27 -28 -29 -30 -31
leaf_value=0.041764799886525178 0.033860244511271752 0.04045430079866974 -0.0337216622206414 0.077806586109683384 -0.0096699149859758582 0.020099143563410544 0.058288408158421547 0.033075037158033165 -0.038441596800795189 -0.030718889093742971 0.061379234312226118 0.056347818994261112 -0.001338858755979984 -0.043324433809528849 0.0039028204204690632 0.036194935508741026 -0.013839632390633239 -0.031015160790620978 -0.035622699676815459 -0.00091874489256496897 -0.043211034382549751 -0.0066211427061875286 0.0099750412539891756 0.0058005697558071801 -0.044732267927942361 -0.046401500366323026 0.037656309832192258 -0.050983098639987491 -0.050216792270603987 0.057870308636063031
leaf_weight=146.76563405990601 98.735965147614479 151.1015596985817 161.320123270154 30.201679602265358 80.528415501117706 1489.4137217104435 53.969454541802406 62.443030074238777 92.004690945148468 680.95565219223499 28.455299198627472 636.54556219279766 146.46315596997738 125.42907050251961 296.64307495951653 86.716671794652939 150.02750200033188 1043.1108116209507 33.655439138412476 205.57764537632465 118.56044629216194 40.504795908927917 7.8964002430438986 164.84366111457348 10.560963898897169 616.27746154367924 396.43165537714958 112.27806159853935 24.242094621062279 47.086698487401009
leaf_count=718 418 668 678 139 340 6383 288 264 388 3071 152 3592 666 565 1195 420 625 4721 167 855 510 191 38 724 49 3197 1803 474 103 202
internal_value=2.17546e-05 0.0149045 0.0235737 -0.0213455 0.00976001 0.0148394 -0.00886601 -0.0200259 -0.000761374 -0.0253604 -0.0300665 0.0427759 0.0202352 -0.0151985 -0.00612138 0.0186386 0.00448746 -0.0350862 0.00881759 -0.00818117 -0.0163881 0.0294415 0.017037 0.0223738 0.0414282 -0.0367295 0.0491745 -0.033728 -0.0354277 0.0416132
internal_weight=7338.75 4325.76 3169.75 3012.99 1843.54 1650.73 1156.01 807.929 896.644 743.399 2116.34 1326.21 293.229 514.077 388.648 382.567 236.744 1721.5 62.1107 394.845 324.138 70.7065 348.084 315.945 64.5304 1659.39 1032.98 192.806 32.1385 145.823
internal_count=33604 19859 14654 13745 7875 7061 5205 3672 3813 3335 9932 6779 1384 2148 1583 1665 1045 8237 319 1695 1365 330 1533 1392 337 7918 5395 814 141 620
is_linear=0
shrinkage=0.05


Tree=20
num_leaves=31
num_cat=0
split_feature=4 2 3 6 3 4 0 3 6 0 7 3 4 1 10 2 9 9 3 2 1 7 4 6 7 9 7 2 4 0
split_gain=865.837 387.199 362.18 235.974 196.217 148.86 123.515 192.875 101.219 95.5012 91.011 67.984 47.2635 44.0213 43.5647 42.7735 35.295 27.5601 27.2628 26.8417 21.6648 20.653 17.857 15.3395 16.9582 9.68936 6.17957 2.90548 1.22762 1.59373
threshold=3.7779733959311428 49.02000000000001 0.66735822959889357 0.097361704948460456 0.65863337204800632 4.2503481894150426 124.50000000000001 0.52707940498638184 0.098556858391729701 31.500000000000004 0.057987827431991663 0.4425504134629335 3.5457900033545795 20.205263157894738 0.014519104084321477 64.94280991735539 0.045603089720736782 0.12007067137809188 0.61500264512095426 90.277777777777786 18.433035714285719 0.041615729421352894 4.584105634380383 0.057181782794861823 0.065261756876663732 0.11772405297197415 0.083176100628930827 39.688750000000006 4.1112880396319893 201.50000000000003
decision_type=2 2 2 2 2 2 2 2 2 2 2 2 2 2 2 2 2 2 2 2 2 2 2 2 2 2 2 2 2 2
left_child=4 2 6 9 15 -5 18 -8 10 -4 12 28 -6 14 -10 23 22 -12 -2 -18 25 -22 -13 24 -1 -17 -15 -25 -3 -30
right_child=1 11 3 5 8 -7 7 -9 13 -11 17 16 -14 26 -16 20 19 -19 -20 -21 21 -23 -24 27 -26 -27 -28 -29 29 -31
leaf_value=0.046220970477168818 0.065232806483216804 0.069701569746854472 -0.013323347877886095 0.017533381671753941 0.030137707190226039 -0.013366299920682074 0.052990811779459336 -0.030216129556463824 0.037872567968358722 -0.038025159459398987 0.00066454492108138487 0.031564610291222005 0.0042459741690238483 -0.020161468164114321 -0.033337679009751792 0.056580870100873294 -0.032284552207171878 -0.027032695871327457 0.036693259202618352 -0.047638104680220283 0.035551110774289921 -0.043349231482345187 -0.060147006691390906 0.060241691883060812 -0.0066292248511286836 0.010143561207303378 -0.081469262994792291 0.049804106543489844 0.064526191709532818 0.019746664595666923
leaf_weight=89.143071249127388 175.47676700353622 10.527433514595034 874.44656044244766 829.03856815397739 360.42025288939476 735.62086457014084 125.27758774161339 156.83652436733246 570.92011420428753 708.15874975919724 176.39297765493393 26.221385166049004 344.94261647760868 19.212070450186733 22.317344859242439 27.859171703457832 601.84701530635357 182.98666466772556 159.95705622434616 540.1410545706749 13.213773027062414 22.276627272367477 6.6546043306589118 357.8351963609457 18.293183088302612 18.822637483477592 5.2289119362831107 81.942282795906067 4.2735240012407294 3.7136586010456085
leaf_count=467 918 56 3739 3524 1570 3174 706 721 2583 3156 757 110 1485 80 97 139 2944 766 747 2788 62 99 29 2191 91 86 22 453 25 19
internal_value=2.19526e-05 -0.0117605 -0.00389377 -0.0107633 0.025292 0.00300597 0.0311162 0.00673333 0.0163825 -0.0243765 0.00704157 -0.036578 0.0174759 0.0324843 0.0351937 0.0491082 -0.0380761 -0.0134382 0.0516233 -0.0395465 0.0154713 -0.0139731 0.0130008 0.0541592 0.0372222 0.0378568 -0.0332777 0.0582969 0.058487 0.0437058
internal_weight=7270 4958.19 3764.81 3147.26 2311.81 1564.66 617.548 282.114 1682.42 1582.61 1064.74 1193.38 705.363 617.678 593.237 629.386 1174.86 359.38 335.434 1141.99 82.1722 35.4904 32.876 547.214 107.436 46.6818 24.441 439.777 18.5146 7.98718
internal_count=33604 22656 16685 13593 10948 6698 3092 1427 7360 6895 4578 5971 3055 2782 2680 3588 5871 1523 1665 5732 386 161 139 3202 558 225 102 2644 100 44
is_linear=0
shrinkage=0.05


Tree=21
num_leaves=31
num_cat=0
split_feature=4 1 3 1 0 0 4 3 7 3 9 9 7 0 3 3 0 0 3 0 3 0 10 3 6 9 0 3 9 0
split_gain=790.348 311.46 306.561 192.406 167.006 172.589 135.752 94.8689 99.5348 91.4076 83.6571 78.2788 85.5721 49.5244 68.6014 48.7044 156.75 46.5379 43.065 87.4769 42.0277 39.236 37.2685 36.1296 30.2109 26.9783 25.5079 25.1195 20.6377 12.9815
threshold=4.0668528864059601 15.343137254901963 0.78281378178835126 10.14835164835165 31.500000000000004 13.500000000000002 3.6252853881278546 0.50062972292191443 0.011428944618599793 0.94519519519519524 0.073968855218855226 0.11946147573167419 0.061257406188281772 19.500000000000004 0.75937646507266776 0.76682847896440143 61.500000000000007 24.500000000000004 0.85814889336016098 38.500000000000007 0.58627613903891429 300.50000000000006 0.00203873810216551 0.8239268680445152 0.089781974512513449 0.058997563522450405 21.500000000000004 0.89323708206686947 0.049844720496894417 11.500000000000002
decision_type=2 2 2 2 2 2 2 2 2 2 2 2 2 2 2 2 2 2 2 2 2 2 2 2 2 2 2 2 2 2
left_child=1 2 11 9 5 -4 20 21 -9 13 18 24 -13 27 -15 16 -12 -17 19 -5 -3 -8 -22 -6 -1 28 -20 -2 -11 -27
right_child=3 6 4 10 23 -7 7 8 -10 25 15 12 -14 14 -16 17 -18 -19 26 -21 22 -23 -24 -25 -26 29 -28 -29 -30 -31
leaf_value=0.037821562075015434 0.042096380199325434 0.058450119970556096 -0.034146663391369028 0.044638791460965006 -0.010042404025286113 0.021524425863272269 0.058532918418686235 0.026260304480584563 -0.028150537568028884 -0.022062303201898198 0.030886211063251678 0.035650319222347251 -0.0098800279613129923 0.034629346610103674 -0.018184858609715908 -0.025889088143302947 -0.032923661082930253 -0.050849933131565495 -0.013408421409078955 -0.016595703939983213 0.017820245437573871 -0.047053128791952524 -0.048842417589727689 -0.045899203889632159 0.055917441078988508 -0.049704005772667099 -0.058550075056352291 0.012381467373159072 0.038011787528268046 -0.023239529264847267
leaf_weight=424.33648066222668 131.28516891598701 59.585961043834686 158.68286944925785 89.103907555341721 141.61420649290085 1134.9121083170176 53.520040795207024 94.824512183666229 739.80150954425335 28.386285483837128 110.27341340482235 389.00145196914673 140.46021263301373 86.181436017155647 214.56340871751308 291.90217493474483 756.46482118964195 518.3107984662056 82.862291514873505 168.83358399569988 233.64219841361046 10.529602974653242 23.03295487165451 139.41183131933212 505.29268528521061 62.075111195445061 50.2843137383461 155.19691589474678 28.80236928164959 182.78433561325073
leaf_count=2214 565 338 670 372 597 4926 294 402 3383 119 499 1946 663 427 921 1323 3890 2525 344 762 999 50 95 589 2693 268 217 627 116 770
internal_value=2.35172e-05 0.0138387 0.0224058 -0.0198242 0.00710571 0.0146954 -0.00755354 -0.0174684 -0.0219687 -0.000375411 -0.0281874 0.0389174 0.0235716 0.0111214 -0.00305042 -0.0330438 -0.0248053 -0.0418571 -0.00736318 0.00455761 0.0206202 0.0411748 0.0118382 -0.0278303 0.0476574 -0.022727 -0.0304567 0.0259988 0.00819328 -0.0299486
internal_weight=7205.96 4248.65 3033.71 2957.31 1574.62 1293.59 1214.94 898.676 834.626 889.275 2068.04 1459.09 529.462 587.227 300.745 1676.95 866.738 810.213 391.084 257.937 316.261 64.0496 256.675 281.026 929.629 302.048 133.147 286.482 57.1887 244.859
internal_count=33604 19859 14298 13745 6782 5596 5561 4129 3785 3813 9932 7516 2609 2540 1348 8237 4389 3848 1695 1134 1432 344 1094 1186 4907 1273 561 1192 235 1038
is_linear=0
shrinkage=0.05


Tree=22
num_leaves=31
num_cat=0
split_feature=4 2 3 0 3 3 3 10 0 3 1 0 9 0 0 1 3 2 9 11 7 3 0 7 3 6 3 4 0 2
split_gain=735.91 344.172 348.89 225.519 255.257 183.156 97.3109 95.4686 87.3419 174.612 84.7002 93.9682 56.1699 55.5544 50.4808 49.025 41.822 40.6205 24.9728 24.9031 22.7904 20.1589 35.208 18.6075 16.536 15.5187 17.1612 13.0341 9.25214 3.11513
threshold=3.7779733959311428 36.012345679012348 0.72427368992669028 40.500000000000007 0.84240094618568906 0.65863337204800632 0.50062972292191443 0.0015485871465468249 77.500000000000014 0.59666186916755659 21.468627450980396 13.500000000000002 0.096836709177294339 56.500000000000007 258.50000000000006 10.672619047619049 0.78281378178835126 64.94280991735539 0.10872849073952451 89.087106887130219 0.066570327552986516 0.520369083249408 91.500000000000014 0.020857501933488013 0.4425504134629335 0.057181782794861823 0.52707940498638184 3.334549878345499 271.50000000000006 39.688750000000006
decision_type=2 2 2 2 2 2 2 2 2 2 2 2 2 2 2 2 2 2 2 2 2 2 2 2 2 2 2 2 2 2
left_child=5 2 8 4 -4 17 14 10 18 -10 11 -7 13 -8 -3 20 -5 25 -2 -17 -9 28 -23 -14 -16 26 -1 -12 -19 -27
right_child=1 6 3 16 -6 7 12 15 9 -11 27 -13 23 -15 24 19 -18 21 -20 -21 -22 22 -24 -25 -26 29 -28 -29 -30 -31
leaf_value=0.061561437754809656 0.058807019550596043 0.059415950507444942 0.027084906019693905 -0.026901247680160528 -0.013299279560638267 -0.02573340085185509 0.0023009501294532341 0.021684659112696153 0.045752255926357524 -0.020833267058569891 0.015653224285307986 0.026622423327896508 -0.016248234062524149 -0.03208038575777887 0.046051869708472928 -0.06558072564444016 -0.058101739044462211 0.06072604345783187 0.030107070431425437 -0.019058174203083852 -0.028088043693338789 0.048037422673794537 -0.036655900142168317 -0.042206493956370633 -0.042021902738291532 0.058830363748621634 0.019525279488129571 -0.03971648387879486 -0.01689042055613257 0.047752350260847613
leaf_weight=38.632171779870987 204.86782377958298 44.219856664538383 511.98732516169548 203.42567650973797 1659.7499504238367 92.036753684282303 183.52045312523842 90.84816974401474 201.26775453984737 192.75085228681564 12.704970568418501 1245.1453097611666 74.803281739354134 326.56814867258072 6.7755038589239147 44.332116231322289 227.5409641712904 23.709514528512958 120.3059516698122 81.917879194021225 30.794994160532951 19.85970076918602 32.11401341855526 895.43536411225796 24.970029190182686 336.80098468065262 65.352793604135513 65.034304186701775 4.5814097374677649 78.191470235586166
leaf_count=227 1021 246 2172 893 7146 390 817 412 1121 877 52 5560 362 1598 34 188 1044 127 555 350 136 95 142 4647 123 2191 331 272 22 453
internal_value=2.3093e-05 -0.0109076 -0.00181725 -0.0103351 -0.0037787 0.0235955 -0.0303109 0.0150545 0.0290083 0.0131791 0.0200692 0.0230188 -0.0331432 -0.0197106 0.0248811 -0.0135683 -0.0433744 0.0472955 0.0481888 -0.0353944 0.00908428 0.0141936 -0.00429369 -0.0402052 -0.0232242 0.0524151 0.0351424 -0.0306674 0.0481569 0.0567431
internal_weight=7140.25 4878.19 3321.9 2602.7 2171.74 2262.06 1556.29 1662.81 719.192 394.019 1414.92 1337.18 1480.33 510.089 75.9654 247.893 430.967 599.242 325.174 126.25 121.643 80.2646 51.9737 970.239 31.7455 518.977 103.985 77.7393 28.2909 414.992
internal_count=33604 22656 14829 11255 9318 10948 7827 7360 3574 1998 6274 5950 7424 2415 403 1086 1937 3588 1576 538 548 386 237 5009 157 3202 558 324 149 2644
is_linear=0
shrinkage=0.05


Tree=23
num_leaves=31
num_cat=0
split_feature=4 2 3 0 3 3 3 3 0 3 1 9 0 0 1 10 0 1 10 3 0 7 0 6 7 0 0 3 6 2
split_gain=676.447 348.11 366.2 192.452 278.357 160.627 114.215 81.9983 69.2696 147.056 65.2721 63.635 63.7875 59.6559 50.039 44.5626 37.223 36.0183 36.851 27.7965 27.8065 19.5813 19.5591 16.6687 16.2027 12.5211 12.0521 10.752 9.7896 7.18345
threshold=3.724704161680628 36.012345679012348 0.69452761144377917 40.500000000000007 0.84240094618568906 0.75079617834394918 0.50062972292191443 0.78281378178835126 82.500000000000014 0.59666186916755659 11.803846153846157 0.10260169937589293 56.500000000000007 293.50000000000006 16.341666666666672 0.01335562987736901 11.500000000000002 21.207142857142859 0.0024183832216256684 0.520369083249408 52.500000000000007 0.01590463542654778 17.500000000000004 0.046741109357931791 0.034532445592765589 375.50000000000006 23.500000000000004 0.65863337204800632 0.043373745819397999 74.677083333333357
decision_type=2 2 2 2 2 2 2 2 2 2 2 2 2 2 2 2 2 2 2 2 2 2 2 2 2 2 2 2 2 2
left_child=5 2 8 4 -4 14 13 -5 28 -10 15 12 -8 29 23 16 -7 18 -12 -16 -21 -13 -17 24 -1 -15 -19 -25 -2 -3
right_child=1 6 3 7 -6 10 11 -9 9 -11 17 21 -14 25 19 22 -18 26 -20 20 -22 -23 -24 27 -26 -27 -28 -29 -30 -31
leaf_value=0.049049779755428943 0.025210660316697261 0.064296276206868536 0.027341495812224309 -0.018244189640457757 -0.011928246759161244 -0.035473109155473706 0.0023435390293850083 -0.056981500334158268 0.044927980365758187 -0.020310331718177657 0.009275147024431692 -0.010802391101487605 -0.030975468742006431 -0.061074048169470041 0.055207053428709886 0.0037074189360039068 0.030257519557451946 -0.011948739353004618 -0.036687578270043673 0.037613306249240266 -0.010257222857667184 -0.042177522093168635 -0.062358528739958424 0.057048573279891213 0.0059484782421753372 0.02402194473339787 -0.059856587211889904 0.042816552681257898 0.056755934307837964 0.029115583520837401
leaf_weight=44.99466972053051 27.441572487354279 41.743999809026718 608.77440544962883 329.24647851288319 1744.0528586506844 22.436272725462914 217.26494462788105 233.49131526052952 225.01456834375858 140.20395459234715 373.88821637630463 52.851401403546333 423.92435899376869 18.071962088346485 38.835140317678452 27.290645614266396 538.28838196396828 22.796102851629257 49.367267712950706 47.526823654770851 83.864170089364052 841.73464743793011 19.004374042153358 349.37096343934536 42.30640484392643 5.6818760186433783 30.952415287494659 213.99270135164261 237.04574108123779 22.240553319454193
leaf_count=234 131 245 2605 1455 7528 101 968 1087 1306 644 1562 252 2119 95 232 122 2459 94 202 216 387 4421 82 2296 208 24 129 1046 1241 113
internal_value=2.38773e-05 -0.0093627 -0.000581839 -0.00804997 -0.00176753 0.0254934 -0.0285375 -0.0343171 0.0339959 0.0198836 0.0128587 -0.0317073 -0.0196854 0.0269471 0.0421781 0.0237348 0.0276274 -0.000981937 0.00391419 0.0180431 0.00705853 -0.0403239 -0.023413 0.0484922 0.0281627 -0.0407192 -0.0395377 0.0516426 0.053483 0.0520677
internal_weight=7073.7 5168.78 3545.27 2915.57 2352.83 1904.91 1623.51 562.738 629.706 365.219 1084.02 1535.78 641.189 87.7384 820.891 607.02 560.725 477.004 423.255 170.226 131.391 894.586 46.295 650.665 87.3011 23.7538 53.7485 563.364 264.487 63.9846
internal_count=33604 24234 15997 12675 10133 9370 8237 2542 3322 1950 4751 7760 3087 477 4619 2764 2560 1987 1764 835 603 4673 204 3784 442 119 223 3342 1372 358
is_linear=0
shrinkage=0.05


Tree=24
num_leaves=31
num_cat=0
split_feature=4 9 7 9 2 3 1 0 1 3 3 3 0 2 3 4 6 0 0 8 9 0 3 3 3 3 1 0 4 0
split_gain=631.553 267.61 186.054 165.336 145.514 156.433 98.5352 95.378 94.7442 84.1535 58.7755 54.3633 172.394 49.5208 55.7651 49.3157 46.8643 42.4638 40.7919 35.1274 33.5078 32.2598 58.6194 43.2934 30.119 27.5049 18.2418 19.3601 15.251 11.209
threshold=4.0668528864059601 0.11596474490027715 0.057181782794861823 0.062640134529148003 75.849628945658509 0.78281378178835126 14.324561403508774 20.500000000000004 10.258333333333335 0.69452761144377917 0.94804318488529027 0.72758194186765623 61.500000000000007 36.37079861111112 0.62784237726098202 3.6137488748874893 0.086685934489402719 19.500000000000004 30.500000000000004 0.23821860350357763 0.078192934782608706 39.500000000000007 0.69153907337442844 0.85215543412264727 0.5133894728215217 0.86996779388083745 5.0769230769230775 13.500000000000002 3.6318814277071998 11.500000000000002
decision_type=2 2 2 2 2 2 2 2 2 2 2 2 2 2 2 2 2 2 2 2 2 2 2 2 2 2 2 2 2 2
left_child=1 4 6 19 5 16 9 -7 10 -3 17 12 -10 14 -4 -8 -1 -5 -13 21 25 23 -23 -2 -22 -6 -21 -28 -15 -12
right_child=3 2 13 8 20 7 15 -9 11 -11 29 18 -14 28 -16 -17 -18 -19 -20 26 24 22 -24 -25 -26 -27 27 -29 -30 -31
leaf_value=0.028922602697982011 0.051260372400398546 0.049306449844827918 0.033564355660806774 0.021023188930196127 0.031414368530974311 0.02912648709905076 0.017419589875858729 -0.0015164682935106504 0.057987973953852814 0.011259232228271984 -0.04665455258161072 -0.025686353853430446 -0.026846136134966093 -0.014435694162946839 -0.020201632762576437 -0.020827672556152615 0.049933942776877245 -0.010143089043426833 -0.046147771640264429 0.065066884081940446 0.029020070238071422 0.031156687580064419 -0.049273371838427067 0.010135225508582696 -0.040778773391005697 -0.086029545740541349 -0.065862748370159138 -0.010758254989334609 -0.050564178916878158 -0.021486994347108768
leaf_weight=463.98801358044147 97.873318076133728 193.79737648367882 54.559924319386482 189.76073379814625 41.63259269297123 502.19996204972267 119.23267982900143 513.67995844781399 65.802702873945236 581.16232255101204 60.06475593149662 433.20890238881111 665.95077224075794 35.775545567274094 415.46214462816715 287.50154112279415 620.00065965950489 257.73229445517063 556.46429194509983 6.482477292418479 17.807109251618385 44.373151034116745 46.283091366291046 184.87995709478855 117.0350427031517 5.6634462028741828 19.768192231655121 82.297397345304489 159.17798899114132 167.93139931559563
leaf_count=2469 428 1150 323 783 188 2258 545 2192 292 2524 265 2006 3568 163 1787 1358 3430 1172 2857 28 95 221 199 772 568 23 82 356 786 716
internal_value=2.50052e-05 0.0125592 -0.00159151 -0.0179507 0.0240105 0.027729 0.0103139 0.0136319 -0.0233237 0.0207739 -0.00745454 -0.0295508 -0.0192175 -0.022748 -0.0139605 -0.00961562 0.0409403 0.00307306 -0.0371912 0.008771 -0.0188601 0.0160489 -0.00990559 0.0243704 -0.0315612 0.0173511 -0.0162653 -0.021431 -0.0439343 -0.0281173
internal_weight=7007.55 4128.68 1846.67 2878.87 2282.01 2099.87 1181.69 1015.88 2396.92 774.96 675.489 1721.43 731.753 664.976 470.022 406.734 1083.99 447.493 989.673 481.958 182.138 373.41 90.6562 282.753 134.842 47.296 108.548 102.066 194.954 227.996
internal_count=33604 19859 8636 13745 11223 10349 5577 4450 11659 3674 2936 8723 3860 3059 2110 1903 5899 1955 4863 2086 874 1620 420 1200 663 211 466 438 949 981
is_linear=0
shrinkage=0.05


Tree=25
num_leaves=31
num_cat=0
split_feature=4 2 3 6 3 4 0 3 0 0 3 3 1 1 9 0 2 9 3 0 7 3 6 1 11 7 3 0 4 0
split_gain=581.016 304.889 309.169 208.242 146.692 124.343 101.318 180.205 84.9814 65.5789 62.5907 61.4758 50.6037 34.0038 32.4818 31.2424 31.2119 35.0912 27.7302 31.0882 27.4686 25.4941 23.5531 20.3001 19.3346 13.2922 2.69326 2.43308 2.03339 0.0050994
threshold=3.724704161680628 49.02000000000001 0.66735822959889357 0.097361704948460456 0.78979857050032498 4.3192383336313256 124.50000000000001 0.52707940498638184 31.500000000000004 34.500000000000007 0.4425504134629335 0.89528508771929838 16.341666666666672 10.986842105263159 0.11772405297197415 23.500000000000004 100.20121437004555 0.097602036626426886 0.62235902395476883 79.500000000000014 0.053206388938554151 0.61120926580290547 0.063648420544972287 27.679487179487186 89.087106887130219 1.0000000180025095e-35 0.56108990670059378 283.50000000000006 3.5457900033545795 255.50000000000003
decision_type=2 2 2 2 2 2 2 2 2 2 2 2 2 2 2 2 2 2 2 2 2 2 2 2 2 2 2 2 2 2
left_child=4 2 6 8 12 -5 21 -8 -4 11 27 15 18 -13 23 -6 17 -12 26 -20 -16 -2 28 -14 -24 -18 -1 29 -11 -3
right_child=1 10 3 5 9 -7 7 -9 -10 22 16 13 14 -15 20 -17 25 -19 19 -21 -22 -23 24 -25 -26 -27 -28 -29 -30 -31
leaf_value=0.058490000965919012 0.061463101719091195 0.062751843316632375 -0.010700256741558625 0.01560922208155517 0.037772057798172706 -0.012842650757868833 0.050123801693681524 -0.028386458061995048 -0.033502503315155696 -0.052286960058953752 -0.010713110584960866 0.012600384996227468 0.038226111986145311 -0.017636545500788626 0.01318929219967677 0.010944723106936921 0.0096920938598377346 -0.034256134957551455 0.03899303045511536 -0.014949800885887279 -0.045952819382400645 0.034499184180544935 -0.055590988031434689 -0.044572854363228741 0.0073433230535537063 -0.044407328007154356 0.048464464045732333 0.019104870299912858 -0.079681688723302141 0.064828429420366651
leaf_weight=201.52718177437782 172.38192242383957 13.029718324542051 930.20927681028843 984.37145636975765 254.85136410593987 629.6257449388504 136.07623448967934 157.90074299275875 728.705062687397 10.899967238307001 242.20222534239292 204.47531950473785 106.29892294108868 170.52129644155502 53.786862879991531 189.01412096619606 11.657238245010374 456.7627642005682 430.87503725290298 28.474800452589989 30.918439745903015 178.37031733989716 18.250943720340729 7.9567904621362677 36.833879917860031 436.64255687594414 100.34404668211937 3.83645474910736 17.893407002091408 3.8240226507186881
leaf_count=1437 1007 82 4039 4278 1168 2777 870 759 3377 45 1170 947 543 724 251 806 54 2452 2152 148 139 887 76 36 154 2443 670 17 74 22
internal_value=2.40258e-05 -0.00872671 -0.00204218 -0.00827634 0.0239127 0.00451005 0.0296049 0.00795442 -0.0207165 0.00944261 -0.0311484 0.0137557 0.0375171 -0.00114918 0.0150651 0.026348 -0.0327028 -0.0260981 0.0433854 0.0356491 -0.00839828 0.047751 -0.0326641 0.03246 -0.0135083 -0.0430006 0.0551574 0.0550425 -0.0693112 0.063223
internal_weight=6948.52 5085.6 3917.64 3272.91 1862.92 1614 644.729 293.977 1658.91 902.74 1167.95 818.862 960.182 374.997 198.961 443.865 1147.26 698.965 761.221 459.35 84.7053 350.752 83.8782 114.256 55.0848 448.3 301.871 20.6902 28.7934 16.8537
internal_count=33604 24234 17994 14471 9370 7055 3523 1629 7416 3994 6240 3645 5376 1671 969 1974 6119 3622 4407 2300 390 1894 349 579 230 2497 2107 121 119 104
is_linear=0
shrinkage=0.05


Tree=26
num_leaves=31
num_cat=0
split_feature=4 9 7 1 2 3 0 1 3 3 7 3 0 6 0 3 2 3 4 0 3 9 3 2 3 9 3 4 9 8
split_gain=536.901 236.531 163.494 149.414 124.43 141.213 87.9349 84.998 76.3509 70.5338 64.3291 74.1029 162.344 43.7721 43.6463 53.0853 43.2231 56.5702 41.8095 38.7278 37.8918 30.2698 26.8037 25.6102 24.6571 22.7686 20.191 19.8055 18.4381 16.3597
threshold=4.0668528864059601 0.11596474490027715 0.057181782794861823 10.14835164835165 75.849628945658509 0.78281378178835126 40.500000000000007 14.324561403508774 0.69452761144377917 0.94519519519519524 0.010016722408026759 0.77296157450796643 61.500000000000007 0.086685934489402719 19.500000000000004 0.78611556982343511 30.257231404958684 0.61120926580290547 3.6137488748874893 40.500000000000007 0.87596153846153857 0.078192934782608706 0.5133894728215217 1.0000000180025095e-35 0.86996779388083745 0.058997563522450405 0.89323708206686947 3.5323627984918313 0.049844720496894417 0.25649460188933876
decision_type=2 2 2 2 2 2 2 2 2 2 2 2 2 2 2 2 2 2 2 2 2 2 2 2 2 2 2 2 2 2
left_child=1 4 7 9 5 13 -7 8 -3 14 20 12 -12 -1 26 -16 17 -4 -9 -13 23 24 -23 -5 -6 28 -2 -18 -11 -22
right_child=3 2 16 10 21 6 -8 18 -10 25 11 19 -14 -15 15 -17 27 -19 -20 -21 29 22 -24 -25 -26 -27 -28 -29 -30 -31
leaf_value=0.027162781912130209 0.039337444609386728 0.047349863046000154 0.046125682476203779 0.064701998702741362 0.030455581558612561 0.016986939773702164 -0.038008815720164513 0.015934938709109857 0.010414674915577191 -0.019662679470123057 0.028643262678693094 -0.031198991320569792 -0.027381329859298843 0.047778809450592569 0.025770468168902688 -0.018697557265612542 0.0032627730256016073 -0.018015213292713654 -0.019472793235549138 -0.054841144245198627 -0.0086458642243376956 0.028015641250259356 -0.038566832684248445 0.0081730427041453047 -0.080844725690783714 -0.026033151317894465 0.012542702009843696 -0.044703437471412422 0.037259469218236523 -0.052761002167046503
leaf_weight=452.83612751960754 128.56431031227112 184.64526481926441 37.648422315716743 26.782649993896484 41.237050727009773 930.58849906921387 78.84283934533596 118.09870208799839 577.61740857362747 28.111985072493553 154.41258630156517 520.18881642818451 795.26509207487106 596.78689812868834 104.31277377903461 188.2079886496067 24.127556785941124 395.50886224210262 283.52923806011677 259.69016851484776 94.433762222528458 17.420368626713753 114.22905115783215 79.538595139980316 5.6589816063642493 239.92985533177853 155.15622887015343 199.18174451589584 28.801670908927917 27.031150951981544
leaf_count=2469 565 1150 240 119 188 4105 345 545 2524 119 703 2455 4335 3430 521 827 111 1712 1358 1405 426 95 568 368 23 1038 627 996 116 121
internal_value=2.54292e-05 0.0116836 -0.00169999 -0.0166888 0.0225716 0.0260436 0.0126914 0.00955366 0.0193616 0.000511837 -0.0243612 -0.0276508 -0.018272 0.0388845 0.0107119 -0.00284028 -0.0216523 -0.0124403 -0.00906115 -0.0390715 0.000615978 -0.017469 -0.0297564 0.0224129 0.0170249 -0.0192888 0.0246844 -0.0395209 0.00914329 -0.0184634
internal_weight=6888.38 4057.96 1820.36 2830.43 2237.6 2059.05 1009.43 1163.89 762.263 873.085 1957.34 1729.56 949.678 1049.62 576.241 292.521 656.467 433.157 401.628 779.879 227.786 178.545 131.649 106.321 46.896 296.844 283.721 223.309 56.9137 121.465
internal_count=33604 19859 8636 13745 11223 10349 4450 5577 3674 3813 9932 8898 5038 5899 2540 1348 3059 1952 1903 3860 1034 874 663 487 211 1273 1192 1107 235 547
is_linear=0
shrinkage=0.05


Tree=27
num_leaves=31
num_cat=0
split_feature=4 2 3 0 3 3 3 3 1 10 0 3 0 9 0 0 1 9 6 3 0 7 0 4 1 4 1 1 1 6
split_gain=499.025 269.099 285.246 196.559 209.664 136.951 136.431 92.7332 67.4265 73.705 66.978 147.802 62.4379 53.1727 55.8386 50.2333 23.5433 22.2161 20.8113 19.7392 40.2474 17.4308 12.0412 11.1524 8.06913 8.75704 6.8855 6.07248 5.71872 3.19384
threshold=3.724704161680628 36.012345679012348 0.72240143369175636 20.500000000000004 0.89323708206686947 0.65863337204800632 0.87138130686517801 0.50062972292191443 21.207142857142859 0.014519104084321477 76.500000000000014 0.59881980225595333 13.500000000000002 0.10260169937589293 179.50000000000003 293.50000000000006 9.1833333333333353 0.10772546419098145 0.058170296542389567 0.56108990670059378 98.500000000000014 0.01590463542654778 375.50000000000006 3.334549878345499 16.207142857142859 3.5696059431524554 23.027777777777782 24.81666666666667 19.976190476190478 0.066574330563250253
decision_type=2 2 2 2 2 2 2 2 2 2 2 2 2 2 2 2 2 2 2 2 2 2 2 2 2 2 2 2 2 2
left_child=5 2 10 4 -4 18 -5 15 9 12 17 -12 -7 14 -9 26 -11 -2 19 28 -21 -15 -17 29 -20 -26 -3 -25 -1 -10
right_child=1 7 3 6 -6 8 -8 13 23 16 11 -13 -14 21 -16 22 -18 -19 24 20 -22 -23 -24 27 25 -27 -28 -29 -30 -31
leaf_value=0.055554331464622499 0.054503194664693222 0.05784110025027555 0.040497880850715359 -0.0096073542707082391 -0.0056866738121384083 -0.023224594943954284 -0.042019467225204214 -0.010575255301046558 -0.014210213973276681 -0.0054189069689926537 0.041939910333226332 -0.017943456454494772 0.022658139987787512 -0.0084068092071123215 -0.050877981479569859 -0.058227003999195184 -0.069548560383998356 0.027687034953177245 0.056207568837696779 0.030741414140007278 -0.068628267727866177 -0.038433836094475926 0.026061986567297579 -0.025564865325473741 0.057207842829604144 0.021443522185269293 0.013326879612294269 -0.058010523279473515 -0.0054214849715588523 0.034083977855917928
leaf_weight=43.629255145788193 199.46510208398104 49.406552612781525 335.6196317076683 987.36664950847626 917.57856230437756 79.169446513056755 483.72508418560028 515.80831292271614 7.5411151796579343 27.948738485574722 219.28551782667637 194.37533643841743 1168.6373205929995 51.481120079755783 103.12427389621735 17.072566151618961 29.331252261996269 126.03855650126934 274.76277843117714 41.318611696362495 13.525535106658934 790.03738749027252 5.635778844356536 27.954680606722832 30.499812185764313 39.003965325653553 10.540506668388842 29.787132829427719 4.2168924361467353 6.2697049379348755
leaf_count=286 1086 298 1469 4395 3918 338 2237 2516 31 124 1366 917 5410 252 571 95 126 609 2072 224 65 4421 24 119 191 210 60 126 22 26
internal_value=2.42368e-05 -0.00813239 -0.000394915 -0.00786918 0.00668203 0.0224177 -0.0202651 -0.0254989 0.0146102 0.0172012 0.0271525 0.0138013 0.019747 -0.0284149 -0.0172903 0.0260237 -0.0382577 0.0441197 0.046465 0.0267103 0.0062351 -0.0365969 -0.0373081 -0.0326485 0.0523576 0.0371377 0.0500142 -0.0423025 0.0501803 0.00771392
internal_weight=6830.16 5006.56 3463.45 2724.29 1253.2 1823.6 1471.09 1543.11 1376.64 1305.09 739.165 413.661 1247.81 1460.45 618.933 82.6554 57.28 325.504 446.957 102.69 54.8441 841.519 22.7083 71.5526 344.267 69.5038 59.9471 57.7418 47.8461 13.8108
internal_count=33604 24234 15997 12019 5387 9370 6632 8237 6300 5998 3978 2283 5748 7760 3087 477 250 1695 3070 597 289 4673 119 302 2473 401 358 245 308 57
is_linear=0
shrinkage=0.05


Tree=28
num_leaves=31
num_cat=0
split_feature=4 3 6 4 9 7 0 2 3 1 10 0 3 0 10 8 2 3 0 0 1 6 0 0 3 6 3 1 11 0
split_gain=460.077 219.526 252.518 181.169 134.646 92.751 77.3365 75.6875 100.877 74.433 79.4772 66.5198 53.0524 45.972 31.9169 30.244 22.1505 20.1739 75.4532 13.0293 12.9127 12.1377 11.6969 10.9873 51.9024 5.60724 5.07792 3.6989 2.2916 1.8266
threshold=4.0668528864059601 0.520369083249408 0.09438011174993928 3.6137488748874893 0.063891637803067794 0.057181782794861823 298.50000000000006 31.252218934911244 0.72427368992669028 20.878676470588239 0.0047885106317929601 30.500000000000004 0.78281378178835126 62.500000000000007 0.00069710709061663256 0.24017804154302672 99.013827160493847 0.71478174603174616 79.500000000000014 13.500000000000002 28.04545454545455 0.20185185185185187 41.500000000000007 251.50000000000003 0.49456457520973657 0.091034655951783047 0.45475020475020483 6.8090909090909095 82.110567300916173 195.50000000000003
decision_type=2 2 2 2 2 2 2 2 2 2 2 2 2 2 2 2 2 2 2 2 2 2 2 2 2 2 2 2 2 2
left_child=1 6 3 12 14 -5 23 8 13 10 -4 -10 -3 -6 15 16 -2 18 -9 -17 -11 25 -19 29 -25 -16 -8 -23 -28 -1
right_child=4 2 9 5 7 -7 26 17 11 20 -12 -13 -14 -15 21 19 -18 22 -20 -21 -22 27 -24 24 -26 -27 28 -29 -30 -31
leaf_value=0.061652769880049002 0.024056705549496672 0.032874343240074953 0.030968356681229159 -0.0023810150829876556 0.049685261200093728 -0.027416091067122735 0.0032153053269854768 0.04535746984173683 -0.011893217566575999 -0.012123299646234563 -0.0068436128653444816 -0.038018351376555765 0.0053117526160493533 0.0014160434478735328 -0.0543082423845496 -0.050594118800738379 -0.037027851880178146 -0.028970692692087092 -0.030957893344272333 -0.0024285570712427543 -0.059879976146161175 0.047300211719714373 -0.047232269497935186 0.054829046731320365 -0.088333695632912171 -0.021116786969542795 -0.049814673417119336 -0.006298596114288158 -0.094478167541424671 0.052892766125721052
leaf_weight=186.8933345079422 304.15809535980225 317.2019409313798 1186.2651143744588 874.88688042014837 73.573643051087856 641.0451984256506 3.8700373619794872 34.890777684748173 862.29865311086178 61.772286906838417 157.41180895268917 339.61782859265804 388.29952909052372 149.6858237683773 17.75370942056179 17.592630535364151 15.60221581161022 135.26765166223049 451.656105697155 69.541410684585571 18.36157301068306 6.9962003380060178 249.28701250255108 42.032158859074116 7.4536054134368888 44.917625978589058 11.6475912630558 5.9618168920278549 3.8117949068546286 87.306957595050335
leaf_count=1369 1341 1723 5784 4082 360 3016 18 174 3845 280 719 1666 1701 740 79 74 74 706 2663 306 84 31 1465 314 38 195 63 26 20 648
internal_value=2.51735e-05 0.0109075 0.00730906 -0.00322662 -0.0155936 -0.0129676 0.0491484 -0.0206389 -0.013542 0.0237469 0.0265387 -0.0192752 0.0177042 0.0173228 0.00841625 0.0139603 0.0210762 -0.0322499 -0.0254852 -0.0121533 -0.0230661 -0.0214112 -0.0408087 0.0549501 0.0332657 -0.0305194 -0.048005 0.0226401 -0.0608273 0.0588635
internal_weight=6767.06 3988.26 3645.24 2221.43 2778.8 1515.93 343.015 2296.28 1425.18 1423.81 1343.68 1201.92 705.501 223.259 482.524 406.894 319.76 871.102 486.547 87.134 80.1339 75.6294 384.555 323.686 49.4858 62.6713 19.3294 12.958 15.4594 274.2
internal_count=33604 19859 17389 10522 13745 7098 2470 11619 6611 6867 6503 5511 3424 1100 2126 1795 1415 5008 2837 380 364 331 2171 2369 352 274 101 57 83 2017
is_linear=0
shrinkage=0.05


Tree=29
num_leaves=31
num_cat=0
split_feature=4 2 3 6 3 0 3 4 0 10 0 1 3 11 2 0 3 6 10 3 0 3 1 0 1 4 2 0 6 2
split_gain=421.943 236.916 241.889 183.437 128.292 107.877 154.486 106.706 71.2849 60.8624 62.418 70.9121 45.8873 26.4523 26.3681 25.9686 104.255 20.9304 20.2729 18.3837 35.9052 17.2615 11.8822 8.98756 8.37348 8.2904 5.58731 2.44005 1.40524 0.00404116
threshold=3.724704161680628 53.737142857142864 0.64719012605042037 0.097361704948460456 0.65863337204800632 140.50000000000003 0.50062972292191443 4.5350474942679346 31.500000000000004 0.0017660047592463802 14.500000000000002 21.468627450980396 0.4425504134629335 89.087106887130219 1.0000000180025095e-35 169.50000000000003 0.61858067609685941 0.058170296542389567 0.014519104084321477 0.56108990670059378 98.500000000000014 0.61120926580290547 10.672619047619049 355.50000000000006 16.207142857142859 3.5696059431524554 109.9118463953629 283.50000000000006 0.17287356321839084 78.065759637188236
decision_type=2 2 2 2 2 2 2 2 2 2 2 2 2 2 2 2 2 2 2 2 2 2 2 2 2 2 2 2 2 2
left_child=4 2 5 8 17 21 -7 -5 -4 10 14 -12 27 22 -6 16 -14 19 -15 26 -21 -2 -11 -17 28 -26 -1 29 -19 -3
right_child=1 12 3 7 9 6 -8 -9 -10 13 11 -13 15 18 -16 23 -18 24 -20 20 -22 -23 -24 -25 25 -27 -28 -29 -30 -31
leaf_value=0.053363423718289088 0.057570580635467154 0.060631357365216222 -0.0088027738836840268 0.012008682303497933 -0.043305472147741955 0.054087899672485451 -0.028176976200458722 -0.018389898513054923 -0.029127663419184144 -0.004681827255714993 0.024792933379159464 -0.029461700391400919 0.031260905078737383 0.0088796001689264489 0.0060968974835636687 -0.044317433041568724 -0.031786415284894093 0.055498310129362238 -0.029996344630028673 0.028835704212222507 -0.06501876020944973 0.032476359044227902 -0.064699547651480463 0.01334775543149967 0.055587040228263232 0.020029934295542742 -0.013748400853257722 0.014918509567331617 0.017230236862288598 0.06237203295367047
leaf_weight=41.621230185031891 198.0503353998065 5.8144268691539782 927.57404886186123 1265.2463279366493 53.615269854664803 93.710946291685104 145.95356374979019 374.02052740752697 806.48559771478176 11.445617511868475 988.6502261608839 64.133248135447502 73.166948780417442 111.02052703499794 54.43063098192215 285.93439076840878 631.46132059395313 255.02870504558086 48.047936275601387 40.228497877717018 13.647329494357107 104.78574332594872 29.506118580698967 6.9205479621887198 28.712032966315746 38.208068810403347 3.3509976416826239 3.5170832574367514 2.4217090904712668 7.8171855509281158
leaf_count=291 1225 41 4079 5628 234 695 731 1683 3871 53 4649 272 378 512 243 1733 3518 2052 210 224 65 550 127 36 191 210 17 16 20 50
internal_value=2.49244e-05 -0.00751473 -0.0019356 -0.00691914 0.0208615 0.0290526 0.00398932 0.00507284 -0.0182556 0.0133843 0.0177736 0.0214879 -0.0290465 -0.0120891 -0.0184179 -0.0304407 -0.0252397 0.0449044 -0.0028632 0.0247619 0.00506135 0.0488876 -0.0479252 -0.0429547 0.0510426 0.0352857 0.0483627 0.0520494 0.0551383 0.0616296
internal_weight=6714.53 4930.46 3915.83 3373.33 1784.07 542.501 239.665 1639.27 1734.06 1360.85 1160.83 1052.78 1014.63 200.02 108.046 997.483 704.628 423.219 159.068 98.8481 53.8758 302.836 40.9517 292.855 324.371 66.9201 44.9722 17.1487 257.45 13.6316
internal_count=33604 24234 18462 15261 9370 3201 1426 7311 7950 6300 5398 4921 5772 902 477 5665 3896 3070 722 597 289 1775 180 1769 2473 401 308 107 2072 91
is_linear=0
shrinkage=0.05


Tree=30
num_leaves=31
num_cat=0
split_feature=4 1 3 3 1 0 0 9 10 3 3 0 0 3 7 3 9 7 1 10 0 3 9 6 0 4 1 3 9 9
split_gain=391.837 206.854 172.785 126.485 118.654 105.996 140.367 99.9217 62.4382 60.1133 58.1262 169.839 69.1727 58.4621 51.3467 47.7241 45.8518 45.2073 38.348 44.9781 36.5018 30.6671 21.0184 17.0825 15.655 15.1298 12.8172 7.23524 6.72637 3.56468
threshold=4.0716117216117222 13.93933823529412 0.78281378178835126 0.50062972292191443 10.14835164835165 11.500000000000002 22.500000000000004 0.10641729581331504 0.00052507310219640198 0.94804318488529027 0.8239268680445152 42.500000000000007 25.500000000000004 0.68976429506765624 0.044489428699955022 0.89699381078691431 0.11946147573167419 0.061257406188281772 6.6742424242424248 0.014112960591833834 298.50000000000006 0.76887464387464399 0.058997563522450405 0.084532932891466461 10.500000000000002 4.5350474942679346 5.0769230769230775 0.87138130686517801 0.083200212992545278 0.13485759080219498
decision_type=2 2 2 2 2 2 2 2 2 2 2 2 2 2 2 2 2 2 2 2 2 2 2 2 2 2 2 2 2 2
left_child=1 2 16 20 9 28 -7 8 -5 18 11 21 15 -13 -9 -12 23 -18 24 -20 -3 -6 25 -1 -2 -11 -24 -14 -4 -22
right_child=4 3 5 7 10 6 -8 14 -10 22 12 13 27 -15 -16 -17 17 -19 19 -21 29 -23 26 -25 -26 -27 -28 -29 -30 -31
leaf_value=0.032726009629596549 -0.021866359527352528 0.054846455160026279 -0.024509156223931274 0.012876508361520107 0.051742987881702819 0.024457160468545264 -0.0087968583482055766 -0.0057992556276836712 -0.033119105923530311 0.034321627995308003 0.012615863837633613 -0.012335561648869658 -0.043126134686016226 -0.036905234049768462 -0.031236219236715337 -0.028917468045231071 0.03181218429262582 -0.006565089718945873 0.0071763942931298945 -0.06178401025141405 -0.056399547345390613 0.010767763701073386 0.015672372756456214 0.049569399179488251 0.040016170347096529 -0.018014808820235297 -0.028181892511309072 -0.058513846963296992 -0.062046640435388628 0.0014439848170078018
leaf_weight=244.48026370257139 11.21721528470516 106.33915114402771 15.496042579412459 544.61412342637777 82.433465354144573 776.45332975685596 536.6680458933115 356.60665089637041 85.345662407577038 29.272544160485268 90.623417645692825 547.233886487782 149.6372377872467 434.22484883666039 447.15883227437735 292.09342414140701 277.95675548166037 105.99978360533714 416.58440551161766 25.067988216876984 8.005955368280409 102.37201097607613 18.098083406686783 391.73839512467384 114.97752730548382 26.140826001763344 209.8803099244833 156.06393799185753 51.919217213988304 3.9913737177848807
leaf_count=1463 46 791 66 2555 370 3551 2314 1683 399 120 410 3144 797 2417 2219 1367 1594 534 1887 109 43 474 80 2537 505 110 924 842 233 20
internal_value=2.59768e-05 0.0100614 0.0192581 -0.00416407 -0.0146336 0.00772717 0.0108664 -0.0082648 0.00664512 0.00082119 -0.0217269 -0.0149262 -0.0332479 -0.0232059 -0.0199506 -0.0190828 0.0348623 0.0212173 0.0102078 0.00326223 0.045519 0.029045 -0.0179872 0.043097 0.0345155 0.00963232 -0.0247005 -0.0509817 -0.0534183 -0.0371557
internal_weight=6658.69 3952.77 2400.71 1552.06 2705.92 1380.54 1313.12 1433.73 629.96 851.239 1854.68 1166.26 688.418 981.459 803.765 382.717 1020.18 383.957 567.847 441.652 118.336 184.805 283.392 636.219 126.195 55.4134 227.978 305.701 67.4153 11.9973
internal_count=33604 20002 12292 7710 13602 6164 5865 6856 2954 3781 9821 6405 3416 5561 3902 1777 6128 2128 2547 1996 854 844 1234 4000 551 230 1004 1639 299 63
is_linear=0
shrinkage=0.05


Tree=31
num_leaves=31
num_cat=0
split_feature=4 2 3 9 3 0 3 6 0 3 7 11 3 0 3 0 0 2 3 6 0 11 3 0 5 2 7 0 11 4
split_gain=364.764 229.441 237.502 182.322 108.944 101.08 151.926 93.5279 80.5228 47.1877 46.825 27.3347 27.0946 38.1071 25.9517 29.3914 25.5534 25.5213 26.9192 22.9806 20.8036 18.9283 14.6377 13.6497 12.6853 6.43249 7.90924 3.4638 1.48306 0.00598872
threshold=3.6876990445859876 53.737142857142864 0.64524074368345785 0.11772405297197415 0.72586618876941478 140.50000000000003 0.50062972292191443 0.097361704948460456 31.500000000000004 0.4425504134629335 0.061123241145075211 89.517483277592007 0.89528508771929838 42.500000000000007 0.58185736677115996 88.500000000000014 14.500000000000002 104.93554687500001 0.75079617834394918 0.072501314109784498 20.500000000000004 71.653577182144318 0.61120926580290547 24.500000000000004 0.017804311073541846 109.9118463953629 0.04352812126047069 289.50000000000006 80.760979278074885 4.0607378129117269
decision_type=2 2 2 2 2 2 2 2 2 2 2 2 2 2 2 2 2 2 2 2 2 2 2 2 2 2 2 2 2 2
left_child=4 2 5 7 14 22 -7 -4 -5 27 12 23 13 -6 25 21 -13 18 -11 -17 -14 -16 -2 -12 -19 28 -27 29 -1 -3
right_child=1 9 3 8 10 6 -8 -9 -10 17 11 16 20 -15 15 19 -18 24 -20 -21 -22 -23 -24 -25 -26 26 -28 -29 -30 -31
leaf_value=0.030176084207681548 0.055891099728060029 0.060181126683665313 -0.0097787705562492055 -0.010443372171799895 0.030606191806989994 0.053407040737847855 -0.026680825207513914 0.012103479989619949 -0.034925406755487574 -0.015573126405920091 -0.004892553956880227 -0.033384037901698825 0.012880484383835974 -0.010524192739969915 -0.090195855781555923 -0.045255483910524315 0.011469642688461746 -0.040681584926539865 -0.038067189727720815 0.030502939032782124 -0.023152785314242828 0.037814132760681837 0.032653238642596075 -0.047574804715680444 0.014090208146929637 0.064939301629606802 -0.035230191246376795 6.0608369647637613e-05 0.055643388984260814 0.062188676289162775
leaf_weight=5.8854075893759719 208.03288083523512 9.4555814340710658 799.90695572644472 890.79413342475891 430.81052647531033 98.756580859422684 147.89803513139486 1253.5632790252566 539.14149418473244 415.90303084254265 31.589800700545311 38.002016812562943 162.50735983252525 64.782854944467545 2.9189116954803458 21.126834504306316 193.12141008675098 378.02257998287678 195.53620834648609 19.023750208318233 53.159469321370125 270.80938870459795 100.5079530775547 46.018030345439911 10.875373631715773 3.5396081060171118 4.4457071721553802 2.7456269413232794 199.21526774019003 6.118749886751174
leaf_count=38 1364 69 3680 3969 2015 786 755 5634 2644 2348 142 166 763 282 13 105 876 2315 1071 130 231 1649 539 197 61 22 23 12 1665 40
internal_value=2.4959e-05 -0.00647405 -0.00112537 -0.00596607 0.0212713 0.0292462 0.00538508 0.00357949 -0.0196741 -0.0276796 0.011734 -0.00452653 0.0187921 0.0252297 0.0397316 0.0305893 0.00409466 -0.0291359 -0.0227667 -0.00936038 0.00399869 0.0364491 0.0483213 -0.0302013 -0.0391499 0.0531985 0.00917141 0.0518413 0.0549126 0.0609698
internal_weight=6604.21 5057.26 4038.6 3483.41 1546.96 555.195 246.655 2053.47 1429.94 1018.66 1019.99 308.731 711.26 495.593 526.965 313.879 231.123 1000.34 611.439 40.1506 215.667 273.728 308.541 77.6078 388.898 213.086 7.98532 18.32 205.101 15.5743
internal_count=33604 25287 19371 15927 8317 3444 1541 9314 6613 5916 4672 1381 3291 2297 3645 1897 1042 5795 3419 235 994 1662 1903 339 2376 1748 45 121 1703 109
is_linear=0
shrinkage=0.05


Tree=32
num_leaves=31
num_cat=0
split_feature=4 1 3 3 0 10 0 3 3 0 10 9 3 3 0 4 0 0 3 3 0 3 9 0 9 9 10 2 9 3
split_gain=340.55 217.443 170.321 120.836 120.337 125.88 100.165 121.637 100.683 123.675 94.2288 89.3324 47.9632 40.086 35.4962 36.5218 35.3321 23.9215 30.6552 23.2661 104.007 15.1288 14.6579 11.0802 10.2509 8.72768 8.48649 5.95035 5.38592 4.82605
threshold=4.1445113788487289 13.93933823529412 0.68976429506765624 0.50062972292191443 11.500000000000002 0.0014414416286264596 20.500000000000004 0.89323708206686947 0.82167318982387483 50.500000000000007 0.000574218811823731 0.10641729581331504 0.49009890205646572 0.72586618876941478 11.500000000000002 4.614133648728564 298.50000000000006 35.500000000000007 0.87411971830985924 0.53736419941110791 150.50000000000003 0.67091312344476906 0.083200212992545278 289.50000000000006 0.13024232948993555 0.070894063773943167 0.011912645853043207 100.20121437004555 0.13342059336823739 0.79674258474576287
decision_type=2 2 2 2 2 2 2 2 2 2 2 2 2 2 2 2 2 2 2 2 2 2 2 2 2 2 2 2 2 2
left_child=1 2 19 16 25 -6 7 24 9 13 11 -5 -11 -8 22 -16 27 18 -10 23 -21 -12 -9 -1 26 -4 -2 -3 -18 -26
right_child=6 3 4 10 5 -7 8 14 17 12 21 -13 -14 -15 15 -17 28 -19 -20 20 -22 -23 -24 -25 29 -27 -28 -29 -30 -31
leaf_value=0.057272652100248844 0.048310683338979594 0.057198366747900256 -0.0086786178847635571 0.010756566671658661 0.019141157081634292 -0.014014751508638594 0.051837209301449388 -0.012282133981211309 -0.011425082574007945 0.037925946342818984 -0.022584599951113508 -0.01541397662661554 -0.025958756750533135 0.0054480746581901498 0.006622843609952263 -0.022868112499371748 -0.056053364604441373 -0.057502435521216921 -0.04302698333141855 0.041106170578851318 -0.067117940223406752 -0.046202124318786279 -0.048481278796465986 -0.040287182945885888 0.048084379172288839 -0.056427003461808491 -0.0043306492056397567 0.01932555139947302 0.010048659658119581 0.0088479307439514945
leaf_weight=188.28019181638956 112.41005203872919 93.351815186440945 11.13205276429653 595.54763872921467 1572.7325496822596 349.96976085007191 63.082270778715611 43.668159425258636 107.93638037145138 30.590305298566818 121.56503897160292 720.66305094212294 742.66817677766085 177.90354315936565 267.93553654849529 172.61550554633141 8.7816939726471883 150.53935971856117 265.50368244946003 358.27028612047434 23.666652545332909 153.33609043061733 77.767323419451714 2.9560494050383559 9.9479213654994947 68.21188460290432 8.2157951742410642 11.667370729148386 4.7474863529205313 36.933482423424721
leaf_count=1643 504 756 48 2828 7225 1557 323 191 501 208 678 3570 4315 819 1144 739 49 869 1355 2383 122 751 361 21 45 309 37 69 25 159
internal_value=2.6359e-05 0.00831874 0.0174962 -0.005505 0.0106159 0.0131061 -0.0156422 -0.000382926 -0.0228788 -0.0136844 -0.00913335 -0.00357256 -0.0234315 0.0175912 -0.0115296 -0.00493222 0.0431934 -0.040676 -0.033893 0.0415282 0.0344001 -0.0357581 -0.0354641 0.0557646 0.0370142 -0.0497278 0.0447253 0.0529908 -0.0328577 0.0171736
internal_weight=6552.6 4284.88 2575.22 1709.66 2002.05 1922.7 2267.72 729.494 1538.22 1014.24 1591.11 1316.21 773.258 240.986 561.987 440.551 118.548 523.979 373.44 573.173 381.937 274.901 121.435 191.236 167.507 79.3439 120.626 105.019 13.5292 46.8814
internal_count=33604 22034 13308 8726 9139 8782 11570 3180 8390 5665 7827 6398 4523 1142 2435 1883 899 2725 1856 4169 2505 1429 552 1664 745 357 541 825 74 204
is_linear=0
shrinkage=0.05


Tree=33
num_leaves=31
num_cat=0
split_feature=4 2 3 0 3 3 3 9 0 11 3 0 3 0 6 3 0 0 7 1 3 0 0 9 9 7 7 1 3 0
split_gain=317.289 203.609 244.962 144.256 199.769 100.574 88.9058 60.3427 52.5326 51.2645 54.3281 45.7433 42.4826 94.7253 41.5759 41.4543 25.1128 25.0589 24.7027 17.0569 12.8506 12.8084 11.3762 10.9756 9.89389 14.3476 6.99448 6.94987 6.04939 4.46777
threshold=3.6876990445859876 31.252218934911244 0.72240143369175636 39.500000000000007 0.87596153846153857 0.65863337204800632 0.50062972292191443 0.10772546419098145 56.500000000000007 84.780756045199254 0.89528508771929838 293.50000000000006 0.54308730466227573 83.500000000000014 0.098099362444364263 0.80086206896551737 38.500000000000007 14.500000000000002 0.01590463542654778 19.781746031746035 0.56351398754713677 271.50000000000006 375.50000000000006 0.061925832279814588 0.15799875182026216 0.058745098039215689 0.054576481538938883 23.027777777777782 0.73931311655096832 174.50000000000003
decision_type=2 2 2 2 2 2 2 2 2 2 2 2 2 2 2 2 2 2 2 2 2 2 2 2 2 2 2 2 2 2
left_child=5 2 12 4 -4 19 11 8 -8 16 14 27 21 -14 -11 -5 23 -12 -9 24 29 -2 -13 -7 -1 -26 -22 -3 -18 -21
right_child=1 6 3 15 -6 9 7 18 -10 10 17 22 13 -15 -16 -17 28 -19 -20 20 26 -23 -24 -25 25 -27 -28 -29 -30 -31
leaf_value=0.049954879024661412 0.057870351044697857 0.054803448134901081 0.018756428765552488 -0.020458407541449886 -0.012097485244128002 0.037054891718851998 0.0040271222960655542 -0.00062314636414110192 -0.022795828189165021 0.015283977659103141 -0.025575612136597876 -0.055879797678756199 0.038878304932960552 -0.0061433465738469561 0.039700607335031751 -0.053343199521751886 -0.031345383031347498 0.0073387447224208067 -0.034631136452926349 0.05919274073608527 -0.0020137906352065802 -0.0047975426912174289 0.026863294048086541 -0.010782860727126536 0.039963442839644286 -0.05653424020069589 -0.079849103624083387 0.0094492568219344819 -0.071730294258851579 -0.0089772337454893623
leaf_weight=287.37063258141279 126.92836605757475 58.585532501339912 840.00470265746117 254.76147951185703 1397.3194390237331 14.52959969639778 289.393898434937 57.38989744335413 494.36991322785616 504.93092545866966 79.369732424616814 16.299805119633678 317.48022016137838 184.86100684851408 266.29230557382107 153.6220570653677 18.225823402404785 213.05311511456966 767.60366068035364 8.792712055146696 7.4340295046567899 8.7131889462470991 5.5748262703418723 68.605020985007286 13.636308409273626 5.3684779629111281 4.7181537300348282 9.8695461824536306 18.87701416015625 3.3076532855629912
leaf_count=2427 1049 442 3696 1187 6246 69 1361 287 2767 2355 351 99 1720 952 1383 801 86 999 4537 55 36 58 24 301 103 30 21 61 82 19
internal_value=2.58601e-05 -0.00606575 0.00120466 -0.00550147 -0.000513365 0.0200674 -0.0201167 -0.0228269 -0.0128918 0.0132582 0.0167564 0.0281511 0.0290149 0.0223104 0.0237147 -0.0328287 -0.0176876 -0.00159491 -0.0322654 0.044449 0.00408453 0.0538448 -0.0347924 -0.00242216 0.0476442 0.0127047 -0.0322338 0.0482645 -0.0518922 0.0405584
internal_weight=6497.29 4982.78 3283.69 2645.71 2237.32 1514.51 1699.09 1608.76 783.764 1183.88 1063.65 90.3297 637.983 502.341 771.223 408.384 120.237 292.423 824.994 330.628 24.2525 135.642 21.8746 83.1346 306.375 19.0048 12.1522 68.4551 37.1028 12.1004
internal_count=33604 25287 15709 11930 9942 8317 9578 8952 4128 5626 5088 626 3779 2672 3738 1988 538 1350 4824 2691 131 1107 123 370 2560 133 57 503 168 74
is_linear=0
shrinkage=0.05


Tree=34
num_leaves=31
num_cat=0
split_feature=4 1 3 6 7 0 3 3 0 0 10 3 0 7 4 3 3 0 0 3 3 1 4 9 0 1 0 9 3 3
split_gain=293.499 191.294 175.731 198.73 132.134 91.6695 93.3288 85.998 119.212 84.3094 70.9482 43.101 37.0931 32.7835 28.9031 26.9702 26.3837 26.1088 25.4831 33.7648 22.0567 19.9695 15.6925 13.8346 11.7057 8.7818 6.14575 5.8479 5.15662 4.90777
threshold=4.1445113788487289 20.027777777777782 0.56108990670059378 0.098556858391729701 0.057181782794861823 19.500000000000004 0.89323708206686947 0.80982519590114543 50.500000000000007 287.50000000000006 0.0059940119760479053 0.68691260430390877 11.500000000000002 0.029459980713596918 4.614133648728564 0.72427368992669028 0.44916643512086701 171.50000000000003 32.500000000000007 0.87411971830985924 0.68559907834101386 26.552380952380958 3.5387112887112893 0.083200212992545278 56.500000000000007 17.976190476190478 67.500000000000014 0.13613794459602294 0.64110105580693832 0.86402157164869042
decision_type=2 2 2 2 2 2 2 2 2 2 2 2 2 2 2 2 2 2 2 2 2 2 2 2 2 2 2 2 2 2
left_child=1 2 9 4 -4 6 25 8 15 17 -5 -10 23 20 -14 -7 -11 -1 19 -9 26 22 -15 -8 -22 27 -3 -2 -23 -20
right_child=5 13 3 10 -6 7 12 18 11 16 -12 -13 14 21 -16 -17 -18 -19 29 -21 24 28 -24 -25 -26 -27 -28 -29 -30 -31
leaf_value=0.060572647743648428 0.037234624883787135 0.072679021493515267 0.0081341575117611347 0.027157913117297545 -0.017495771133056236 0.048755415617981662 -0.01114358420421901 -0.0058328860481181889 -0.010985979104833055 0.059591286385151356 -0.010111059445404458 -0.035408042661350433 0.0088131606834246749 0.015104320602779751 -0.018748020013302891 0.0096025537863998651 -0.068085136994725279 0.033846284880836429 -0.043463683383992674 -0.038011465788934967 -0.0058507489602554049 -0.033030706171335487 -0.029465528852569197 -0.04653389677761801 -0.061017243380628285 0.064834014949092536 0.022158934662591445 0.013501905707266913 -0.062096496058764578 -0.058710713642373694
leaf_weight=208.51926435530186 92.125411704182625 8.2287681028246897 1291.9143403843045 1151.7396517470479 823.36849192529917 61.827204287052155 43.369236305356026 116.6200990229845 420.88309440761805 4.9960869997739819 143.62280011922121 316.52613004297018 244.26360343396664 21.790018729865551 155.79470957815647 152.40909945964813 21.283643305301666 162.66304611414671 129.49317778646946 270.86311233043671 54.511987820267677 20.719100266695023 210.87228441238403 76.016385063529015 11.675330519676207 21.858958080410957 22.425666287541389 36.138477817177773 57.909999907016754 89.087975084781647
leaf_count=1737 427 42 6292 5738 3937 325 191 528 2568 38 659 1858 1033 96 663 696 120 1367 745 1389 237 127 1161 361 61 93 130 157 292 536
internal_value=2.66786e-05 0.00778264 0.0112693 0.00760262 -0.00184223 -0.0146554 0.000816442 -0.0213058 -0.0119303 0.042733 0.0230257 -0.0214689 -0.00921896 -0.0247494 -0.00191999 0.0209018 -0.0438123 0.0488604 -0.0360272 -0.0283267 0.000657312 -0.0326534 -0.0252913 -0.0336777 -0.015582 0.0355402 0.0357204 0.0305479 -0.0544375 -0.049678
internal_weight=6443.52 4216.24 3808.11 3410.65 2115.28 2227.28 669.567 1557.71 951.646 397.462 1295.36 737.409 519.444 408.133 400.058 214.236 26.2797 371.182 606.064 387.483 96.8418 311.291 232.662 119.386 66.1873 150.123 30.6544 128.264 78.6291 218.581
internal_count=33604 22034 19888 16626 10229 11570 2925 8645 5447 3262 6397 4426 2248 2146 1696 1021 158 3104 3198 1917 470 1676 1257 552 298 677 172 584 419 1281
is_linear=0
shrinkage=0.05


Tree=35
num_leaves=31
num_cat=0
split_feature=4 9 2 3 0 3 7 0 2 3 9 11 3 0 3 0 1 0 3 3 3 6 3 3 11 10 3 2 7 0
split_gain=276.067 186.486 157.736 120.04 105.619 93.7182 74.0106 66.1986 60.4928 57.1574 40.6704 49.3681 51.5304 30.5399 24.147 27.056 23.2259 23.2241 57.2619 21.3885 20.6048 19.9223 17.4684 17.2214 15.4409 9.33431 7.5901 6.26404 7.15881 4.9622
threshold=3.6876990445859876 0.11772405297197415 64.024793388429757 0.65863337204800632 50.500000000000007 0.72586618876941478 0.063144603934077628 140.50000000000003 31.252218934911244 0.65312020762062051 0.061925832279814588 89.087106887130219 0.88284313725490204 23.500000000000004 0.58185736677115996 88.500000000000014 10.327956989247314 183.50000000000003 0.56108990670059378 0.82785560344827591 0.44916643512086701 0.072501314109784498 0.4425504134629335 0.63168905527416885 78.873204275756223 0.0046242781433508415 0.94804318488529027 109.9118463953629 0.04352812126047069 19.500000000000004
decision_type=2 2 2 2 2 2 2 2 2 2 2 2 2 2 2 2 2 2 2 2 2 2 2 2 2 2 2 2 2 2
left_child=5 2 3 7 -5 14 8 -2 9 -3 25 13 -13 -12 27 24 19 18 -4 -8 -10 -17 -19 -18 -16 26 -7 -1 -29 -27
right_child=1 6 17 4 -6 10 16 -9 20 -11 11 12 -14 -15 15 21 23 22 -20 -21 -22 -23 -24 -25 -26 29 -28 28 -30 -31
leaf_value=0.052965235486905973 0.047771927715569817 0.034813783198484237 0.067831619595469753 0.007792865526041636 -0.021300437185677472 0.04454864886925463 0.010676805645594057 0.0069215093223431922 0.056125819081765095 -0.007173368426318074 0.0094254192483738519 0.022832988605463244 -0.0054490948537003715 -0.0337624887631277 -0.037722158816299083 -0.043910681203531671 -0.015103780447967424 0.039023681696305247 -0.021820775092885297 -0.025822477592919463 -0.027518072941060696 0.027901562183830438 -0.045496850634370832 -0.040947597984057012 0.036043512388047837 0.021526895765388049 0.0057588392043132486 0.063260114201263803 -0.034845799987260895 -0.033024477430055717
leaf_weight=178.8636486530304 253.78503144532442 91.07173328101635 18.812462665140629 1676.3316353932023 383.28391909599304 108.36046414077282 52.183078937232494 162.78724204003811 7.4991522133350363 736.94075959920883 65.378448784351349 426.38685753941536 258.82064552605152 109.48007343709469 7.2997444793581954 20.92792621254921 76.684704452753067 6.4196846634149543 334.49176665395498 173.88283517956734 404.74822499603033 17.934214346110821 128.05571549385786 404.38086114823818 251.95944380015135 11.287604793906214 14.272083297371863 3.2236035093665114 4.3941650837659836 6.6098763048648825
leaf_count=1703 1645 607 105 7569 1935 555 242 1108 52 3373 299 1992 1201 475 33 105 472 46 1949 776 2365 130 851 2192 1629 53 68 22 23 29
internal_value=2.50836e-05 -0.00568701 0.00221036 0.00732975 0.00237875 0.0189142 -0.017707 0.0318085 -0.0103469 -0.00255527 0.0101734 0.00609866 0.0121501 -0.0176148 0.0369621 0.0281348 -0.0306161 -0.023778 -0.017047 -0.0173973 -0.0259965 -0.0107706 -0.0414619 -0.0368279 0.0339666 0.0351114 0.0400343 0.0510741 0.00666958 0.00138005
internal_weight=6396.56 4911.36 2963.97 2476.19 2059.62 1485.2 1947.39 416.572 1240.26 828.012 1000.6 860.066 685.208 174.859 484.603 298.121 707.131 487.78 353.304 226.066 412.247 38.8621 134.475 481.066 259.259 140.53 122.633 186.481 7.61777 17.8975
internal_count=33604 25287 15208 12257 9504 8317 10079 2753 6397 3980 4672 3967 3193 774 3645 1897 3682 2951 2054 1018 2417 235 897 2664 1662 705 623 1748 45 82
is_linear=0
shrinkage=0.05


Tree=36
num_leaves=31
num_cat=0
split_feature=4 1 3 0 0 3 0 3 3 0 10 7 6 3 3 0 4 10 0 3 3 1 0 3 3 1 10 9 2 9
split_gain=254.903 175.856 146.982 124.799 141.996 97.427 82.6872 94.8756 89.7333 98.9014 80.4561 76.5359 62.8164 43.3164 41.3039 30.1966 31.0357 30.028 28.7161 28.1988 27.1106 25.8161 18.2407 17.6015 14.3596 12.8811 8.57564 8.87373 5.99093 5.26428
threshold=4.1445113788487289 13.93933823529412 0.82785560344827591 22.500000000000004 13.500000000000002 0.50062972292191443 20.500000000000004 0.89323708206686947 0.82116204690831573 43.500000000000007 0.000574218811823731 0.055632930981120397 0.074121436014019146 0.56108990670059378 0.68976429506765624 11.500000000000002 4.7226495726495736 0.0080808410604675477 298.50000000000006 0.77431481930633039 0.67246420649324479 6.8090909090909095 35.500000000000007 0.88799283154121877 0.67091312344476906 5.0769230769230775 0.014727572444907168 0.13613794459602294 100.20121437004555 0.13342059336823739
decision_type=2 2 2 2 2 2 2 2 2 2 2 2 2 2 2 2 2 2 2 2 2 2 2 2 2 2 2 2 2 2
left_child=1 2 12 4 -4 18 7 26 9 19 11 -7 13 -1 -11 25 -17 -5 28 -8 -14 23 -23 -10 -12 -9 27 -2 -3 -20
right_child=6 5 3 17 -6 10 8 15 21 14 24 -13 20 -15 -16 16 -18 -19 29 -21 -22 22 -24 -25 -26 -27 -28 -29 -30 -31
leaf_value=0.048359413296962667 0.043191637907796496 0.055387153239568811 -0.031371925904682102 -0.016075397912634046 0.023527184100433793 0.0066284627318110752 0.040011789295535526 0.0086136813303218963 0.077921515408532774 -0.0089921803275512732 -0.020465688451821597 -0.018251505943997489 0.048510326923876503 0.0078984652385185507 -0.032071855290602816 0.0048227078100058557 -0.024453654154358073 -0.059756759931146111 -0.053143866223946484 0.00077325149494466248 0.029170509128373153 -0.033753909586607921 -0.055168039120585204 -0.019585392549541197 -0.043895768893211451 -0.038968156937526345 -0.018273752069328464 0.016391954912669798 0.016264543787566605 0.01381657940044375
leaf_weight=77.39646016061306 114.6612910553813 82.021820932626724 143.23598022758961 321.67686761915684 662.84903140366077 772.77923808246851 96.444453813135624 16.554712176322937 7.6551850885152843 430.36294517666101 116.9859544634819 515.16702637821436 279.45221034437418 455.1637883707881 352.74136258661747 309.94444096088409 127.87197399139404 44.826265797019005 8.2112997695803625 87.172742158174515 515.42782732099295 346.03414508700371 139.54789041727781 11.705062940716742 148.28070911020041 101.01235842704773 7.6403945535421363 42.276289157569408 11.110960990190504 4.5681853592395774
leaf_count=682 525 756 629 1420 3096 3795 468 75 32 2662 678 2603 2475 2270 2104 1330 553 196 49 400 2540 1790 877 57 751 477 35 185 69 25
internal_value=2.52285e-05 0.00729674 0.0156723 0.00277303 0.013772 -0.00532384 -0.0137743 0.000111044 -0.0205672 -0.0116441 -0.00848778 -0.0033233 0.0270668 0.0137786 -0.0193882 -0.00976953 -0.00372797 -0.021418 0.0410756 0.0213832 0.0359697 -0.0376505 -0.039908 0.0189696 -0.0335628 -0.0322681 0.0334539 0.0359723 0.0507197 -0.029208
internal_weight=6350.78 4159.15 2500.03 1172.59 806.085 1659.13 2191.63 719.961 1471.66 966.722 1553.21 1287.95 1327.44 532.56 783.104 555.383 437.816 366.503 105.912 183.617 794.88 504.942 485.582 19.3602 265.267 117.567 164.578 156.938 93.1328 12.7795
internal_count=33604 22034 13308 5341 3725 8726 11570 3180 8390 5634 7827 6398 7967 2952 4766 2435 1883 1616 899 868 5015 2756 2667 89 1429 552 745 710 825 74
is_linear=0
shrinkage=0.05


Tree=37
num_leaves=30
num_cat=0
split_feature=4 2 3 9 10 3 0 0 3 3 11 3 3 0 6 0 0 0 10 3 3 11 6 7 0 8 2 11 0
split_gain=242.151 185.796 210.866 157.398 85.0016 68.272 61.1132 60.7724 118.656 42.2254 33.7688 40.8405 30.4457 133.597 23.3721 23.0478 21.8059 19.9344 13.5748 12.4204 9.03735 10.5546 12.4171 6.40753 5.5644 3.73224 1.01816 0.158006 0.0598112
threshold=3.5899537620849102 50.243966942148766 0.61297335203366077 0.11772405297197415 0.012673285216675536 0.69614048150905938 31.500000000000004 173.50000000000003 0.49009890205646572 0.4425504134629335 88.494009197324445 0.88284313725490204 0.75079617834394918 55.500000000000007 0.098099362444364263 30.500000000000004 38.500000000000007 14.500000000000002 0.0059940119760479053 0.55889894419306196 0.57938211049799049 92.384384057971047 0.04898547315179675 0.065261756876663732 300.50000000000006 0.1993975577152354 111.1493261012492 82.848934590597807 270.50000000000006
decision_type=2 2 2 2 2 2 2 2 2 2 2 2 2 2 2 2 2 2 2 2 2 2 2 2 2 2 2 2 2
left_child=5 2 7 4 -4 20 -5 19 -9 24 16 14 13 -11 -12 -14 18 -13 -7 -2 26 22 -22 -18 28 -23 27 -1 -3
right_child=1 9 3 6 -6 10 -8 8 -10 12 11 17 15 -15 -16 -17 23 -19 -20 -21 21 25 -24 -25 -26 -27 -28 -29 -30
leaf_value=0.04625161051786205 0.058302350620082259 0.058614101985089199 0.0075481413663147472 -0.0077040103144311867 -0.035382007791840878 0.008817873778213723 -0.028114305006561653 0.052774587833402199 -0.037290774030365306 0.052414826812453075 0.020194796769382919 -0.021990337419696266 -0.012789740607984549 -0.025070977829356862 0.045359361140176947 -0.044953106857955685 -0.02954924147437419 0.011160343790279121 -0.059129920691612853 0.037107331382221824 -0.025552004173722404 0.049657488309375351 0.031524012012918906 -0.078359127632014247 -0.015995578492463854 0.0077647729322887901 0.030874524264801358 0.056414027623658151 0.066869374342693869
leaf_weight=3.9703971967101088 138.53012496978045 14.565217964351183 2111.5608146935701 956.79079131036997 121.96340242773294 75.795304909348488 594.72322648018599 73.355657666921616 72.92247336357832 60.576348841190338 282.35449723899364 62.159269034862518 72.791298069059849 680.98169110715389 137.05878488719463 237.20562348514795 17.292201563715938 167.67408208549023 8.140023007988928 137.95406657457352 12.048250883817671 84.10658560693264 45.575545765459538 11.001622214913366 2.8145638704299918 5.6753365769982329 4.1735805943608275 104.36350887268782 2.583258979022502
leaf_count=35 1198 121 9989 4360 546 345 3038 736 389 286 1328 276 370 4303 732 1468 76 808 35 897 60 642 316 49 12 43 27 1101 18
internal_value=2.47369e-05 -0.00428673 0.000446649 -0.0032941 0.00520391 0.0223097 -0.0155276 0.033938 0.00787527 -0.0228745 0.0147574 0.0191351 -0.0242421 -0.0187413 0.0284182 -0.0374007 -0.0105678 0.00219462 0.00222832 0.0477269 0.0444361 0.0362907 0.0195903 -0.0485282 0.0491632 0.0470093 0.055108 0.0560416 0.0598577
internal_weight=6300.71 5279.32 4207.8 3785.04 2233.52 1021.39 1551.51 422.762 146.278 1071.52 761.476 649.247 1051.55 741.558 419.413 309.997 112.229 229.833 83.9353 276.484 259.913 147.406 57.6238 28.2938 19.963 89.7819 112.507 108.334 17.1485
internal_count=33604 27731 21153 17933 10535 5873 7398 3220 1125 6578 3649 3144 6427 4589 2060 1838 505 1084 380 2095 2224 1061 376 125 151 685 1163 1136 139
is_linear=0
shrinkage=0.05


Tree=38
num_leaves=31
num_cat=0
split_feature=4 6 3 7 3 0 4 0 3 3 0 3 6 0 3 7 7 1 0 3 1 10 0 3 10 3 9 10 3 3
split_gain=224.122 168.317 148.413 120.528 72.4277 74.6736 70.3978 65.4527 73.3283 72.7929 88.5096 64.8804 38.9445 33.4056 33.323 27.3652 25.8105 24.3648 25.8685 19.8258 18.9575 17.761 16.1147 25.8632 9.74976 8.60145 8.44463 6.34266 5.48838 4.8352
threshold=4.1875961538461546 0.09438011174993928 0.50062972292191443 0.057756246365202511 0.68559907834101386 51.500000000000007 3.5457900033545795 20.500000000000004 0.89699381078691431 0.80982519590114543 43.500000000000007 0.89528508771929838 0.04855755894590847 298.50000000000006 0.49009890205646572 0.062411473087818699 0.052568772767240306 16.017857142857146 111.50000000000001 0.76370794559770949 5.0769230769230775 0.0034376078314591343 33.500000000000007 0.92052631578947375 0.01335562987736901 0.44916643512086701 0.11993690851735017 0.011912645853043207 0.79674258474576287 0.8239268680445152
decision_type=2 2 2 2 2 2 2 2 2 2 2 2 2 2 2 2 2 2 2 2 2 2 2 2 2 2 2 2 2 2
left_child=1 2 13 6 17 11 -4 8 26 10 21 -6 -5 -1 -12 16 -10 24 -19 -7 -17 -9 23 -11 -3 -15 27 -2 -28 -24
right_child=7 4 3 12 5 19 -8 9 15 22 14 -13 -14 25 -16 20 -18 18 -20 -21 -22 -23 29 -25 -26 -27 28 -29 -30 -31
leaf_value=0.05239398959056904 0.039257392629907774 0.050146899256112279 0.023494432538760258 -0.033680087745789018 0.026586107154480912 -0.010240130009604184 -0.0016224380093617528 0.031443814812225572 -0.0078986444934817778 -0.018463269823459735 0.037652577392540992 0.002719279911956903 -0.011690165756342921 0.037839477312190284 -0.021318338300031357 0.023084822812801213 0.030205480935110086 0.043173388388040641 -0.014735250609845233 -0.054344427585697276 -0.027755130059509688 -0.021593904226647177 -0.030949430601345831 -0.048214126411208362 -0.054459179255899083 -0.051506230176916502 0.047726920855636699 -0.0077462569199105366 0.0046200403552442782 -0.052431261226888105
leaf_weight=145.97356905788183 100.85469380021095 226.30596101284027 366.94878717511892 283.87568642944098 762.66014395654202 85.382957696914673 1163.6703734397888 122.6630395129323 211.75431233644485 201.7123236656189 24.901753529906273 454.41190401464701 692.54483141750097 3.6353614628314963 630.51947133988142 20.072926983237267 56.24665854871273 42.199417866766453 35.516069002449512 36.319192342460155 211.93841351568699 18.115959964692593 32.365734241902828 114.52624369412661 2.2496552318334571 10.400655962526796 8.8333715349435789 7.726957604289054 45.002068907022476 137.38353127986193
leaf_count=1484 466 1955 1988 1368 3683 425 5874 585 931 1009 186 2052 3610 17 3899 87 234 232 230 185 955 86 196 628 16 66 40 35 195 887
internal_value=2.58693e-05 0.00638082 -0.00137742 -0.00435719 0.018959 0.0139409 0.00439905 -0.0140659 -0.0013038 -0.0206593 -0.0113517 0.0176751 -0.0180833 0.0453098 -0.0190778 -0.010785 9.84524e-05 0.0408938 0.0167091 -0.023402 -0.0233566 0.0246187 -0.0359082 -0.0292376 0.0491173 -0.0283655 0.0278846 0.0359125 0.0116931 -0.0483354
internal_weight=6256.71 4312.09 2667.05 2507.04 1645.05 1338.77 1530.62 1944.62 662.429 1282.19 796.2 1217.07 976.421 160.01 655.421 500.012 268.001 306.271 77.7155 121.702 232.011 140.779 485.988 316.239 228.556 14.036 162.417 108.582 53.8354 169.749
internal_count=33604 23185 14407 12840 8778 6345 7862 10419 2943 7476 4756 5735 4978 1567 4085 2207 1165 2433 462 610 1042 671 2720 1637 1971 83 736 501 235 1083
is_linear=0
shrinkage=0.05


Tree=39
num_leaves=30
num_cat=0
split_feature=1 3 10 4 6 0 1 3 9 10 3 7 1 11 3 0 4 11 6 9 0 3 0 3 3 2 4 11 0
split_gain=214.502 200.977 157.141 153.06 134.952 73.3957 55.0125 58.3494 49.0637 43.5752 36.7278 36.2485 27.2025 19.4944 14.9267 11.6119 10.557 17.6378 9.68387 9.44221 8.34603 6.95108 6.40043 19.7653 6.03476 4.85814 2.10705 2.01621 1.7045
threshold=20.027777777777782 0.53440555841482251 0.00052507310219640198 4.2780641466208484 0.09212771690317946 271.50000000000006 9.1833333333333353 0.72016949152542387 0.058997563522450405 0.014311315924219152 0.44916643512086701 0.025586470267321335 24.516666666666669 1.0000000180025095e-35 0.80982519590114543 46.500000000000007 3.6530988779275551 77.104951923076939 0.063307838749540782 0.061925832279814588 343.50000000000006 0.60686707928087247 179.50000000000003 0.50062972292191443 0.72758194186765623 8.9836230788611768 4.0770329670329675 81.631057971014528 33.500000000000007
decision_type=2 2 2 2 2 2 2 2 2 2 2 2 2 2 2 2 2 2 2 2 2 2 2 2 2 2 2 2 2
left_child=1 5 3 4 -3 22 9 -8 -5 -4 26 13 16 28 15 -15 18 -18 -13 21 -12 -14 27 -24 -21 -16 -7 -1 -2
right_child=11 2 6 8 -6 10 7 -9 -10 -11 20 12 19 14 25 -17 17 -19 -20 24 -22 -23 23 -25 -26 -27 -28 -29 -30
leaf_value=0.068152775699797566 0.085422899257293392 0.0016286779915188562 0.01961348861591224 0.010599233462010053 0.022466582200068336 0.0586739520230245 -0.0063939283374342005 -0.03539052872028349 -0.016871038568785284 -0.020559554710489734 -0.063783359424817318 -0.022229561234352945 0.049930531871073297 0.028685466688819813 -0.022214957230659728 -0.0090925959639317974 -0.018486190422525136 -0.046267974019861713 0.029846061777296297 -0.03963439857445139 0.004203100110718695 -0.02578003161676445 0.053754888134784053 9.994460648476e-05 -0.056449894143206281 -0.06169644616991108 0.0068719729208646567 0.055555509864621433 0.040991752458817823
leaf_weight=45.16165691614151 5.4818749874830228 1763.0275351330638 156.87070623040199 202.63525894284248 1389.2312365397811 11.128419406712053 287.01561786234379 438.63728420436382 821.58488626778126 118.48423202335835 23.040069282054905 18.015336714684963 3.9075202494859722 31.559072658419609 38.929018318653107 57.220385521650314 239.58630035817623 75.018080025911331 17.69671019166708 120.80392464250326 5.6140840351581565 13.525097280740736 89.880013920366764 21.215698443353176 95.563188828527927 9.7412116006016713 2.383434295654296 107.06287716329098 3.5605656802654266
leaf_count=359 24 8800 746 900 7124 116 1730 2207 4287 531 139 79 22 145 177 352 1541 429 83 810 30 62 986 127 538 57 13 1166 24
internal_value=2.5647e-05 0.00341681 0.00109155 0.00535606 0.0108121 0.0428261 -0.0167011 -0.0239216 -0.0114362 0.00232717 -0.0184188 -0.0254239 -0.0310013 -0.00318494 -0.00786324 0.00433664 -0.0221864 -0.0251108 0.00357594 -0.0442092 -0.0504631 -0.00880951 0.0526334 0.0435085 -0.0470613 -0.0301171 0.0495363 0.0592928 0.0679276
internal_weight=6213.58 5482.97 5177.49 4176.48 3152.26 305.486 1001.01 725.653 1024.22 275.355 42.166 730.608 584.116 146.492 137.45 88.7795 350.316 314.604 35.712 233.8 28.6542 17.4326 263.32 111.096 216.367 48.6702 13.5119 152.225 9.04244
internal_count=33604 29261 26325 21111 15924 2936 5214 3937 5187 1277 298 4343 3564 779 731 497 2132 1970 162 1432 169 84 2638 1113 1348 234 129 1525 48
is_linear=0
shrinkage=0.05


Tree=40
num_leaves=31
num_cat=0
split_feature=4 2 3 0 3 3 3 9 0 3 0 0 11 3 3 7 6 9 0 0 0 0 3 11 6 2 8 8 2 11
split_gain=202.214 162.671 207.911 133.103 147.512 75.7596 63.4928 59.4327 49.0925 42.6333 85.9751 38.0451 30.0308 36.1005 23.8822 21.5794 20.9375 19.7283 16.7405 13.3656 11.0805 10.3042 9.02822 10.1856 11.0768 7.61567 6.9248 3.74575 1.1192 0.169883
threshold=3.5899537620849102 31.252218934911244 0.73931311655096832 40.500000000000007 0.88989898989898997 0.50062972292191443 0.69614048150905938 0.10772546419098145 181.50000000000003 0.54042260843731438 78.500000000000014 293.50000000000006 89.087106887130219 0.88284313725490204 0.79674258474576287 0.01590463542654778 0.098099362444364263 0.06064283612827303 13.500000000000002 39.500000000000007 375.50000000000006 271.50000000000006 0.57938211049799049 92.384384057971047 0.045523625310859357 74.677083333333357 0.13219364893824279 0.1993975577152354 111.1493261012492 82.848934590597807
decision_type=2 2 2 2 2 2 2 2 2 2 2 2 2 2 2 2 2 2 2 2 2 2 2 2 2 2 2 2 2 2
left_child=6 2 9 4 -4 11 22 8 -7 21 -11 25 17 16 -5 -9 -14 26 -15 -19 -13 -2 28 24 -24 -3 -8 -25 29 -1
right_child=1 5 3 14 -6 7 12 15 -10 10 -12 20 13 18 -16 -17 -18 19 -20 -21 -22 -23 23 27 -26 -27 -28 -29 -30 -31
leaf_value=0.044796655241867857 0.055672193958918141 0.056308788026516413 0.013741255605008522 -0.021847072108930499 -0.01130435167262704 -0.0043312510219337469 -0.0068474258610629508 0.0001053262334666217 -0.040676003138495898 0.033586739980962829 -0.0046524223211214686 -0.053605232245137538 0.019052001487342391 -0.024197232141674331 -0.048826212875625719 -0.030742478784873101 0.04348723433411928 -0.0067595282450037056 0.009006609908266688 -0.047143995044983789 0.02955404623270097 -0.0008547817658084351 -0.029556923563356874 0.0483688326623717 0.02852418760419876 0.020330698695659084 0.05824887553652433 0.0056992380779209133 0.02816768129659436 0.055730615906334213
leaf_weight=3.6918988898396483 117.57169526815414 48.967502765357494 1063.9705858379602 183.60541106760502 1313.8998748064041 683.23492150008678 5.9623653739690807 61.235847070813179 107.53561782836914 413.97756931185722 227.92217703908682 15.220920979976656 274.111676633358 48.409236863255501 148.26673938333988 764.2471365109086 128.88673254102468 75.288931906223297 175.870719820261 28.147807434201241 5.4363815188407889 8.6554978787899 9.9870808273553831 79.758345164358616 46.104323714971542 21.023572511970997 12.977663248777388 5.4978381618857375 3.9491416215896598 94.086204461753368
leaf_count=35 1258 500 4829 885 6008 3671 30 314 717 2327 1260 102 1305 213 830 4802 719 337 854 126 24 68 49 642 327 136 65 43 27 1101
internal_value=2.50542e-05 -0.00393335 0.00227116 -0.00423769 -9.77742e-05 -0.0165752 0.0206988 -0.0190699 -0.00927372 0.0252326 0.020009 0.0279042 0.0134984 0.0179186 -0.0339002 -0.0284541 0.0268669 -0.00915869 0.0018398 -0.0177492 -0.0317202 0.0517961 0.0429051 0.0347304 0.0181828 0.0455019 0.0377564 0.0456172 0.0542638 0.0553178
internal_weight=6177.5 5184.77 3477.87 2709.74 2377.87 1706.9 992.73 1616.25 790.771 768.127 641.9 90.6484 749.655 627.278 331.872 825.483 402.998 122.377 224.28 103.437 20.6573 126.227 243.075 141.348 56.0914 69.9911 18.94 85.2562 101.727 97.7781
internal_count=33604 27731 17465 12552 10837 10266 5873 9504 4388 4913 3587 762 3649 3091 1715 5116 2024 558 1067 463 126 1326 2224 1061 376 636 95 685 1163 1136
is_linear=0
shrinkage=0.05


Tree=41
num_leaves=30
num_cat=0
split_feature=1 3 0 3 0 0 3 0 3 0 9 7 1 3 0 11 11 11 3 0 4 11 9 3 0 3 2 8 0
split_gain=189.088 183.842 217.934 241.66 201.821 157.123 185.493 54.8842 34.8704 59.5032 34.6996 32.2738 26.1185 25.2929 51.9657 23.0126 17.6706 14.9586 13.5567 10.1157 9.27081 11.1509 8.7358 6.33615 5.96579 5.90749 4.65129 3.78142 1.56561
threshold=20.027777777777782 0.65863337204800632 57.500000000000007 0.78281378178835126 31.500000000000004 134.50000000000003 0.53069073783359511 271.50000000000006 0.69775807261167822 83.500000000000014 0.10719461697722568 0.025586470267321335 24.516666666666669 0.59666186916755659 91.500000000000014 75.341842105263197 1.0000000180025095e-35 63.288729167668627 0.80982519590114543 46.500000000000007 3.5387112887112893 76.340498106060636 0.061925832279814588 0.64110105580693832 21.500000000000004 0.72758194186765623 8.9836230788611768 0.14262598243180771 33.500000000000007
decision_type=2 2 2 2 2 2 2 2 2 2 2 2 2 2 2 2 2 2 2 2 2 2 2 2 2 2 2 2 2
left_child=1 5 3 10 -5 13 7 -7 9 -4 -3 16 20 24 -15 -8 28 -10 19 -18 27 -22 23 -14 -1 -24 -20 -13 -2
right_child=11 2 8 4 -6 6 15 -9 17 -11 -12 12 22 14 -16 -17 18 -19 26 -21 21 -23 25 -25 -26 -27 -28 -29 -30
leaf_value=-0.023422584679437947 0.082497396482160701 0.038037023419611293 0.016420226102433322 0.0031656958117439616 -0.029820662077198853 0.04913117690409044 -0.0097779787862983525 -0.016632985908223576 -0.0086963938760418798 -0.036132235818345203 0.016863070305993707 0.032319847102850102 0.04273532825344644 0.046587890338225024 0.00050137695036445444 -0.042579906619409608 0.026834301500197472 -0.040988341606601052 -0.02121289942156741 -0.0085305771504799541 -0.016587634125335895 -0.036648968569842032 -0.038057858866398814 -0.026450394524164172 0.054930294518449142 -0.054989892187755365 -0.060369307095391338 -0.013639830327240627 0.039306285102195998
leaf_weight=2.4552630558609954 5.3484557121992093 419.37652118504047 97.016430482268333 2521.3802847415209 568.19682231545448 159.60136281698942 86.407816655933857 39.596481315791607 39.930509336292744 121.09557965397835 359.23321693390608 10.966445505619051 4.4663020968437221 190.93514820933342 89.996061094105244 140.2691658437252 31.477207511663437 352.03147435188293 38.673465132713318 56.543065436184406 223.59065273404121 100.3583113104105 116.27697892487049 12.774241775274275 230.57707146182656 92.489280566573143 9.4343126192688924 7.5613323822617522 3.4525284469127655
leaf_count=25 24 2193 506 11630 2911 1719 566 291 261 688 1729 50 25 1365 492 807 145 2010 177 352 1472 576 810 59 2068 538 57 34 24
internal_value=2.5768e-05 0.00321191 -0.00100739 0.00337303 -0.00290075 0.0233166 0.000857654 0.0360586 -0.0287815 -0.0127569 0.0282678 -0.0241718 -0.0295414 0.0419262 0.0318241 -0.030076 -0.00310949 -0.0376987 -0.00754874 0.00411637 -0.0208352 -0.0228026 -0.0427343 -0.00852727 0.0541048 -0.0455592 -0.0288918 0.0135633 0.065554
internal_weight=6131.51 5418.1 4478.26 3868.19 3089.58 939.838 425.875 199.198 610.074 218.112 778.61 713.413 568.484 513.964 280.931 226.677 144.929 391.962 136.128 88.0203 342.477 323.949 226.007 17.2405 233.032 208.766 48.1078 18.5278 8.80098
internal_count=33604 29261 21928 18463 14541 7333 3383 2010 3465 1194 3922 4343 3564 3950 1857 1373 779 2271 731 497 2132 2048 1432 84 2093 1348 234 84 48
is_linear=0
shrinkage=0.05


Tree=42
num_leaves=31
num_cat=0
split_feature=4 9 2 3 0 7 0 3 2 3 11 0 10 0 3 1 3 9 3 9 2 3 0 3 11 6 8 8 2 11
split_gain=176.818 151.876 115.897 97.5352 94.0061 67.9774 61.0629 57.4099 48.438 47.6823 26.6035 34.1869 24.1652 19.243 39.0009 19.0939 20.2856 17.6876 16.879 14.2415 13.4659 13.1663 12.9447 9.4561 9.85398 10.214 6.69871 3.73749 1.14942 0.176227
threshold=3.5899537620849102 0.11772405297197415 74.677083333333357 0.66057825966082862 57.500000000000007 0.063144603934077628 149.50000000000003 0.69614048150905938 31.252218934911244 0.65312020762062051 88.494009197324445 14.500000000000002 0.0040955650481962749 175.50000000000003 0.56108990670059378 11.60357142857143 0.82637681159420306 0.06064283612827303 0.44916643512086701 0.15221152399578761 1.0000000180025095e-35 0.436283973048679 42.500000000000007 0.57938211049799049 92.384384057971047 0.04898547315179675 0.13628813047417701 0.1993975577152354 111.1493261012492 82.848934590597807
decision_type=2 2 2 2 2 2 2 2 2 2 2 2 2 2 2 2 2 2 2 2 2 2 2 2 2 2 2 2 2 2
left_child=7 2 3 6 -5 8 -2 23 9 -3 17 20 -13 14 -4 16 -7 26 -10 -17 -12 -15 -19 28 25 -25 -9 -26 29 -1
right_child=1 5 13 4 -6 15 -8 10 18 -11 11 12 -14 21 -16 19 -18 22 -20 -21 -22 -23 -24 24 27 -27 -28 -29 -30 -31
leaf_value=0.043799675059027932 0.041662748791059578 0.03264841696570097 0.064264777934353479 0.0068448818582022182 -0.02250201106717626 0.0024577438576110586 0.0040000173919718203 -0.0039038615394215597 0.049310077366594297 -0.0048920573845204797 -0.036584849041895511 0.025498070382603558 -0.0044016457654316478 0.038489921571147459 -0.019745038970916874 -0.027396629783354078 -0.025402046774894733 -0.0091987299365611543 -0.022939909502627344 -0.047568793778149147 0.0046738586612454277 -0.043567619601936634 -0.055713220663029653 -0.024053358174524139 0.046950403497562881 0.02809516038944029 0.058942330627618049 0.0036341694424666688 0.02680157833009475 0.055210623409330466
leaf_weight=3.5208760425448409 293.6422807238996 94.552588626742363 14.606102317571638 1908.8334264680743 318.39692823588848 91.465343803167343 169.88225205242634 6.7771188095212009 8.2458137199282628 802.44498653709888 35.732774332165718 472.55270612239838 78.852987751364708 5.1219401359558097 255.10188916325569 276.07647558301687 228.74473758041859 73.821086123585701 411.16986265033484 128.09242027252913 44.287002712488174 107.2035178616643 18.758110076189041 12.056213110685347 75.276059791445732 42.454182811081409 11.32633852958679 5.3326644375920287 3.8307008221745482 86.726365465670824
leaf_count=35 2150 730 85 8914 1731 444 1364 34 70 3745 161 2416 367 41 1605 1713 1064 329 2541 736 200 798 84 60 642 316 58 43 27 1101
internal_value=2.57009e-05 -0.00368898 0.0033334 0.00699233 0.00264955 -0.0142625 0.0278593 0.0195822 -0.00749325 -0.000934913 0.0128267 0.0167903 0.0212223 -0.0224373 -0.0151955 -0.0265642 -0.0174441 -0.00978465 -0.0215195 -0.0337898 -0.0137502 -0.0398259 -0.0186234 0.0414555 0.0329812 0.0165613 0.0354155 0.0440848 0.0536268 0.0547654
internal_weight=6084.89 5113.58 3072.79 2690.75 2227.23 2040.79 463.525 971.305 1316.41 896.998 742.108 631.425 551.406 382.033 269.708 724.379 320.21 110.683 419.416 404.169 80.0198 112.325 92.5792 229.197 135.119 54.5104 18.1035 80.6087 94.0779 90.2472
internal_count=33604 27731 16688 14159 10645 11043 3514 5873 7086 4475 3649 3144 2783 2529 1690 3957 1508 505 2611 2449 361 839 413 2224 1061 376 92 685 1163 1136
is_linear=0
shrinkage=0.05


Tree=43
num_leaves=31
num_cat=0
split_feature=4 7 9 1 3 0 1 0 3 0 3 10 1 3 2 3 7 4 9 3 8 4 10 1 3 3 1 3 3 9
split_gain=166.782 139.11 86.1942 84.5216 88.6806 64.9441 55.56 54.2893 67.5649 67.8758 62.647 46.3151 25.9439 25.8658 23.5388 25.2332 22.2319 21.3016 19.5295 19.0828 17.1492 16.5868 15.3867 14.9603 14.8193 12.7034 12.7023 10.51 10.0884 5.58406
threshold=4.1875961538461546 0.058289086357258803 0.12058519548095085 20.205263157894738 0.94804318488529027 19.500000000000004 14.020833333333334 20.500000000000004 0.80982519590114543 43.500000000000007 0.9417420814479639 0.0080808410604675477 10.327956989247314 0.72427368992669028 31.252218934911244 0.61120926580290547 0.062411473087818699 4.7226495726495736 0.078192934782608706 0.88029850746268667 0.26344707923655297 3.6369708994708998 0.0047438372872812056 6.0357142857142865 0.61858067609685941 0.92052631578947375 5.0769230769230775 0.44916643512086701 0.45475020475020483 0.13024232948993555
decision_type=2 2 2 2 2 2 2 2 2 2 2 2 2 2 2 2 2 2 2 2 2 2 2 2 2 2 2 2 2 2
left_child=1 3 6 4 5 -1 11 10 9 22 19 -3 -6 -11 15 -4 17 -12 24 29 -21 -8 -9 -10 -5 -25 -18 -20 -16 -2
right_child=7 2 14 18 12 -7 21 8 23 13 16 -13 -14 -15 28 -17 26 -19 27 20 -22 -23 -24 25 -26 -27 -28 -29 -30 -31
leaf_value=0.035069312038839708 0.038150036557029893 0.017016003169672687 0.035006455974353028 0.061082160375138056 0.0017340718600179642 0.014045786265521963 0.010382542514781707 0.027864730878971584 0.053533173008432272 -0.0098057244563902052 0.0085252490194927324 -0.030822122986462176 -0.033645532154162432 -0.032175287175208005 0.059463233971284293 -0.017347690144909233 0.018197553576443981 -0.028377108328546809 0.04688420365353832 0.0114374636488042 -0.032491046022379448 -0.017293477915088579 -0.027251859772108158 -0.029583914280490897 -0.0023736464958898336 -0.048529309859307652 -0.033481704414650697 -0.023666266629558175 -0.037061041148583357 0.013579959622523006
leaf_weight=471.0025695040822 83.836307160556316 542.06795923039317 24.424071937799454 12.210484869778155 105.92859797179699 1669.0621724538505 66.212276462465525 124.49842667207122 4.8758482187986365 434.87991664558649 119.26142206788063 55.804459217935801 101.43553864210844 183.86147578060627 2.747439168393611 398.9066828340292 12.938981756567953 58.184848755598068 5.4247382730245581 176.7340764850378 25.411777228116989 296.85592494904995 14.096213735640047 340.14791056513786 37.328250497579575 119.59025704860687 146.69052837789059 196.33250577002764 183.92283362150192 31.93284035474062
leaf_count=2341 399 3016 204 75 481 10044 376 603 22 2880 523 259 451 1205 26 1853 58 263 42 765 110 1622 68 1992 166 706 684 1109 1120 141
internal_value=2.53315e-05 0.00559672 -0.0061495 0.0126974 0.0156477 0.0186728 0.00318188 -0.0123516 -0.0185774 -0.00936855 -0.00073686 0.0125509 -0.0155724 -0.0164529 -0.0208493 -0.0143271 -0.0157542 -0.00357508 -0.0148625 0.0151856 0.00591521 -0.0122462 0.0222589 -0.0335881 0.0132672 -0.0345121 -0.0292928 -0.0217693 -0.0356404 0.0313728
internal_weight=6046.61 4169.67 1570.94 2598.72 2347.43 2140.06 960.941 1876.94 1221.95 757.336 654.991 597.872 207.364 618.741 610.001 423.331 337.076 177.446 251.296 317.915 202.146 363.068 138.595 464.614 49.5387 459.738 159.63 201.757 186.67 115.769
internal_count=33604 23185 8476 14709 13317 12385 5273 10419 7476 4756 2943 3275 932 4085 3203 2057 1528 786 1392 1415 875 1998 671 2720 241 2698 742 1151 1146 540
is_linear=0
shrinkage=0.05


Tree=44
num_leaves=28
num_cat=0
split_feature=3 1 3 4 9 10 4 3 0 0 0 3 7 7 1 4 9 0 2 3 0 0 8 9 11 11 11
split_gain=158.868 159.75 113.707 100.682 78.1459 69.4383 63.9934 60.0071 43.7779 48.5981 43.3179 42.7625 32.1624 26.499 22.0389 19.1862 11.2896 8.43485 8.02914 12.1363 20.3492 3.56548 1.69773 1.2714 0.689328 0.107491 0.0059829
threshold=0.50062972292191443 11.674242424242426 0.94804318488529027 3.6137488748874893 0.10772546419098145 0.014112960591833834 4.3128156565656575 0.82637681159420306 11.500000000000002 19.500000000000004 293.50000000000006 0.82785560344827591 0.01590463542654778 0.080664878933669859 8.0185185185185208 3.334549878345499 0.083200212992545278 375.50000000000006 74.677083333333357 0.46035674996071041 205.50000000000003 315.50000000000006 0.15220244208604364 0.12348138310953717 39.539375000000028 81.092456970916899 86.206860028099797
decision_type=2 2 2 2 2 2 2 2 2 2 2 2 2 2 2 2 2 2 2 2 2 2 2 2 2 2 2
left_child=10 2 5 11 7 6 -2 -5 16 -10 18 13 -6 -3 -7 -13 -4 21 24 26 -21 22 -12 -23 -1 -26 -20
right_child=1 3 8 4 12 14 -8 -9 9 -11 17 15 -14 -15 -16 -17 -18 -19 19 20 -22 23 -24 -25 25 -27 -28
leaf_value=0.019484287531012234 0.020393561500542737 0.02843132515926482 -0.015730402870130868 0.0029255919482680855 -0.0016590246921866425 -0.0015014492051891593 -0.0022493372366453922 -0.019733571602587943 0.0059170988051250907 -0.031288960348699206 0.0096014259510154541 0.015695818344634134 -0.023792610260270148 -0.013504459224467039 -0.045814262756516025 -0.018624376871923282 -0.051913198406828502 0.029540548842276755 0.058799771412335312 0.051485655264728529 -0.077840703949221074 -0.078683549453587631 -0.039924877169125246 -0.040781134430498522 0.056818336965725663 0.053814858416597333 0.055996835598318508
leaf_weight=1.4149123840033997 1489.4806644171476 277.75466063246131 30.141973778605461 950.91943238303065 189.72266343981028 53.405325770378113 394.73654305934906 421.7804913148284 284.65327699482441 126.89148381352425 3.3844918161630693 60.457094356417656 1216.6643379367888 43.58107677847147 59.120935752987862 124.74848292768002 75.703678742051125 5.3760062754154196 10.144561775028707 6.2074054181575757 5.9641686901450157 5.4352172017097455 3.5404624193906784 3.7315215244889259 39.173739865422249 124.35192578658462 2.3436494693160048
leaf_count=18 7908 1775 137 5309 921 240 1880 2019 1234 632 23 264 7398 240 273 543 381 24 85 42 27 37 25 27 418 1699 25
internal_value=2.29381e-05 -0.00152776 0.00795861 -0.00878665 -0.0125234 0.0133713 0.01565 -0.00403674 -0.0129306 -0.00555464 0.0426333 0.0117147 -0.0208068 0.0227438 -0.0247833 -0.00742115 -0.0416093 -0.0246829 0.0502552 0.0236447 -0.0118853 -0.0427981 -0.0157195 -0.0632545 0.0542337 0.0545344 0.0582737
internal_weight=6010.83 5799.76 2514.13 3285.63 2779.09 1996.74 1884.22 1372.7 517.39 411.545 211.068 506.541 1406.39 321.336 112.526 185.206 105.846 21.4677 189.6 24.6598 12.1716 16.0917 6.92495 9.16674 164.941 163.526 12.4882
internal_count=33604 31154 12685 18469 15647 10301 9788 7328 2384 1866 2450 2822 8319 2015 513 807 518 136 2314 179 69 112 48 64 2135 2117 110
is_linear=0
shrinkage=0.05


Tree=45
num_leaves=30
num_cat=0
split_feature=1 3 6 4 0 4 7 0 3 1 0 3 0 7 1 11 3 0 0 10 4 2 9 3 3 0 4 0 10
split_gain=151.527 153.731 131.082 94.0396 93.2107 84.6197 58.7117 57.2666 34.805 34.3593 30.2351 58.5965 27.9448 27.4806 25.2257 15.2928 11.9656 12.0903 10.7903 9.00647 9.3124 8.1484 7.83211 5.62353 5.46795 4.20098 2.36428 0.932681 0.417089
threshold=20.027777777777782 0.56351398754713677 0.097361704948460456 3.5518360949395436 271.50000000000006 4.2687836021505383 0.063869780835066406 13.500000000000002 0.44916643512086701 6.8090909090909095 171.50000000000003 0.50062972292191443 14.500000000000002 0.025586470267321335 24.516666666666669 1.0000000180025095e-35 0.78979857050032498 47.500000000000007 355.50000000000006 0.0054215238464749077 3.5387112887112893 25.652258831521742 0.061925832279814588 0.72758194186765623 0.64110105580693832 22.500000000000004 4.1112880396319893 31.500000000000004 0.0084817703087680957
decision_type=2 2 2 2 2 2 2 2 2 2 2 2 2 2 2 2 2 2 2 2 2 2 2 2 2 2 2 2 2
left_child=1 4 3 12 10 7 -5 -4 26 -7 25 -12 -3 15 19 27 17 -17 -10 20 -15 -18 24 -24 -16 -1 -6 -2 -21
right_child=13 2 5 6 8 9 -8 -9 18 -11 11 -13 -14 14 22 16 21 -19 -20 28 -22 -23 23 -25 -26 -27 -28 -29 -30
leaf_value=-0.011770526327609311 0.078947098465650692 -0.021481768836416597 -0.019695002540510844 -0.0045286250455962226 0.058080585075657158 0.01925565017216108 -0.020914025814867329 0.019589842125793087 -0.055680308950872774 -0.0099459519496008855 0.052201483092957503 -0.01767529503738284 0.018308309297807385 0.018810977549473501 0.04041820627679292 0.035319704770328329 -0.015084509498545916 -0.0072835121981588789 0.033308267621345179 -0.050356904068793153 -0.019083092221857181 -0.064078382209678195 -0.035830732856764157 -0.052818273106333684 -0.024630229257847688 0.05834182784753416 -0.00084486563754761494 0.045696707401299566 -0.072028998955336487
leaf_weight=2.16175303608179 4.3370123803615552 49.383812047541142 99.699589945375919 1484.0644088611007 10.124044477939604 123.23722454160452 865.55722388625145 1334.0139568597078 38.472226813435555 551.62701322138309 79.70849572494626 48.110001381486654 414.42147164046764 17.132555097341537 4.3484219163656261 24.329935725778341 45.592248409986496 52.776472643017769 3.7373813092708579 3.2911233752965909 302.01276283711195 10.427458025515078 109.9379745349288 87.486458979547024 12.568128213286398 182.83280444517732 2.0463747382163993 4.1054023206233978 6.8218164667487144
leaf_count=24 20 225 431 7659 118 552 4555 7026 254 2798 1063 291 2265 79 25 115 211 340 20 22 1992 65 810 538 59 1969 11 28 39
internal_value=2.29446e-05 0.00288892 0.000560654 -0.0065033 0.0340979 0.00998592 -0.0105647 0.016858 -0.0263218 -0.00461344 0.0446014 0.0259003 0.0140716 -0.0221011 -0.0272112 -0.00247926 -0.00661766 0.00615939 -0.047801 -0.0185209 -0.0170488 -0.0242042 -0.0405608 -0.0433586 -0.00790944 0.0575225 0.0481727 0.062778 -0.0649761
internal_weight=5974.37 5289.2 4922 2813.43 367.193 2108.58 2349.62 1433.71 54.38 674.864 312.813 127.818 463.805 685.168 543.599 141.569 133.126 77.1064 42.2096 329.258 319.145 56.0197 214.341 197.424 16.9166 184.995 12.1704 8.44241 10.1129
internal_count=33604 29261 25511 14704 3750 10807 12214 7457 403 3350 3347 1354 2490 4343 3564 779 731 455 274 2132 2071 276 1432 1348 84 1993 129 48 61
is_linear=0
shrinkage=0.05


Tree=46
num_leaves=28
num_cat=0
split_feature=2 3 0 3 0 0 3 0 3 0 0 11 3 5 6 0 11 0 3 3 0 3 0 0 1 0 3
split_gain=145.324 182.472 149.551 224.597 192.552 103.481 143.916 35.2876 33.9034 42.8997 30.9434 24.9263 22.065 19.0973 16.4094 16.9812 15.8019 15.2254 55.2924 11.9625 9.55753 9.01102 6.44116 3.98646 0.00515077 0.00245082 0.0012702
threshold=74.677083333333357 0.64719012605042037 63.500000000000007 0.78281378178835126 31.500000000000004 138.50000000000003 0.52707940498638184 43.500000000000007 0.69775807261167822 95.500000000000014 271.50000000000006 76.503031135531174 0.4425504134629335 0.017804311073541846 0.058914870295944471 82.500000000000014 67.635781874833413 179.50000000000003 0.62970031099802104 0.82785560344827591 355.50000000000006 0.59247112122643542 74.500000000000014 289.50000000000006 20.310096153846157 197.50000000000003 0.38551917594040291
decision_type=2 2 2 2 2 2 2 2 2 2 2 2 2 2 2 2 2 2 2 2 2 2 2 2 2 2 2
left_child=1 5 3 7 -5 14 10 -3 9 -4 -7 -8 23 17 15 -1 -10 18 -14 22 -19 -16 -15 24 26 -26 -2
right_child=12 2 8 4 -6 6 11 -9 16 -11 -12 -13 13 19 21 -17 -18 20 -20 -21 -22 -23 -24 -25 25 -27 -28
leaf_value=0.044370539847819079 0.056944268513502386 0.032903943912595233 0.0073552084813667809 0.0018230024605441525 -0.029746704339016029 0.051757440372516172 -0.0053017430292335785 0.012451922310828338 -0.016164842197965584 -0.035364380342742766 -0.0053495707879586693 -0.041878147957753423 0.016333449033989547 0.07138444117477985 0.055730448013885873 0.004228505604369966 -0.045407505290345561 -0.041299137477652043 -0.029551936030912992 -0.045213668783884955 0.03374506939925543 0.039012983931925885 -0.00010662487483376052 -0.013838818137735326 0.057377286426673037 0.059475624038111588 0.055225175738552325
leaf_weight=53.145707290619612 2.0404793843626958 516.38061335682869 123.61457481980324 2579.8158294856548 594.25907348096371 122.81516271829605 87.61318638920784 356.52067392319441 59.302007541060448 112.02696965634823 29.399012174457312 99.455222234129906 80.718715950846672 9.5739325657486933 157.89795318990946 52.24478568136692 209.05201604962349 151.80427496135235 351.76312762498856 4.5543210208415976 4.3647810593247405 164.6726001277566 4.6960619166493407 2.4539782255887976 3.0401009693741798 2.5661930665373802 2.2697939425706863
leaf_count=404 20 2697 650 12085 3135 1570 555 1843 396 650 232 571 510 49 1665 357 1208 1214 2385 29 27 1232 34 11 28 20 27
internal_value=2.32442e-05 0.00269364 -0.00110913 0.00208948 -0.00408757 0.02525 0.00462689 0.0245507 -0.0267933 -0.0129542 0.0407277 -0.0247476 -0.0228885 -0.0242347 0.0415998 0.0244711 -0.0389453 -0.02582 -0.0209879 0.0253402 -0.0392017 0.0471962 0.0478577 0.0432189 0.0573386 0.0583378 0.056039
internal_weight=5938.06 5318.22 4550.97 4046.98 3174.07 767.244 339.283 872.901 503.996 235.642 152.214 187.068 619.846 607.475 427.961 105.39 268.354 588.651 432.482 18.8243 156.169 322.571 14.27 12.3705 9.91657 5.60629 4.31027
internal_count=33604 29250 22664 19760 15220 6586 2928 4540 2904 1300 1802 1126 4354 4248 3658 761 1604 4136 2895 112 1241 2897 83 106 95 48 47
is_linear=0
shrinkage=0.05


Tree=47
num_leaves=29
num_cat=0
split_feature=3 0 3 0 3 0 3 3 11 3 0 2 6 0 5 0 3 0 0 1 0 2 1 7 2 4 5 2
split_gain=134.132 143.818 230.883 160.958 247.57 87.0678 82.985 46.0696 19.2208 24.7218 59.6684 21.2188 16.9097 24.1433 12.7756 9.48673 19.939 9.47587 8.95806 7.88517 6.69271 5.866 5.84247 4.59958 1.95968 2.35328 0.474824 0.439191
threshold=0.53440555841482251 122.50000000000001 0.64719012605042037 51.500000000000007 0.8239268680445152 251.50000000000003 0.69775807261167822 0.44916643512086701 75.341842105263197 0.56108990670059378 168.50000000000003 116.22530864197532 0.042594425202045198 82.500000000000014 0.0059612651030561481 195.50000000000003 0.48104686965446469 355.50000000000006 98.500000000000014 15.414215686274511 324.50000000000006 254.07636485966938 11.860389610389612 0.086399245313974013 0.22829861111111113 3.8336550836550845 0.00785857650146673 111.1493261012492
decision_type=2 2 2 2 2 2 2 2 2 2 2 2 2 2 2 2 2 2 2 2 2 2 2 2 2 2 2 2
left_child=5 2 12 4 -4 15 -5 20 11 10 -10 14 13 -2 -3 24 26 23 -14 -18 27 -13 -11 -9 -1 -26 -17 -7
right_child=1 8 3 6 -6 7 -8 17 9 22 -12 21 18 -15 -16 16 19 -19 -20 -21 -22 -23 -24 -25 25 -27 -28 -29
leaf_value=0.010703410149216514 0.040173933095510227 -0.01529291881048201 0.020663180009479535 0.00079637155016971982 -0.0063754280924687547 0.054887347065121585 -0.032348321395467651 -0.038725534916827141 0.059672400686948693 -0.083108534881849619 -0.051778595990222422 -0.030213546388675488 0.049405885316945231 -0.043840389247489883 0.018955861327202408 0.054482759072722112 0.034806407757318115 0.026135648614287306 0.030500646679594595 -0.030298551882893029 -0.020451549239749914 -0.057603586815837909 -0.045683198679956336 -0.099104071046115849 0.051871990868868678 0.064591500172108782 0.027931503770203144 0.027874147136257139
leaf_weight=2.2872815765440455 22.274841219186783 158.4321960285306 1243.1016550660133 279.2342437133193 2654.0834398120642 21.866583261638887 583.4127639606595 47.724501121789217 19.723465643823147 11.200315445661543 30.704921834170818 63.27664677798748 221.62370681390166 13.879607945680617 32.879877038300037 39.344630595296621 7.2077262848615673 5.5388714745640746 87.35893027484417 13.109765529632567 3.5699797123670569 28.286027185618877 151.2487723454833 3.3774517625570288 84.592866443097591 63.782493751496077 1.7591345235705365 1.615861490368842
leaf_count=32 147 1106 6256 1577 12760 289 3598 356 145 59 196 530 1850 75 219 573 69 29 587 80 16 232 930 23 1179 656 24 11
internal_value=2.28241e-05 -0.00171018 0.000786658 -0.00207666 0.00224919 0.0328383 -0.0216196 -0.0103459 -0.0274211 -0.0387701 -0.00818807 -0.0188805 0.040275 0.00792103 -0.00940675 0.0498798 0.0333176 -0.0359831 0.0440608 -0.00720226 0.0433317 -0.038675 -0.0482635 -0.0427161 0.0566318 0.0573398 0.0533464 0.0530285
internal_weight=5896.5 5600.72 5104.97 4759.83 3897.19 295.777 862.647 83.6932 495.752 212.877 50.4284 282.875 345.137 36.1544 191.312 212.084 61.4213 56.6408 308.983 20.3175 27.0524 91.5627 162.449 51.102 150.663 148.375 41.1038 23.4824
internal_count=33604 30267 26850 24191 19016 3337 5175 724 3417 1330 341 2087 2659 222 1325 2613 746 408 2437 149 316 762 989 379 1867 1835 597 300
is_linear=0
shrinkage=0.05


Tree=48
num_leaves=30
num_cat=0
split_feature=1 3 10 0 0 0 1 3 10 9 3 7 1 11 3 0 0 3 0 9 0 3 4 2 4 4 6 11 9
split_gain=128.789 129.771 119.186 110.451 122.85 59.0815 42.5571 53.6854 36.4616 27.8656 26.0375 25.2452 15.7517 13.7643 9.56782 14.2533 7.95009 7.58779 10.3752 7.55893 7.17161 16.1668 6.10034 5.27763 4.63867 2.95426 2.92509 1.6565 0.860237
threshold=21.207142857142859 0.53440555841482251 0.00052507310219640198 11.500000000000002 19.500000000000004 271.50000000000006 9.0156250000000018 0.72016949152542387 0.014311315924219152 0.083200212992545278 0.44916643512086701 0.025586470267321335 26.552380952380958 1.0000000180025095e-35 0.78805704099821761 47.500000000000007 355.50000000000006 0.63497856563550004 125.50000000000001 0.065615168074184479 179.50000000000003 0.50062972292191443 3.4131333093783689 15.936725206611571 4.4447831978319794 4.1112880396319893 0.17677696078431376 80.46096552742307 0.061925832279814588
decision_type=2 2 2 2 2 2 2 2 2 2 2 2 2 2 2 2 2 2 2 2 2 2 2 2 2 2 2 2 2
left_child=1 5 3 9 -5 20 8 -8 -4 -3 25 13 19 28 15 -15 -12 18 -14 24 27 -22 -21 -16 -13 -7 -19 -1 -2
right_child=11 2 6 4 -6 10 7 -9 -10 -11 16 12 17 14 23 -17 -18 26 -20 22 21 -23 -24 -25 -26 -27 -28 -29 -30
leaf_value=0.066899802976711803 0.044353729402961735 -0.0071098968943329455 0.018283384163482842 0.019983996313563891 0.00046771150940744341 0.058024597286314109 -0.0045129552443615058 -0.032611017764420415 -0.019006551457297433 -0.050173989718230311 -0.051385728650092111 0.01714531311748627 0.054172331256168799 0.041459879159878532 -0.016885348060641917 -0.010624872252100114 0.024450919937618949 -0.052031982697078295 -0.032758878559809225 0.025089575509969209 0.050491480554307057 0.00098921042821092974 -0.025915379572280513 -0.061490669034961178 -0.03632587694789554 -0.0060842510323919066 -0.0063012735053932919 0.05348422934022793 0.076984945750881342
leaf_weight=31.767702497541904 4.138406712561844 57.08948028087616 150.03860099986196 1131.7876625582576 2804.2304819412529 9.7134251631796342 282.13382493332028 427.71418325603008 116.41585033386946 109.83576004207134 25.866849489510063 17.966347150504593 3.7866719439625731 18.995371781289577 37.228792898356915 42.57639391720295 3.9887427985668173 94.775141656398773 36.674577184021473 6.0025428235530844 66.802164860069752 21.900819890201092 250.94389594346285 8.0686297416686994 5.2385965436696997 2.2049442306160918 3.6306891143321982 83.463060189038515 3.945103257894516
leaf_count=316 26 255 729 5372 15503 121 1846 2269 531 554 178 86 23 91 174 287 20 627 302 26 999 138 1773 53 28 12 17 1226 22
internal_value=2.32265e-05 0.0023707 0.000653938 0.00439012 0.00607955 0.0378595 -0.0150475 -0.0214433 0.00199115 -0.0354458 -0.0163129 -0.0233866 -0.029081 -0.00262997 -0.00738837 0.00544368 -0.0412539 -0.0428503 -0.0246232 -0.0222557 0.0489562 0.0382693 -0.0247238 -0.0248307 0.00507401 0.0461642 -0.0503447 0.0571827 0.0602792
internal_weight=5858.92 5324.95 5079.25 4102.94 3936.02 245.708 976.302 709.848 266.454 166.925 41.774 533.971 419.018 114.953 106.869 61.5718 29.8556 138.867 40.4612 280.151 203.934 88.703 256.946 45.2974 23.2049 11.9184 98.4058 115.231 8.08351
internal_count=33604 30069 27059 21684 20875 3010 5375 4115 1260 809 331 3535 2882 653 605 378 198 969 325 1913 2679 1137 1799 227 114 133 644 1542 48
is_linear=0
shrinkage=0.05


Tree=49
num_leaves=31
num_cat=0
split_feature=9 4 7 6 10 0 0 3 4 1 2 3 3 3 0 8 3 1 1 1 9 0 3 10 0 0 9 2 4 10
split_gain=126.373 95.5023 78.038 68.2317 58.1724 54.9083 46.1539 51.1804 46.0613 47.1003 42.1473 45.1525 37.9269 37.7734 34.0287 31.7323 19.7016 19.4419 17.612 17.5165 22.8267 17.3301 14.2065 13.7375 11.8331 10.3615 8.15302 7.60231 7.49634 6.2926
threshold=0.11772405297197415 4.1445113788487289 0.063537939260482623 0.088270391688895153 0.01177694378722363 13.500000000000002 20.500000000000004 0.85814889336016098 4.297055965543505 13.67204301075269 49.604687500000004 0.80712322976115003 0.68691260430390877 0.89323708206686947 175.50000000000003 0.26344707923655297 0.5133894728215217 24.81666666666667 7.9687500000000009 10.14835164835165 0.15106040167865711 19.500000000000004 0.84877072612921689 0.0034077356586527693 25.500000000000004 19.500000000000004 0.12126782531194298 21.295887573964499 4.909545454545456 0.011912645853043207
decision_type=2 2 2 2 2 2 2 2 2 2 2 2 2 2 2 2 2 2 2 2 2 2 2 2 2 2 2 2 2 2
left_child=1 3 8 10 5 -5 13 14 9 12 11 -1 -2 29 -8 -15 -12 -11 -6 22 23 28 27 -21 -9 -24 -23 -4 -10 -3
right_child=2 6 19 4 18 -7 7 24 21 17 16 -13 -14 15 -16 -17 -18 -19 -20 20 -22 26 25 -25 -26 -27 -28 -29 -30 -31
leaf_value=0.019167164295701419 0.035008988185585233 0.037696308973837675 0.01265692881135214 -0.029235899664605602 0.011125236623366473 0.02511049563815862 1.1780519195819457e-05 -0.020052864124933761 0.0015991781057026035 -0.0069113416095936062 0.026967698179900926 -0.0057914406228622237 0.0046282562289872023 0.0073085653000911147 -0.030178249890191244 -0.034396714331109156 -0.022654912463518972 -0.04062642283046506 -0.046168402378807788 -0.015531433282880806 -0.041172937349275296 0.0024963995939004985 -0.0094578444021322268 -0.04613961971159164 -0.045801947713643563 -0.034055121757602988 -0.033429220909642114 -0.037356953023327942 -0.029357493628622423 -0.0094831667656101928
leaf_weight=408.22808740660548 122.09491919353604 100.08156047016382 67.43760097771883 48.502841159701347 19.981111280620098 1112.681084766984 562.08016871660948 77.65416643768549 89.905843436717987 488.83000193163753 22.399077691137791 325.85427107661963 647.64934385567904 265.01826451718807 111.92366667091846 55.091200709342957 186.94265857338905 46.858160145580769 40.807012088596821 295.98366695269942 184.9667138196528 17.479982517659664 113.86903339624405 41.8402692489326 104.88166637718678 68.612360253930092 163.583794336766 8.5628512203693372 24.99225802719593 7.6044695302844039
leaf_count=2789 1130 487 325 213 96 6831 3375 412 399 2853 207 1490 3057 1147 877 243 1089 307 190 1845 1064 121 513 275 650 339 1086 43 116 35
internal_value=2.21164e-05 0.00613876 -0.00883383 0.0125458 0.0203444 0.0228404 -0.00466348 -0.011362 -0.00251345 0.00152421 0.0024446 0.00808821 0.00944717 0.00874843 -0.00500151 0.00013104 -0.0173454 -0.0098605 -0.0273359 -0.0217889 -0.0270532 -0.0203228 -0.0111415 -0.0193223 -0.0348478 -0.0187063 -0.0299609 0.00702194 -0.00513442 0.0343646
internal_weight=5832.4 3449.73 2382.67 2165.4 1221.97 1161.18 1284.34 856.54 1601.39 1305.43 943.424 734.082 769.744 427.795 674.004 320.109 209.342 535.688 60.7881 781.272 522.791 295.962 258.482 337.824 182.536 182.481 181.064 76.0005 114.898 107.686
internal_count=33604 20131 13473 12905 7330 7044 7226 5314 9069 7347 5575 4279 4187 1912 4252 1390 1296 3160 286 4404 3184 1722 1220 2120 1062 852 1207 368 515 522
is_linear=0
shrinkage=0.05


Tree=50
num_leaves=28
num_cat=0
split_feature=2 3 0 3 0 0 3 0 0 0 3 0 3 6 5 1 11 0 3 0 0 3 0 0 1 0 3
split_gain=116.405 149.801 131.066 176.651 171.177 87.5528 119.585 28.8596 28.7579 28.4142 21.3022 27.9137 18.1547 17.813 17.0563 15.6482 15.3511 13.7748 13.3183 48.2906 16.3482 10.6802 5.37858 3.97237 0.00573422 0.00250707 0.000830158
threshold=74.677083333333357 0.65863337204800632 63.500000000000007 0.78281378178835126 31.500000000000004 117.50000000000001 0.52707940498638184 43.500000000000007 173.50000000000003 271.50000000000006 0.69775807261167822 83.500000000000014 0.4425504134629335 0.040066889632107035 0.017804311073541846 18.236694677871153 67.635781874833413 82.500000000000014 0.73931311655096832 50.500000000000007 33.500000000000007 0.82785560344827591 86.500000000000014 298.50000000000006 20.310096153846157 197.50000000000003 0.38551917594040291
decision_type=2 2 2 2 2 2 2 2 2 2 2 2 2 2 2 2 2 2 2 2 2 2 2 2 2 2 2
left_child=1 5 3 7 -5 13 9 -3 -8 -7 11 -4 23 17 18 -15 -12 -1 19 -14 -20 22 -16 24 26 -26 -2
right_child=12 2 10 4 -6 6 8 -9 -10 -11 16 -13 14 15 21 -17 -18 -19 20 -21 -22 -23 -24 -25 25 -27 -28
leaf_value=0.027777681959423706 0.055850480276877862 0.029874942150677826 0.010126751014835747 0.0018140323853202763 -0.02821953676784756 0.050900590042401606 0.00061774176832087393 0.010955693393098155 -0.033276281411764905 -0.0046666878265526025 -0.013437437420667537 -0.029940383244071118 0.055718124034035157 0.046874399227304325 0.062990850058577449 0.014539599123459885 -0.042873865718752631 -0.037140931386007166 -0.0072230499270923079 -0.022823592753367726 -0.043886290943169481 -0.04308818337726094 -0.0098925713431084993 -0.017039551888614841 0.056587081344040925 0.05876213116392185 0.054358652673982523
leaf_weight=24.914100587368011 1.7858433946967109 492.71290943771601 72.190387539565563 2559.4323179647326 582.38111070543528 126.61184542253613 135.38071381300688 341.12150660157204 116.38180846720934 28.114239040762186 56.85042342543602 109.25853835046291 20.661102041602135 307.12449423596263 10.884186424314978 42.607281945645809 200.47257409244776 12.159095361828802 39.555946126580238 370.75616225972772 131.43180668354034 4.4050772190093985 3.2984582781791678 2.2983531057834616 2.7683587148785591 2.5408065021038055 1.9516350701451299
leaf_count=199 20 2606 375 12085 3135 1841 833 1761 740 232 396 636 105 2872 59 247 1208 84 218 2839 974 29 24 10 28 21 27
internal_value=2.03382e-05 0.00240926 -0.00118561 0.00167655 -0.00375313 0.0224135 0.00621 0.0221351 -0.0150504 0.0408038 -0.0271192 -0.0139995 -0.0209826 0.0394416 -0.0222058 0.0429351 -0.0363705 0.00648598 -0.0237632 -0.0186777 -0.0354047 0.0249179 0.0460403 0.0416591 0.0565718 0.057628 0.0550715
internal_weight=5800.05 5207.71 4414.42 3975.65 3141.81 793.294 406.489 833.834 251.763 154.726 438.772 181.449 592.338 386.805 580.993 349.732 257.323 37.0732 562.405 391.417 170.988 18.5877 14.1826 11.345 9.04664 5.30917 3.73748
internal_count=33604 29250 22202 19587 15220 7048 3646 4367 1573 2073 2615 1011 4354 3402 4248 3119 1604 283 4136 2944 1192 112 83 106 96 49 47
is_linear=0
shrinkage=0.05


Tree=51
num_leaves=31
num_cat=0
split_feature=9 1 3 0 7 0 3 4 8 2 3 4 0 7 11 3 1 9 7 3 3 0 3 3 0 6 0 7 4 3
split_gain=113.841 85.4204 90.9284 96.4921 70.335 65.3866 79.7468 42.2012 40.6092 31.997 26.7961 24.7664 24.5539 19.3816 17.0389 17.617 15.5763 21.5673 13.5468 12.9954 12.1641 11 19.1507 10.7528 13.5146 10.152 9.66678 4.67422 3.43135 3.09999
threshold=0.11772405297197415 20.027777777777782 0.89528508771929838 24.500000000000004 0.063537939260482623 21.500000000000004 0.82637681159420306 3.5899537620849102 0.26344707923655297 20.228298611111118 0.63676171860028374 4.5173619483964318 14.500000000000002 0.025586470267321335 83.854816289825308 0.69614048150905938 10.14835164835165 0.15106040167865711 0.18301435406698566 0.63339264531435358 0.84877072612921689 229.50000000000003 0.54864183874139638 0.72240143369175636 117.50000000000001 0.17677696078431376 44.500000000000007 0.13079116179615113 3.4784921369102686 0.47629266298794198
decision_type=2 2 2 2 2 2 2 2 2 2 2 2 2 2 2 2 2 2 2 2 2 2 2 2 2 2 2 2 2 2
left_child=1 2 5 8 7 12 -7 14 -4 11 -11 -9 -1 23 28 -16 18 19 20 -18 -6 22 -15 24 -3 -5 -25 -19 -2 -23
right_child=4 13 3 25 16 6 -8 9 -10 10 -12 -13 -14 21 15 -17 17 27 -20 -21 -22 29 -24 26 -26 -27 -28 -29 -30 -31
leaf_value=-0.00024364832276219805 -0.052546974021475769 0.045027683542271796 0.0059610234646264929 -0.050744267907884714 0.009315014763303613 0.015275326045190721 -0.012083247410468423 0.0047717163460157287 -0.031378382230237693 0.001352977829121302 -0.02226262500762 -0.021683733044867915 0.038801323355877888 0.051213639641727295 0.042004446753038625 0.011035218815673764 0.0010309231227153182 -0.036729201160001196 -0.054963482126397289 -0.023342643552867342 -0.015173291570747477 0.00051322973803285263 -0.020674343008529744 -0.0010967089539747077 -0.015180105070981779 -0.0021578665475397996 -0.061313628235777011 -0.061270591395254474 -0.012524897084115983 -0.048247493787640539
leaf_weight=46.254760440438986 8.8444746434688586 26.128385413438082 655.63202383369207 110.99912721663713 72.595161646604538 1471.4261595234275 325.23199423402548 582.37984801828861 81.914107367396355 170.99171939864755 403.74479439854622 104.31009516119957 310.94875969365239 9.6210768781602365 56.589298710227013 243.58416870981455 69.016994770616293 159.22524866461754 16.246358565986156 263.40519778430462 168.22258467227221 3.5298491865396491 249.82910007983446 37.284379206597805 14.488925807178019 11.904364109039305 8.1154425069689733 22.094494089484215 13.576515916734932 42.569592893123627
leaf_count=224 44 159 3006 592 355 10018 1606 2931 372 1284 2391 529 1684 72 621 1201 533 939 77 1587 788 28 1588 174 110 63 55 125 68 380
internal_value=2.00683e-05 0.00586455 0.00871849 -0.00502104 -0.00843304 0.0142073 0.0103229 -0.00240511 0.001814 -0.00653225 -0.0152367 0.000753061 0.0337453 -0.0161053 0.0137331 0.0168736 -0.0208205 -0.0258483 -0.0107725 -0.0182822 -0.00779123 -0.0220075 -0.0180086 0.00486043 0.0235505 -0.0460382 -0.0118608 -0.0397197 -0.0283125 -0.0445139
internal_weight=5760.71 3405.88 3014.31 860.45 2354.83 2153.86 1796.66 1584.02 737.546 1261.43 574.737 686.69 357.204 391.567 322.594 300.173 770.806 513.742 257.064 332.422 240.818 305.55 259.45 86.0171 40.6173 122.903 45.3998 181.32 22.421 46.0994
internal_count=33604 20131 17565 4033 13473 13532 11624 9069 3378 7135 3675 3460 1908 2566 1934 1822 4404 3184 1220 2120 1143 2068 1660 498 269 655 229 1064 112 408
is_linear=0
shrinkage=0.05


Tree=52
num_leaves=28
num_cat=0
split_feature=3 0 3 0 3 3 0 3 0 11 2 2 6 8 2 3 0 0 2 3 0 1 0 8 8 5 11
split_gain=107.76 112.759 176.88 133.792 200.717 48.4461 33.8739 63.3598 33.1083 22.0744 12.6338 11.4215 10.2023 7.84481 7.68536 10.3903 15.3508 6.83981 5.13619 4.76868 18.229 6.56628 3.8742 1.01752 0.822851 0.104809 0.00455395
threshold=0.50062972292191443 169.50000000000003 0.62235902395476883 63.500000000000007 0.73931311655096832 0.68691260430390877 124.50000000000001 0.55889894419306196 293.50000000000006 76.340498106060636 88.899305555555586 27.448531855955686 0.057181782794861823 0.17146626460610634 74.677083333333357 0.46035674996071041 205.50000000000003 346.50000000000006 254.07636485966938 0.53440555841482251 209.50000000000003 12.755952380952383 315.50000000000006 0.2021468622782088 0.2869249394673124 0.0032000081920209719 86.206860028099797
decision_type=2 2 2 2 2 2 2 2 2 2 2 2 2 2 2 2 2 2 2 2 2 2 2 2 2 2 2
left_child=8 2 6 4 -4 -5 12 -8 14 10 11 -3 -2 17 24 26 -17 22 -12 20 -11 -21 -10 -15 25 -1 -16
right_child=1 9 3 5 -6 -7 7 -9 13 19 18 -13 -14 23 15 16 -18 -19 -20 21 -22 -23 -24 -25 -26 -27 -28
leaf_value=0.053750503750724946 0.02587169439496503 -0.057049893908863204 0.031225738277113686 -0.0076010912435849334 -0.0025169618567938757 -0.03324992495788788 0.064276311801132302 -0.014689508801077965 0.0094646211423946563 0.025173636605851007 -0.027843982311897348 -0.0013483157441682766 0.050628169997479877 -0.069703159471712711 0.057203415214955949 0.0466912326965764 -0.070332395965914105 0.059437157335642067 -0.057264669172797794 -0.093376417471727244 -0.057571652467380163 -0.050022388085009167 -0.062335715735549552 -0.03195747855957725 0.011247590231798082 0.050019189065657971 0.054445972195904302
leaf_weight=100.59216829016805 53.413821995258331 10.36885818839073 500.76104906946421 339.37997569143772 3675.882653452456 402.38935426622629 38.403505742549896 75.035634491592646 4.3175646550953406 9.5483557246625441 72.741400726139545 81.849612168967724 188.41311571747065 5.7157319486141187 8.3988535925745982 5.495274178683756 5.7186240181326866 3.9228902906179428 18.634926944971085 9.9992071092128736 21.973530001938343 69.010457865893841 3.3260527551174164 2.5965343490242958 1.1883910931646813 23.151137169450521 1.8221751824021328
leaf_count=1720 378 53 2986 2097 18144 2745 335 451 31 74 673 611 1778 39 85 42 27 19 179 48 137 465 28 19 21 394 25
internal_value=1.83697e-05 -0.00116604 0.000514369 -0.00194666 0.00152864 -0.0215149 0.0345857 0.0120435 0.0396859 -0.0312957 -0.0206674 -0.00761129 0.0451601 -0.0208607 0.047909 0.0202487 -0.012986 0.00576645 -0.0338439 -0.0489493 -0.0325071 -0.0555091 -0.0217787 -0.0579124 0.0526548 0.0530524 0.0567118
internal_weight=5734.05 5567.81 5273.68 4918.41 4176.64 741.769 355.266 113.439 166.245 294.126 183.595 92.2185 241.827 19.8788 146.367 21.4349 11.2139 11.5665 91.3763 110.532 31.5219 79.0097 7.64362 8.31227 124.932 123.743 10.221
internal_count=33604 31154 28914 25972 21130 4842 2942 786 2450 2240 1516 664 2156 136 2314 179 69 78 852 724 211 513 59 58 2135 2114 110
is_linear=0
shrinkage=0.05


Tree=53
num_leaves=31
num_cat=0
split_feature=3 0 3 0 3 0 0 1 10 1 0 0 10 3 4 1 1 1 8 7 8 0 7 1 0 7 11 8 1 0
split_gain=105.165 157.203 168.566 145.237 158.525 77.1363 52.1131 39.4388 36.947 35.5238 33.0866 38.2453 32.5226 30.3124 26.8779 23.95 20.3826 16.8134 14.8122 12.5392 11.4335 12.6829 11.8747 10.5681 9.01646 8.82856 3.87169 2.43527 1.4887 1.74571
threshold=0.94804318488529027 20.500000000000004 0.82785560344827591 42.500000000000007 0.68691260430390877 31.500000000000004 14.500000000000002 10.204166666666667 0.015189970773727121 9.4316770186335415 19.500000000000004 10.500000000000002 0.013015245623941277 0.75937646507266776 4.5457769181173449 5.9761904761904772 5.0769230769230775 7.506756756756757 0.22194854953475646 0.060452338359315107 0.26719160104986883 22.500000000000004 0.15014450867052026 8.3484848484848495 9.5000000000000018 0.13079116179615113 97.004859022556431 0.16646291768541158 11.924501424501427 11.500000000000002
decision_type=2 2 2 2 2 2 2 2 2 2 2 2 2 2 2 2 2 2 2 2 2 2 2 2 2 2 2 2 2 2
left_child=1 6 3 13 -5 8 15 9 -4 16 11 -11 14 -3 -8 25 24 -14 -17 -18 21 22 -9 -7 -2 -1 -23 -12 -22 -30
right_child=7 2 5 4 -6 23 12 20 -10 10 27 -13 17 -15 -16 18 19 -19 -20 -21 28 26 -24 -25 -26 -27 -28 -29 29 -31
leaf_value=0.046046272108922807 -0.025898874254512164 0.034022248208927484 -0.006890763275062859 0.008466513411058944 -0.019528674416073654 -0.00060946023629175128 0.030971791188009808 -0.018882941807205816 -0.064218595214315347 -0.068213396703589058 -0.034504650718017352 0.041656284572222181 0.021834677331595966 0.014230797727905455 0.0037621711474977145 -0.00034487389431097916 -0.0089062191804863012 -0.042361889108768418 -0.032154378707624574 -0.029312473434541138 -0.075120339125228724 -0.04425541258445042 -0.060617299724853906 -0.041536280577186786 0.042020533390147274 -0.015799627173215428 -0.093426579769883014 -0.079363831579380095 -0.023594399396600553 -0.059596463952498104
leaf_weight=32.303253866732121 6.377921104431155 304.83320321142673 569.14640222489834 1209.9524447061121 868.7477006316185 16.581814110279083 704.27176838740706 214.71685495972633 29.565239407122135 8.8413669914007169 5.7620173990726453 76.062222227454185 16.75372388958931 529.55410981923342 104.18562700599432 162.08881600946188 152.14831198751926 26.070533342659473 47.269846126437187 149.00760070979595 10.420781329274179 57.423638716340065 18.513776019215584 323.47949701547623 20.894695848226547 7.0254007428884497 4.3033151179552069 6.3700969740748405 4.3021871298551586 15.49151526391506
leaf_count=144 30 1874 2725 10142 5246 81 3557 1036 140 47 29 345 84 2463 473 732 692 119 213 702 54 321 97 1981 93 30 19 35 22 78
internal_value=1.90827e-05 0.00266275 -0.00209796 0.0038398 -0.00323347 -0.0205233 0.0193338 -0.0174208 -0.00972169 -0.00740138 0.0191785 0.0302151 0.025216 0.0214614 0.0274653 -0.000801758 -0.0152545 -0.0172469 -0.00752695 -0.0190029 -0.0305305 -0.0275297 -0.0221958 -0.0395406 0.026137 0.0349985 -0.0476834 -0.0580584 -0.0598243 -0.0517714
internal_weight=5702.47 4951.83 3851.86 2913.09 2078.7 938.773 1099.97 750.636 598.712 425.464 97.0357 84.9036 851.282 834.387 808.457 248.687 328.429 42.8243 209.359 301.156 325.172 294.958 233.231 340.061 27.2726 39.3287 61.727 12.1321 30.2145 19.7937
internal_count=33604 30004 24652 19725 15388 4927 5352 3600 2865 1973 456 392 4233 4337 4030 1119 1517 203 945 1394 1627 1473 1133 2062 123 174 340 64 154 100
is_linear=0
shrinkage=0.05


Tree=54
num_leaves=30
num_cat=0
split_feature=9 2 10 3 0 7 1 4 0 2 1 3 9 1 10 4 5 11 0 3 1 1 7 3 3 2 2 8 2
split_gain=102.087 75.623 79.9828 68.4326 69.6389 61.5884 38.3483 33.9102 32.0215 28.7045 24.8456 14.6658 14.1344 17.4109 13.2147 15.5812 12.7985 11.6259 9.31763 23.5839 7.50344 6.39876 5.07935 4.99837 4.75446 4.53926 4.1694 2.54777 0.916995
threshold=0.11772405297197415 100.20121437004555 0.014311315924219152 0.94519519519519524 23.500000000000004 0.063537939260482623 24.81666666666667 3.5899537620849102 20.500000000000004 20.228298611111118 5.0769230769230775 0.69614048150905938 0.15106040167865711 10.020833333333334 0.0049813277750896398 3.5137868112930208 0.017291209886386289 103.54978494623658 175.50000000000003 0.55640560545332207 9.1833333333333353 7.506756756756757 0.03128262004175366 0.77431481930633039 0.47629266298794198 38.257653061224495 142.48663194444447 0.16646291768541158 57.250850340136061
decision_type=2 2 2 2 2 2 2 2 2 2 2 2 2 2 2 2 2 2 2 2 2 2 2 2 2 2 2 2 2
left_child=1 2 3 4 -1 6 7 11 -5 -9 -4 -2 14 20 15 -7 18 -12 19 -3 -14 -16 26 27 -20 -15 -8 -18 -24
right_child=5 16 10 8 -6 12 22 9 -10 -11 17 -13 13 25 21 -17 23 -19 24 -21 -22 -23 28 -25 -26 -27 -28 -29 -30
leaf_value=0.025223831134512611 0.036724969073658013 0.065281699771592219 0.058354150498139162 -0.0024374643666960445 0.0070559989087203359 0.022820468204471051 -0.032914412359600506 0.0023936342036942511 -0.036373616350788632 -0.013193513199901094 -0.043179056905740157 0.0087500132374132254 -0.022612681868642188 -0.034126812218956658 0.00070833310958304122 -0.013868391424024351 0.088099038419861442 0.0097174312851405972 0.0079573687378009187 -0.022736855937687581 0.0023869507863601516 -0.046543544510640272 -0.060954884783871288 -0.020186681633052102 -0.044376076979405904 -0.053881107012538246 0.022448359435163028 0.026034224802801847 -0.045177942374308097
leaf_weight=734.48587235063314 57.585140600800514 8.0401908084750158 7.1332874782383433 311.14044882357121 1871.2658630795777 31.446360774338245 19.685100805014375 656.21775165200233 89.508514940738678 537.1230308637023 102.70601176843047 251.30642423033714 92.021252982318401 140.32408380135894 8.6798456907272321 362.81384011730552 3.4444041997194272 11.556305691599844 4.6738943047821513 142.36208374798298 44.543355166912079 41.044252499938011 18.233957096934319 2.9233375191688538 60.738171651959419 36.682565607130527 4.1109802424907675 3.1802008524537086 18.610016353428364
leaf_count=3702 652 62 32 1413 12243 166 114 3314 464 3420 488 1245 437 788 39 2237 20 54 38 1012 213 247 112 19 563 277 35 21 177
internal_value=1.74527e-05 0.0055968 0.00761234 0.00921902 0.012177 -0.00804505 -0.00237377 -0.000800174 -0.0100191 -0.00462215 -0.0321774 0.0139652 -0.0197452 -0.0278719 -0.0140055 -0.0109421 -0.0223768 -0.0378292 -0.024883 -0.0180316 -0.0144585 -0.0382952 -0.0413563 0.0342723 -0.0406367 -0.0382207 -0.02335 0.0583043 -0.0529859
internal_weight=5673.59 3353.16 3127.8 3006.4 2605.75 2320.43 1562.87 1502.23 400.649 1193.34 121.396 308.892 757.556 313.571 443.984 394.26 225.362 114.262 215.814 150.402 136.565 49.7241 60.6401 9.54794 65.4121 177.007 23.7961 6.62461 36.844
internal_count=33604 20131 18396 17822 15945 13473 9069 8631 1877 6734 574 1897 4404 1715 2689 2403 1735 542 1675 1074 650 286 438 60 601 1065 149 41 289
is_linear=0
shrinkage=0.05


Tree=55
num_leaves=28
num_cat=0
split_feature=3 6 4 4 0 3 0 1 0 1 0 11 11 8 6 2 2 3 0 8 2 0 8 8 11 5 0
split_gain=99.135 104.31 74.0656 67.048 50.4539 112.258 48.4965 50.7039 31.313 29.4232 21.1343 21.5446 19.2483 14.1727 10.903 8.25421 7.67523 9.83286 13.7009 7.36694 7.00839 6.17883 3.76351 0.980092 0.852342 0.111958 0.00375889
threshold=0.50062972292191443 0.097361704948460456 3.5518360949395436 4.5457769181173449 169.50000000000003 0.61297335203366077 11.500000000000002 20.514705882352946 293.50000000000006 6.8090909090909095 14.500000000000002 84.173533205924542 76.340498106060636 0.23095065312046448 0.27429467084639503 4.0312213039485778 74.677083333333357 0.46035674996071041 205.50000000000003 0.17146626460610634 1.0000000180025095e-35 346.50000000000006 0.15006361323155218 0.2021468622782088 39.539375000000028 0.0032000081920209719 197.50000000000003
decision_type=2 2 2 2 2 2 2 2 2 2 2 2 2 2 2 2 2 2 2 2 2 2 2 2 2 2 2
left_child=8 2 10 6 5 -4 15 -8 16 14 20 -12 -6 -11 -5 -3 24 26 -19 21 -2 22 -10 -21 -1 -26 -18
right_child=1 3 4 9 12 -7 7 -9 19 13 11 -13 -14 -15 -16 -17 17 18 -20 23 -22 -23 -24 -25 25 -27 -28
leaf_value=0.0088519925656464216 -0.039428489360888691 -0.044864490868665535 0.029286077831792046 0.0076847540210954789 -0.020300661654965552 -0.010810955551853014 0.014738459903309107 -0.01894272276801055 -0.048115878497020412 -0.014167783170767639 -0.025056192495181203 0.017455919621212318 -0.048546819531419094 -0.041594888881130193 0.063697807675278606 0.002234800182186377 0.055051859713989473 0.044861950829143508 -0.067352046678271216 -0.068681371102123134 -0.0016426240478036374 0.056140507600819969 0.025257334126743743 -0.031250395123767941 0.053514623310815038 0.049555063719580697 0.05705686124553358
leaf_weight=1.1153772398829449 24.04150765389204 43.868396140635014 188.65560484677553 66.290147453546524 156.95174288749695 2335.594287160784 1683.9041716232896 119.68125892430544 4.7408862411975878 222.64040340483189 32.102284599095583 416.00817879289389 97.955532018095255 59.739491231739521 9.9980607181787473 11.805579349398611 4.0822165980935115 5.2484290897846204 5.646778792142868 5.5038757249712926 25.066080451011658 3.9567553624510765 2.7680787965655327 2.5632811337709427 94.774581890553236 21.995885994285345 5.4697494804859161
leaf_count=18 114 209 1382 305 1334 12764 9257 707 38 1236 159 2516 652 307 45 53 52 42 27 39 114 19 21 19 1721 396 58
internal_value=1.54926e-05 -0.00110695 -0.00677527 0.00726643 -0.00995506 -0.00781421 0.0110847 0.0125035 0.0390805 -0.0125266 0.0109979 0.0144104 -0.0311551 -0.0199702 0.0150256 -0.0348772 0.0474483 0.0191691 -0.0132964 -0.0201804 -0.0201414 0.00557633 -0.0210678 -0.0567879 0.0523532 0.0527688 0.0562
internal_weight=5652.17 5494.3 3276.38 2217.93 2779.16 2524.25 1859.26 1803.59 157.866 358.668 497.218 448.11 254.907 282.38 76.2882 55.674 138.333 20.4472 10.8952 19.5329 49.1076 11.4657 7.50897 8.06716 117.886 116.77 9.55197
internal_count=33604 31154 19035 12119 16132 14146 10226 9964 2450 1893 2903 2675 1986 1543 350 262 2314 179 69 136 228 78 59 58 2135 2117 110
is_linear=0
shrinkage=0.05


Tree=56
num_leaves=31
num_cat=0
split_feature=7 4 9 1 10 3 10 1 0 0 0 0 3 2 3 9 1 7 7 8 0 10 3 0 3 11 11 7 8 2
split_gain=95.5193 84.9713 61.3351 56.1077 67.7851 57.089 43.8525 41.1547 46.7032 37.2695 35.5437 29.3316 22.3059 19.3594 16.1126 15.7893 15.2119 15.0872 15.2358 14.191 11.9564 11.6394 11.5344 14.4794 10.189 8.67833 6.06383 5.71936 4.84924 3.47071
threshold=0.055632930981120397 4.3128156565656575 0.12730095990965559 11.490740740740742 0.0027822862613246084 0.88284313725490204 0.012220009955201594 12.918333333333335 11.500000000000002 11.500000000000002 19.500000000000004 19.500000000000004 0.69614048150905938 30.924165446487361 0.89699381078691431 0.12126782531194298 5.3500000000000005 0.11167800453514741 0.096816416145921305 0.30094339622641514 214.50000000000003 0.014727572444907168 0.56351398754713677 206.50000000000003 0.98888888888888904 100.62982142857146 75.341842105263197 0.17752100840336138 0.13037696577243296 54.425361570247944
decision_type=2 2 2 2 2 2 2 2 2 2 2 2 2 2 2 2 2 2 2 2 2 2 2 2 2 2 2 2 2 2
left_child=1 3 6 9 5 -5 7 8 -2 24 14 -11 -9 17 26 20 -8 18 -4 -16 -12 -6 23 -15 -1 -24 -3 -19 -18 -17
right_child=2 10 13 4 21 -7 16 12 -10 11 15 -13 -14 22 19 29 28 27 -20 -21 -22 -23 25 -25 -26 -27 -28 -29 -30 -31
leaf_value=0.005263312496057335 -0.045192029912007214 0.039689503466034462 -0.014809903607008325 0.0120875720647399 -0.019804974936523216 -0.014686762266148535 0.033469806039644043 0.001887947378097274 0.010405539889590722 0.03019249087915778 -0.0093377676680490556 0.012814647574432295 -0.015525741923268591 0.070572462185356177 0.0025509326365962693 -0.029444988130424572 -0.063352403877712793 -0.024811265646979472 0.01007493052556146 -0.041740173524473741 -0.042229703725878656 -0.055454372835246693 -0.039332785814188344 -0.023633767160722519 -0.048632200641030215 0.04770699792747235 0.0078948783418234837 -0.051875857888603175 -0.036013428638569538 -0.050102412643407382
leaf_weight=13.577016130089758 39.791498884558678 37.541356336325407 333.30598941445351 1155.1407058499753 152.88309913128614 240.55270402878523 6.4888937175273886 302.9221876077354 744.42736882716417 444.72130352631211 276.03607291355729 534.85060005262494 468.03131118416786 5.5762990973889854 158.86855158209801 102.57993295043707 26.536302018910646 103.35008467361331 75.427940290421247 20.408307552337646 30.701603144407272 26.929350540041924 165.68683123961091 15.188109882175921 24.764520809054375 2.9141537100076667 24.970926247537136 24.065612524747849 41.72170116007328 25.360038474202156
leaf_count=61 193 177 1797 7540 923 1111 28 2261 4255 2353 1731 3446 2625 46 698 645 131 524 375 95 279 134 1220 123 124 13 119 127 202 248
internal_value=1.54459e-05 0.00554527 -0.00766122 0.00966176 0.00375036 0.00747292 -0.00227816 -0.000480154 0.0075845 0.0188113 -0.0102364 0.0207041 -0.00868357 -0.0197546 0.00513074 -0.0187844 -0.0396872 -0.0149006 -0.0102176 -0.00249103 -0.0126299 -0.025144 -0.0334978 0.00166539 -0.0295474 -0.0378284 0.0269889 -0.0299231 -0.0466419 -0.0335397
internal_weight=5625.32 3269.89 2355.43 2593.42 1575.51 1395.69 1629.92 1555.17 784.219 1017.91 676.467 979.572 770.953 725.515 241.789 434.678 74.7469 536.15 408.734 179.277 306.738 179.812 189.365 20.7644 38.3415 168.601 62.5123 127.416 68.258 127.94
internal_count=33604 19684 13920 15692 9708 8651 9695 9334 4448 5984 3992 5799 4886 4225 1089 2903 361 2823 2172 793 2010 1057 1402 169 185 1233 296 651 333 893
is_linear=0
shrinkage=0.05


Tree=57
num_leaves=29
num_cat=0
split_feature=3 0 3 0 3 3 0 3 6 11 0 2 10 10 0 0 3 11 9 1 4 2 1 2 2 4 5 9
split_gain=92.864 101.565 135.699 109.275 181.372 74.2595 66.7293 32.3885 30.7379 24.7298 22.4205 11.7687 11.6419 10.9855 9.3364 8.67718 16.8398 8.61125 5.81756 5.80934 5.69609 5.65603 4.25861 2.98765 2.21857 1.89568 0.534143 0.0411761
threshold=0.53440555841482251 150.50000000000003 0.62521477663230252 52.500000000000007 0.8239268680445152 0.72016949152542387 251.50000000000003 0.44916643512086701 0.058170296542389567 76.799098837209343 90.500000000000014 254.07636485966938 0.010657227227985162 0.00060114352785063457 340.50000000000006 195.50000000000003 0.48104686965446469 72.615760088535367 0.13412856431771317 15.414215686274511 4.297055965543505 20.228298611111118 12.755952380952383 204.22829861111111 0.22829861111111113 3.8336550836550845 0.00785857650146673 0.073234580513344402
decision_type=2 2 2 2 2 2 2 2 2 2 2 2 2 2 2 2 2 2 2 2 2 2 2 2 2 2 2 2
left_child=6 2 8 4 -4 -5 15 20 10 11 -2 13 -10 -3 18 24 26 -16 -9 -18 23 -11 -23 -8 -1 -26 -17 -13
right_child=1 9 3 5 -6 -7 7 14 12 21 -12 27 -14 -15 17 16 19 -19 -20 -21 -22 22 -24 -25 25 -27 -28 -29
leaf_value=0.00077955703218980513 0.036098274508751853 -0.0241115932799085 0.017777643680909408 -0.0049544020638184723 -0.0054738358665744665 -0.033316350771729356 0.054281286459546385 -0.051569355735803436 0.044553413027166269 0.00025675212303607765 -0.020147488033819862 -0.062428563890782642 -0.073708800372165803 0.0019472924164060162 0.061595498515065961 0.053464601740502694 0.031286811000527097 -0.032469364312547322 -0.0057194389013104432 -0.027538625277861856 -0.040225691438894283 -0.080047440473246231 -0.048650552232945329 -0.015612674942837024 0.049749291927801052 0.062462147767070854 0.022416598027270501 -0.05607042862456605
leaf_weight=1.892661690711974 32.553004369139671 124.99859116971493 1242.9917821846902 548.71933303028345 2578.6271594613791 398.32898317277431 18.625961609184749 32.789208482950926 210.93628321588039 5.3031299710273734 38.877368979156017 3.032646112143996 2.1017292141914359 59.787986546754837 4.6584578827023488 30.232718709856275 6.3311256356537369 5.0931248590350151 8.7684755995869619 12.450648244470356 1.9837981089949597 12.454134520143269 81.329065427184105 1.6656674221158017 66.652792565524578 52.358805421739817 1.4517760574817646 15.881418503820894
leaf_count=32 250 1015 6597 3395 12798 2760 292 278 1868 29 231 22 21 484 30 573 69 34 66 80 14 67 560 10 1179 656 24 170
internal_value=1.35764e-05 -0.00136329 0.000322152 -0.00167908 0.00208877 -0.0168835 0.0301186 -0.00970669 0.0338696 -0.0294912 0.00548543 -0.0195252 0.0433867 -0.0156802 -0.0315635 0.0472192 0.0298047 0.0124666 -0.0418952 -0.00770923 0.0406383 -0.0499793 -0.05282 0.0485439 0.0544881 0.0553423 0.052042 -0.0570899
internal_weight=5600.88 5355.92 5053.14 4768.67 3821.62 947.048 244.955 73.5847 284.468 302.787 71.4304 203.701 213.038 184.787 51.3093 171.371 50.4663 9.75158 41.5577 18.7818 22.2754 99.0863 93.7832 20.2916 120.904 119.012 31.6845 18.9141
internal_count=33604 30267 27920 25550 19395 6155 3337 724 2370 2347 481 1691 1889 1499 408 2613 746 64 344 149 316 656 627 302 1867 1835 597 192
is_linear=0
shrinkage=0.05


Tree=58
num_leaves=30
num_cat=0
split_feature=3 0 3 0 3 0 3 3 0 3 0 11 6 3 11 10 0 0 3 2 2 11 0 9 1 2 4 5 0
split_gain=86.644 95.716 209.31 167.645 139.129 63.0572 46.6237 45.3519 86.608 35.2756 46.1047 34.536 31.7937 29.9515 21.7873 18.6554 8.65566 8.33743 16.1395 8.10307 7.99287 7.60443 5.64834 5.48831 5.31016 2.17442 1.77581 0.543053 0.514154
threshold=0.53440555841482251 82.500000000000014 0.73363914373088701 40.500000000000007 0.88284313725490204 251.50000000000003 0.79674258474576287 0.64524074368345785 131.50000000000003 0.65863337204800632 57.500000000000007 73.100744907469689 0.057181782794861823 0.44916643512086701 76.340498106060636 0.00238000830784336 340.50000000000006 195.50000000000003 0.48104686965446469 0.92444444444444451 20.757716049382719 72.615760088535367 324.50000000000006 0.13412856431771317 15.414215686274511 0.22829861111111113 3.8336550836550845 0.00785857650146673 300.50000000000006
decision_type=2 2 2 2 2 2 2 2 2 2 2 2 2 2 2 2 2 2 2 2 2 2 2 2 2 2 2 2 2
left_child=5 2 9 4 -4 17 -5 8 12 19 -11 15 -3 22 -10 -9 23 25 27 -2 -13 -18 28 -15 -20 -1 -27 -19 -7
right_child=1 7 3 6 -6 13 -8 11 14 10 -12 20 -14 16 -16 -17 21 18 24 -21 -22 -23 -24 -25 -26 26 -28 -29 -30
leaf_value=0.00074109140574635994 -0.0098161809695495525 -0.017845494971667455 0.012832284461184755 -0.015784167459009926 -0.0081834808105311109 0.053687893306659101 -0.044129308255867854 -0.019078704917886963 -0.011388340898313348 0.031282322545764372 0.00041675801211691639 -0.022447683752709922 0.032555127904371789 -0.050132663777209797 -0.038388897431556261 0.034743983629479079 0.056673251255954266 0.053291296110730635 0.030247649276388108 0.046262630706937924 -0.048785254073586769 -0.031346849136969328 -0.018853275825216592 -0.0054477341764403719 -0.026395837671126427 0.049268558025261561 0.061822828440604639 0.021685868927164002 0.023294433071478632
leaf_weight=1.8913846425712098 6.6653950028121463 40.498762056231499 1462.7516464665532 358.16499041765928 1706.0622298195958 16.582356344908483 243.84183256328106 150.82792023941875 177.64911252260208 318.58265111595392 195.06522891670465 35.002703420817852 137.6131948530674 32.061212562024593 128.94184457138181 18.023364938795567 4.8058959469199163 28.849412098526958 6.2239780947566059 191.83117351680994 162.73094190657139 5.0137858614325523 3.428552232682704 8.7460985332727414 12.343010202050207 64.005218409001827 50.3073317296803 1.4263197816908348 1.5189237445592869
leaf_count=32 54 241 7187 2017 8327 291 1695 1218 1446 1905 1073 185 1075 278 849 148 30 573 69 1759 1088 34 16 66 80 1179 656 24 9
internal_value=1.37812e-05 -0.00130108 0.00161757 -0.00307758 0.00151758 0.0295824 -0.0272653 -0.0166709 -0.00663452 0.0264785 0.0195607 -0.0299412 0.0210951 -0.00940654 -0.0227439 -0.0133336 -0.0304138 0.046628 0.0292942 0.0443795 -0.044123 0.0117315 0.0399917 -0.0405555 -0.00740795 0.0539137 0.0547935 0.0518023 0.0511375
internal_weight=5571.46 5334.25 4482.97 3770.82 3168.81 237.203 602.007 851.288 484.703 712.144 513.648 366.585 178.112 72.1568 306.591 168.851 50.627 165.047 48.8427 198.497 197.734 9.81968 21.5298 40.8073 18.567 116.204 114.313 30.2757 18.1013
internal_count=33604 30267 24017 19226 15514 3337 3712 6250 3611 4791 2978 2639 1316 724 2295 1366 408 2613 746 1813 1273 64 316 344 149 1867 1835 597 300
is_linear=0
shrinkage=0.05


Tree=59
num_leaves=29
num_cat=0
split_feature=1 10 9 2 3 0 0 3 1 3 7 11 11 1 3 3 1 3 0 0 1 0 4 6 11 8 8 0
split_gain=84.5171 88.3136 93.7013 73.2948 80.4807 33.97 35.5224 28.5896 23.6987 16.219 15.2521 12.4968 11.3439 11.1165 9.89244 9.86165 8.73873 8.49598 14.2958 7.11293 5.92675 5.58975 5.05468 3.47562 2.98583 0.968695 0.822212 0.60925
threshold=23.027777777777782 0.014311315924219152 0.15799875182026216 38.257653061224495 0.72240143369175636 29.500000000000004 11.500000000000002 0.76214049976426224 8.0185185185185208 0.57060485211033574 0.010016722408026759 75.14375000000004 103.70015202702707 5.0769230769230775 0.84877072612921689 0.86402157164869042 39.055555555555564 0.72982836851450006 50.500000000000007 16.500000000000004 26.552380952380958 12.500000000000002 4.297055965543505 0.047690120824449185 65.89081193693697 0.1515593250287128 0.13893084927828134 55.500000000000007
decision_type=2 2 2 2 2 2 2 2 2 2 2 2 2 2 2 2 2 2 2 2 2 2 2 2 2 2 2 2
left_child=1 2 3 4 -1 6 -4 -5 13 -7 11 15 19 21 -15 22 17 18 -12 -10 -19 -3 -2 -13 -17 26 -18 -27
right_child=10 8 5 7 -6 9 -8 -9 12 -11 16 23 -14 14 -16 24 25 20 -20 -21 -22 -23 -24 -25 -26 27 -28 -29
leaf_value=0.023878516508077152 0.05700111148090168 0.0073111004515056116 -0.047950010922712852 -9.9814991973446531e-05 0.0050729248276998162 0.030153926120895659 -0.0017563520237094952 -0.017632390746674293 -0.026630437542613392 -0.033104704491991065 0.054368852110249423 -0.011351273118511779 0.012647515776707592 0.020720912502639327 -0.025886825679034321 -0.056518678845573891 -0.059157243267247819 -0.025868858062592433 -0.021953970865653188 -0.056313624856661443 -0.049079650387778118 0.080017166726397096 0.0079450583415816376 -0.064413219267038288 0.004353477615306944 -0.07848918156532203 -0.025541106156940791 -0.057567723689155526
leaf_weight=733.47436835989356 13.446152739226823 6.6957989484071714 46.337615542113781 705.14108874648809 2536.0397550389171 10.630511179566382 408.57760862633586 346.91040930151939 26.554678529500961 216.38252456113696 6.4087897539138785 5.8936395794153196 7.9491617083549491 13.862185359001158 63.705017872154713 4.1227471828460676 4.354991618543866 57.470332205295563 143.79253051802516 84.100132588297129 52.743547461926937 4.3681770190596581 8.6157632842659932 6.4782713241875172 3.9394400864839554 6.573858402669428 3.1236637458205223 7.3933404758572578
leaf_count=6592 81 30 257 5204 12630 125 1976 2126 127 1279 29 29 37 69 295 23 34 390 1219 434 359 23 55 31 20 38 24 68
internal_value=1.37453e-05 0.00155524 0.00287998 0.00559801 0.00929172 -0.0143449 -0.00646163 -0.00588112 -0.0304292 -0.0301424 -0.0247501 0.00317323 -0.0450458 -0.0108698 -0.0175575 0.0205495 -0.0289601 -0.0264336 -0.0186974 -0.0491903 -0.0369765 0.0360162 0.0378434 -0.039136 -0.0267746 -0.0596388 -0.0451165 -0.0674147
internal_weight=5535.09 5210.73 5003.49 4321.57 3269.51 681.928 454.915 1052.05 207.235 227.013 324.357 42.496 118.604 88.6312 77.5672 30.1241 281.861 260.415 150.201 110.655 110.214 11.064 22.0619 12.3719 8.06219 21.4459 7.47866 13.9672
internal_count=33604 31204 30189 26552 19222 3637 2233 7330 1015 1404 2400 239 598 417 364 179 2161 1997 1248 561 749 53 136 60 43 164 58 106
is_linear=0
shrinkage=0.05


Tree=60
num_leaves=31
num_cat=0
split_feature=7 4 6 1 10 3 8 2 10 0 0 0 9 3 8 1 4 1 3 3 0 0 7 0 0 2 8 11 4 11
split_gain=82.8468 71.0554 54.0595 49.8747 58.7629 45.4691 33.0873 43.4024 40.4627 32.4234 31.8846 29.875 14.6427 13.3652 13.9846 13.2592 13.2451 12.7061 11.554 11.2879 21.723 11.1709 11.1707 10.6661 10.5569 9.6297 9.44806 6.97919 5.80433 4.03951
threshold=0.055632930981120397 4.3128156565656575 0.049602548735095585 11.490740740740742 0.0036122830672871997 0.88284313725490204 0.21061432846329872 42.267857142857146 0.013194162362908374 19.500000000000004 11.500000000000002 19.500000000000004 0.12126782531194298 0.913664596273292 0.30094339622641514 6.3611111111111116 3.8451871449692638 9.5147058823529438 0.80402263998382872 0.81509971509971513 45.500000000000007 16.500000000000004 0.13655788655788659 11.500000000000002 220.50000000000003 26.77710162706612 0.075171232876712332 75.341842105263197 3.8501012145748992 79.765882352941219
decision_type=2 2 2 2 2 2 2 2 2 2 2 2 2 2 2 2 2 2 2 2 2 2 2 2 2 2 2 2 2 2
left_child=1 3 17 10 5 -5 7 8 -4 13 26 -12 24 27 -15 23 -17 22 -9 20 -19 -6 25 -8 -11 -2 -1 -3 -21 -24
right_child=2 9 6 4 21 -7 15 18 -10 12 11 -13 -14 14 -16 16 -18 19 -20 28 -22 -23 29 -25 -26 -27 -28 -29 -30 -31
leaf_value=0.045236729463858982 0.0069070161393542913 0.037443697785532075 0.0045842038758360385 0.010757992018280864 0.021152319801928995 -0.01318649450329072 -0.039207362568949369 -0.01177863164449843 -0.035889648714424266 -0.0087534596364093262 0.029111213016171734 0.011412506370321778 -0.032196278737966884 0.0027491431378678412 -0.043939278840468547 0.007193523599153465 -0.033786324803662442 0.0057550639216922862 -0.032725839637137745 -0.028302972874945927 -0.03324048990866986 -0.029721524691223994 -0.080287053644290673 0.040061193312200226 -0.041383010000747629 -0.068926969131721347 -0.036221620343649862 0.0048606013786491979 -0.049193609582042407 -0.026442267333317268
leaf_weight=3.9836581088602534 62.037897784262896 40.083073049783707 1279.4757681097835 1151.1505019348115 11.672773130238054 239.5168083012104 6.19222463667393 317.03487345576286 64.882639087736607 271.98825201019645 438.39490889757872 522.73489736020565 123.39765609428287 154.24442060291767 17.900156110525131 22.796209130436182 146.00119342282414 53.264578551054001 83.080744095146656 59.476164177060127 108.3820291981101 142.75902232527733 5.441703386604785 13.485848560929297 27.27442841976881 4.4891744479537001 33.44682788848877 27.855993933975697 75.403839077800512 9.6782364398241025
leaf_count=19 296 191 7432 7712 54 1111 30 2456 312 1744 2353 3446 893 680 85 116 804 256 553 271 768 831 28 61 266 21 166 133 471 45
internal_value=1.21693e-05 0.00521378 -0.00720444 0.00901308 0.00338462 0.006634 -0.003822 -0.00167177 0.00263082 -0.00936818 0.0177221 0.0194853 -0.0177033 0.00530555 -0.00210567 -0.0237239 -0.028252 -0.024493 -0.0161281 -0.0293022 -0.020391 -0.0258762 -0.00702709 0.0151173 -0.0117273 0.00178982 -0.0275522 0.0240842 -0.0399818 -0.0458211
internal_weight=5517.53 3206.4 2311.12 2543.66 1545.1 1390.67 1932.95 1744.47 1344.36 662.744 998.56 961.13 422.66 240.084 172.145 188.475 168.797 378.174 400.116 296.527 161.647 154.432 81.647 19.6781 299.263 66.5271 37.4305 67.9391 134.88 15.1199
internal_count=33604 19684 13920 15692 9708 8823 11764 10753 7744 3992 5984 5799 2903 1089 765 1011 920 2156 3009 1766 1024 885 390 91 2010 317 185 324 742 73
is_linear=0
shrinkage=0.05


Tree=61
num_leaves=31
num_cat=0
split_feature=9 6 3 1 7 3 0 3 3 1 4 0 2 3 3 0 3 3 1 9 10 7 10 3 4 7 7 2 9 4
split_gain=79.8138 57.9348 45.9611 52.1063 44.5928 43.0707 47.6771 41.3604 36.1555 31.7797 31.4212 27.7695 26.7709 27.7731 26.8757 21.2448 38.3211 13.5341 12.2106 17.7034 11.9145 11.234 10.4175 8.1905 6.83437 4.79455 4.583 4.04539 2.01654 1.87081
threshold=0.11772405297197415 0.097361704948460456 0.72240143369175636 10.604347826086958 0.063537939260482623 0.520369083249408 173.50000000000003 0.80788655788655805 0.89699381078691431 24.81666666666667 4.3192383336313256 251.50000000000003 20.228298611111118 0.94804318488529027 0.57938211049799049 83.500000000000014 0.62053001277139219 0.436283973048679 10.14835164835165 0.15106040167865711 0.0034077356586527693 0.18301435406698566 0.01335562987736901 0.84877072612921689 3.8668308702791463 0.03128262004175366 0.13079116179615113 142.48663194444447 0.15912105136243068 4.1053838725253513
decision_type=2 2 2 2 2 2 2 2 2 2 2 2 2 2 2 2 2 2 2 2 2 2 2 2 2 2 2 2 2 2
left_child=1 5 15 10 9 11 7 -7 -5 12 -4 29 13 -2 -14 22 -17 -13 21 20 -20 23 -3 -6 -8 27 -21 -11 -23 -1
right_child=4 2 3 8 18 6 24 -9 -10 25 -12 17 14 -15 -16 16 -18 -19 19 26 -22 28 -24 -25 -26 -27 -28 -29 -30 -31
leaf_value=0.054163412293846115 0.0093377883115246165 0.04072862002533241 0.02485318080539008 0.0051827689305013747 0.0084888361294893997 0.00620903002596929 -0.076606433164000398 -0.011294790468323801 -0.0201986873049614 -0.030970978767135185 0.0023355906086414331 0.042748493482240968 0.015210444995120673 -0.013898494153554201 -0.013263747939213 0.037586890688355558 -0.014013832757572351 -0.036873759482040351 -0.01141458110056337 -0.032107514906390598 -0.041544662323822472 -0.035021562918032489 -0.067059480075484845 -0.01185256951577128 -0.031387183765145411 -0.051099071316095958 -0.05757871794843028 0.025030442998213012 -0.071845854928535555 0.030444638909545008
leaf_weight=51.920398451387882 677.15912219509482 183.31822997331619 446.99057451635599 453.56815189123154 70.880387343466282 789.06730566173792 9.0838029347360116 589.71222762018442 203.15048183873296 18.885793551802639 237.10187564045191 7.7407924532890346 98.412117250263691 158.74332458525896 524.72951289638877 78.249275919049978 66.607965018600225 17.186890736222267 274.69414227455854 147.83118899911642 37.261256240308285 9.3873750641942006 2.269365493208169 163.95674616843462 104.27179130166769 33.743501808494329 20.055922567844391 3.8888188153505316 6.1555382162332526 9.8984455056488496
leaf_count=972 3695 1609 2361 2364 355 4972 51 2986 990 114 1107 129 966 763 3207 982 420 148 1845 939 275 46 18 788 903 289 125 35 31 119
internal_value=1.04468e-05 0.00501911 0.0115076 0.00739125 -0.00723818 -0.00184897 -0.00384014 -0.00127746 -0.00266877 -0.00234761 0.0170487 0.0324013 -0.000922599 0.00492507 -0.00876685 0.0282099 0.0138599 -0.0121487 -0.0173885 -0.0220589 -0.0150134 -0.00843768 0.0394106 -0.00571297 -0.0350108 -0.039135 -0.0351503 -0.0214086 -0.0496053 0.0503656
internal_weight=5495.92 3250.14 1671.26 1340.81 2245.78 1578.88 1492.14 1378.78 656.719 1515.56 684.092 86.7465 1459.04 835.902 623.142 330.445 144.857 24.9277 730.223 479.843 311.955 250.38 185.588 234.837 113.356 56.5181 167.887 22.7746 15.5429 61.8188
internal_count=33604 20131 9851 6822 13473 10280 8912 7958 3354 9069 3468 1368 8631 4458 4173 3029 1402 277 4404 3184 2120 1220 1627 1143 954 438 1064 149 77 1091
is_linear=0
shrinkage=0.05


Tree=62
num_leaves=28
num_cat=0
split_feature=3 6 4 4 0 3 0 9 0 1 3 11 7 0 6 2 3 0 8 9 1 10 6 8 8 5 3
split_gain=75.5697 78.5813 59.8699 51.4819 40.1017 98.728 38.1787 40.3965 26.75 25.8162 20.441 18.4057 13.8482 13.214 9.53489 7.59606 9.01347 10.6674 6.46481 5.47386 4.03508 3.10377 2.66408 1.00084 0.94729 0.135001 0.0036126
threshold=0.50062972292191443 0.097361704948460456 3.4313260849363445 4.5457769181173449 169.50000000000003 0.56823187825390475 10.500000000000002 0.10681686167123061 293.50000000000006 6.8090909090909095 0.9417420814479639 76.340498106060636 0.11370440936309201 17.500000000000004 0.27429467084639503 74.677083333333357 0.46035674996071041 205.50000000000003 0.17146626460610634 0.13162019468734534 9.4316770186335415 0.017595459236326112 0.07703296703296704 0.2869249394673124 0.2021468622782088 0.0032000081920209719 0.436283973048679
decision_type=2 2 2 2 2 2 2 2 2 2 2 2 2 2 2 2 2 2 2 2 2 2 2 2 2 2 2
left_child=8 2 10 6 5 -4 21 -8 15 14 12 -6 -2 -11 -5 23 26 -18 19 22 -12 -3 -10 25 -20 -1 -17
right_child=1 3 4 9 11 -7 7 -9 18 13 20 -13 -14 -15 -16 16 17 -19 24 -21 -22 -23 -24 -25 -26 -27 -28
leaf_value=0.05292138752230402 0.023665337292164648 -0.055327191324864078 0.049244776923921318 0.0078884287913701286 -0.016655343847194966 -0.0079760031210319403 0.016104395353883885 0.000183782271919357 -0.050792178206286565 -0.0039391507018255237 -0.049909614201984337 -0.045183027622633057 -0.029975735445419135 -0.026660289656464876 0.060595575185400721 0.054750134149488532 0.040235562788933796 -0.063190876635620827 -0.066892607858504149 0.046792221169273021 -0.01040807402269882 -0.010842093460816363 0.01455121840274288 0.00085102193191421624 -0.02885634465685101 0.048149200675126687 0.057254690863600292
leaf_weight=78.348901975899935 236.53977069631219 23.489933781325821 77.651978332549334 65.468289352953434 145.7469013556838 2579.7655148245394 1182.0123827420175 601.046884637326 3.8396532908082026 101.62459265813231 8.9462725371122342 92.376701239496469 12.676848269999025 172.79469208419323 9.8748202472925168 6.3012560643255728 4.6324012055993062 5.3983667939901352 5.0530332364141932 4.6699673123657703 23.308818779885769 4.7066897898912421 2.6271226778626442 0.96522323042154212 2.4212924614548683 18.27694227732718 1.8661959916353223
leaf_count=1720 1446 117 753 305 1334 14623 6795 3290 28 478 41 661 61 1065 45 89 42 27 39 29 116 24 21 21 19 394 21
internal_value=1.02984e-05 -0.000922018 -0.00592534 0.0064336 -0.00806536 -0.00630396 0.00982489 0.0107378 0.0370395 -0.0111283 0.0160893 -0.0277223 0.0209368 -0.0182461 0.0147965 0.0459825 0.0163259 -0.0154266 -0.0185996 0.00554216 -0.0213642 -0.0479016 -0.0242465 0.0515126 -0.0545708 0.0520187 0.0553224
internal_weight=5472.43 5338.03 3177.01 2161.02 2895.54 2657.42 1811.26 1783.06 134.4 349.762 281.472 238.124 249.217 274.419 75.3431 115.789 18.1982 10.0308 18.6111 11.1367 32.2551 28.1966 6.46678 97.5911 7.47433 96.6258 8.16745
internal_count=33604 31154 19035 12119 17371 15376 10226 10085 2450 1893 1664 1995 1507 1543 350 2314 179 69 136 78 157 141 49 2135 58 2114 110
is_linear=0
shrinkage=0.05


Tree=63
num_leaves=24
num_cat=0
split_feature=1 3 0 3 0 0 10 0 0 0 1 9 1 11 3 1 4 4 0 5 0 3 0
split_gain=72.6349 78.3762 98.6105 171.194 79.4842 43.3732 42.749 30.9914 30.3239 34.2128 20.1171 17.1092 16.0282 13.531 8.9613 9.66288 6.24013 4.92484 2.73983 2.33342 1.77302 1.62313 0.00153663
threshold=23.027777777777782 0.94804318488529027 24.500000000000004 0.8239268680445152 42.500000000000007 35.500000000000007 0.014519104084321477 14.500000000000002 22.500000000000004 11.500000000000002 10.327956989247314 0.083200212992545278 8.0185185185185208 1.0000000180025095e-35 0.4425504134629335 41.125000000000007 3.6369708994708998 3.5213476940071806 33.500000000000007 0.020513359983168528 289.50000000000006 0.70243014561196382 191.50000000000003
decision_type=2 2 2 2 2 2 2 2 2 2 2 2 2 2 2 2 2 2 2 2 2 2 2
left_child=1 2 6 4 -4 -5 7 -1 9 11 -11 -3 -8 18 20 16 -16 -10 -2 -19 22 -17 -15
right_child=13 8 3 5 -6 -7 12 -9 17 10 -12 -13 -14 14 15 21 -18 19 -20 -21 -22 -23 -24
leaf_value=-0.00046745342604505893 0.071178354247666192 -0.0072087125540808679 0.02041833108010175 -0.015022881598956612 -0.00039191969852949695 -0.04265455425263269 0.0013845649532926282 0.020399796537755789 0.011770068606601163 0.0039654747189249735 -0.016747973251056265 -0.045893788741443689 -0.042208289935344465 0.053969078082847836 -0.0026783609571834175 -0.084094880581721487 -0.026534356524275021 -0.041698644145665389 0.010297043285783522 -0.073846235865675111 -0.0051798903317557717 -0.051623037727327972 0.055946787173193485
leaf_weight=211.91542669758201 4.0287641286849967 42.810341939330101 622.85142338462174 448.19523071497679 1742.5702830627561 207.89474303647876 43.720563512295485 1109.5120641756803 4.1502973586320868 301.1887159794569 191.90820319950581 85.991429388523102 40.729331709444523 2.3570708073675624 30.759995061904192 5.7114115506410625 251.83897125348449 78.072352103888988 3.4139204025268555 6.0845435708761206 1.7731361314654348 11.797858536243437 1.6837804093956945
leaf_count=975 22 204 3405 2238 13611 1413 202 5666 18 1361 937 502 191 37 148 48 2001 448 32 33 9 84 19
internal_value=1.08648e-05 0.00143631 0.00390975 -0.00118027 0.00508774 -0.0237785 0.0148492 0.0170533 -0.013983 -0.0100897 -0.00409598 -0.0330359 -0.0196398 -0.0233593 -0.0249798 -0.0261709 -0.0239377 -0.0414007 0.0432524 -0.0440229 0.0365027 -0.0622151 0.0547932
internal_weight=5450.96 5137.59 4427.39 3021.51 2365.42 656.09 1405.88 1321.43 710.206 621.899 493.097 128.802 84.4499 313.365 305.922 300.108 282.599 88.3072 7.44268 84.1569 5.81399 17.5093 4.04085
internal_count=33604 31204 27701 20667 17016 3651 7034 6641 3503 3004 2298 706 393 2400 2346 2281 2149 499 54 481 65 132 56
is_linear=0
shrinkage=0.05


Tree=64
num_leaves=30
num_cat=0
split_feature=3 0 3 0 3 0 3 3 0 11 6 6 3 11 10 10 3 0 0 3 1 2 4 9 0 2 2 1 2
split_gain=71.6336 79.8318 177.171 112.124 116.938 54.6342 53.3451 41.437 71.2297 34.6469 27.8621 24.9135 24.3928 21.9609 17.6607 17.0986 16.4503 8.50552 7.94046 11.8153 8.35337 7.14856 7.11798 5.11722 5.02466 2.49911 1.71946 1.62396 0.590125
threshold=0.53440555841482251 82.500000000000014 0.70606617647058834 42.500000000000007 0.88284313725490204 251.50000000000003 0.78805704099821761 0.64524074368345785 131.50000000000003 73.100744907469689 0.057181782794861823 0.049602548735095585 0.44916643512086701 76.340498106060636 0.012673285216675536 0.00238000830784336 0.64719012605042037 340.50000000000006 176.50000000000003 0.48104686965446469 15.414215686274511 20.757716049382719 4.0716117216117222 0.13412856431771317 324.50000000000006 0.22829861111111113 124.85260770975059 18.146428571428576 254.07636485966938
decision_type=2 2 2 2 2 2 2 2 2 2 2 2 2 2 2 2 2 2 2 2 2 2 2 2 2 2 2 2 2
left_child=5 2 11 4 -4 18 -5 8 10 15 -3 16 24 -10 -13 -9 -2 23 25 26 -21 -11 -19 -14 28 -1 -20 -27 -7
right_child=1 7 3 6 -6 12 -8 9 13 21 -12 14 17 -15 -16 -17 -18 22 19 20 -22 -23 -24 -25 -26 27 -28 -29 -30
leaf_value=-0.0047189916210384894 0.039216164487551247 -0.016911840494243734 0.011505862248038427 -0.010036333891086782 -0.0073885151530909262 0.052752277268985182 -0.039840955023996566 -0.017107168958471693 -0.0089793323976571342 -0.022247203462438095 0.030647646569669559 0.037572307832048582 -0.048110681357579274 -0.036606090139802296 -0.048531976663884445 0.03451248405239464 -0.0082179443796478301 -0.033948487866053527 0.05270161877795583 0.039352746397450525 -0.019156283161629796 -0.047299442616145736 0.05267375246021011 -0.004360154216882575 -0.017149526400659681 0.053027003213679758 0.0013976972021735989 0.071549700981236197 0.014464901011789403
leaf_weight=1.7244532033801068 26.395299442112446 40.001119911670685 1596.6929574757814 409.23117185756564 1681.0636837892234 14.911906428635122 237.11924570798874 145.04058585315943 170.21898666769266 34.790492370724678 133.8041079826653 373.35029307380319 30.107538644224405 124.58042482286692 6.0517628677189341 18.037468984723091 59.436433464288712 4.2693393602967245 33.001426670700312 10.434158314019443 14.687416128814219 156.8658175803721 5.3352919742465019 8.5905751995742303 3.3532221615314475 71.976928934454918 1.7182003706693638 14.16158074326813 1.0792431458830822
leaf_count=32 200 241 8115 2311 8360 292 1724 1218 1446 185 1075 2941 278 849 42 148 324 31 764 122 102 1088 33 66 16 1410 19 164 8
internal_value=8.80669e-06 -0.00115868 0.00152122 -0.00193763 0.0018155 0.0282683 -0.0209704 -0.0154456 -0.00568617 -0.0283377 0.0197019 0.0306955 -0.00894519 -0.0206542 0.0361989 -0.0113977 0.00636917 -0.0279458 0.0453117 0.0312642 0.00514524 -0.0427518 0.0141694 -0.0383985 0.0384992 0.0548791 0.0501627 0.0560722 0.0501683
internal_weight=5428.03 5212.68 4389.34 3924.11 3277.76 215.351 646.35 823.339 468.605 354.734 173.805 465.234 67.6471 294.799 379.402 163.078 85.8317 48.3027 147.704 59.8412 25.1216 191.656 9.60463 38.6981 19.3444 87.863 34.7196 86.1385 15.9911
internal_count=33604 30267 24017 20510 16475 3337 4035 6250 3611 2639 1316 3507 724 2295 2983 1366 524 408 2613 1007 224 1273 64 344 316 1606 783 1574 300
is_linear=0
shrinkage=0.05


Tree=65
num_leaves=31
num_cat=0
split_feature=9 10 1 0 4 7 1 0 0 1 10 3 1 7 3 11 4 3 1 1 1 10 0 6 3 3 0 7 1 2
split_gain=69.7933 78.5045 78.9853 70.2441 65.2134 40.8338 36.6195 34.774 31.3827 29.9204 26.8673 22.9337 21.2217 20.7221 19.2471 18.8339 18.5005 14.7422 12.5752 9.87946 9.45036 9.30408 9.24671 9.18183 8.22771 6.73565 9.27877 5.90173 4.60215 2.60404
threshold=0.15799875182026216 0.0041558542493339854 13.804761904761907 13.500000000000002 4.6007117437722433 0.030803117587258563 25.258333333333336 19.500000000000004 11.500000000000002 9.0156250000000018 0.014311315924219152 0.69775807261167822 9.9479578392621892 0.01590463542654778 0.9417420814479639 68.200759441707746 3.440238095238096 0.53069073783359511 6.6742424242424248 10.49193548387097 5.0769230769230775 0.013730049013447281 17.500000000000004 0.062101652255104951 0.60031948881789143 0.68069758023691418 31.500000000000004 0.086899313501144174 5.9761904761904772 43.193750000000009
decision_type=2 2 2 2 2 2 2 2 2 2 2 2 2 2 2 2 2 2 2 2 2 2 2 2 2 2 2 2 2 2
left_child=1 2 3 12 -5 17 -7 8 21 10 18 15 -1 25 19 -11 27 -4 -3 -10 -12 28 -13 -16 -18 29 -27 -15 -2 -9
right_child=7 9 5 4 -6 6 -8 13 14 11 20 22 -14 16 23 -17 24 -19 -20 -21 -22 -23 -24 -25 -26 26 -28 -29 -30 -31
leaf_value=-0.0078914688440577131 -0.0052734222654888703 0.041589420356480118 0.048019731419152431 0.016359620930451055 -0.014642287301089669 -0.0049564439077858539 -0.0337544700522616 0.028567785934200451 0.025466612141957896 0.084835658198985517 0.028584117379824411 -0.0080657153619440314 -0.045252368448805362 0.019321502935742599 0.0045562358958629399 -0.0058865987320880168 0.0053839335865049111 0.0075071779090439359 0.0055780381882361797 -0.0017466253145993896 -0.025505769757174664 0.017725549117921478 -0.032838882107440293 -0.027021530436673304 -0.034013251303066427 0.0046952383795791407 -0.034480835929681201 -0.043312198423117607 -0.052477866843039227 0.10105678102801406
leaf_weight=145.02752124890685 5.9984279423952094 35.057457130402327 23.640394318848848 1896.8420429732651 186.28812327608466 1212.7869042176753 121.44328971207142 4.2532453890889874 105.96411472558975 6.2506820932030669 8.9851132817566377 44.013068087399006 51.508271854370832 24.253895625472072 44.028289273381233 67.476541453972459 13.854588624089955 448.05466498062015 78.582353640347719 48.669638603925705 79.745333179831505 6.628293238580226 261.25161714106798 48.244607299566269 304.80434948578477 59.583563104271889 20.251412902027369 4.4512417018413535 37.090807870030403 1.748132139444351
leaf_count=659 31 173 362 12177 999 8277 1028 56 518 44 41 213 272 146 202 553 121 2529 407 229 378 38 1480 225 1798 288 104 19 225 12
internal_value=8.84206e-06 0.00225739 0.00470362 0.0108913 0.0135872 -0.00310729 -0.00757768 -0.0143698 -0.00118024 -0.0149337 0.000589119 -0.0232225 -0.017683 -0.023401 0.00611769 0.00180494 -0.0288371 0.00953758 0.0166874 0.0169015 -0.0200285 -0.0374232 -0.0292671 -0.0119541 -0.0323003 -0.00140221 -0.0052424 0.00960903 -0.0459066 0.049683
internal_weight=5396.78 4666.95 4085.59 2279.67 2083.13 1805.93 1334.23 729.825 296.624 581.362 202.37 378.992 196.536 433.2 246.907 73.7272 347.364 471.695 113.64 154.634 88.7304 49.7175 305.265 92.2729 318.659 85.8364 79.835 28.7051 43.0892 6.00138
internal_count=33604 29592 26303 14107 13176 12196 9305 4012 1468 3289 999 2290 931 2544 1174 597 2084 2891 580 747 419 294 1693 427 1919 460 392 165 256 68
is_linear=0
shrinkage=0.05


Tree=66
num_leaves=31
num_cat=0
split_feature=7 4 6 0 3 0 1 0 8 2 10 0 3 1 0 8 3 9 4 9 11 1 3 3 0 7 11 0 4 11
split_gain=65.8434 55.1531 44.3137 39.935 88.2971 63.5864 54.8837 31.1413 30.2156 31.4869 35.1224 28.3751 17.7827 20.3741 19.3759 14.3701 13.8548 12.9845 11.2354 14.4672 12.0809 10.9359 10.7745 9.90273 18.2842 9.75828 9.50322 9.08246 5.91417 3.98186
threshold=0.055632930981120397 4.3128156565656575 0.049602548735095585 19.500000000000004 0.82785560344827591 13.500000000000002 15.510869565217392 34.500000000000007 0.18075692600912127 42.267857142857146 0.0054215238464749077 19.500000000000004 0.91723744292237452 6.8090909090909095 54.500000000000007 0.14262598243180771 0.89323708206686947 0.12126782531194298 4.909545454545456 0.076800196608503332 68.982597551928805 9.5147058823529438 0.52707940498638184 0.81509971509971513 45.500000000000007 0.13655788655788659 91.823367461272397 220.50000000000003 3.8668308702791463 79.765882352941219
decision_type=2 2 2 2 2 2 2 2 2 2 2 2 2 2 2 2 2 2 2 2 2 2 2 2 2 2 2 2 2 2
left_child=1 3 21 5 6 15 -5 -6 9 10 -4 18 14 -14 -10 -1 -7 27 20 -20 -3 25 -11 24 -23 26 -2 -13 -25 -27
right_child=2 11 8 4 7 16 -8 -9 12 22 -12 17 13 -15 -16 -17 -18 -19 19 -21 -22 23 -24 28 -26 29 -28 -29 -30 -31
leaf_value=0.0098838086276580028 0.016161847866365708 0.031750532771923405 0.0071889748769838613 0.018966671904661773 -0.0077010316318772047 0.03596178021563539 -0.0019497806662942105 -0.040339915837078501 0.0012639651084313127 0.018216587381765736 -0.020668293773235848 -0.007907240008690912 0.011663988360059288 -0.038990655740175725 -0.025229387444226193 -0.026983102729546734 0.019415333243869612 -0.030294161760922762 0.015918259942567285 -0.034513393526969208 0.0032499620261159123 0.0053920756770207204 -0.01624657474052494 -0.025776856231024527 -0.030733014971070262 -0.078075039343060371 -0.023582091247640505 -0.039406251456703831 -0.047210764061242874 -0.023717833451472922
leaf_weight=40.23292838409543 42.512347757816315 52.843041971325874 995.77411923184991 834.45441534556448 417.96042317897081 219.72246833145618 502.47303616441786 88.567644663155079 193.76996685191989 24.530152212828398 127.65323257632554 265.71781050041318 24.148996040225029 111.53155838698149 107.18873864412308 77.052874058485031 298.22029732912779 117.85857229679823 24.338400859385729 34.207467764616013 125.45802439749241 52.858475681394339 300.54991807043552 60.187166236341 103.82835964486003 5.2044099494814864 23.275539077818394 25.041655503213406 69.170087646692991 9.5536443591117841
leaf_count=191 205 240 5997 6435 1958 1340 3444 507 1044 257 662 1744 113 574 848 362 1455 893 111 166 572 256 2269 279 768 28 112 266 463 45
internal_value=7.41478e-06 0.00470521 -0.00651049 0.00809533 0.00436982 0.0189069 0.0111054 -0.013408 -0.00341736 5.81078e-05 0.0040236 -0.00831336 -0.0149469 -0.0299749 -0.00817184 -0.0143365 0.0264347 -0.0162947 0.00545643 -0.0135482 0.0116967 -0.0224166 -0.013646 -0.0269992 -0.0185462 -0.00614226 0.00210057 -0.0106201 -0.037238 -0.0428868
internal_weight=5375.89 3124.15 2251.74 2478.68 1843.46 635.229 1336.93 506.528 1885.15 1448.51 1123.43 645.465 436.639 135.681 300.959 117.286 517.943 408.618 236.847 58.5459 178.301 366.59 325.08 286.044 156.687 80.5459 65.7879 290.759 129.357 14.7581
internal_count=33604 19684 13920 15692 12344 3348 9879 2465 11764 9185 6659 3992 2579 687 1892 553 2795 2903 1089 277 812 2156 2526 1766 1024 390 317 2010 742 73
is_linear=0
shrinkage=0.05


Tree=67
num_leaves=28
num_cat=0
split_feature=3 0 3 0 0 3 3 0 1 4 10 0 10 2 3 6 7 2 3 0 0 8 8 1 3 5 3
split_gain=64.7505 67.708 141.698 119.651 89.4228 108.682 39.94 38.8015 32.8932 31.0217 25.9883 24.176 23.0552 22.2752 15.6504 12.9666 7.86401 7.35843 8.10837 9.10321 5.97567 2.83077 3.89787 1.07937 0.170559 0.149328 0.00371378
threshold=0.50062972292191443 19.500000000000004 0.86996779388083745 14.500000000000002 41.500000000000007 0.74087396749267265 0.75937646507266776 25.500000000000004 5.0769230769230775 4.5253577788036674 0.0099314264243107447 293.50000000000006 0.017937580437580442 1.5030864197530867 0.9417420814479639 0.18528922180607577 0.071052120606917998 74.677083333333357 0.46035674996071041 205.50000000000003 375.50000000000006 0.17146626460610634 0.14119892231701844 48.63333333333334 0.46035674996071041 0.0032000081920209719 0.436283973048679
decision_type=2 2 2 2 2 2 2 2 2 2 2 2 2 2 2 2 2 2 2 2 2 2 2 2 2 2 2
left_child=11 3 4 8 6 -6 -3 12 16 10 -5 17 -4 -10 -11 -9 -2 23 26 -20 21 22 -13 25 -23 -1 -19
right_child=1 2 7 9 5 -7 -8 15 13 14 -12 20 -14 -15 -16 -17 -18 18 19 -21 -22 24 -24 -25 -26 -27 -28
leaf_value=0.052610943009912349 0.046222996164913183 0.028113930612611249 -0.01119200338974923 0.026616806162777298 0.00086438096288402673 -0.026168643741217964 0.0061367148910976433 -0.03943030378256495 -0.023659355571069931 0.011646892621188502 -0.00063864355906456606 -0.068466809404192544 -0.069661065218343213 -0.0019345164297233262 -0.021834595341192104 0.0088640815834334138 0.0047867531090838742 0.054117783561269096 0.038117576006369412 -0.059828363329406935 0.026996234812698694 -0.075943196888681716 0.0083857741241904499 -0.004475688234879289 -0.057321289500561402 0.04733081474612736 0.056788096618746967
leaf_weight=70.001810861751437 27.868317276239395 268.28187784925103 373.25638903677464 680.67963148280978 1381.1256600301713 508.75702920928597 901.04846697300673 308.38139775395393 279.47023329511285 84.807495504617691 100.35505673289299 2.4407242424786109 17.657533474266529 204.20571710169315 59.312496438622475 14.554590366780756 19.43650309741497 5.5749603956937817 4.349913038313387 5.2178455963730812 5.3258256316184989 2.0042181238532066 5.091845914721489 0.8667060025036325 3.1814480684697628 16.557595316320658 1.6988324448466299
leaf_count=1723 126 1770 1905 3614 10342 3420 4335 1887 1417 394 481 21 92 943 261 76 91 89 42 27 24 12 42 16 37 396 21
internal_value=6.28502e-06 -0.000834858 -0.00436935 0.00832352 0.00031128 -0.00641292 0.011179 -0.0244282 -0.0105954 0.0191818 0.0231148 0.0359677 -0.013833 -0.0144872 -0.00213239 -0.0372537 0.0291978 0.0452151 0.0149518 -0.0152979 -0.0174686 -0.0360884 -0.0165162 0.051045 -0.0645185 0.0516009 0.0547414
internal_weight=5351.51 5229.2 3773.06 1456.14 3059.21 1889.88 1169.33 713.85 530.981 925.155 781.035 122.312 390.914 483.676 144.12 322.936 47.3048 104.268 16.8416 9.56776 18.0441 12.7182 7.53257 87.4261 5.18567 86.5594 7.27379
internal_count=33604 31154 23827 7327 19867 13762 6105 3960 2577 4750 4095 2450 1997 2360 655 1963 217 2314 179 69 136 112 63 2135 49 2119 110
is_linear=0
shrinkage=0.05


Tree=68
num_leaves=30
num_cat=0
split_feature=9 2 10 8 1 7 4 1 1 7 3 10 1 8 9 5 8 1 10 1 11 0 0 3 4 7 6 1 7
split_gain=64.2796 56.0166 55.3979 51.7264 36.2134 33.1695 26.6227 22.1826 21.47 19.6 18.6912 16.4325 15.1732 15.054 13.2857 12.8873 12.0329 11.2437 10.4692 10.263 9.83974 8.32936 7.94923 15.5861 6.98111 5.47856 3.97578 3.16185 1.88519
threshold=0.12730095990965559 104.93554687500001 0.0053491832361525311 0.21230963495829189 24.418831168831172 0.056652402256370367 4.4547859547859554 11.203448275862071 11.490740740740742 0.062593283582089557 0.60496913580246925 0.020478054235392788 10.14835164835165 0.26344707923655297 0.15221152399578761 0.017804311073541846 0.04819976771196284 5.0769230769230775 0.013194162362908374 9.1833333333333353 96.711942559068746 22.500000000000004 220.50000000000003 0.520369083249408 5.2739783152627195 0.11167800453514741 0.098099362444364263 15.63818181818182 0.057181782794861823
decision_type=2 2 2 2 2 2 2 2 2 2 2 2 2 2 2 2 2 2 2 2 2 2 2 2 2 2 2 2 2
left_child=1 2 3 4 -1 6 7 13 11 -5 -9 -4 16 -2 20 22 19 -18 -10 -7 -14 24 23 -3 -8 -16 -17 -23 -24
right_child=5 15 8 9 -6 12 21 10 18 -11 -12 -13 14 -15 25 26 17 -19 -20 -21 -22 27 28 -25 -26 -27 -28 -29 -30
leaf_value=0.011910510270028724 0.010760023790983196 0.064834575975365724 0.0038026608084912004 -0.0012888426705501637 -0.023449612981636968 -0.06704806846731276 -0.0084123415636832288 0.016872707995929739 -0.020398081327109487 -0.024470714220951081 -0.0096366783055266553 -0.026121586142077987 -0.017261271942196177 -0.05628720947422064 -0.028290149145656016 0.071628933562782257 0.050070858687923062 -0.0054928831343296763 -0.052137250947795324 0.017852728067151664 0.023174906382391589 -0.051023214082630247 -0.050308883239604141 -0.021149055876732589 -0.060846147585740085 -0.050747086055269668 0.004755107883705245 -0.025067071535056398 -0.028586120661425719
leaf_weight=2363.4962561763823 393.3248329591006 5.4512869864702216 177.26283486001194 422.16946768946946 74.695568155497313 13.729994781315328 63.148421172052622 76.964019566774368 93.441455172374845 116.29798745922744 488.74787347018719 61.89687642455101 241.3721323274076 8.5540959611535055 146.83423085138202 4.4413398206233961 9.5168051272630674 210.26816989481449 35.987908557057381 4.8053166568279257 16.044760078191757 29.159101322293282 27.463077161461115 158.84631194919348 7.0575349926948538 33.321615409106016 4.4488416127860546 19.632190186530352 15.695911247283219
leaf_count=15554 2189 63 929 2401 492 66 306 756 550 628 2738 296 1720 43 971 29 45 1042 200 23 81 211 315 1304 38 219 29 184 182
internal_value=6.15622e-06 0.00387093 0.00546559 0.00772976 0.0108272 -0.00780372 -0.0023939 0.000350751 -0.0128195 -0.00629565 -0.00603013 -0.00394203 -0.0165007 0.00933291 -0.0220295 -0.0207863 -0.00634963 -0.00308694 -0.0292232 -0.0450374 -0.0147409 -0.0247112 -0.0233125 -0.0182962 -0.0136833 -0.0324438 0.0381638 -0.0405792 -0.0424088
internal_weight=5324.08 3561.6 3345.25 2976.66 2438.19 1762.48 1086.59 967.591 368.589 538.467 565.712 239.16 675.893 401.879 437.573 216.347 238.32 219.785 129.429 18.5353 257.417 118.997 207.457 164.298 70.206 180.156 8.89018 48.7913 43.159
internal_count=33604 22972 21050 19075 16046 10632 6465 5726 1975 3029 3494 1225 4167 2232 2991 1922 1176 1087 750 89 1801 739 1864 1367 344 1190 58 395 497
is_linear=0
shrinkage=0.05


Tree=69
num_leaves=30
num_cat=0
split_feature=6 4 1 0 0 7 3 1 10 0 3 3 3 0 11 4 0 3 6 0 9 0 8 11 3 6 7 0 2
split_gain=61.2065 60.5487 57.9071 50.3589 55.9522 43.9284 21.3559 19.3582 19.2 17.5301 31.8313 16.5907 12.0479 13.8867 11.5396 15.1502 11.5016 14.1198 11.0863 8.96849 8.36811 8.31712 7.43569 7.31925 7.60935 5.9846 6.51382 5.77019 5.0195
threshold=0.047386242129024599 4.5762787723785179 20.027777777777782 11.500000000000002 20.500000000000004 0.01590463542654778 0.907192075796727 5.0769230769230775 0.0024183832216256684 29.500000000000004 0.8790491118077326 0.62521477663230252 0.78805704099821761 64.500000000000014 66.738557885484695 5.1012195121951232 32.500000000000007 0.73363914373088701 0.070986829547623601 30.500000000000004 0.083432776451869542 22.500000000000004 0.23821860350357763 103.69869047619051 0.56351398754713677 0.20185185185185187 0.071052120606917998 11.500000000000002 1.5679012345679015
decision_type=2 2 2 2 2 2 2 2 2 2 2 2 2 2 2 2 2 2 2 2 2 2 2 2 2 2 2 2 2
left_child=5 2 3 18 -5 6 16 25 9 10 -7 -11 13 -4 15 -9 22 -18 -2 -16 -14 27 -1 24 -10 28 -27 -8 -3
right_child=1 7 12 4 -6 8 21 14 23 11 -12 -13 20 -15 19 -17 17 -19 -20 -21 -22 -23 -24 -25 -26 26 -28 -29 -30
leaf_value=0.034759549933987263 0.045274790012443951 0.027313501132156182 0.013963544055849262 0.017604462815375931 0.0034434963548462291 0.013421630796177858 -0.036165429849789772 -0.0038994396429928844 0.026146613432190175 -0.0018248562568073891 -0.021683123732455442 -0.030883527435064319 -0.0079447379174598289 -0.013544600801625645 -0.021122905011858154 -0.030202207447494484 0.021603627608534525 -0.040237865607071044 -0.03420024667346875 -0.049703949407559442 -0.03594258977299674 -0.068306963475154178 -0.00068709584968508811 0.029572761465463351 -0.044001777898235006 0.078049090844512406 0.0088404608970114942 1.5406059736586684e-05 -0.034550558754495628
leaf_weight=80.096636835485697 4.6211026310920706 8.3411381579935568 57.670669615268707 964.73870981298387 2518.556877180934 118.10006250441074 15.079890638589857 220.05356665700674 4.0287619903683654 64.519692042842507 142.47976963222027 205.78685611858964 39.688618652522564 224.39236453548074 142.52447107806802 72.87736414000392 22.127009214833379 15.836022756993769 86.983651347458363 33.994176119565964 81.474899917840958 6.793927237391471 18.146824661642313 3.7959521710872641 95.641231391578913 8.2207064218819124 5.797445408999919 40.929189413785934 5.4026015400886527
leaf_count=414 21 40 317 4936 17188 589 87 1500 41 540 744 1283 198 1991 721 410 208 79 459 263 575 34 93 20 573 39 27 188 26
internal_value=4.34421e-06 0.00232109 0.00437717 0.00640317 0.00736554 -0.0124371 0.0080582 -0.0141294 -0.0188669 -0.0150267 -0.00577294 -0.0239475 -0.0135848 -0.00792028 -0.0165285 -0.0104432 0.0191802 -0.00419313 -0.030191 -0.0266271 -0.0267715 -0.0160631 0.0282121 -0.038571 -0.0411663 0.0264403 0.0494267 -0.00972593 0.00299502
internal_weight=5308.7 4475.34 3978.13 3574.9 3483.3 833.362 199.01 497.211 634.352 530.886 260.58 270.307 403.227 282.063 469.45 292.931 136.206 37.963 91.6048 176.519 121.164 62.803 98.2435 103.466 99.67 27.7619 14.0182 56.0091 13.7437
internal_count=33604 28711 25685 22604 22124 4893 1103 3026 3790 3156 1333 1823 3081 2308 2894 1910 794 287 480 984 773 309 507 634 614 132 66 275 66
is_linear=0
shrinkage=0.05


Tree=70
num_leaves=27
num_cat=0
split_feature=3 0 3 0 3 11 0 6 11 2 3 4 10 3 0 2 3 0 9 11 4 3 8 5 9 0
split_gain=59.9924 62.558 128.629 81.2378 120.265 43.1353 22.6747 22.5142 21.5974 14.7337 14.1894 14.1276 12.5566 11.0028 29.6088 7.13655 7.6036 8.12494 5.8121 5.03548 2.56677 4.16311 1.11415 0.160973 0.0292702 0.00357889
threshold=0.50062972292191443 150.50000000000003 0.62521477663230252 70.500000000000014 0.73363914373088701 73.798436752749907 293.50000000000006 0.0587372779023633 76.503031135531174 254.07636485966938 0.56553015627017966 4.1994623655913985 0.011912645853043207 0.56351398754713677 195.50000000000003 74.677083333333357 0.46035674996071041 205.50000000000003 0.13162019468734534 85.007021974026216 4.2440442427680098 0.44916643512086701 0.2869249394673124 0.0032000081920209719 0.071516754850088196 251.50000000000003
decision_type=2 2 2 2 2 2 2 2 2 2 2 2 2 2 2 2 2 2 2 2 2 2 2 2 2 2
left_child=6 2 7 4 -4 -5 15 10 9 11 -2 -3 -9 14 -10 22 25 -18 20 -15 21 -8 23 -1 -11 -17
right_child=1 8 3 5 -6 -7 18 12 13 24 -12 -13 -14 19 -16 16 17 -19 -20 -21 -22 -23 -24 -25 -26 -27
leaf_value=0.052469345606778177 0.047478603906034512 0.011247053699386974 0.02443714290994449 -0.0018746481937661191 -0.0022132469830683141 -0.031880294501488396 0.0058362258975141815 0.042322818599202817 0.023563907934145867 -0.061024417876580112 -0.0030126469890883671 -0.017650298700098876 -0.089749522968404397 -0.044951849486680268 -0.048294440188608623 0.053682790438363263 0.036606962433586791 -0.057448020108326392 0.025164902898109603 -0.078275300181398444 -0.00036718888606130545 -0.072595447827168758 -0.0058669182245771299 0.046826134551139355 -0.055060628177968786 0.056166100738544548
leaf_weight=66.074450010433793 18.446549832820892 64.610239662230015 480.28496507927775 194.95003133639693 3569.328684668988 310.61159354075789 2.3295609056949633 212.66268917173147 22.027860704809427 2.3863380104303387 56.636837601661682 122.46019898355007 1.8150118552148331 49.131138879805803 41.049358520656824 4.7397047765553024 4.1789192594587785 5.0963485762476921 5.6607208475470534 14.736987967044113 3.5208827890455714 6.1809977665543556 0.85854862630367179 15.625230437144635 14.926406316459177 2.090910293161869
leaf_count=1720 177 540 3148 1587 18787 2028 17 2214 188 20 382 1112 16 380 300 83 42 27 37 81 27 55 21 394 194 27
internal_value=2.98794e-06 -0.000795165 0.000642328 -0.00141177 0.000947494 -0.0203098 0.0355085 0.032956 -0.0218144 -0.0117537 0.00939209 -0.00766975 0.0412052 -0.0380122 -0.0232 0.0448552 0.0144097 -0.0150721 -0.0166151 -0.0526409 -0.0362724 -0.0511267 0.0507946 0.0513901 -0.0558827 0.054443
internal_weight=5292.42 5176.06 4844.74 4555.18 4049.61 505.562 116.356 289.561 331.329 204.383 75.0834 187.07 214.478 126.945 63.0772 98.6641 16.1059 9.27527 17.6922 63.8681 12.0314 8.51056 82.5582 81.6997 17.3127 6.83062
internal_count=33604 31154 28339 25550 21935 3615 2450 2789 2815 1866 559 1652 2230 949 488 2314 179 69 136 461 99 72 2135 2114 214 110
is_linear=0
shrinkage=0.05


Tree=71
num_leaves=29
num_cat=0
split_feature=9 10 1 3 0 0 3 1 0 0 3 4 1 11 1 1 3 1 0 8 3 1 0 3 11 6 11 6
split_gain=58.6286 64.4625 59.3054 57.7229 48.9378 34.4482 46.4836 28.0757 27.9486 25.6515 23.3626 13.2343 11.2763 10.7599 10.5358 11.6865 9.4538 8.81196 8.64159 8.41016 8.33681 7.18623 6.05248 6.00013 8.01215 5.03593 4.66143 3.62236
threshold=0.15799875182026216 0.014311315924219152 13.804761904761907 0.69775807261167822 64.500000000000014 19.500000000000004 0.88029850746268667 15.902380952380954 22.500000000000004 101.50000000000001 0.9417420814479639 3.4313260849363445 5.0769230769230775 103.54978494623658 10.49193548387097 17.976190476190478 0.57243878060969522 5.0769230769230775 62.500000000000007 0.04819976771196284 0.85391260162601634 11.660919540229886 187.50000000000003 0.75446570972886773 92.697258164629531 0.064411978787563703 102.85168659420292 0.17425810904071776
decision_type=2 2 2 2 2 2 2 2 2 2 2 2 2 2 2 2 2 2 2 2 2 2 2 2 2 2 2 2
left_child=1 2 3 9 -5 7 -7 -4 10 -1 14 23 27 21 19 -16 22 -12 -18 -2 -15 -14 -13 24 -10 -19 -25 -3
right_child=8 12 5 4 -6 6 -8 -9 11 -11 17 16 13 20 15 -17 18 25 -20 -21 -22 -23 -24 26 -26 -27 -28 -29
leaf_value=0.035557171375477058 -0.026187671508926119 -0.007985959434051601 -0.018479046942995098 0.0065167724982265699 -0.033045218326543467 -0.0034130521171219647 -0.033016884587929271 0.023659863422505662 -0.047475107063830894 0.0089887104287467295 0.051601058769669472 0.056836824540985369 -0.029097485298971933 0.058484067371730064 -0.01833117394780857 0.020944430135384724 -0.02460634797472477 -0.012008740017641474 -0.047420193236909908 0.018769277077991794 -0.018238384530669116 -0.05443966443213915 -0.022859456272552665 -0.027840471473589465 0.052287141908186389 -0.030925373353987786 0.032283169469472794 0.055664308872999162
leaf_weight=249.38592610880733 11.357476875185965 4.1861957460641843 50.473740927875042 2043.6691753864288 81.27660994976759 1500.2197408638895 145.4567626863718 182.27194766514003 2.4826683048158911 142.90920764394104 4.2210620045661917 5.4215564485639316 102.83669382706285 5.3139547035098067 65.337844602763653 26.671522006392479 248.86133274063468 68.557468436658382 49.8177520185709 123.76004998013377 10.610930278897284 38.42693554982543 4.2496639229357243 12.151386454701425 10.629436641931532 72.272321917116642 4.3879396915435782 4.7963502109050751
leaf_count=2636 58 18 238 10650 502 11012 885 848 18 1968 20 72 506 26 320 126 1439 360 371 619 51 229 44 55 97 393 20 23
internal_value=3.80514e-06 0.00208422 0.00323986 0.0082568 0.00500357 -0.00348326 -0.00602965 0.0145215 -0.0133598 0.0258785 -0.00390718 -0.0237681 -0.0284853 -0.0315989 0.00610391 -0.00694603 -0.0268362 -0.019583 -0.0284116 0.0149904 0.00736303 -0.0359911 0.0218172 0.00813702 0.033398 -0.0217166 -0.0118895 0.026001
internal_weight=5272.01 4561.83 4395.66 2517.24 2124.95 1878.42 1645.68 232.746 710.179 392.295 372.178 338.002 166.171 157.189 227.127 92.0094 308.35 145.051 298.679 135.118 15.9249 141.264 9.67122 29.6514 13.1121 140.83 16.5393 8.98255
internal_count=33604 29592 28739 15756 11152 12983 11897 1086 4012 4604 1896 2116 853 812 1123 446 1926 773 1810 677 77 735 116 190 115 753 75 41
is_linear=0
shrinkage=0.05


Tree=72
num_leaves=30
num_cat=0
split_feature=3 0 3 0 3 0 0 3 3 11 3 5 3 0 6 2 10 5 9 0 3 1 1 4 2 2 1 2 11
split_gain=56.3255 63.0808 122.3 115.516 95.286 46.9485 32.2777 32.532 25.0647 23.2203 19.6124 18.4265 18.4046 32.7291 14.6988 12.1448 10.0885 8.12457 8.41498 7.67078 10.5436 6.93585 6.24801 4.58581 2.93834 2.67546 2.02414 1.84642 1.51261
threshold=0.53440555841482251 117.50000000000001 0.68691260430390877 49.500000000000007 0.82785560344827591 251.50000000000003 82.500000000000014 0.60496913580246925 0.78805704099821761 75.341842105263197 0.44916643512086701 0.0059612651030561481 0.56351398754713677 168.50000000000003 0.050872830609966516 142.48663194444447 0.00060114352785063457 0.0023255939729257599 0.13412856431771317 176.50000000000003 0.48104686965446469 15.414215686274511 10.418859649122808 4.297055965543505 204.22829861111111 0.22829861111111113 14.755000000000001 124.85260770975059 76.340498106060636
decision_type=2 2 2 2 2 2 2 2 2 2 2 2 2 2 2 2 2 2 2 2 2 2 2 2 2 2 2 2 2
left_child=5 2 6 4 -4 19 14 -8 -5 11 23 15 13 -11 -2 -3 -13 18 -12 25 27 -22 -14 24 -7 -1 -19 -21 -27
right_child=1 9 3 8 -6 10 7 -9 -10 12 17 16 22 -15 -16 -17 -18 26 -20 20 21 -23 -24 -25 -26 28 -28 -29 -30
leaf_value=-0.010775458377930931 0.011813582513729146 -0.0082282765457541394 0.013829325019227068 -0.017088889373157726 -0.0041381881320414577 0.052931089076492924 0.038413912663681687 -0.0050905882128576569 -0.042160488370980097 0.041731174188757686 -0.024452992091027664 0.0033291284109535622 -0.11313657722135917 -0.040696919668955389 0.038850891554715598 -0.036665631516162429 0.054036354520075824 -0.09090055299141192 0.039965390594641902 0.052277625304158838 0.03733011438363866 -0.017465706291254612 -0.038655558139323733 -0.039566298293122748 -0.02043232931497501 0.069061212236932359 -0.044784166451133055 -0.0034793994298541828 0.051560788073154187
leaf_weight=1.5688758119940747 62.616667319089174 162.18304093182087 1062.6104068607092 482.29626094177365 2414.6864249408245 13.773232279345395 61.528530232608318 142.48015727475286 125.65986498817801 21.323849081993103 20.995899058878425 28.071311451494694 2.8699451163411132 27.668534234166145 254.90738180279732 48.854991093277931 15.077624924480913 2.8159179128706482 6.6833319067955008 27.695912795141343 9.663906257599594 14.350224927067755 149.05021330341697 1.760028764605521 1.514968954026698 15.586961604654787 15.349964726716278 1.5689248852431763 59.405220951884985
leaf_count=32 416 1324 5644 3130 12462 292 616 867 1107 186 188 233 16 210 2336 547 121 21 51 764 122 102 1052 14 10 226 148 19 1348
internal_value=3.43441e-06 -0.00100669 0.000747662 -0.00216315 0.00135242 0.026533 0.0235486 0.00803026 -0.022271 -0.0187653 -0.00892423 -0.00872426 -0.0314688 -0.00482024 0.0335191 -0.0148115 0.0210479 -0.0259507 -0.00889875 0.0437081 0.0291397 0.00458555 -0.0400626 0.0368625 0.0456612 0.0538463 -0.0519327 0.0492884 0.0551982
internal_weight=5254.62 5061.89 4606.79 4085.25 3477.3 192.733 521.533 204.009 607.956 455.1 62.8933 254.187 200.913 48.9924 317.524 211.038 43.1489 45.8451 27.6792 129.84 53.279 24.0141 151.92 17.0482 15.2882 76.5611 18.1659 29.2648 74.9922
internal_count=33604 30267 26578 22343 18106 3337 4235 1483 4237 3689 724 2225 1464 396 2752 1871 354 408 239 2613 1007 224 1068 316 302 1606 169 783 1574
is_linear=0
shrinkage=0.05


Tree=73
num_leaves=30
num_cat=0
split_feature=6 4 1 0 0 7 3 10 1 0 3 3 1 11 11 4 0 3 6 11 0 0 8 11 3 0 6 0 7
split_gain=54.3657 53.2937 48.7269 44.7966 51.8832 38.9987 18.4163 17.2639 16.9988 15.9954 22.6268 19.4876 11.223 12.3508 10.8833 14.0535 10.7085 12.0656 10.0012 9.01618 8.81277 7.51826 6.8652 6.372 6.53231 5.3048 5.29994 6.20999 4.58744
threshold=0.047386242129024599 4.5762787723785179 20.027777777777782 11.500000000000002 20.500000000000004 0.01590463542654778 0.907192075796727 0.0024183832216256684 5.0769230769230775 46.500000000000007 0.63168905527416885 0.73710792131844771 25.258333333333336 73.798436752749907 66.738557885484695 5.1012195121951232 32.500000000000007 0.73363914373088701 0.070986829547623601 1.0000000180025095e-35 30.500000000000004 22.500000000000004 0.23821860350357763 103.69869047619051 0.56351398754713677 11.500000000000002 0.20185185185185187 11.500000000000002 0.058745098039215689
decision_type=2 2 2 2 2 2 2 2 2 2 2 2 2 2 2 2 2 2 2 2 2 2 2 2 2 2 2 2 2
left_child=5 2 3 18 -5 6 16 9 26 11 -11 -7 13 -4 15 -10 22 -18 -2 -14 -16 25 -1 24 -9 -8 28 -28 -3
right_child=1 8 12 4 -6 7 21 23 14 10 -12 -13 19 -15 20 -17 17 -19 -20 -21 -22 -23 -24 -25 -26 -27 27 -29 -30
leaf_value=0.033154381180911081 0.042545114460558635 -0.030882517218735053 0.0035465461027540885 0.016799250569133634 0.0030990008921295688 0.026976322081874633 -0.034626468399086563 0.024317961987387206 -0.0033244118367135619 -0.0042823243954888558 -0.04228636480660803 -0.012212460532366074 0.049339779877927051 -0.018154285407070769 -0.020073670290904358 -0.028854680037007203 0.019643107602196744 -0.038186625199463108 -0.032724400995122471 -0.02693717899813244 -0.048878530855277352 -0.065117242139961243 -0.0010400008163138326 0.027408269785498585 -0.041978649305428307 0.00042263606420441283 0.0058000373087698336 0.073873176353918976 0.027589431720603842
leaf_weight=78.956232614815235 4.6541120558977118 5.8419120125472563 139.96606028452516 958.65724126249552 2475.5737007707357 35.163389705121517 14.675593517720698 3.8698084168136111 217.25156180001795 64.854507012292743 98.87717791646719 324.2332421168685 3.9973168056458226 123.34954464808106 141.26428386941552 71.690284118056297 21.308983040973544 15.639280095696448 85.257970005273819 125.72851240634918 32.700071893632412 6.6458782479166976 18.030592380091548 3.7126591652631751 93.215835548937321 40.83588182926178 5.6071112155914298 8.3237004391849023 7.8778165318071842
leaf_count=414 21 28 1147 4936 17188 216 87 41 1500 549 711 1680 31 854 721 410 208 79 459 1049 263 34 93 20 573 188 25 41 38
internal_value=4.02297e-06 0.00220329 0.00414891 0.00601125 0.00692339 -0.0118174 0.00763257 -0.0179303 -0.0133328 -0.0142795 -0.0272329 -0.00837823 -0.0125495 -0.00661915 -0.0156076 -0.00965881 0.0180711 -0.00483478 -0.0288282 -0.0245868 -0.0254881 -0.0148601 0.0267974 -0.0368777 -0.0393361 -0.00884331 0.02475 0.0464739 0.00269186
internal_weight=5227.76 4407.74 3917.18 3524.14 3434.23 820.019 196.092 623.927 490.557 523.128 163.732 359.397 393.041 263.316 462.906 288.942 133.935 36.9483 89.9121 129.726 173.964 62.1574 96.9868 100.798 97.0856 55.5115 27.6505 13.9308 13.7197
internal_count=33604 28711 25685 22604 22124 4893 1103 3790 3026 3156 1260 1896 3081 2001 2894 1910 794 287 480 1080 984 309 507 634 614 275 132 66 66
is_linear=0
shrinkage=0.05


Tree=74
num_leaves=31
num_cat=0
split_feature=9 10 2 8 7 0 1 0 10 3 7 11 7 4 3 5 0 11 10 1 6 0 3 1 8 2 3 0 1 2
split_gain=52.7298 59.1171 53.5038 52.8436 47.071 25.1403 24.9977 22.8576 21.4674 18.1332 17.7365 17.4091 15.9112 15.0137 13.9227 13.2865 9.9431 9.20757 9.09685 8.8667 8.54785 8.14988 7.94812 7.62285 7.61882 5.54113 5.39051 7.50733 4.07541 2.4507
threshold=0.15799875182026216 0.0041558542493339854 74.677083333333357 0.22254806125773871 0.031205736543909349 19.500000000000004 9.0156250000000018 11.500000000000002 0.012220009955201594 0.69775807261167822 0.069013145361021169 68.200759441707746 0.01590463542654778 3.440238095238096 0.9417420814479639 0.017804311073541846 33.500000000000007 97.345562500000028 0.013730049013447281 6.6742424242424248 0.062101652255104951 17.500000000000004 0.82785560344827591 10.49193548387097 0.077221228384019097 4.0312213039485778 0.68069758023691418 31.500000000000004 5.9761904761904772 43.193750000000009
decision_type=2 2 2 2 2 2 2 2 2 2 2 2 2 2 2 2 2 2 2 2 2 2 2 2 2 2 2 2 2 2
left_child=1 2 3 4 -1 7 8 18 17 11 -5 -8 26 25 23 16 -4 -3 28 -10 -16 -11 -17 -9 -15 -14 29 -28 -2 -7
right_child=5 6 15 10 -6 12 9 14 19 21 -12 -13 13 24 20 22 -18 -19 -20 -21 -22 -23 -24 -25 -26 -27 27 -29 -30 -31
leaf_value=0.019244514786390894 -0.0042467936433573722 0.02696555780819276 0.01408561588996585 -0.0054237065395097775 0.0049351970974979044 0.024660092281321835 0.080969247440364253 0.021901910235261945 0.003384614766003879 -0.0062077882080188614 -0.031926957552222329 -0.0059926183107910985 -0.02963802526218566 -0.050803862204993035 0.0053834846921299436 0.054675354161909634 -0.016436122212210112 -0.019799748278560417 0.021837512489228845 -0.024991133584551749 -0.025350325857530477 -0.029853482862091021 -0.03954803744862917 -0.0022747048424153695 -0.025907340310155652 0.022120671356888121 0.0045422451491540497 -0.031186505258030087 -0.049363378127440655 0.097427825543213872
leaf_weight=764.07740763947368 5.8813850730657569 72.374631181359291 28.697698436677456 366.93521540425718 2319.0452387779951 3.7545374520122996 6.319678019732236 101.94648663699627 47.323805429041386 42.626654781401157 76.242924444377422 64.429829915985465 6.8398581817746189 34.692177962511778 43.360937796533108 11.01983282715082 380.18566982261837 12.316563315689562 6.3492083102464667 65.820150319486856 47.305629141628742 251.10952480137348 2.8085582777857772 47.93331353366375 269.00039665773511 21.192886985838413 58.420669294893742 19.646907091140747 33.606179594993591 1.6724557951092718
leaf_count=4928 31 376 167 2068 15153 56 44 518 232 213 412 553 33 187 202 69 3484 72 38 319 225 1480 22 229 1732 132 288 104 225 12
internal_value=2.82256e-06 0.00198595 0.00414579 0.00616082 0.00848142 -0.0127487 -0.013182 -0.00135215 0.00112725 -0.0209487 -0.00998324 0.00177522 -0.0206091 -0.0255196 0.00481408 -0.0126637 -0.0142939 0.0201645 -0.0337118 -0.0131226 -0.010652 -0.026422 0.0355385 0.0141699 -0.0287514 0.00949179 -0.00109979 -0.00444944 -0.0426436 0.0470852
internal_weight=5212.94 4511.33 3949.01 3526.3 3083.12 701.603 562.321 286.383 197.835 364.486 443.178 70.7495 415.22 331.725 240.546 422.712 408.883 84.6912 45.8368 113.144 90.6666 293.736 13.8284 149.88 303.693 28.0327 83.4946 78.0676 39.4876 5.42699
internal_count=33604 29592 26303 22561 20081 4012 3289 1468 999 2290 2480 597 2544 2084 1174 3742 3651 448 294 551 427 1693 91 747 1919 165 460 392 256 68
is_linear=0
shrinkage=0.05


Tree=75
num_leaves=30
num_cat=0
split_feature=3 0 3 0 3 3 0 3 0 11 6 11 3 10 6 10 0 0 0 3 11 2 1 9 0 2 2 1 3
split_gain=52.5375 56.2982 131.502 78.2752 101.018 88.3339 43.7075 32.9061 51.9813 33.4356 23.0584 21.517 17.9954 16.5085 15.955 15.0716 12.7715 8.13732 7.41013 10.1211 7.01855 6.65475 6.22331 4.84659 4.47598 2.67278 1.77507 1.44753 0.0600193
threshold=0.53440555841482251 82.500000000000014 0.69775807261167822 31.500000000000004 0.88989898989898997 0.8239268680445152 251.50000000000003 0.64524074368345785 131.50000000000003 73.100744907469689 0.045523625310859357 76.340498106060636 0.44916643512086701 0.0012015621390621394 0.050872830609966516 0.012673285216675536 60.500000000000007 340.50000000000006 176.50000000000003 0.48104686965446469 72.615760088535367 20.757716049382719 15.414215686274511 0.13412856431771317 300.50000000000006 0.22829861111111113 124.85260770975059 18.146428571428576 0.436283973048679
decision_type=2 2 2 2 2 2 2 2 2 2 2 2 2 2 2 2 2 2 2 2 2 2 2 2 2 2 2 2 2
left_child=6 2 14 4 -4 -5 18 8 10 13 -3 -10 24 -9 16 -16 -2 23 25 26 -19 -11 -21 -14 28 -1 -20 -27 -8
right_child=1 7 3 5 -6 -7 12 9 11 21 -12 -13 17 -15 15 -17 -18 20 19 22 -22 -23 -24 -25 -26 27 -28 -29 -30
leaf_value=-0.011558208512242547 0.025353991253347471 -0.033361356557518221 0.014472075922471773 -0.0038793151649584644 -0.0052741065482154008 -0.034364660807107671 0.053721545603142108 -0.017536902299228749 -0.0057410511451345464 -0.019903612020384494 0.024529423483419133 -0.033886259833714294 -0.045768863829801332 0.020309100726149644 0.035929809706653375 -0.047155898197134755 -0.016648706079256947 0.06030569938430648 0.052160675731731145 0.036063578727085897 -0.026498033337907942 -0.044493917902837313 -0.016361981274814519 -0.0021615713345642033 -0.0053693084698045561 0.051558588315427804 -0.0022024081856524612 0.070439336412018091 0.040615504611217566
leaf_weight=1.5505271144211281 45.873830702155828 19.489928901195526 1154.8859235346317 902.7970448769629 1474.8451327048242 322.50690671429038 10.87464826926589 115.49586961045861 160.83352262526751 33.916648104786873 146.45519556477666 117.53029983118176 27.377636913210154 38.392411272972822 299.81156306900084 5.5593581572175017 29.889768585562706 4.6526429951190931 26.218288121744994 9.4127224776893872 4.6621011570096016 145.73244384676218 14.20143388211727 8.3044943958520872 4.6199705228209487 59.187687596306205 1.5928029753267754 12.25308017991483 0.94985066913068372
leaf_count=32 310 117 6031 5176 7411 2219 268 1029 1446 185 1199 849 278 337 2648 39 183 30 764 122 34 1088 102 66 25 1410 19 164 23
internal_value=1.67915e-06 -0.000965943 0.00130436 -0.00146561 0.00339773 -0.0119032 0.0261059 -0.0133301 -0.00441982 -0.0251996 0.0177303 -0.0176245 -0.00839783 -0.00809499 0.0293216 0.0344172 0.00878336 -0.0247562 0.0431451 0.0286075 0.0168598 -0.0398514 0.00453511 -0.0356199 0.0363633 0.0533873 0.0490472 0.0547969 0.0526687
internal_weight=5199.87 5014.02 4236.17 3855.04 2629.73 1225.3 185.858 777.846 444.309 333.537 165.945 278.364 61.4413 153.888 381.135 305.371 75.7636 44.9969 124.417 51.4252 9.31474 179.649 23.6142 35.6821 16.4445 72.9913 27.8111 71.4408 11.8245
internal_count=33604 30267 24017 20837 13442 7395 3337 6250 3611 2639 1316 2295 724 1366 3180 2687 493 408 2613 1007 64 1273 224 344 316 1606 783 1574 291
is_linear=0
shrinkage=0.05


Tree=76
num_leaves=29
num_cat=0
split_feature=9 3 0 3 0 0 9 8 9 10 0 0 9 7 2 3 11 1 9 3 7 2 0 9 8 4 11 9
split_gain=49.936 49.4131 59.2645 70.2267 63.2366 61.9598 38.1098 34.7456 32.6529 19.2067 18.8208 24.5843 18.1164 13.4722 10.6968 10.4843 8.9322 8.27277 8.1545 7.38341 7.26185 6.93635 5.45005 9.78906 8.99433 5.20079 5.36639 3.29782
threshold=0.058997563522450405 0.95553359683794481 19.500000000000004 0.80086206896551737 39.500000000000007 52.500000000000007 0.099536788831464065 0.27823315118397091 0.11532470644620178 0.00069710709061663256 20.500000000000004 11.500000000000002 0.094913609904832316 0.15849282296650721 1.0200000000000002 0.60877587036739944 83.320333333333366 14.489130434782611 0.076800196608503332 0.77599073597529611 0.071052120606917998 1.5679012345679015 21.500000000000004 0.03144778481012659 0.3133928571428572 3.7920083329639644 99.402674242424254 0.18482827913774208
decision_type=2 2 2 2 2 2 2 2 2 2 2 2 2 2 2 2 2 2 2 2 2 2 2 2 2 2 2 2
left_child=7 2 6 5 -5 -4 16 9 -8 13 11 18 -13 15 -15 -1 -2 19 -3 -11 22 -19 24 -24 -9 26 -12 -27
right_child=1 10 3 4 -6 -7 8 20 -10 17 25 12 -14 14 -16 -17 -18 21 -20 -21 -22 -23 23 -25 -26 27 -28 -29
leaf_value=0.054495903509478416 0.0031277999913341412 0.0090935221728121445 0.01457494318091509 -0.0074047770885968534 -0.038252286676784715 -0.0035236000500718681 0.036915822558264165 0.024631857596068646 0.010753164766616072 0.035220826866935881 0.0013024915977288684 -0.031659460956257122 0.00046063133793797386 -0.054960939046619611 0.012490139036861518 0.019250018574461916 -0.026194173844152169 0.0096863669997201488 -0.039010284208319118 -0.0055244812026758973 -0.073208649712189586 -0.056670970589351805 0.0074434030419487391 -0.086374315309742045 -0.029015439289136882 -0.045806959992627606 -0.050427909131538828 -0.0069336220911662616
leaf_weight=22.007352724671364 44.324539214372635 9.8159352988004667 713.0225995760411 968.6443459354341 200.53214409202337 1404.1684126704931 168.8594503775239 12.428105160593985 406.02841604873538 13.586612924933432 15.430586017668249 53.040818646550179 254.71691799908876 10.661358475685121 13.100249433889983 511.24035833775997 62.729088924825191 5.7582374140620258 85.973052367568016 61.202413469552994 7.2607794925570479 12.459271412342785 4.6314403843134624 6.9569249153137207 21.039181768894196 69.209453899413347 7.4261219799518576 5.92275546491146
leaf_count=394 202 49 4146 4999 1645 12538 962 66 2009 102 71 240 1200 53 75 2844 317 25 551 292 36 69 40 43 107 454 32 43
internal_value=1.98414e-06 -0.00194546 -7.65301e-05 -0.00285996 -0.0126956 0.00257158 0.0133372 0.0123961 0.0184378 0.0155511 -0.016733 -0.0119602 -0.00507514 0.0190632 -0.0177738 0.0207046 -0.0140537 -0.00548222 -0.0340809 0.00187755 -0.0268044 -0.0356966 -0.0193263 -0.0488788 -0.00909347 -0.0363891 -0.0155047 -0.0427425
internal_weight=5172.18 4469.84 3968.31 3286.37 1169.18 2117.19 681.941 702.332 574.888 650.016 501.536 403.547 307.758 557.009 23.7616 533.248 107.054 93.0065 95.789 74.789 52.3164 18.2175 45.0557 11.5884 33.4673 97.9889 22.8567 75.1322
internal_count=33604 29458 26818 23328 6644 16684 3490 4146 2971 3854 2640 2040 1440 3366 128 3238 519 488 600 394 292 94 256 83 173 600 103 497
is_linear=0
shrinkage=0.05


Tree=77
num_leaves=28
num_cat=0
split_feature=3 6 4 9 8 10 7 0 0 0 3 7 3 7 3 7 2 3 0 8 11 11 6 8 7 5 3
split_gain=49.1537 49.5359 36.965 31.6659 27.5829 27.8104 27.3488 30.2805 19.4977 16.5974 15.0376 14.5634 13.0678 12.9558 12.1763 11.6857 6.59125 6.87612 6.59828 5.44419 5.13185 3.96364 3.5808 1.33899 0.985215 0.180803 0.00562144
threshold=0.50062972292191443 0.097361704948460456 3.4313260849363445 0.11908059622741064 0.23065407646245975 0.01177694378722363 0.075030266343825688 149.50000000000003 293.50000000000006 39.500000000000007 0.9417420814479639 0.17752100840336138 0.68976429506765624 0.076523881320338175 0.95553359683794481 0.11370440936309201 74.677083333333357 0.46035674996071041 205.50000000000003 0.17146626460610634 80.098020361990976 89.517483277592007 0.052554856529077799 0.29209183673469391 0.039619053368751517 0.0032000081920209719 0.4425504134629335
decision_type=2 2 2 2 2 2 2 2 2 2 2 2 2 2 2 2 2 2 2 2 2 2 2 2 2 2 2
left_child=8 2 10 4 5 -3 7 -4 16 14 15 -8 -11 -6 -5 -2 23 26 -19 20 22 -12 -10 25 -21 -1 -18
right_child=1 3 6 9 13 -7 11 -9 19 12 21 -13 -14 -15 -16 -17 17 18 -20 24 -22 -23 -24 -25 -26 -27 -28
leaf_value=0.052151345138357952 0.020102408439622049 0.013122266557478255 -0.0014709252971530679 0.0040162786892789194 -0.0030810627848195946 -0.017779457843920609 -0.013557462980457595 -0.020510451130459496 0.072958104040862656 0.0032983993921682562 -0.065083112917529509 -0.047115151636867733 -0.036448553801884637 -0.03832091153822393 -0.015800384568587813 -0.0299096177601791 0.053441143187193646 0.033942894054317649 -0.053564732262192494 -0.025162087215813402 -0.042654065848000917 -0.012519831577842814 0.0010980298420587276 -0.018011846055179821 -0.065658062155690408 0.045737949221189601 0.057333610797301239
leaf_weight=56.722462987527251 220.31610479578376 1277.7925003822893 1821.125780519098 294.61387758329511 170.76845639571548 77.20763498172164 641.66798070259392 235.87712922133505 3.0256629958748835 29.849521920084953 4.1315250843763378 34.04651515558362 67.312112636864185 30.783434383571148 105.19459456205368 12.333924837410448 5.0011889059096566 3.8604631796479207 4.8737520277500153 2.3702351190149775 3.4391764365136623 27.186336420476437 4.0595225654542446 0.71185135655105014 4.0997968502342701 13.629917209967969 1.1387487202882765
leaf_count=1722 1446 7817 11021 1544 926 393 4043 2119 18 255 19 188 471 160 553 61 96 42 27 23 27 138 33 19 35 394 14
internal_value=1.29602e-06 -0.000695867 -0.00479512 0.00528613 0.00879445 0.0113615 -0.00652105 -0.00365419 0.0342063 -0.00570223 0.0130725 -0.0152483 -0.0242377 -0.00846332 -0.00119773 0.017451 0.0438834 0.0136164 -0.014887 -0.0147293 0.00745976 -0.0194541 0.0317852 0.0502184 -0.0508227 0.0509088 0.0541631
internal_weight=5153.14 5050.21 2996.69 2053.52 1556.55 1355 2732.72 2057 102.933 496.97 263.968 675.714 97.1616 201.552 399.808 232.65 85.9384 14.8742 8.73422 16.9944 10.5244 31.3179 7.08519 71.0642 6.47003 70.3524 6.13994
internal_count=33604 31154 19035 12119 9296 8210 17371 13140 2450 2823 1664 4231 726 1086 2097 1507 2314 179 69 136 78 157 51 2135 58 2116 110
is_linear=0
shrinkage=0.05


Tree=78
num_leaves=31
num_cat=0
split_feature=3 0 3 0 0 3 0 0 3 1 1 1 1 10 3 2 6 11 9 0 7 0 2 6 11 9 9 2 11 2
split_gain=47.3274 50.7719 105.632 85.4185 70.5426 78.6524 40.1231 34.8379 33.4201 26.6695 24.1553 56.7627 48.0048 19.4787 18.9625 18.6478 11.1577 10.1364 9.45152 7.59827 6.53084 6.18774 7.12834 5.3205 4.82299 3.93974 3.37375 2.76902 1.41928 0.0133851
threshold=0.53440555841482251 19.500000000000004 0.86996779388083745 14.500000000000002 42.500000000000007 0.73363914373088701 243.50000000000003 25.500000000000004 0.76214049976426224 5.0769230769230775 10.327956989247314 9.9479578392621892 17.976190476190478 0.017937580437580442 0.46609241550478142 1.5030864197530867 0.18528922180607577 73.43198028673838 0.13049516908212563 295.50000000000006 0.071052120606917998 176.50000000000003 99.013827160493847 0.037113559840832575 75.914481589147314 0.12315993239241295 0.10939874620060792 0.22829861111111113 76.340498106060636 67.737947530864218
decision_type=2 2 2 2 2 2 2 2 2 2 2 2 2 2 2 2 2 2 2 2 2 2 2 2 2 2 2 2 2 2
left_child=6 3 4 9 8 -6 21 13 -3 20 11 -5 -12 -4 19 -11 -9 18 -16 29 -2 27 23 -23 -24 -21 -19 -1 -29 -8
right_child=1 2 7 10 5 -7 14 16 -10 15 12 -13 -14 -15 17 -17 -18 26 -20 25 -22 22 24 -25 -26 -27 -28 28 -30 -31
leaf_value=-0.014740755228991624 0.042429965851166485 0.024170103558363951 -0.0091860698411929363 0.011803240244939568 0.00066493705921812031 -0.022905605307541876 0.05217052236782152 -0.036314362247632632 0.0046814538028158324 -0.021301378794296985 -0.012875190810506363 0.045393715228243835 0.026106976826390106 -0.064842479765555849 -0.014897091143411973 -0.0011303865045997012 0.0087587501424546601 -0.073248173315231202 0.07645751984690044 -0.046197816152813306 0.0045063254125964677 -0.036227517729758012 0.016150023566011182 0.041147057727085046 -0.079116166698340151 0.029770080191350523 -0.033552748463722429 0.068566044916861066 0.050647117968191817 0.05615658571586174
leaf_weight=1.4803538527339686 27.631935782730579 292.27921640686691 365.33718076348305 393.81034417822957 1173.9695018716156 506.67891965061426 11.884420152753593 292.79190983995795 889.30824531242251 268.61515251919627 168.80431650951505 184.78001307882369 148.40901273488998 16.427541807293892 13.501661796122791 199.81354981660843 14.405771717429159 7.6748561542481211 3.5825081355869761 3.6853709742426863 19.269010089337826 2.3671204764395943 3.0871712341904631 36.178350307047367 2.3322136141359806 3.1786833927035332 17.690912742167711 13.974359372630714 52.816264040768147 2.5596877802163354
leaf_count=32 126 1984 1905 2114 9047 3591 353 1887 4361 1417 839 1092 702 92 142 943 76 63 34 28 91 39 32 812 17 16 155 226 1348 40
internal_value=1.62615e-06 -0.000902068 -0.00409019 0.00712103 0.000140625 -0.00644107 0.0254822 -0.0216668 0.00950219 -0.00909803 0.0164514 0.0225308 0.00536271 -0.011581 -0.00619279 -0.0126972 -0.0342007 -0.0255118 0.00425974 0.0322944 0.0268492 0.0434759 0.0288462 0.0363954 -0.0248475 -0.0110177 -0.0455633 0.0528971 0.0543962 0.0528769
internal_weight=5138.33 4962.33 3551.2 1411.13 2862.24 1680.65 175.994 688.962 1181.59 515.33 895.804 578.59 317.213 381.765 63.7581 468.429 307.198 42.4499 17.0842 21.3082 46.9009 112.236 43.9649 38.5455 5.41938 6.86405 25.3658 68.271 66.7906 14.4441
internal_count=33604 30267 22943 7324 18983 12638 3337 3960 6345 2577 4747 3206 1541 1997 831 2360 1963 394 176 437 217 2506 900 851 49 44 218 1606 1574 393
is_linear=0
shrinkage=0.05


Tree=79
num_leaves=30
num_cat=0
split_feature=9 10 1 8 2 0 3 7 1 7 7 11 4 11 1 6 1 4 1 8 1 3 7 0 10 4 4 3 6
split_gain=46.8164 50.9155 46.1395 48.5031 49.0851 21.9508 15.5714 15.5056 10.4679 9.9654 9.52139 12.4436 9.49979 9.6525 8.06438 10.732 7.64052 7.58947 8.04669 7.32921 7.02649 5.26122 4.40191 4.12171 5.17068 2.71173 2.62383 4.50455 1.17176
threshold=0.15799875182026216 0.014311315924219152 24.516666666666669 0.22589757608893751 31.252218934911244 22.500000000000004 0.9417420814479639 0.069013145361021169 11.660919540229886 0.10726270373921382 0.010016722408026759 75.14375000000004 3.4313260849363445 99.872513955342939 10.49193548387097 0.11987055016181231 5.0769230769230775 3.3769303872653844 5.0769230769230775 0.04819976771196284 39.055555555555564 0.75446570972886773 0.13079116179615113 16.500000000000004 0.019560019129603066 3.4631887985546528 4.182149966821501 0.79674258474576287 0.056845109866436885
decision_type=2 2 2 2 2 2 2 2 2 2 2 2 2 2 2 2 2 2 2 2 2 2 2 2 2 2 2 2 2
left_child=1 2 3 4 -1 6 14 -5 17 12 11 -4 21 -14 19 -16 -8 -3 -19 -2 -12 -7 -18 24 -10 -25 28 -28 -11
right_child=5 8 10 7 -6 9 16 -9 23 26 20 -13 13 -15 15 -17 22 18 -20 -21 -22 -23 -24 25 -26 -27 27 -29 -30
leaf_value=0.010042195820730319 -0.026258447114080454 0.0332776246963754 0.025816236005815642 -0.0069637036569537517 -0.0024361564347565377 0.033933655135178403 0.04928773635194153 -0.031264282107590212 -0.049271531152329032 -0.081163820155401856 -0.022756394321987748 -0.052988273571148992 -0.019837435746847095 -0.061183101723766446 -8.9097044277954408e-05 -0.050190630548014981 -0.015888778366542483 0.024203970221058413 -0.025374157489670441 0.016070178299417547 -0.05894702100046461 -0.010480335529773531 -0.046666386665365794 -0.013790810151979914 0.025835906587043534 -0.063498363683837503 0.030821174865976804 -0.057946266454198571 -0.051977445594369946
leaf_weight=2441.8393928669393 11.177099782973526 6.6655484214425078 20.049551598727707 395.10343872196972 1163.648616310209 11.858391541987659 4.25000275671482 78.723192233592272 5.9582902863621694 7.4771094322204608 143.67587383650243 6.6778459921479216 262.79276887886226 14.917583037167786 78.883958123624325 12.363836154341696 123.14358505606651 8.8611438274383527 107.13365409895778 120.24934821203351 14.79262496717274 15.233542025089262 12.82762275636196 3.0751841962337521 3.7235669940710068 25.456361468881369 2.1097309440374366 4.4304006733000278 6.3674309998750687
leaf_count=15470 58 34 138 2268 8932 114 20 433 36 46 1324 34 1719 70 382 64 667 41 539 619 140 70 86 14 21 168 12 45 40
internal_value=2.12181e-06 0.00188862 0.00293028 0.00403842 0.00601489 -0.0121308 -0.00367706 -0.0110011 -0.0257243 -0.0215649 -0.0214787 0.00612691 -0.0193013 -0.0220584 0.00454187 -0.00687772 -0.0167289 -0.0186053 -0.0215868 0.0124704 -0.0261347 0.00896008 -0.0187924 -0.0485751 -0.0203858 -0.0581408 -0.055411 -0.0293115 -0.0677403
internal_weight=5113.47 4425.38 4264.51 4079.31 3605.49 688.082 362.895 473.827 160.874 325.187 185.196 26.7274 304.802 277.71 222.674 91.2478 140.221 122.66 115.995 131.426 158.468 27.0919 135.971 38.2134 9.68186 28.5315 20.3847 6.54013 13.8445
internal_count=33604 29592 28739 27103 24402 4012 1896 2701 853 2116 1636 172 1973 1789 1123 446 773 614 580 677 1464 184 753 239 57 182 143 57 86
is_linear=0
shrinkage=0.05


Tree=80
num_leaves=30
num_cat=0
split_feature=6 4 1 0 2 7 1 10 3 0 3 3 11 6 3 0 7 0 3 6 3 9 0 8 11 3 1 8 6
split_gain=45.3992 44.9196 38.272 36.2606 39.9675 31.9333 15.4384 14.7979 14.4145 14.089 24.0249 13.4674 12.9089 12.7018 10.6066 10.5857 10.2591 9.10177 9.91652 8.76572 8.24959 7.37978 6.70308 5.9172 5.5078 5.95792 4.70903 3.5179 2.32623
threshold=0.047386242129024599 4.5762787723785179 20.027777777777782 11.500000000000002 20.005000000000003 0.01590463542654778 7.0344827586206904 0.0024183832216256684 0.907192075796727 29.500000000000004 0.8790491118077326 0.63168905527416885 69.503750000000039 0.27429467084639503 0.78805704099821761 17.500000000000004 0.087944313750765377 32.500000000000007 0.78281378178835126 0.070986829547623601 0.95553359683794481 0.095306908890723921 22.500000000000004 0.23821860350357763 103.69869047619051 0.56351398754713677 15.902380952380954 0.21061432846329872 0.30047021943573676
decision_type=2 2 2 2 2 2 2 2 2 2 2 2 2 2 2 2 2 2 2 2 2 2 2 2 2 2 2 2 2
left_child=5 2 3 19 -5 8 13 9 17 10 -7 -11 15 20 16 -8 -4 23 -19 -2 -3 -16 26 -1 25 -9 -10 -14 -15
right_child=1 6 14 4 -6 7 12 24 22 11 -12 -13 27 28 21 -17 -18 18 -20 -21 -22 -23 -24 -25 -26 -27 -28 -29 -30
leaf_value=0.030388707489463485 0.04020766553199695 0.013214257678287376 -0.0027981306415263106 0.011219686526452718 0.00024715821889156566 0.011983026534109717 0.0044275101932688046 0.025247096649637108 -0.014283926703563384 -0.0019430171971073617 -0.018873247275543598 -0.028167663218506118 -0.026555767558964667 0.078951756723870836 -0.010103588868879933 -0.017580742448970812 -0.038530353133037126 0.0088633095553271625 -0.054409458223526233 -0.030258733025883857 -0.01660188654415189 -0.035609815366683555 -0.061552895607874775 -0.0015796897339317444 0.025987626893045637 -0.039371615583190356 0.024556685777136617 -0.047301623822803535 0.031241331958050442
leaf_weight=76.831850342452526 4.6648038625717154 48.195941343903542 243.88757716864347 1859.9524460416287 1498.5894594658166 115.88154448196292 74.392100051045418 3.714890142902731 44.870529480278492 65.899384532123804 138.45532676950097 190.40718432888389 64.891433155164123 5.6435669809579831 52.216148197650909 205.74823848903179 21.890618126839399 27.75803223438561 7.9706554412841788 81.855581164360046 44.729357555508614 62.069411937147379 6.4203980192542067 17.834907127544284 3.6283152773976317 89.67843359708786 9.4465944468975049 29.826879344880581 4.6681351140141487
leaf_count=414 21 234 2127 11213 10911 589 370 41 231 576 744 1247 387 26 281 1576 181 244 43 459 235 492 34 93 20 573 44 174 24
internal_value=1.07725e-06 0.00203318 0.00383921 0.00550039 0.00632372 -0.0109461 -0.0124164 -0.0165528 0.00687925 -0.0131518 -0.00481444 -0.021425 -0.0171316 0.00470461 -0.0112185 -0.0117364 -0.00574119 0.0162505 -0.00525211 -0.0264595 -0.00113767 -0.0239562 -0.0132397 0.024366 -0.0344532 -0.0368013 -0.00752894 -0.0330887 0.0573531
internal_weight=5102.02 4303.22 3825.13 3445.06 3358.54 798.798 478.096 607.665 191.133 510.643 254.337 256.307 374.859 103.237 380.064 280.14 265.778 130.395 35.7287 86.5204 92.9253 114.286 60.7375 94.6668 97.0216 93.3933 54.3171 94.7183 10.3117
internal_count=33604 28711 25685 22604 22124 4893 3026 3790 1103 3156 1333 1823 2507 519 3081 1946 2308 794 287 480 469 773 309 507 634 614 275 561 50
is_linear=0
shrinkage=0.05


Tree=81
num_leaves=30
num_cat=0
split_feature=3 0 3 0 3 0 11 6 11 3 0 6 8 10 11 8 10 0 0 3 6 2 9 3 5 2 2 11 2
split_gain=43.9836 47.1215 80.7926 59.3162 93.628 37.3209 29.6501 22.2999 20.8956 17.4082 15.8156 11.8618 13.8797 10.3963 9.57467 10.5541 7.78545 7.2074 6.15092 7.25407 5.35282 5.10614 3.57957 3.49661 2.98732 2.73097 1.70344 1.35561 0.0118888
threshold=0.53440555841482251 150.50000000000003 0.62521477663230252 63.500000000000007 0.78281378178835126 243.50000000000003 68.200759441707746 0.06056618819776715 76.799098837209343 0.46609241550478142 91.500000000000014 0.055309344053338573 0.18294606447641767 0.011912645853043207 74.388418803418844 0.15870087272301295 0.00062558654853901968 295.50000000000006 176.50000000000003 0.48104686965446469 0.046308911090927447 20.228298611111118 0.12315993239241295 0.56108990670059378 0.0023255939729257599 0.22829861111111113 124.85260770975059 76.340498106060636 67.737947530864218
decision_type=2 2 2 2 2 2 2 2 2 2 2 2 2 2 2 2 2 2 2 2 2 2 2 2 2 2 2 2 2
left_child=5 2 7 4 -4 18 -5 10 11 17 -2 12 -3 -9 15 -11 -13 28 25 26 -21 -10 -19 -23 -16 -1 -20 -27 -7
right_child=1 8 3 6 -6 9 -8 13 21 14 -12 16 -14 -15 24 -17 -18 22 19 20 -22 23 -24 -25 -26 27 -28 -29 -30
leaf_value=-0.01472203479615637 0.031467814142527077 0.038233470173397968 0.01572666463563898 0.0056604703498278957 -0.0031464799373385147 0.052053467554406908 -0.021575335998458019 0.038940047101297393 0.0063471999428072372 0.050425861020526798 -0.016206844690063654 -0.025502824711819763 -0.038786682304157154 -0.078632039789329325 -0.032057784800707527 -0.026601787807151285 -0.00064292375218404573 -0.044000472716959879 0.051939449843755148 -0.060896396722730575 0.016390960017840208 -0.029051839800522557 0.028633473215756652 -0.051973675336857234 -0.069393794314622115 0.068131575589300594 -0.0021724534557579526 0.050216374241931719 0.055890864594942441
leaf_weight=1.4803628586232651 30.691994912922382 21.412615865468982 844.27181873656809 126.51210704259574 2964.7601479832083 11.264708520844581 475.54657173156738 174.013861162588 5.1278986483812323 7.0344734117388752 40.156419239938259 99.096704244613647 8.0479215495288354 1.9007708318531502 14.062108118087055 12.089824739843605 46.165595423430204 3.6405348293483248 20.436101041734222 2.5511733181774643 18.384789044037461 23.717059820890427 3.1761357933282852 55.736933901906013 8.6550629157572967 13.361994666978715 1.5658295601606358 50.339585138484836 2.4589875321835271
leaf_count=32 276 215 5187 1101 15894 353 3368 1820 29 71 258 963 85 16 120 126 428 28 674 19 188 187 16 440 77 226 19 1348 40
internal_value=-5.54876e-08 -0.000865748 0.000289127 -0.00126838 0.00103675 0.024966 -0.0158522 0.0281308 -0.0216106 -0.00583084 0.00444613 -0.0117352 0.0171934 0.0376697 -0.0243371 0.00173122 -0.0176021 0.031867 0.0427348 0.0280411 0.00697303 -0.0420105 -0.0101577 -0.0451315 -0.0462825 0.0524141 0.0480884 0.0539743 0.052741
internal_weight=5087.66 4917.16 4657.85 4411.09 3809.03 170.502 602.059 246.763 259.305 62.3818 70.8484 174.723 29.4605 175.915 41.8415 19.1243 145.262 20.5404 108.12 42.9379 20.936 84.5819 6.81667 79.454 22.7172 65.1819 22.0019 63.7016 13.7237
internal_count=33604 30267 27920 25550 21081 3337 4469 2370 2347 831 534 1691 300 1836 394 197 1391 437 2506 900 207 656 44 627 197 1606 693 1574 393
is_linear=0
shrinkage=0.05


Tree=82
num_leaves=26
num_cat=0
split_feature=4 6 1 3 0 0 7 11 0 10 10 0 9 3 3 0 9 10 11 2 7 2 4 7 8
split_gain=42.4554 47.4445 36.6169 40.8692 77.8596 68.4211 24.0426 15.5676 15.2183 12.5802 11.6711 14.3267 11.1094 13.1005 8.49074 21.6596 8.54915 8.05861 6.84734 6.67211 5.57818 4.3636 3.60612 3.00288 1.58894
threshold=3.4005813953488375 0.047386242129024599 23.027777777777782 0.71478174603174616 79.500000000000014 40.500000000000007 0.01590463542654778 84.173533205924542 15.500000000000002 0.004336827454766593 0.00795231771327389 29.500000000000004 0.01941930618401207 0.90353598014888348 0.61500264512095426 162.50000000000003 0.1260882731470967 0.012066392458049724 95.858061594202937 42.267857142857146 0.11484831354814397 16.005000000000003 4.3439680232558144 0.031205736543909349 0.15749473623489374
decision_type=2 2 2 2 2 2 2 2 2 2 2 2 2 2 2 2 2 2 2 2 2 2 2 2 2
left_child=7 6 3 4 -3 -5 12 21 17 20 11 -8 -2 -14 15 -4 -16 18 -9 -11 -10 23 -12 -1 -19
right_child=1 2 14 5 -6 -7 10 8 9 19 22 -13 13 -15 16 -17 -18 24 -20 -21 -22 -23 -24 -25 -26
leaf_value=-0.029362475493715907 0.080014232980311281 0.030245884316890955 0.042884515854657669 0.0028808945150518334 0.00062866277214157062 -0.016512402767434185 -0.006507746577450662 0.024086784396300728 0.03108632207901544 -0.015887306251838318 -0.036203008197501517 -0.023412541522432023 0.012030151764321024 -0.019487668540636494 -0.018743731101567719 -0.023416681114338492 -0.046448784104136741 0.019724098646382277 -0.02325702884112647 0.041860963008155914 -0.0047617715357729318 0.0031147767035108291 -0.074727683704257683 -0.096283217390039255 0.060506432537092369
leaf_weight=3.0385357867926341 4.6903401352465144 338.5982027053833 18.009257927536964 2277.4302296712995 643.86664514429867 568.29603484645486 226.87490986287594 9.7433763891458494 208.16132406517863 25.394543288275603 37.927367322146893 280.03482877090573 102.34954809956253 48.637074612081051 124.69868877157569 38.981120621785522 35.850086111575365 5.6181092001497728 35.330907594412565 6.2285923957824698 11.44860673137009 3.4023284241557121 7.2327747382223597 3.7391624692827463 4.1545969992876053
leaf_count=21 38 2923 135 11731 6475 3859 1196 53 1692 150 223 2015 588 252 996 474 359 31 188 31 62 23 49 21 19
internal_value=5.46392e-07 -0.00117967 0.00090962 0.00204354 0.010836 -0.000991978 -0.0131228 0.0177395 0.0197626 0.0249718 -0.0180165 -0.0158466 0.00423153 0.00187737 -0.0190449 -0.00246516 -0.0249302 -0.00409892 -0.0130231 -0.00451303 0.0292175 -0.0430883 -0.0423731 -0.0662817 0.0370616
internal_weight=5069.74 4753.48 4045.73 3828.19 982.465 2845.73 707.747 316.26 306.08 251.233 552.07 506.91 155.677 150.987 217.539 56.9904 160.549 54.847 45.0743 31.6231 219.61 10.18 45.1601 6.7777 9.77271
internal_count=33604 31313 26952 24988 9398 15590 4361 2291 2226 1935 3483 3211 878 840 1964 609 1355 291 241 181 1754 65 272 42 50
is_linear=0
shrinkage=0.05


Tree=83
num_leaves=28
num_cat=0
split_feature=7 2 10 3 0 7 1 0 3 8 1 8 0 7 11 5 1 0 3 6 0 2 10 4 8 9 3
split_gain=41.4891 35.4529 36.7682 32.9959 34.3456 27.6743 24.7969 22.5427 21.7217 17.6604 17.1394 17.0201 15.5351 14.217 9.93324 8.86024 6.67866 6.60975 13.4102 6.5332 3.71877 5.74891 3.66653 3.78047 3.29197 2.48493 2.19695
threshold=0.063869780835066406 96.889444444444464 0.014519104084321477 0.55889894419306196 123.50000000000001 0.17445652173913045 10.258333333333335 199.50000000000003 0.60877587036739944 0.19238026124818583 10.672619047619049 0.23095065312046448 185.50000000000003 0.096816416145921305 103.54978494623658 0.017291209886386289 5.9761904761904772 206.50000000000003 0.63339264531435358 0.13269821202817414 17.500000000000004 8.2268135904499555 0.010849945063569301 3.6658914728682173 0.22506544502617803 0.098496155585707831 0.49456457520973657
decision_type=2 2 2 2 2 2 2 2 2 2 2 2 2 2 2 2 2 2 2 2 2 2 2 2 2 2 2
left_child=1 2 3 7 -5 6 11 -1 12 -10 14 13 -8 -2 -4 17 -13 18 -3 22 21 -21 23 -7 -12 -17 -19
right_child=5 15 10 4 -6 19 8 -9 9 -11 24 16 -14 -15 -16 25 -18 26 -20 20 -22 -23 -24 -25 -26 -27 -28
leaf_value=0.044950593529115804 -0.0031570378474470627 0.0098509806117436406 -0.017487996212291863 0.0058339655130892698 -0.018063384302078499 -0.07074254184172421 0.027834556942385243 0.0060225028865603623 -0.0089282254858224115 -0.027399703581320031 -0.058347982018766543 0.019380882251643704 -0.0075173980055514211 0.013404049016891803 0.031313916692470474 0.058698605483762545 -0.038642412159529245 -0.0099419801733621575 -0.022350856436933273 -0.019041693331634937 -0.050963689307478077 0.048456702117845529 -0.091444421186678768 -0.035073713109047749 -0.011046140573108459 -0.00079870529167381957 -0.040849517314305826
leaf_weight=87.43806404992938 236.55489739961922 44.08385919034481 74.15729852207005 2681.2014683373272 159.28492063656449 9.0694000739604217 62.767898289486766 64.713464749976993 811.67676015943289 153.94289174675941 29.852082118391991 5.9109442830085746 61.548525476828218 286.58843772020191 12.132905399426816 4.7781889662146559 30.805633140727878 6.8542997278273097 121.26656280085444 11.415912948548796 4.7231550607830277 4.3591165393590918 3.9699313864111891 41.061852894723415 4.1951423846185198 2.7736283950507641 35.671314161270857
leaf_count=1834 1340 376 367 15755 1184 49 693 1062 5232 985 169 29 692 1559 63 30 156 68 1076 58 28 20 20 230 24 23 482
internal_value=6.72756e-07 0.00326183 0.00461933 0.00570899 0.00449388 -0.00629396 -0.00494704 0.0283936 -0.00934036 -0.011873 -0.0224791 0.00360588 0.010332 0.00591546 -0.0106262 -0.0163544 -0.0293013 -0.0182871 -0.0137656 -0.0360817 -0.012043 -0.00038985 -0.0451896 -0.0415267 -0.0525197 0.0368465 -0.0358678
internal_weight=5052.8 3328.4 3112.98 2992.64 2840.49 1724.4 1649.8 152.152 1089.94 965.62 120.337 559.86 124.316 523.143 86.2902 215.428 36.7166 207.876 165.35 74.5994 20.4982 15.775 54.1012 50.1313 34.0472 7.55182 42.5256
internal_count=33604 22513 20458 19835 16939 11091 10686 2896 7602 6217 623 3084 1385 2899 430 2055 185 2002 1452 405 106 78 299 279 193 53 550
is_linear=0
shrinkage=0.05


Tree=84
num_leaves=31
num_cat=0
split_feature=9 10 8 1 7 7 0 3 3 0 0 1 3 2 1 0 3 3 4 10 1 0 3 7 8 6 0 2 6 3
split_gain=41.8956 34.5966 32.5891 39.4398 25.1103 22.3159 26.5877 40.3448 26.9405 23.1094 20.5435 18.6229 17.6405 14.5092 19.7596 14.041 30.1674 24.7624 11.2379 10.3955 9.65731 7.96441 7.34736 7.00413 6.79871 5.84927 5.19544 4.22489 4.04051 3.21931
threshold=0.12730095990965559 0.0053491832361525311 0.21230963495829189 20.027777777777782 0.058745098039215689 0.11167800453514741 31.500000000000004 0.65495016884935353 0.88284313725490204 125.50000000000001 22.500000000000004 6.8090909090909095 0.8239268680445152 9.2576530612244916 11.60357142857143 32.500000000000007 0.88989898989898997 0.72758194186765623 4.4618037135278525 0.023866484392800185 27.679487179487186 20.500000000000004 0.88029850746268667 0.034433356387708731 0.090722035166479628 0.086685934489402719 16.500000000000004 4.0312213039485778 0.099714868278892962 0.80576285240464351
decision_type=2 2 2 2 2 2 2 2 2 2 2 2 2 2 2 2 2 2 2 2 2 2 2 2 2 2 2 2 2 2
left_child=1 2 3 4 -1 6 8 9 18 -8 -10 19 -9 23 -15 16 -4 -17 -2 25 -5 22 24 -13 -7 -3 -21 -23 -24 -29
right_child=5 11 15 20 -6 21 7 12 10 -11 -12 13 -14 14 -16 17 -18 -19 -20 26 -22 27 28 -25 -26 -27 -28 29 -30 -31
leaf_value=0.014710494384965696 0.014758984519514618 -0.010536912916488046 0.01559391109639661 -0.0051486976840771134 0.0039100742471289713 -0.0236043401721798 0.025835858971386634 -0.015189575340835591 -0.0015954298325040765 -0.0081783289599313604 -0.027911492552592093 -0.014178314998794409 -0.038923935771528057 0.0059623923765126877 -0.025648581683571699 0.0014167546916522152 -0.013370431925235668 -0.035750308008068228 -0.015221711041467179 -0.0015572908748638873 -0.027649746905803591 -0.013479716922684846 -0.03104089701630617 -0.040694433840492455 0.057453370156562711 0.037968681835282889 -0.065301013046975595 -0.029555078425580601 -0.0030895099218935921 -0.056362240482703919
leaf_weight=1172.709943709895 313.80587850511074 7.6851964071393004 162.03964380919933 237.92491311766207 994.56557309627533 4.4600757062435132 87.879665728658438 382.19372967630625 415.10340566933155 115.65082024410367 90.291623495519161 39.205815725028515 98.455939101055264 110.03656804189086 89.764011984691024 87.732208241708577 201.92378880828619 91.608315523713827 34.714355066418648 11.898884236812593 59.639142880216241 12.217729963362215 39.113662287592888 68.271925508975983 6.1594023182988167 32.494436671957374 4.3707907460629931 17.809176566079259 19.313170820474625 30.176464550197124
leaf_count=8705 1648 39 899 1916 6425 21 841 2553 2105 1189 552 201 790 616 617 760 1012 614 176 57 563 78 221 359 30 167 22 121 101 206
internal_value=2.4144e-07 0.00320614 0.00496727 0.00741061 0.00975417 -0.00648305 -0.00480623 -0.0121504 0.0010781 0.0065082 -0.00629694 -0.0113589 -0.0200513 -0.0162081 -0.00823941 -0.00611758 -0.000475258 -0.0175684 0.0117728 0.0150373 -0.00965846 -0.0264376 -0.0148479 -0.0310219 0.0234099 0.028691 -0.0186818 -0.0397296 -0.0218015 -0.0464132
internal_weight=5039.22 3371.87 3008.14 2464.84 2167.28 1667.35 1538.1 684.18 853.915 203.53 505.395 363.728 480.65 307.278 199.801 543.304 363.963 179.341 348.52 56.4493 297.564 129.25 69.0463 107.478 10.6195 40.1796 16.2697 60.2034 58.4268 47.9856
internal_count=33604 22972 20894 17609 15130 10632 9854 5373 4481 2030 2657 2078 3343 1793 1233 3285 1911 1374 1824 285 2479 778 373 560 51 206 79 405 322 327
is_linear=0
shrinkage=0.05


Tree=85
num_leaves=31
num_cat=0
split_feature=9 10 4 1 0 0 1 0 0 10 3 11 7 0 8 4 11 3 10 11 7 6 1 0 1 8 1 8 9 4
split_gain=40.0208 41.8346 36.9426 43.7615 45.2317 23.9032 20.354 19.0633 17.2069 16.7884 14.5161 15.3369 12.0877 12.0158 17.2677 9.81786 9.92125 9.06073 8.88418 8.72543 8.58685 8.25356 8.22397 7.04301 6.88076 6.86565 6.1222 3.76346 2.32849 0.919002
threshold=0.15799875182026216 0.0041558542493339854 4.6007117437722433 13.804761904761907 13.500000000000002 41.500000000000007 9.0156250000000018 19.500000000000004 11.500000000000002 0.012220009955201594 0.69775807261167822 68.200759441707746 0.10726270373921382 17.500000000000004 0.21672494172494175 3.4313260849363445 102.85168659420292 0.9417420814479639 0.013730049013447281 97.345562500000028 0.01590463542654778 0.0587372779023633 6.8090909090909095 17.500000000000004 6.8090909090909095 0.22589757608893751 4.7656250000000009 0.083020050125313286 0.1622329135418141 3.724704161680628
decision_type=2 2 2 2 2 2 2 2 2 2 2 2 2 2 2 2 2 2 2 2 2 2 2 2 2 2 2 2 2 2
left_child=1 2 3 4 -1 -5 9 8 18 19 11 -8 15 14 -4 16 -9 25 26 -3 -17 -19 -15 -12 -11 -10 -2 29 -29 -14
right_child=7 6 13 5 -6 -7 10 12 17 24 23 -13 27 22 -16 20 -18 21 -20 -21 -22 -23 -24 -25 -26 -27 -28 28 -30 -31
leaf_value=-0.018001669307828934 0.030538933222700421 0.025517526112706412 0.012401618588462157 0.0069032985934399903 0.012400832850143614 -0.0058802090959555152 0.075634226111876965 -0.0097142111062808682 0.015165658791157189 0.0032724653193716177 -0.004358846623323559 -0.0053808568378141981 -0.093694911743636422 0.02567947497169102 -0.026004111927343324 -0.0028506500857958801 0.04528136017254409 0.0095021600351004893 0.02517210573384452 -0.020390290926087906 -0.022721872712446117 -0.021324780798052109 -0.020904372691921674 -0.02671445542359396 -0.021900340110911472 -0.022268350444272035 -0.045982455429181203 -0.077641792392798975 -0.030043505233092183 -0.061743448495450243
leaf_weight=131.4538515470922 2.8356043696403495 70.736996909603477 91.387770812958479 589.36652152612805 1764.3030277071521 963.45705752633512 6.4561271965503684 24.695782182738185 132.29743728600442 47.975671209394932 41.285796210169792 61.391644546762109 4.0580711364746112 9.916132163256405 43.056054349988699 68.526702131144702 12.277767421677707 37.14630276709795 6.1107444316148749 12.124362897127865 263.08034313842654 52.260986529290676 212.67376827262342 240.22995086014271 62.526184350252151 13.498423270881174 33.424497574567795 3.0258084945380714 17.034227838739753 5.0523561388254166
leaf_count=640 14 376 439 3026 12177 8137 44 158 679 240 213 553 18 57 216 373 80 176 38 72 1733 251 1611 1480 311 68 242 24 120 38
internal_value=-7.8824e-07 0.00175793 0.00360999 0.00519509 0.0102927 -0.00102829 -0.0112287 -0.011325 -0.00126891 0.00178663 -0.0184324 0.00232822 -0.0183427 -0.0117004 0.000102064 -0.0158906 0.00854811 0.00401485 -0.0305994 0.0188002 -0.0186155 -0.00851702 -0.0188291 -0.0234359 -0.0109713 0.0116999 -0.0399983 -0.0493262 -0.0372231 -0.0759756
internal_weight=5023.67 4348.34 3805.61 3448.58 1895.76 1552.82 542.727 675.325 277.574 193.363 349.364 67.8478 397.751 357.034 134.444 368.581 36.9735 235.203 42.3708 82.8614 331.607 89.4073 222.59 281.516 110.502 145.796 36.2601 29.1705 20.06 9.11043
internal_count=33604 29592 26303 23980 12817 11163 3289 4012 1468 999 2290 597 2544 2323 655 2344 238 1174 294 448 2106 427 1668 1693 551 747 256 200 144 56
is_linear=0
shrinkage=0.05


Tree=86
num_leaves=28
num_cat=0
split_feature=3 0 3 0 0 3 0 3 10 2 1 4 3 1 0 4 8 2 3 0 0 8 8 8 5 3 3
split_gain=39.364 38.0521 94.6463 69.2901 49.9859 70.1343 31.7744 31.3877 29.2187 26.6399 40.4844 22.0139 17.8104 16.1373 15.7256 11.8957 10.6892 6.17304 6.24418 5.11894 4.92316 2.70375 3.66992 1.46407 0.214847 0.101799 0.00341369
threshold=0.50062972292191443 19.500000000000004 0.86996779388083745 15.500000000000002 43.500000000000007 0.73363914373088701 25.500000000000004 0.76214049976426224 0.0084817703087680957 1.0000000180025095e-35 14.977272727272728 4.7698612862547298 0.95553359683794481 5.0769230769230775 293.50000000000006 4.4989711934156391 0.16925080128205131 74.677083333333357 0.46035674996071041 205.50000000000003 375.50000000000006 0.17146626460610634 0.14119892231701844 0.29209183673469391 0.0032000081920209719 0.44916643512086701 0.4425504134629335
decision_type=2 2 2 2 2 2 2 2 2 2 2 2 2 2 2 2 2 2 2 2 2 2 2 2 2 2 2
left_child=14 3 4 9 7 -6 12 -3 11 10 -2 -5 -4 -11 17 -10 -8 23 26 -20 21 22 -16 24 -1 -23 -19
right_child=1 2 6 8 5 -7 16 -9 15 13 -12 -13 -14 -15 20 -17 -18 18 19 -21 -22 25 -24 -25 -26 -27 -28
leaf_value=0.051863476792972908 -0.037960446801164373 0.022536385063108098 -0.0045388947899045289 0.023174372768801164 0.0013474756156432552 -0.021613743129937305 -0.024668074848103395 0.0037682413717256801 -0.0021129878352007486 0.028688127452513892 0.0035732445205453192 -0.012642740886115984 -0.030265113793223761 -0.0015293322189844311 -0.063873719815270083 -0.052883600660165231 -0.044005607428827233 0.05311485878853886 0.030341130558900354 -0.049691272376983286 0.02917162562160441 -0.071353758861956398 0.0138996171779949 -0.025349757245018364 0.044287666184130547 -0.05546415520946725 0.056331908622247399
leaf_weight=47.611545393243432 127.81919123604894 295.70701650343835 287.58657389506698 601.06750219501555 1203.9737446568906 459.49120309203863 177.85667316429317 903.17288237065077 76.605219148099422 50.370943669229746 108.45383826643229 46.197142206132412 87.820197224617004 359.65018623322248 2.2315921224653739 13.583076454699038 119.46500384993851 4.432859180495142 3.4942412786185724 4.6658326089382172 5.081272527575492 1.6527473330497739 4.7356908842921257 0.64526190049946208 11.648183372803031 2.5838583149015903 1.0130617208778856
leaf_count=1722 761 2088 1489 3381 9848 3430 1141 4501 380 237 524 215 508 1764 21 65 822 96 42 27 24 10 42 19 394 39 14
internal_value=-1.56012e-06 -0.000600466 -0.00335189 0.00642863 0.000614371 -0.004995 -0.0202277 0.00839746 0.0169029 -0.00552305 -0.0188957 0.020618 -0.0105571 0.00218287 0.0328051 -0.00975945 -0.032438 0.0426535 0.012251 -0.0154204 -0.0116504 -0.0301643 -0.0110109 0.0495587 0.0503744 -0.0616629 0.0537133
internal_weight=5008.62 4918.82 3535.07 1383.75 2862.34 1663.46 672.728 1198.88 737.453 646.294 236.273 647.265 375.407 410.021 89.7961 90.1883 297.322 73.511 13.606 8.16007 16.2852 11.2039 6.96728 59.905 59.2597 4.23661 5.44592
internal_count=33604 31154 23827 7327 19867 13278 3960 6589 4041 3286 1285 3596 1997 2001 2450 445 1963 2314 179 69 136 112 63 2135 2116 49 110
is_linear=0
shrinkage=0.05


Tree=87
num_leaves=29
num_cat=0
split_feature=3 0 3 0 3 11 11 0 6 8 7 3 0 4 2 3 8 0 11 0 3 1 6 11 8 5 0 3
split_gain=36.9354 38.0517 78.2386 37.9794 94.1687 45.1211 19.2574 15.0394 11.7733 14.1716 7.13911 7.04302 10.1242 8.06441 5.98726 5.90857 4.72297 4.70124 4.35675 3.92279 6.76317 5.20173 3.01259 1.4486 1.41904 0.226126 0.0316928 0.00294033
threshold=0.50062972292191443 171.50000000000003 0.57938211049799049 77.500000000000014 0.73363914373088701 66.447995179325659 76.340498106060636 293.50000000000006 0.055309344053338573 0.18294606447641767 0.053592241092241096 0.55889894419306196 117.50000000000001 4.6677282377919331 74.677083333333357 0.46035674996071041 0.17146626460610634 205.50000000000003 80.098020361990976 211.50000000000003 0.520369083249408 12.674242424242426 0.052554856529077799 63.288729167668627 0.29209183673469391 0.0032000081920209719 334.50000000000006 0.4425504134629335
decision_type=2 2 2 2 2 2 2 2 2 2 2 2 2 2 2 2 2 2 2 2 2 2 2 2 2 2 2 2
left_child=7 2 11 4 -4 -5 8 14 9 -3 -10 13 -13 -2 24 27 18 -17 22 20 -8 -21 -9 -18 25 -1 -25 -16
right_child=1 6 3 5 -6 -7 19 16 10 -11 -12 12 -14 -15 15 17 23 -19 -20 21 -22 -23 -24 26 -26 -27 -28 -29
leaf_value=0.051773359577963564 0.052947711544570245 0.044761065240552678 0.020248919297995802 0.016970123564671175 -0.0020376709900731429 -0.019818497332431378 0.030650386798064252 0.069719158830356953 -0.029164706858361717 -0.040950455986438636 -0.0043371732200075527 0.04596078590940525 0.002959797754833978 -0.069439802756466815 0.052957461545506027 0.029474617058453185 -0.010005861500598083 -0.047955546547968006 -0.037766505761350586 -0.095126797864964738 -0.035456635401648499 -0.04336495538408458 0.0031475083222472829 -0.05916494080663786 -0.023514002599367766 0.043837603696195479 -0.068057588838078678 0.056010974589486007
leaf_weight=45.366345322690904 66.634347664192319 18.130907833576206 549.42628054507077 102.37452697008848 3451.6472594086081 448.4493813700974 4.3521489948034278 2.9819031246006507 54.809457194060087 6.5701957941055289 61.380332753062248 30.150713102892041 25.069309294223785 1.3737273737788189 4.2288820669054976 3.41905804350972 1.8098242059350003 4.5948086082935333 3.3352910801768303 5.5427174344658843 34.849080134183168 39.041830234229565 3.9513291642069817 1.8929290473461149 0.66044824570417304 11.190999418497084 2.1286163814365864 0.9690360166132449
leaf_count=1722 976 188 4136 898 19077 3341 43 18 587 77 632 367 171 10 96 42 17 27 27 28 267 356 33 25 19 394 16 14
internal_value=-1.70462e-06 -0.00057357 0.00039237 -0.000671878 0.00102272 -0.0129811 -0.0206731 0.0323806 -0.00938466 0.0219628 -0.0160489 0.0397044 0.0264388 0.0504755 0.042347 0.0120087 -0.0112176 -0.0149205 0.00919025 -0.0396552 -0.0281174 -0.0497999 0.0317792 -0.047154 0.0493522 0.0502031 -0.0638718 0.0535267
internal_weight=4986.33 4899.8 4675.13 4551.9 4001.07 550.824 224.677 86.5295 140.891 24.7011 116.19 123.228 55.22 68.0081 70.4296 13.2118 16.0999 8.01387 10.2685 83.7858 39.2012 44.5845 6.93323 5.83137 57.2178 56.5573 4.02155 5.19792
internal_count=33604 31154 28976 27452 23213 4239 2178 2450 1484 265 1219 1524 538 986 2314 179 136 69 78 694 310 384 51 58 2135 2116 41 110
is_linear=0
shrinkage=0.05


Tree=88
num_leaves=31
num_cat=0
split_feature=6 3 0 3 0 1 0 3 0 0 3 0 4 1 1 7 8 2 1 3 0 11 7 9 2 9 4 11 9 3
split_gain=37.1241 35.145 45.1858 54.2255 48.0774 47.1848 24.6382 28.1259 24.6382 21.982 19.3778 17.1253 18.3146 12.8347 11.8002 11.582 12.5188 11.4365 10.9927 10.8587 15.2362 7.97949 5.80807 6.42075 3.89944 3.84761 3.86161 2.66319 2.06278 1.811
threshold=0.047386242129024599 0.95553359683794481 19.500000000000004 0.82637681159420306 30.500000000000004 15.67543859649123 31.500000000000004 0.85053191489361712 20.500000000000004 14.500000000000002 0.57457351943394408 15.500000000000002 4.5457769181173449 10.327956989247314 5.0769230769230775 0.1178513071895425 1.0000000180025095e-35 46.711383219954662 5.9761904761904772 0.78281378178835126 62.500000000000007 107.08483436853005 0.019267894267894273 0.11415183156453271 8.9836230788611768 0.17249008239243213 3.5213476940071806 93.4731666666667 0.1908263305322129 0.81291666666666684
decision_type=2 2 2 2 2 2 2 2 2 2 2 2 2 2 2 2 2 2 2 2 2 2 2 2 2 2 2 2 2 2
left_child=6 2 11 5 -5 -4 7 17 9 14 22 18 -13 -11 -3 16 -9 21 -2 20 -12 -1 -8 -24 -21 26 -10 -17 -27 -19
right_child=1 8 3 4 -6 -7 10 15 25 13 19 12 -14 -15 -16 27 -18 29 -20 24 -22 -23 23 -25 -26 28 -28 -29 -30 -31
leaf_value=0.0072671228382441035 0.029207203942314453 0.020247020941992697 0.011079794818766519 -0.0012425097384426696 -0.026619995623619958 -0.0042755549788258164 0.058055014257381465 0.073244070384448592 0.0074091341604324906 0.01555088883856862 -0.0055816520039103021 0.023790490243591342 -0.0044587026042402379 -0.011728752342633524 -0.019325275154259348 -0.032038904699785882 -0.0099550830828110601 0.077878740673806943 0.00040696016172950435 -0.020060816282463895 -0.032818317721760651 0.052354883119429797 -0.035402838130384022 0.016717725545024723 -0.04729601516655698 0.033428736455798629 -0.040247862125894332 -0.065365393858237378 -0.023618229857094573 0.034990691046024404
leaf_weight=145.18594115972519 38.49026695638895 20.666282653808594 1263.1596414893866 529.4888073541224 288.22144236601889 828.38329444080591 5.9428672585636368 4.6035919338464728 4.5024697482585898 134.65177182853222 102.50108359009027 424.6446038223803 66.338774833828211 63.42710929363966 213.00702285766602 24.077305290848017 253.01949389651418 7.1959676519036275 238.01260902732611 16.857260301709175 102.8847299516201 10.524220924824474 7.7562446482479563 24.809342270717025 59.641215531155467 2.948820896446704 75.999627985060215 7.9819210208952418 3.4253284111618996 3.7410719469189644
leaf_count=771 184 95 10338 2679 2025 6757 137 23 20 632 576 2529 313 302 1134 150 1339 36 1177 112 808 74 91 265 450 22 480 41 24 20
internal_value=-8.81801e-07 0.0018581 0.00357686 0.000729879 -0.0101874 0.00499811 -0.010042 -0.00258016 -0.0103267 -0.0054382 -0.0206697 0.0143687 0.0199736 0.00681564 -0.0158255 -0.0119952 -0.00846836 0.013786 0.00441607 -0.0252146 -0.0192254 0.0103145 0.0125992 0.00430401 -0.0412944 -0.0346215 -0.0375824 -0.0403363 0.00277294 0.0632087
internal_weight=4972.09 4195.37 3676.74 2909.25 817.71 2091.54 776.722 456.33 518.628 431.752 320.393 767.486 490.983 198.079 233.673 289.682 257.623 166.647 276.503 281.884 205.386 155.71 38.5085 32.5656 76.4985 86.8762 80.5021 32.0592 6.37415 10.937
internal_count=33604 28711 26002 21799 4704 17095 4893 2454 2709 2163 2439 4203 2842 934 1229 1553 1362 901 1361 1946 1384 845 493 356 562 546 500 191 46 56
is_linear=0
shrinkage=0.05


Tree=89
num_leaves=31
num_cat=0
split_feature=9 10 8 7 1 0 0 7 0 7 3 3 1 4 11 2 1 9 7 1 4 1 9 7 0 10 8 4 2 0
split_gain=36.0871 38.1351 33.7724 42.332 36.9289 16.3492 14.5453 12.9504 19.1267 11.1898 10.5503 10.0459 8.59346 8.48567 9.16033 8.44477 8.13237 8.12846 7.70054 7.47349 6.30267 5.94271 5.18888 4.66934 4.07214 6.77039 3.55734 2.74902 2.32289 0.754446
threshold=0.15799875182026216 0.014311315924219152 0.22589757608893751 0.015174541770286454 25.258333333333336 19.500000000000004 11.500000000000002 0.069013145361021169 34.500000000000007 0.10726270373921382 0.95060975609756104 0.80788655788655805 11.660919540229886 3.4313260849363445 102.85168659420292 6.2249770431588622 4.7656250000000009 0.22886904761904764 0.01590463542654778 17.976190476190478 3.3769303872653844 5.0769230769230775 0.1994152046783626 0.071052120606917998 16.500000000000004 0.022140522875816998 0.083020050125313286 3.4631887985546528 15.686725206611571 26.500000000000004
decision_type=2 2 2 2 2 2 2 2 2 2 2 2 2 2 2 2 2 2 2 2 2 2 2 2 2 2 2 2 2 2
left_child=1 2 3 10 -5 6 15 8 -4 13 -1 -9 20 14 -7 16 -2 19 -15 -8 -3 -22 -17 -19 25 -14 29 -26 -28 -11
right_child=5 12 7 4 -6 9 17 11 -10 26 -12 -13 24 18 -16 22 -18 23 -20 -21 21 -23 -24 -25 27 -27 28 -29 -30 -31
leaf_value=0.020506334294463868 0.028849818289093915 0.031616222521741615 2.7200968439960658e-05 0.0030691881114157621 -0.025876698558897755 -0.0095950404423460738 0.0040926637195124356 0.0087570888026196666 -0.02498936234260872 -0.087082767371515504 0.0021697129492935243 -0.037303186210127001 -0.047002667896249933 -0.0026082987974897737 0.043854635836799306 -0.025247394775715484 -0.048606761282759023 -0.0084768082183204526 -0.021514845884219244 0.035274992903640764 0.020402988310984912 -0.022355826077746471 0.058858851735327192 -0.050761820474880176 -0.0094360845095597182 0.044126611517464248 -0.021264965650963853 -0.060170520867727506 -0.056341581655412865 -0.05777290038218439
leaf_weight=439.36673263181001 3.8278494402766219 6.4948218390345565 304.10264349915087 3000.3950800541788 114.38834716379642 24.556724669411778 171.82575310580432 14.59738617017865 102.04373230505735 4.8762743249535578 95.495039023458958 62.622569609433413 5.86585685610771 68.011615965515375 11.9008666081354 3.4518020525574675 29.541851863265038 31.291198026388884 258.76300213113427 21.634672611951828 8.8111514300107938 104.49154034629464 3.9122727513313293 8.249920688569544 3.0170679837465313 3.123426727950573 11.47633419185877 23.210570495575666 8.0171164311468583 3.9936917349696159
leaf_count=2828 19 34 1622 21403 1150 158 868 90 823 28 467 356 39 373 80 21 230 154 1733 102 41 539 24 50 14 18 73 168 71 28
internal_value=-1.5047e-06 0.00167957 0.00259275 0.00423761 0.00200617 -0.0108359 -0.00146134 -0.00982676 -0.00625818 -0.017389 0.0172325 -0.0285961 -0.0226677 -0.0150272 0.00785256 -0.029027 -0.0397217 0.00335774 -0.0175798 0.00757978 -0.0162848 -0.0190306 0.0194353 -0.0172992 -0.0443805 -0.0153388 -0.0476356 -0.0543343 -0.035691 -0.073886
internal_weight=4953.36 4288.03 4133.01 3649.65 3114.78 665.331 273.735 483.366 406.146 391.596 534.862 77.22 155.014 363.232 36.4576 40.7338 33.3697 233.002 326.775 193.46 119.798 113.303 7.36407 39.5411 35.2169 8.98928 28.3634 26.2276 19.4935 8.86997
internal_count=33604 29592 28739 25848 22553 4012 1468 2891 2445 2544 3295 446 853 2344 238 294 249 1174 2106 970 614 580 45 204 239 57 200 182 144 56
is_linear=0
shrinkage=0.05


Tree=90
num_leaves=23
num_cat=0
split_feature=7 4 6 3 0 0 3 3 11 9 3 4 3 0 6 9 3 9 2 10 0 7
split_gain=34.7056 35.4214 37.1712 28.8536 36.0864 18.5399 27.0186 15.6363 11.4986 9.84821 7.78406 5.94843 5.54539 5.32484 4.82501 5.55639 4.22518 3.18849 3.01034 2.6821 2.44685 1.68841
threshold=0.17445652173913045 3.4005813953488375 0.047386242129024599 0.46609241550478142 179.50000000000003 29.500000000000004 0.82637681159420306 0.57457351943394408 84.173533205924542 0.23132664437012265 0.88284313725490204 3.6658914728682173 0.93683510638297884 295.50000000000006 0.13269821202817414 0.05411036036036037 0.93683510638297884 0.061925832279814588 16.005000000000003 0.009097806594012969 14.500000000000002 0.031205736543909349
decision_type=2 2 2 2 2 2 2 2 2 2 2 2 2 2 2 2 2 2 2 2 2 2
left_child=1 8 5 13 -5 6 -3 -7 18 10 -10 12 -2 -4 17 16 -16 -13 21 -19 -17 -1
right_child=11 2 3 4 -6 7 -8 -9 9 -11 -12 14 -14 -15 15 20 -18 19 -20 -21 -22 -23
leaf_value=-0.029268458080223148 -0.092576108903476839 0.020003218348120747 0.050605026936652558 0.001980604907025855 -0.020116669876680586 0.010466749218706557 -0.011558602752799201 -0.024221035945244752 0.026160609516337537 -0.046729331934891177 0.0087307884982138588 -0.076603513156214192 -0.018862270331363742 -0.0080693122399083574 0.058471216488769545 -0.0087672173347538417 -0.012371424761835975 -0.028004279633540432 0.0022354974400733995 -0.07089447421483934 -0.059152965679062669 -0.080914803991395515
leaf_weight=2.9827832374721748 7.4995872396975738 90.549244845286012 34.69145274721086 3659.2916773054749 194.5841051787138 36.742742663249373 269.9869290702045 280.541882770136 187.84234731737524 5.6014034254476419 97.203306317329407 4.5860458128154269 3.8668974451720715 4.3518510907888404 4.2350483573973197 5.1641771197319013 4.1841705143451691 34.667743258178234 3.2932768780738115 4.0732873603701583 4.5171641893684864 3.3708376549184322
leaf_count=21 39 484 1348 23203 2051 439 1439 1936 1647 38 519 24 23 32 24 25 20 203 23 21 26 19
internal_value=-2.55489e-06 0.00050957 -0.000583311 0.00129817 0.000864903 -0.0113892 -0.0036318 -0.0202041 0.0171442 0.0189267 0.0202169 -0.0342715 -0.0674985 0.0440651 -0.0281232 -0.00644261 0.0232639 -0.0371806 -0.0365599 -0.0325138 -0.0322764 -0.0566688
internal_weight=4943.83 4871.03 4570.74 3892.92 3853.88 677.821 360.536 317.285 300.294 290.647 285.046 72.7941 11.3665 39.0433 61.4276 18.1006 8.41922 43.3271 9.6469 38.741 9.68134 6.35362
internal_count=33604 33199 30932 26634 25254 4298 1923 2375 2267 2204 2166 405 62 1380 343 95 44 248 63 224 51 40
is_linear=0
shrinkage=0.05


Tree=91
num_leaves=30
num_cat=0
split_feature=3 0 0 3 0 3 3 11 3 10 11 2 3 0 6 3 0 3 0 4 6 6 1 4 2 0 0 8 2
split_gain=34.1067 62.2121 54.1833 77.7059 74.0756 60.4245 39.3458 36.4341 32.0063 18.2267 17.7635 15.6559 15.3429 17.3338 17.4409 15.1869 15.8569 14.6484 25.8581 11.0571 10.929 10.3552 9.18293 9.12433 9.11199 7.60277 7.03748 1.51946 0.00830554
threshold=0.59881980225595333 169.50000000000003 77.500000000000014 0.73363914373088701 35.500000000000007 0.88284313725490204 0.82167318982387483 66.447995179325659 0.46035674996071041 0.0010045205949425846 72.615760088535367 111.1493261012492 0.55889894419306196 131.50000000000003 0.087929985324122148 0.65863337204800632 57.500000000000007 0.68069758023691418 101.50000000000001 3.8948474126492707 0.057181782794861823 0.0587372779023633 23.218253968253972 4.909545454545456 1.0000000180025095e-35 295.50000000000006 247.50000000000003 0.16133299197815329 67.737947530864218
decision_type=2 2 2 2 2 2 2 2 2 2 2 2 2 2 2 2 2 2 2 2 2 2 2 2 2 2 2 2 2
left_child=1 12 3 15 5 -5 -6 9 25 22 21 -11 23 20 -15 24 -17 18 -9 -19 -14 -10 -4 27 -2 28 -12 -1 -3
right_child=2 8 7 4 6 -7 -8 17 10 11 26 -13 13 14 -16 16 -18 19 -20 -21 -22 -23 -24 -25 -26 -27 -28 -29 -30
leaf_value=0.056371400095127533 -0.063835422076264942 0.051469958863713444 0.0094906812314675335 0.01038944250927305 -0.0091884299086840131 -0.0046745459519274661 -0.035731007071935814 0.005662713931261853 0.040880715275101412 0.06828424204185779 -0.015359449761910721 -0.010149784777590256 0.0050710556476021712 -0.030212517286432858 0.05212418279063772 0.021709055421153173 0.0015900831699137239 -0.059516924784542374 -0.026320520448720006 -0.027622629528184256 0.045518782042672741 -0.0046803286629517734 -0.022683238116891033 -0.072418625589804539 0.037889174514639322 -0.010593213404559014 -0.040973566479506306 0.04288926437637991 0.053860015946734868
leaf_weight=53.213846569880843 2.2497672736644736 22.049194529652599 60.034963462501764 1170.4303607754409 521.13969190977514 1543.6615831069648 190.71803951263428 94.443471699953079 16.548938637599349 19.625440027564768 64.094853909686208 9.4141395427286607 23.505341794341803 24.868230331689119 8.6753521673381311 270.99373161420226 153.36164966970682 35.06311933323741 191.00945658236742 120.77464997582138 57.688309973105788 50.613514341413975 35.169539172202349 1.5216581542044867 102.42429378814995 5.9751730300486079 46.106509754434228 34.413405033759773 4.3524014148861161
leaf_count=1215 17 913 511 6207 3136 8136 1598 628 173 152 671 105 169 158 54 1905 891 226 1448 1088 729 566 429 28 1124 39 448 748 92
internal_value=-2.0919e-06 0.0137407 -0.00125955 0.000810429 -0.00194364 0.00182168 -0.0162996 -0.0157356 -0.00537793 0.00818204 -0.013723 0.0428573 0.0334082 0.0213179 -0.00891784 0.0186455 0.0144381 -0.0224696 -0.0157387 -0.0347988 0.0338093 0.00654599 -0.0023947 0.0489687 0.0357028 0.0403374 -0.026076 0.0510766 0.051864
internal_weight=4934.14 413.627 4520.51 3954.98 3425.95 2714.09 711.858 565.535 209.741 124.244 177.364 29.0396 203.886 114.737 33.5436 529.029 424.355 441.291 285.453 155.838 81.1937 67.1625 95.2045 89.1489 104.674 32.3768 110.201 87.6273 26.4016
internal_count=33604 6003 27601 23014 19077 14343 4734 4587 2902 1197 1858 257 3101 1110 212 3937 2796 3390 2076 1314 898 739 940 1991 1141 1044 1119 1963 1005
is_linear=0
shrinkage=0.05


Tree=92
num_leaves=31
num_cat=0
split_feature=9 10 8 1 6 7 4 0 3 0 1 2 1 8 0 0 10 1 0 6 8 11 9 11 2 2 7 1 1 11
split_gain=33.2533 26.4909 27.0901 30.4742 22.1364 18.0936 21.7223 22.5935 30.8062 17.5508 15.3055 15.1368 16.431 12.8675 15.6624 11.6662 8.99946 7.67779 6.94145 5.76575 5.54824 8.27327 6.56972 5.49811 5.23381 4.92578 4.41114 4.09244 2.85799 2.80268
threshold=0.12730095990965559 0.0053491832361525311 0.21313632441760141 20.514705882352946 0.10420688545688547 0.11167800453514741 4.4618037135278525 31.500000000000004 0.65312020762062051 13.500000000000002 10.860389610389612 14.802777777777779 6.8090909090909095 0.30094339622641514 32.500000000000007 20.500000000000004 0.017937580437580442 27.679487179487186 17.500000000000004 0.14989878542510124 0.17146626460610634 73.43198028673838 0.066790582403965307 58.433576845298312 10.883494031221305 1.0200000000000002 0.17752100840336138 7.9687500000000009 11.660919540229886 75.749021944165008
decision_type=2 2 2 2 2 2 2 2 2 2 2 2 2 2 2 2 2 2 2 2 2 2 2 2 2 2 2 2 2 2
left_child=1 2 3 4 -1 6 7 9 -9 -2 11 12 -3 14 -4 19 -13 -5 24 -8 21 -12 -22 -17 26 29 -7 -15 -27 -20
right_child=5 10 13 17 -6 18 15 8 -10 -11 20 16 -14 27 -16 23 -18 -19 25 -21 22 -23 -24 -25 -26 28 -28 -29 -30 -31
leaf_value=0.0042191406707132971 -0.017363247486343235 0.012152038880089517 0.0033894022356803495 -0.0048521554048624746 0.014466516700443738 -0.0075220986828763636 -0.0032292934204029666 0.0079946225924667613 -0.016401786569479618 0.0068914783006134885 0.016760028989752939 0.027201681721375621 -0.023493867655113885 0.0022412919635624814 -0.015876608113824509 -0.0082688531042264587 -0.014932460356551143 -0.025555258322555882 -0.03452691105675753 -0.03224302056918206 -0.010618249292864068 -0.022288181344360114 -0.047467413487788074 -0.042430320381763711 0.026201095205290958 -0.030591754526045623 -0.046261939363107067 -0.035128295056900287 -0.052138468442450042 0.019634046419406373
leaf_weight=1215.8515785373747 84.792306330054998 49.930128171108663 307.5988538376987 207.92229964584112 930.21719104982913 30.131354577839375 77.163565594702959 184.38209377415478 433.91748018935323 619.48588006943464 16.717880638316274 54.346060397103429 91.705491134896874 8.750651525333522 160.55233502201736 14.622917300090192 16.527347587049007 57.074997069314122 3.8687164746224862 22.006883129477501 18.131802666932344 71.923105973750353 36.334380785003304 60.545322323217988 8.5221440792083722 41.608598066493869 9.7180402949452382 45.010644866153598 24.423732398077846 6.2432282045483589
leaf_count=9183 464 255 1646 1735 6187 166 407 1938 2985 3244 134 310 480 51 1268 156 85 567 32 117 98 457 259 543 41 234 69 257 199 37
internal_value=-1.99588e-06 0.00288728 0.00444989 0.0066856 0.00866088 -0.00586204 -0.0043387 -0.0021519 -0.00912657 0.00397131 -0.0100005 -0.00148819 -0.0109278 -0.00587835 -0.00321787 -0.0209284 0.0173762 -0.00931118 -0.0241755 -0.00966772 -0.0226409 -0.0149236 -0.0352003 -0.0357847 -0.00936371 -0.0335848 -0.0169696 -0.0290457 -0.0385614 -0.00108733
internal_weight=4910.03 3288.59 2932.98 2411.07 2146.07 1621.43 1496.92 1322.58 618.3 704.278 355.616 212.509 141.636 521.912 468.151 174.339 70.8734 264.997 124.516 99.1704 143.107 88.641 54.4662 75.1682 48.3715 76.1443 39.8494 53.7613 66.0323 10.1119
internal_count=33604 22972 20894 17672 15370 10632 9854 8631 4923 3708 2078 1130 735 3222 2914 1223 395 2302 778 524 948 591 357 699 276 502 235 308 433 69
is_linear=0
shrinkage=0.05


Tree=93
num_leaves=30
num_cat=0
split_feature=3 0 3 0 3 3 0 11 2 10 3 3 0 6 0 11 7 5 11 0 6 7 1 0 2 2 5 11 3
split_gain=31.434 32.9103 80.846 45.2647 67.6393 31.3385 29.542 23.7981 21.2418 21.9341 15.8738 12.6501 18.2373 10.991 10.5936 9.70062 8.86108 8.68092 7.67256 3.94068 6.74595 7.35567 3.80016 3.78197 3.70832 3.24683 2.17228 1.13791 0.0733716
threshold=0.53440555841482251 117.50000000000001 0.64938796835348567 52.500000000000007 0.78281378178835126 0.68691260430390877 229.50000000000003 70.038537969761009 156.37500000000003 0.00060114352785063457 0.44916643512086701 0.61120926580290547 155.50000000000003 0.040066889632107035 68.500000000000014 81.894344611528851 0.091074983410749849 0.0023255939729257599 73.43198028673838 171.50000000000003 0.064411978787563703 0.02936863895118165 26.552380952380958 300.50000000000006 254.07636485966938 0.22829861111111113 0.0032388685202960356 78.021703027364822 0.4425504134629335
decision_type=2 2 2 2 2 2 2 2 2 2 2 2 2 2 2 2 2 2 2 2 2 2 2 2 2 2 2 2 2
left_child=6 2 13 4 -4 -5 19 8 9 -3 23 12 -9 14 -2 -13 -15 18 -12 25 21 -21 -22 28 -10 -1 -19 -27 -8
right_child=1 7 3 5 -6 -7 10 11 24 -11 17 15 -14 16 -16 -17 -18 26 -20 20 22 -23 -24 -25 -26 27 -28 -29 -30
leaf_value=-0.028903913341277794 0.028848785045511458 -0.0016629047581865901 0.016228389589703986 0.0055138115996345716 -0.0020744582119446384 -0.019696179280364799 0.052489487659060169 0.010100285967727933 -0.017319368499526602 0.046857726743289106 0.033282816806997934 -0.027085040591675266 -0.026300454867915404 0.03480014295189271 -0.035580233429608671 -0.060368450958827508 -0.0059234753256237989 -0.063109393496192032 -0.020606973447140367 0.080310399821649114 0.041197695659305186 -0.022279985370884572 0.15295446459886708 -0.0020915564817390524 -0.050875868322798348 0.065778511184407237 -0.028866829203618223 0.048667495827996017 0.033250425101394109
leaf_weight=1.2282072026282538 13.102631121873857 82.086713936179876 614.23741528764367 165.79435336589813 2832.637303352356 480.6742358468473 12.448094829916954 52.812083426862955 17.149555172771215 32.519403230398893 10.607336994260551 85.387970540672541 98.749968193471432 204.50589978694916 12.434755474328993 29.439745455980301 14.291227612644432 8.3936300054192561 17.504568675532937 2.1659085471183053 21.261930910870436 9.0386354960501176 0.78889058157801528 4.3636199757456771 15.835234254598616 13.446833186782895 10.333344014361499 35.020870817825198 0.5161111634224661
leaf_count=31 113 767 3846 1060 15354 3723 482 397 229 281 107 750 845 2242 78 195 162 88 189 53 571 138 10 25 225 262 118 1241 22
internal_value=-2.94489e-06 -0.000707697 0.00057781 -0.00108991 0.00118713 -0.0132308 0.0227593 -0.0141772 0.00192852 0.0121048 -0.00271564 -0.0231004 -0.0136165 0.0285172 -0.00252322 -0.0356183 0.0321402 -0.0178416 -0.000272985 0.0424654 0.0291433 -0.00244862 0.0451959 0.0381715 -0.0334291 0.0513803 -0.0442147 0.0534148 0.0517236
internal_weight=4898.78 4751.66 4337.68 4093.34 3446.87 646.469 147.118 413.981 147.591 114.606 64.1667 266.39 151.562 244.335 25.5374 114.828 218.797 46.8389 28.1119 82.9513 33.2554 11.2045 22.0508 17.3278 32.9848 49.6959 18.727 48.4677 12.9642
internal_count=33604 30267 26578 23983 19200 4783 3337 3689 1502 1048 1031 2187 1242 2595 191 945 2404 502 296 2306 772 191 581 529 454 1534 206 1503 504
is_linear=0
shrinkage=0.05


Tree=94
num_leaves=26
num_cat=0
split_feature=7 0 3 0 6 3 0 4 4 2 1 1 3 1 8 10 1 2 3 4 4 11 4 4 7
split_gain=31.1422 32.9336 80.161 47.4408 35.7318 29.8478 28.4423 24.8005 24.4127 21.1248 33.7664 18.6271 15.8399 12.261 11.0037 10.0942 5.56381 6.63358 7.49554 3.65684 3.08532 3.61902 1.96773 5.20946 1.02712
threshold=0.17445652173913045 19.500000000000004 0.86996779388083745 15.500000000000002 0.11433842909857671 0.60031948881789143 25.500000000000004 4.234271928832599 4.5253577788036674 1.0000000180025095e-35 14.977272727272728 10.327956989247314 0.95553359683794481 5.0769230769230775 0.16925080128205131 0.0084817703087680957 7.6770833333333348 8.2161111111111129 0.92637759710930456 4.0716117216117222 3.6658914728682173 92.384384057971047 4.9340579710144938 4.6007117437722433 0.2005434782608696
decision_type=2 2 2 2 2 2 2 2 2 2 2 2 2 2 2 2 2 2 2 2 2 2 2 2 2
left_child=1 3 4 9 5 -3 12 -6 11 10 -1 -5 -4 -11 -8 -10 17 18 19 -2 21 -18 23 -22 -20
right_child=16 2 6 8 7 -7 14 -9 15 13 -12 -13 -14 -15 -16 -17 20 -19 24 -21 22 -23 -24 -25 -26
leaf_value=-0.034114817611905802 -0.028315515202833194 0.011525488375024592 -0.0029800156140595978 0.026951541237126831 0.01981342703288547 -0.0037562831029121662 -0.021709350928352935 -0.0031342524386235335 -0.00069908904187715578 0.027923905480819512 0.0052100814334332651 0.0088680655537824588 -0.027716279149760548 0.00066736334345440448 -0.041796931262504555 -0.050548030216152021 -0.1016326614437715 0.036825585923814755 -0.042430913640830847 0.03918424730910873 -0.039331182978266585 -0.03787691969457857 -0.07038621370403908 0.021215908598110195 -0.075406793172767189
leaf_weight=115.04444829002023 3.6887017190456444 383.72807614319026 280.74861532822251 367.9257851196453 390.63126564398408 1909.725045222789 169.38498613424599 168.53841540031135 95.192764971405268 47.054785739630461 103.87349678203464 232.32240291684866 84.106112129986286 335.00033160485327 114.09613627567887 11.368242651224135 4.3205751627683622 5.2810472678393117 5.3580197691917402 4.3998605310916901 32.253655508160591 4.5909446012228727 3.8211896419525138 3.9923363365232936 4.2222400680184364
leaf_count=703 18 5474 1465 2292 2933 12791 1116 1055 444 222 505 1168 499 1656 820 56 21 28 28 24 182 27 27 24 26
internal_value=-2.67937e-06 0.000485793 -0.0020432 0.00725596 0.00156371 -0.00119942 -0.0179133 0.0128968 0.0160372 -0.0030717 -0.0154557 0.0199524 -0.00868221 0.00402434 -0.0297942 -0.00601712 -0.0326592 -0.0123441 -0.0270405 0.00840171 -0.0421782 -0.0687876 -0.0362599 -0.0326622 -0.0569641
internal_weight=4880.67 4808.74 3500.96 1307.78 2852.62 2293.45 648.336 559.17 706.809 600.973 218.918 600.248 364.855 382.055 283.481 106.561 71.9286 22.9499 17.6688 8.08856 48.9787 8.91152 40.0672 36.246 9.58026
internal_count=33604 33199 26153 7046 22253 18265 3900 3988 3960 3086 1208 3460 1964 1878 1936 500 405 124 96 42 281 48 233 206 54
is_linear=0
shrinkage=0.05


Tree=95
num_leaves=31
num_cat=0
split_feature=9 10 8 7 1 0 0 7 0 7 11 10 1 4 0 10 1 4 11 1 9 1 6 1 8 11 8 9 8 0
split_gain=30.7482 33.0272 28.9324 35.9923 31.0979 14.1336 12.0117 11.899 14.6109 9.73792 9.71869 8.0508 7.99078 10.4075 7.78093 11.0143 8.44077 8.3016 12.6969 10.7221 7.0468 7.03313 4.95412 4.68551 4.49468 4.35223 3.40726 2.42473 1.48625 0.712751
threshold=0.15799875182026216 0.014311315924219152 0.22589757608893751 0.015174541770286454 25.258333333333336 19.500000000000004 11.500000000000002 0.078471884621617263 35.500000000000007 0.10726270373921382 74.806343373494002 0.013730049013447281 16.341666666666672 3.6993429298492164 20.500000000000004 0.027100470035252646 12.184659090909092 4.410375118708453 77.68100000000004 5.0769230769230775 0.22886904761904764 5.0769230769230775 0.07062020460358058 4.7656250000000009 0.26719160104986883 74.983321342925692 0.083020050125313286 0.1622329135418141 0.10816660816660818 26.500000000000004
decision_type=2 2 2 2 2 2 2 2 2 2 2 2 2 2 2 2 2 2 2 2 2 2 2 2 2 2 2 2 2 2
left_child=1 2 3 10 -5 6 11 8 -4 12 -1 23 13 -7 17 16 -16 18 -3 -19 21 -8 -14 -2 -9 -22 29 -28 -17 -11
right_child=5 14 7 4 -6 9 20 24 -10 26 -12 -13 22 -15 15 28 -18 19 -20 -21 25 -23 -24 -25 -26 -27 27 -29 -30 -31
leaf_value=0.029284290960838108 0.023904913127075239 0.064189548500701077 -0.00089487260118810939 0.0028518122130791303 -0.024264857870174558 0.0034668687374671703 0.070434157697546559 -0.02157886632208501 -0.022939923344672992 -0.084438181359388575 0.012552423000734173 0.026231221736132012 -0.01937320533913197 -0.016997284669202941 -0.0083648803180975083 -0.088991602493142988 -0.053881037723110849 0.033764175422051165 -0.0091823944129105009 -0.04869904605926946 -0.048355048223881751 0.0055017407121438523 -0.04614876069566947 -0.042656994778616585 -0.052233263134309066 -0.0076526107205874203 -0.076800494894797205 -0.02574914313617915 -0.058044359345387597 -0.055301439800495469
leaf_weight=109.67991161253303 2.8999531641602507 6.6434844508767119 316.24619453866035 2949.3991839829832 109.66104454919696 93.77295349445194 4.2651683688163748 44.652269881218672 98.594017336145043 4.6861343830823916 415.81567875295877 5.9944507889449588 52.537708681076765 184.11634019948542 33.767961606383324 5.9135460555553463 14.585142262279986 4.7779249325394657 52.42378862015903 22.525990054011345 8.3486375138163549 187.46201781183481 25.738956371322274 29.94425517693162 16.331401718780398 30.787157833576202 2.7224969659000662 15.96606235206127 11.279653239995239 3.8017042726278305
leaf_count=636 14 32 1714 21403 1150 549 20 255 824 28 2659 38 416 1164 190 35 115 23 265 123 48 950 215 242 98 156 24 120 70 28
internal_value=-2.89008e-06 0.00156218 0.00241856 0.00395631 0.00187974 -0.010098 -0.00132846 -0.00916584 -0.00613426 -0.0162678 0.0160446 -0.0270547 -0.0140665 -0.0100917 -0.0213268 -0.0343163 -0.0220943 -0.0114692 -0.000930018 -0.0342688 0.00299953 0.00694623 -0.0281776 -0.03678 -0.0297881 -0.0163355 -0.0451175 -0.0331862 -0.0686886 -0.0713878
internal_weight=4865.34 4212.3 4060.38 3584.56 3059.06 653.044 269.702 475.824 414.84 383.342 525.496 38.8387 356.166 277.889 151.917 65.5463 48.3531 86.3712 59.0673 27.3039 230.863 191.727 78.2767 32.8442 60.9837 39.1358 27.1764 18.6886 17.1932 8.48784
internal_count=33604 29592 28739 25848 22553 4012 1468 2891 2538 2544 3295 294 2344 1713 853 410 305 443 297 146 1174 970 631 256 353 204 200 144 105 56
is_linear=0
shrinkage=0.05


Tree=96
num_leaves=28
num_cat=0
split_feature=9 3 0 0 3 0 3 11 10 8 8 2 11 6 4 7 1 1 1 10 3 0 6 0 1 7 8
split_gain=29.3649 30.9015 58.2585 41.5929 50.4066 61.3837 26.6729 25.1325 26.8835 22.6284 19.6297 17.6352 15.0936 14.4543 11.0424 11.64 8.64753 8.31373 11.0112 10.5122 7.70021 7.51241 6.11353 5.52129 5.1744 4.42405 5.44109
threshold=0.055646630236794177 0.65863337204800632 117.50000000000001 63.500000000000007 0.78281378178835126 40.500000000000007 0.46035674996071041 73.798436752749907 0.0029542161945157182 0.27823315118397091 0.094179371353284413 19.340136054421773 76.340498106060636 0.040066889632107035 4.584105634380383 1.0000000180025095e-35 18.236694677871153 10.604347826086958 9.3452380952380967 0.01177694378722363 0.57457351943394408 295.50000000000006 0.074848121066608472 10.500000000000002 5.0769230769230775 0.071052120606917998 0.30094339622641514
decision_type=2 2 2 2 2 2 2 2 2 2 2 2 2 2 2 2 2 2 2 2 2 2 2 2 2 2 2
left_child=9 2 13 4 10 -6 21 8 -5 14 -3 -9 -8 20 17 23 -15 18 -1 -19 -2 -4 -17 -16 -11 26 -26
right_child=1 3 6 7 5 -7 12 11 -10 24 -12 -13 -14 16 15 22 -18 19 -20 -21 -22 -23 -24 -25 25 -27 -28
leaf_value=0.013785966276581053 0.046237861031303791 -0.013767373002843575 0.051599346121046968 -0.0092996991260335844 -0.0021910855253201144 -0.030600449697588267 0.0023212165352783291 -0.0039014338963504524 0.054713833240813831 0.053386427956703432 0.013833090112153792 -0.033643202212375628 -0.01694240059254783 0.034358243925837501 0.096688659161063728 -0.066766853390806166 0.011055017196406398 0.012141614909802485 0.037351734338779995 -0.049531857517993182 -0.017097931455932514 -0.01060885133874722 -0.008392383602492377 0.020813788776535919 0.0044460605329232003 -0.068146290830983058 -0.035504791659138439
leaf_weight=114.10317355021834 5.8526416188105932 72.194215659052134 26.522710727527738 160.93596378713846 2213.745349727571 208.00407115928829 212.972571561113 64.864500969648361 18.262669514864683 2.0788449570536605 598.21818977594376 215.18965651467443 194.59511898551136 200.98213275894523 2.883371755480769 4.8316960185766211 49.644307549111545 244.4638108285144 87.643167899921536 7.1103012040257445 26.654745630919933 5.9400778077542773 62.552648024633527 14.232872635126112 13.363067245110868 5.7610658481717101 23.528527602553368
leaf_count=765 119 460 1169 1581 11821 1716 2019 389 173 12 3557 1654 2093 2619 13 28 338 1529 634 37 178 39 324 83 81 32 141
internal_value=-4.07771e-06 -0.00143929 0.00798168 -0.00335765 -0.00127233 -0.00463117 -0.00340207 -0.0173982 -0.00277589 0.010527 0.0108609 -0.0267546 -0.00687629 0.0256737 0.013369 -0.00322523 0.0297423 0.0164622 0.0240235 0.0103985 -0.00569493 0.0402164 -0.012578 0.0335955 -0.0236427 -0.0273971 -0.0210336
internal_weight=4857.13 4274.58 723.164 3551.41 3092.16 2421.75 440.03 459.253 179.199 582.553 670.412 280.054 407.568 283.134 537.821 84.5006 250.626 453.32 201.746 251.574 32.5074 32.4628 67.3843 17.1162 44.7315 42.6527 36.8916
internal_count=33604 29925 8574 21351 17554 13537 5320 3797 1754 3679 4017 2043 4112 3254 3413 448 2957 2965 1399 1566 297 1208 352 96 266 254 222
is_linear=0
shrinkage=0.05


Tree=97
num_leaves=26
num_cat=0
split_feature=4 6 3 0 3 0 2 7 6 11 0 8 10 9 10 3 10 3 2 11 1 1 9 4 3
split_gain=28.3087 30.8854 25.8197 37.7868 44.2571 21.2682 20.3316 16.799 14.1438 12.7565 11.0834 10.3052 10.2336 9.70046 9.66807 8.9538 7.5843 6.82451 6.79721 6.251 5.30083 5.03935 4.22705 1.5896 0.25432
threshold=3.4005813953488375 0.047386242129024599 0.95553359683794481 19.500000000000004 0.8239268680445152 20.500000000000004 5.3738775510204091 0.01590463542654778 0.11987055016181231 84.173533205924542 15.500000000000002 0.15006361323155218 0.0035634750945630418 0.01941930618401207 0.014311315924219152 0.90353598014888348 0.012066392458049724 0.57243878060969522 42.267857142857146 95.858061594202937 6.2590299277605785 15.486842105263159 0.17249008239243213 3.2809758771929829 0.76967285587975254
decision_type=2 2 2 2 2 2 2 2 2 2 2 2 2 2 2 2 2 2 2 2 2 2 2 2 2
left_child=9 7 3 8 -5 6 -4 13 -3 21 16 17 20 -2 -13 -15 19 -9 -14 -11 -12 -1 -7 -18 -23
right_child=1 2 5 4 -6 22 -8 11 -10 10 12 14 18 15 -16 -17 23 -19 -20 -21 -22 24 -24 -25 -26
leaf_value=-0.095617442817724232 0.076757651256556425 0.019303519053018532 -0.013953847596059513 0.0037364195080356287 -0.010354508329837859 -0.036546662222782203 0.0091729288949048311 0.012395303514873229 0.0047911031027061141 0.023701166310990063 -0.052784627594033309 -0.0069880393365167161 -0.016256622750134953 0.010233709903209248 -0.064311195814298935 -0.016342643715683343 0.018024232205117657 -0.024590619618221062 0.042003909784557897 -0.022273267634680197 0.026598831555382986 -0.0068610305267695461 0.0067991859307145013 0.059119262469522531 -0.026187330070377803
leaf_weight=2.954852997325359 4.4346565082669249 376.45202684216201 255.04576328769326 1917.4009167319164 785.53712965175509 75.464238692075014 151.47754613310099 13.184551421552895 303.04315852560103 9.4117397088557464 2.1253638286143532 272.49481982458383 25.466963076964024 98.558105135336518 7.5596885439008465 46.71391623467207 5.1196142658591253 230.79810422472656 6.2313248775899401 34.480953205376863 199.20011527091265 3.0740169025957584 6.0774448513984671 4.3547216765582561 3.814586378633976
leaf_count=24 38 2018 1340 16009 4647 490 725 144 1677 53 18 1846 159 588 49 252 27 1444 38 188 1720 22 46 23 19
internal_value=-3.80738e-06 -0.000980084 0.000739724 0.00229099 -0.000358734 -0.010011 -0.00533641 -0.01086 0.0128312 0.0149723 0.0168959 -0.0150799 0.0216031 0.00391152 -0.0085354 0.00168777 -0.00365786 -0.0225919 -0.00480363 -0.0124151 0.0257608 -0.0409938 -0.033316 0.0369129 -0.017563
internal_weight=4840.48 4544.24 3870.5 3382.43 2702.94 488.065 406.523 673.744 679.495 296.234 286.391 524.037 233.024 149.707 280.055 145.272 53.367 243.983 31.6983 43.8927 201.325 9.84346 81.5417 9.47434 6.8886
internal_count=33604 31313 26952 24351 20656 2601 2065 4361 3695 2291 2226 3483 1935 878 1895 840 291 1588 197 241 1738 65 536 50 41
is_linear=0
shrinkage=0.05


Tree=98
num_leaves=28
num_cat=0
split_feature=7 1 10 8 2 1 4 11 9 3 0 1 8 0 9 1 2 3 7 4 11 11 3 2 8 4 7
split_gain=28.1496 28.1918 27.5881 31.7789 35.1119 20.3892 11.0255 10.2261 8.21813 6.85378 9.9522 13.4929 7.74475 5.19765 6.10318 5.05766 6.0283 6.86553 4.09228 3.36079 2.78169 6.00156 2.88187 3.36529 2.21926 2.01202 1.02756
threshold=0.17445652173913045 24.516666666666669 0.013015245623941277 0.22589757608893751 20.005000000000003 8.0185185185185208 4.7226495726495736 105.64104151031897 0.18524993524993527 0.72016949152542387 60.500000000000007 31.062500000000004 0.087082912032355922 24.500000000000004 0.14199357148075101 7.6770833333333348 8.2161111111111129 0.92637759710930456 0.029895433014567884 4.1304992904141402 75.341842105263197 72.615760088535367 0.913664596273292 8.9836230788611768 0.13575409786940759 4.9622507122507136 0.2005434782608696
decision_type=2 2 2 2 2 2 2 2 2 2 2 2 2 2 2 2 2 2 2 2 2 2 2 2 2 2 2
left_child=1 2 3 4 -1 8 -5 -7 -4 10 11 -3 -12 14 -11 16 17 19 -15 -2 21 25 24 -24 -22 -17 -19
right_child=15 9 5 6 -6 7 -8 -9 -10 13 12 -13 -14 18 -16 20 -18 26 -20 -21 22 -23 23 -25 -26 -27 -28
leaf_value=0.0079538071719391975 -0.023379905685400777 0.085745632529358115 -0.0040860789864346483 -0.0068285121749471905 -0.0015810403446776542 -0.034070406646422156 -0.027794122747375166 0.02374176734070068 0.042917956624760265 0.004013277236460353 0.078393990601178326 -0.019947884910866368 -0.018178886112015461 -0.018549419040754293 -0.05307919197873371 -0.024159343035448751 0.035140092608362886 -0.040601105012378652 -0.044794870991312283 0.041341082431243466 -0.076193379868214187 0.041434318599896297 -0.049743565104604204 -0.0044904984845692787 -0.036125191628230378 -0.070378606950057251 -0.074093996398327963
leaf_weight=2103.9806269938126 4.1485836952924782 6.0755709409713727 80.766635857522488 403.46249697636813 1784.4114384921268 110.87787855416536 74.248389905318618 8.2159014642238599 10.509110381826757 19.842171244323257 2.1342327073216429 6.0032083764672279 76.148433504626155 22.526140734553337 6.1262579113245001 7.5042967237532121 5.2599112484604111 5.2660599201917631 43.599304430186749 3.8834392316639423 10.951213262975218 2.9749893173575392 12.228802997618915 6.186845749616622 5.049130341038107 3.4312984608113766 4.0521982237696648
leaf_count=13189 20 33 415 2403 14146 679 476 40 58 112 26 45 919 157 51 48 28 28 450 22 54 17 73 32 32 25 26
internal_value=-3.5515e-06 0.000462485 0.00123089 0.00208303 0.0035782 -0.0164548 -0.0100871 -0.0300821 0.00132577 -0.0188112 -0.00902797 0.0332155 -0.015546 -0.0284103 -0.00945551 -0.0312685 -0.0117498 -0.025965 -0.0358542 0.00791234 -0.0404005 -0.021532 -0.048027 -0.0345405 -0.0635493 -0.0386617 -0.055166
internal_weight=4829.86 4758.93 4576.47 4366.1 3888.39 210.37 477.711 119.094 91.2757 182.455 90.3614 12.0788 78.2827 92.0939 25.9684 70.9368 22.6102 17.3503 66.1254 8.03202 48.3266 13.9106 34.416 18.4156 16.0003 10.9356 9.31826
internal_count=33604 33199 31406 30214 27335 1192 2879 719 473 1793 1023 78 945 770 163 405 124 96 607 42 281 90 191 105 86 73 54
is_linear=0
shrinkage=0.05


Tree=99
num_leaves=29
num_cat=0
split_feature=9 10 4 0 3 3 1 2 1 2 0 8 10 11 0 9 0 0 0 3 3 3 1 3 4 1 11 3
split_gain=27.5388 28.4444 26.8231 28.9636 61.9219 50.6249 16.7997 14.3733 12.6513 10.7099 9.94783 13.132 9.74187 9.4669 8.77683 8.55852 9.97181 8.40985 8.84313 10.0709 9.99229 7.71114 7.14311 6.35505 5.42522 1.19872 0.583884 0.036579
threshold=0.15799875182026216 0.0041558542493339854 4.6007117437722433 68.500000000000014 0.73363914373088701 0.65863337204800632 9.0156250000000018 16.675488342785133 10.14835164835165 9.8496875000000017 17.500000000000004 0.21672494172494175 0.012066392458049724 68.200759441707746 16.500000000000004 0.27888888888888896 19.500000000000004 12.500000000000002 45.500000000000007 0.59666186916755659 0.73710792131844771 0.82116204690831573 6.8090909090909095 0.9417420814479639 4.4447831978319794 12.918333333333335 88.725182169493593 0.98888888888888904
decision_type=2 2 2 2 2 2 2 2 2 2 2 2 2 2 2 2 2 2 2 2 2 2 2 2 2 2 2 2
left_child=1 2 3 4 -1 -5 7 12 15 14 11 -4 -3 -11 -8 16 23 25 20 -20 -19 -18 -12 -2 -9 27 -27 -10
right_child=8 6 10 5 -6 -7 9 24 17 13 22 -13 -14 -15 -16 -17 21 18 19 -21 -22 -23 -24 -25 -26 26 -28 -29
leaf_value=0.026374131611642582 0.014811871872198526 0.01162700376686286 0.01120023277819665 0.0054199417852177564 0.0039014406973174719 -0.019947148274985286 -0.0041601062890253768 0.039988306685579372 -0.062987278541767375 0.019714762807038169 0.024873237240676135 -0.022773804765688861 -0.014381324595676821 -0.013999201600986744 -0.040597630113028679 -0.067905176649510096 0.0042487759077552215 0.025950045089081653 0.014999674237860625 -0.034491692707663106 -0.012039700536737558 -0.025053669957041048 -0.01896047783414917 -0.0046469702082611569 -0.0088090731973934824 -0.044951988510006397 -0.013867423152472736 -0.056618610791548445
leaf_weight=359.3283751802519 102.71000631153584 58.834327179007232 90.577907413244247 563.12154156342149 2086.1721798535436 302.2469758503139 22.204703025519848 29.604590593837202 3.0286804735660562 22.957864884287119 9.7413745066151005 41.46318780630827 92.786988379433751 223.84204770438373 64.62675410695374 4.7548644589260212 37.32244026940316 18.597409643232822 11.904060325585304 75.293439699336886 249.84807245619595 56.349511850625277 202.45294998120517 70.938943929970264 7.0529138371348372 3.3594472631812087 2.7451546490192413 8.8218086995184422
leaf_count=3222 556 322 439 6776 11533 2449 128 167 21 193 57 216 474 1593 376 34 232 117 137 646 1452 316 1611 363 36 27 17 94
internal_value=-4.20118e-06 0.0014813 0.00304043 0.00442155 0.00720345 -0.00344001 -0.00943782 0.0025036 -0.00961422 -0.0161767 -0.0102432 0.000531797 -0.00428919 -0.0108631 -0.0312798 -0.00141281 -0.000230102 -0.015587 -0.0139014 -0.0277352 -0.00940784 -0.0133785 -0.0169482 0.00686256 0.0305997 -0.0489738 -0.0309737 -0.0582463
internal_weight=4822.69 4177.01 3655.1 3310.87 2445.5 865.369 521.91 188.279 645.674 333.631 344.235 132.041 151.621 246.8 86.8315 272.076 267.321 373.598 355.643 87.1975 268.445 93.672 212.194 173.649 36.6575 17.9551 6.1046 11.8505
internal_count=33604 29592 26303 23980 14755 9225 3289 999 4012 2290 2323 655 796 1786 504 1501 1467 2511 2352 783 1569 548 1668 919 203 159 44 115
is_linear=0
shrinkage=0.05


Tree=100
num_leaves=29
num_cat=0
split_feature=7 2 3 0 3 0 3 3 7 6 1 8 9 1 0 3 3 5 0 3 1 2 3 4 0 9 9 4
split_gain=26.7393 23.4871 23.466 38.3483 34.3121 33.4388 27.872 24.8377 18.163 17.061 16.9981 16.1965 17.2342 13.2194 21.2567 12.3514 11.0326 8.10873 6.06682 10.1443 4.5505 5.486 6.3529 2.57078 3.75252 2.28086 1.96736 1.93546
threshold=0.063869780835066406 96.889444444444464 0.68196869355809764 42.500000000000007 0.87596153846153857 90.500000000000014 0.78611556982343511 0.53440555841482251 0.17445652173913045 0.041745880861850444 10.258333333333335 0.17463783184307205 0.15106040167865711 9.8385416666666696 21.500000000000004 0.85391260162601634 0.938137755102041 0.017291209886386289 199.50000000000003 0.63339264531435358 7.6770833333333348 8.2161111111111129 0.92637759710930456 3.6658914728682173 15.500000000000002 0.10310889175257733 0.098496155585707831 4.9340579710144938
decision_type=2 2 2 2 2 2 2 2 2 2 2 2 2 2 2 2 2 2 2 2 2 2 2 2 2 2 2 2
left_child=1 2 5 4 -4 9 -5 -7 10 -1 13 12 -12 16 -15 -13 -2 18 19 -3 21 22 -10 24 -22 -20 -19 -25
right_child=8 17 3 6 -6 7 -8 -9 20 -11 11 15 -14 14 -16 -17 -18 26 25 -21 23 -23 -24 27 -26 -27 -28 -29
leaf_value=-0.0051701218219632247 0.0051359445476298841 0.010101485578239927 0.011760342308020385 -0.0041077410577664486 -0.0015776865577023774 0.028242100044952902 -0.032054474286653291 -0.0036522423502561747 0.0073375827531688594 0.035299247089479006 -0.0011445132560600963 -0.010477516404650397 -0.022340869624214162 0.042528272549661704 -0.0073975923945408034 -0.033260230165341235 -0.011531766302566089 0.057516289650925229 -0.048613634552986174 -0.019116454715167496 -0.10049966761315857 0.033260309123633834 -0.053688880798631392 -0.029720698109884366 -0.034931092147371272 -0.023953335605438834 0.0032228533463868796 -0.068753828557002503
leaf_weight=30.661327680572867 304.23256597481668 40.482542144134641 929.0533139705658 368.73184011504054 1002.4288119971752 79.190358118154109 117.6932687163353 266.34272550791502 8.0095243602991157 172.9007782517001 663.35933945979923 165.60686598345637 112.10438110120595 49.420386426150799 37.495203291065991 92.840855741873384 147.37293077632785 4.6395168416202059 15.034944171085952 111.61025174893439 3.8138496764004213 5.2512690573930731 9.1208739802241308 35.446615159511566 5.1000955384224653 24.914225179702044 2.6055410522967577 3.4883635118603697
leaf_count=282 1763 356 5264 2336 5323 2088 956 2090 42 2119 4868 1242 864 296 252 628 773 30 219 1070 23 28 54 206 25 357 23 27
internal_value=-4.52688e-06 0.00268094 0.003797 0.00167799 0.00483798 0.013128 -0.0108696 0.0036574 -0.00518085 0.0292036 -0.00406971 -0.00782155 -0.00420875 0.00313347 0.0209904 -0.0186616 -0.000303248 -0.0139352 -0.0158941 -0.0113395 -0.0300587 -0.0114496 -0.0251552 -0.0387632 -0.0629847 -0.0332343 0.0379907 -0.0332179
internal_weight=4808.95 3166.29 2967 2417.91 1931.48 549.095 486.425 345.533 1642.66 203.562 1572.43 1033.91 775.464 538.521 86.9156 258.448 451.605 199.287 192.042 152.093 70.2306 22.3817 17.1304 47.8489 8.91395 39.9492 7.24506 38.935
internal_count=33604 22513 20458 13879 10587 6579 3292 4178 11091 2401 10686 7602 5732 3084 548 1870 2536 2055 2002 1426 405 124 96 281 48 576 53 233
is_linear=0
shrinkage=0.05


Tree=101
num_leaves=29
num_cat=0
split_feature=9 2 3 0 3 0 11 3 7 4 0 3 0 10 0 5 0 3 0 11 6 4 3 2 6 1 3 9
split_gain=25.6123 21.0123 23.8602 33.867 23.6591 22.5646 34.744 30.2966 14.3043 18.1647 18.8151 23.6983 14.6586 11.4831 10.4513 8.96163 6.33751 8.94569 6.12565 5.5925 5.40964 5.01971 7.7332 4.84206 4.03747 2.83462 2.61103 2.31351
threshold=0.12730095990965559 104.93554687500001 0.62235902395476883 173.50000000000003 0.49009890205646572 82.500000000000014 65.566296526054629 0.72240143369175636 0.11167800453514741 4.4618037135278525 31.500000000000004 0.60877587036739944 13.500000000000002 0.017266222796382794 20.500000000000004 0.017804311073541846 220.50000000000003 0.520369083249408 17.500000000000004 58.433576845298312 0.14989878542510124 3.5265507518796997 0.88029850746268667 1.0200000000000002 0.098099362444364263 11.660919540229886 0.94519519519519524 0.11048117692406528
decision_type=2 2 2 2 2 2 2 2 2 2 2 2 2 2 2 2 2 2 2 2 2 2 2 2 2 2 2 2
left_child=1 2 3 13 -5 7 -7 -4 9 10 12 -12 -2 -1 20 16 17 -3 21 -16 -11 -10 -23 26 -17 -25 -20 -18
right_child=8 15 5 4 -6 6 -8 -9 18 14 11 -13 -14 -15 19 24 27 -19 23 -21 -22 22 -24 25 -26 -27 -28 -29
leaf_value=0.03077726017123952 -0.015994669426487071 0.062206126060877415 0.018733759952350288 0.036760329016361649 -0.015559958757083487 0.025727511660126663 -0.021752981765631535 0.0014591049262279139 -0.06108130858525266 -0.0023824715547101981 0.012142259219207238 -0.013141274935397566 0.0064569807504836832 -0.12057412505669654 -0.0054177934103084016 0.070498353592018365 -0.04712515577208088 -0.014124936146937321 -0.016409186548111375 -0.040807775303803244 -0.030816278278521944 0.058932173104960128 -0.01000540188477962 -0.027916864278603893 0.00082091869148439754 -0.049905644820857437 0.038615248812257183 -0.019356963742547566
leaf_weight=189.72558151558042 82.548388715833426 3.9511920791119328 287.13234094716609 27.880467176437378 96.029227036982775 47.912474039942026 196.73530535213649 2187.3049358706921 4.022553786635398 75.780055604875088 114.52616473566741 485.83692599087954 609.39045452140272 1.2615549247711886 13.874477185308931 4.268491327762602 19.895207639783624 134.47427956573665 6.3960271291434747 57.123411552980542 21.46629074215889 4.5535252690315238 38.157013539224863 40.468462098389864 4.0532791595906019 22.978935107588768 3.2522043995559216 12.040473680943249
leaf_count=2945 464 63 2334 1006 841 384 1392 12139 24 407 1409 3514 3244 9 156 29 308 1304 45 543 117 22 230 234 29 199 24 189
internal_value=-4.44779e-06 0.00255907 0.00354039 0.0165699 -0.00378756 0.00203144 -0.0124543 0.00346365 -0.0052157 -0.00385317 -0.00184123 -0.00831815 0.0037785 0.0297775 -0.0193071 -0.0141034 -0.0165782 -0.0119462 -0.0218231 -0.0338918 -0.00865899 -0.0076847 -0.00265572 -0.0308623 0.0365606 -0.0358806 0.00213833 -0.0366559
internal_weight=4793.04 3212.66 3033.98 314.897 123.91 2719.09 244.648 2474.44 1580.37 1460.55 1292.3 600.363 691.939 190.987 168.244 178.683 170.361 138.425 119.829 70.9979 97.2463 46.7331 42.7105 73.0956 8.32177 63.4474 9.64823 31.9357
internal_count=33604 22972 21050 4801 1847 16249 1776 14473 10632 9854 8631 4923 3708 2954 1223 1922 1864 1367 778 699 524 276 252 502 58 433 69 497
is_linear=0
shrinkage=0.05


Tree=102
num_leaves=28
num_cat=0
split_feature=9 7 3 0 3 0 8 7 0 3 0 8 9 4 7 0 5 1 6 6 2 7 1 8 11 11 1
split_gain=24.5989 26.1622 21.0609 30.2559 42.2748 27.0206 19.6678 14.4056 16.6372 16.0012 15.7137 13.7414 11.4822 9.38725 10.3206 8.39102 7.95962 8.34841 6.04933 5.85545 4.91226 4.63219 4.04821 6.52841 3.05663 5.36417 3.65892
threshold=0.055646630236794177 0.075030266343825688 0.88989898989898997 31.500000000000004 0.75937646507266776 22.500000000000004 0.27823315118397091 0.17445652173913045 23.500000000000004 0.83438818565400863 11.500000000000002 0.095119047619047631 0.094913609904832316 4.584105634380383 1.0000000180025095e-35 31.500000000000004 0.038711288711288719 10.604347826086958 0.15821566110397947 0.14989878542510124 10.883494031221305 0.071052120606917998 7.506756756756757 0.30839160839160845 74.806343373494002 71.653577182144318 11.339080459770118
decision_type=2 2 2 2 2 2 2 2 2 2 2 2 2 2 2 2 2 2 2 2 2 2 2 2 2 2 2
left_child=6 2 3 11 -5 12 13 8 10 -10 -3 -2 -4 16 20 -7 17 -1 -18 -16 -15 22 -8 -24 25 -9 -26
right_child=1 7 5 4 -6 15 21 24 9 -11 -12 -13 -14 14 19 -17 18 -19 -20 -21 -22 -23 23 -25 26 -27 -28
leaf_value=0.024470988751634202 -0.0060682913104484057 -0.027407904794464102 -0.013479125666156109 0.0048048251532559344 -0.01269631893436024 -0.017479152581806698 0.021455576913053477 -0.030849358254987715 -0.0074439876809567684 -0.026667225598506324 0.0044617695477922872 0.014882632701028034 0.0025426078299703981 0.046042509848363965 -0.031904594325384839 -0.044300046668026123 0.0020309577680471904 0.010401420721371332 -0.060864942352515931 -0.00089962159897773652 -0.018757297113911747 -0.063671927815934989 0.0024271196508379744 -0.04299611992721511 -0.030927918724152948 0.037504699085409224 -0.064632912354611091
leaf_weight=189.70889945328236 90.04857193864882 43.415527194738388 144.33078944683075 1177.8349206736311 488.02579296566546 151.29211231693625 6.0648799836635581 11.984909307211636 425.33907318953425 145.21070648729801 354.45403611473739 598.05784822814167 496.55605110153556 13.279135009273888 23.532312214374542 36.12431569583714 12.403460639528932 237.34165322128683 5.5262960940599433 43.150786807760596 3.7507292069494715 5.8832614868879309 14.084865767508743 18.044118484482169 28.292035613209009 3.774037353694438 11.255320928990839
leaf_count=1347 527 305 708 11432 3279 912 36 84 3311 1045 1858 3366 2528 72 131 327 77 1509 32 221 24 34 85 111 155 22 66
internal_value=-4.75948e-06 -0.00132857 0.000908069 0.00332094 -0.00032226 -0.00594912 0.00971631 -0.00828121 -0.00686378 -0.0123365 0.000984151 0.0121409 -0.00106556 0.0123916 -0.00296916 -0.0226489 0.0152813 0.0166516 -0.0173548 -0.0118412 0.0317707 -0.0223725 -0.0160108 -0.0230833 -0.0331004 -0.0144796 -0.0405205
internal_weight=4778.77 4206 3182.27 2353.97 1665.86 828.303 572.77 1023.73 968.419 570.55 397.87 688.106 640.887 528.693 83.713 187.416 444.98 427.051 17.9298 66.6831 17.0299 44.0771 38.1939 32.129 55.3063 15.7589 39.5474
internal_count=33604 29925 23079 18604 14711 4475 3679 6846 6519 4356 2163 3893 3236 3413 448 1239 2965 2856 109 352 96 266 232 196 327 106 221
is_linear=0
shrinkage=0.05


Tree=103
num_leaves=22
num_cat=0
split_feature=3 0 3 6 0 8 11 9 0 0 0 0 3 3 0 10 6 0 2 3 1
split_gain=24.3558 24.9079 58.7879 25.1743 24.2603 22.4163 14.7455 9.90583 11.1734 7.54226 8.14546 7.39687 5.83664 5.09984 6.20719 5.06399 3.0059 1.38652 0.00523402 0.00424126 0.000548116
threshold=0.46035674996071041 179.50000000000003 0.56823187825390475 0.047386242129024599 32.500000000000007 0.21313632441760141 72.615760088535367 0.091024165707710034 355.50000000000006 171.50000000000003 22.500000000000004 295.50000000000006 0.54620467638088799 0.50062972292191443 251.50000000000003 0.00066028572126133108 0.10420688545688547 38.500000000000007 67.737947530864218 0.44916643512086701 16.207142857142859
decision_type=2 2 2 2 2 2 2 2 2 2 2 2 2 2 2 2 2 2 2 2 2
left_child=11 2 9 4 -4 -5 7 16 -9 10 -2 17 -11 14 -8 -15 -3 -1 20 -20 -19
right_child=1 6 3 5 -6 -7 13 8 -10 12 -12 -13 -14 15 -16 -17 -18 18 19 -21 -22
leaf_value=-0.01994876444673279 -0.10638151675053045 -0.045631261766631424 -0.0020708442631387179 0.0029263989101572085 -0.021407698230846081 -0.0077177269587908881 0.031421038273609161 0.0010065839324215045 0.096204946674304528 0.028674728513726256 0.044120186944876502 -0.011325616310429228 -0.056709001257971792 -0.043253688992583569 -0.03264263209251192 -0.020156616784026304 0.0036388642324894217 0.051032571805665665 0.052224691515273737 0.056005137055153975 0.051589092162735134
leaf_weight=0.69571508094668644 0.9080699123442163 14.968651711940767 447.5565972328186 3131.0359753407538 254.4090501498431 587.43629643507302 7.1447430718690148 75.516482152044773 3.2134022340178481 4.7320635281503183 90.275051621720195 5.8620946519076815 3.4685598984360695 56.999289540573955 8.0311901289969665 40.659261632710695 3.902733363211154 20.373169002123184 3.7987970095127812 0.92196645401418198 5.6517216144129625
leaf_count=28 19 183 2475 20065 1848 3517 206 902 21 62 1696 39 25 515 81 375 37 1156 115 16 223
internal_value=-5.05698e-06 -0.000322419 0.00046046 -0.000394564 -0.00907898 0.00124486 -0.0171374 -0.0029065 0.00489216 0.0384906 0.0426214 0.040238 -0.00743943 -0.0294471 -0.00248182 -0.0336374 -0.0354419 0.0498518 0.0514313 0.052963 0.0511534
internal_weight=4767.56 4730.26 4519.82 4420.44 701.966 3718.47 210.436 97.6013 78.7299 99.3837 91.1831 37.3035 8.20062 112.834 15.1759 97.6586 18.8714 31.4414 30.7457 4.72076 26.0249
internal_count=33604 32027 29707 27905 4323 23582 2320 1143 923 1802 1715 1577 87 1177 287 890 220 1538 1510 131 1379
is_linear=0
shrinkage=0.05


Tree=104
num_leaves=27
num_cat=0
split_feature=4 1 10 9 4 0 6 8 11 0 10 1 4 2 10 4 6 2 0 11 7 1 1 11 8 9
split_gain=23.9684 26.3512 35.6643 24.8222 22.6798 21.4755 14.5461 13.4447 11.5221 9.73279 8.83585 7.88874 9.82144 7.78337 6.87909 6.78666 8.80256 6.20608 6.1497 5.70509 5.69636 4.8635 4.35308 2.41122 1.53986 0.382594
threshold=3.4005813953488375 6.8090909090909095 0.012517409470752092 0.15799875182026216 4.6007117437722433 11.500000000000002 0.21913109756097562 0.04819976771196284 84.173533205924542 15.500000000000002 0.0035634750945630418 10.672619047619049 4.3439680232558144 55.047777777777782 0.012066392458049724 4.0968367091772953 0.070986829547623601 42.267857142857146 13.500000000000002 95.858061594202937 0.083176100628930827 6.2590299277605785 15.486842105263159 83.184701704545489 0.15749473623489374 0.1248529411764706
decision_type=2 2 2 2 2 2 2 2 2 2 2 2 2 2 2 2 2 2 2 2 2 2 2 2 2 2
left_child=8 5 3 4 -3 15 7 -7 22 14 21 12 -4 -5 19 16 -2 -12 -13 -10 -17 -11 -1 -8 -16 -24
right_child=1 2 11 13 -6 6 23 -9 9 10 17 18 -14 -15 24 20 -18 -19 -20 -21 -22 -23 25 -25 -26 -27
leaf_value=-0.089394161402471556 0.03142862571236122 0.0016498715459505775 -0.008518611918889623 -0.0096948888999688135 -0.012521239460936374 -0.069848718303363866 0.040329599913672833 0.016656852494231541 0.022888749772206302 -0.050387320941823646 -0.015091049026869375 0.0013310074775487405 -0.046227014096519477 -0.032401744540395926 0.017802513003063306 0.0123739181045796 -0.059613641032629984 0.040906090671535333 -0.048113800904815748 -0.021289472813207422 -0.022225011707867011 0.025123151830076081 -0.029147735944019676 0.068215310978341048 0.058817295281551531 -0.0053525923817781089
leaf_weight=3.0141542907804233 3.3481743335723904 3206.2963520130143 73.434784986078739 449.72037114854902 309.60220814403147 4.5894897999241939 23.348070297390223 210.61143282242119 9.2904245555400831 2.1562645230442277 25.464037126861516 7.2825430855154982 22.576682560145855 41.196366695687175 5.323515769094227 26.237106129527092 12.823977030813692 6.1412728186696759 46.07515324652195 34.24355486780405 21.764781698584557 192.89974583312869 3.347018338739872 11.605130437761543 4.0139271765947342 3.410701047629118
leaf_count=24 20 23292 370 2732 2214 25 121 1193 53 18 159 58 138 411 31 144 69 38 333 188 128 1720 21 65 19 20
internal_value=-4.53164e-06 -0.000907127 -0.00196282 -0.00106854 0.000401995 0.0130516 0.0196712 0.014812 0.0139429 0.0158086 0.0203146 -0.0259516 -0.0173856 -0.0116004 -0.0035089 -0.0127516 -0.0407649 -0.00421017 -0.0413653 -0.0118616 -0.00331376 0.0242884 -0.0394256 0.0495882 0.0354337 -0.017138
internal_weight=4759.82 4470.51 4156.18 4006.82 3515.9 314.328 250.154 215.201 289.305 279.533 226.661 149.369 96.0115 490.917 52.8714 64.174 16.1722 31.6053 53.3577 43.534 48.0019 195.056 9.77187 34.9532 9.33744 6.75772
internal_count=33604 31313 29548 28649 25506 1765 1404 1218 2291 2226 1935 899 508 3143 291 361 89 197 391 241 272 1738 65 186 50 41
is_linear=0
shrinkage=0.05


Tree=105
num_leaves=28
num_cat=0
split_feature=1 3 0 0 3 0 0 1 1 1 8 6 0 6 3 0 9 2 7 11 1 9 8 8 6 8 0
split_gain=23.272 24.482 63.2341 38.015 50.6425 49.4643 19.2181 18.6378 53.0271 24.4289 18.4785 12.0704 11.4149 11.0921 10.9948 7.65791 6.29603 5.81866 4.50306 4.36655 3.9831 4.40256 3.86728 2.96618 3.09579 1.49584 0.920117
threshold=24.516666666666669 0.88284313725490204 24.500000000000004 31.500000000000004 0.75773524720893148 70.500000000000014 40.500000000000007 10.327956989247314 9.4316770186335415 16.911067193675894 0.095119047619047631 0.15424266455194294 11.500000000000002 0.17425810904071776 0.93683510638297884 29.500000000000004 0.088922972051806423 69.768888888888895 0.10021834061135372 1.0000000180025095e-35 43.20000000000001 0.076800196608503332 0.22732545876397386 0.2466642946095001 0.023346656976744189 0.18740079365079368 32.500000000000007
decision_type=2 2 2 2 2 2 2 2 2 2 2 2 2 2 2 2 2 2 2 2 2 2 2 2 2 2 2
left_child=1 3 7 10 5 -5 -6 8 -3 -9 11 -1 -12 15 -15 -4 19 23 22 26 21 -21 -19 24 -18 -22 -2
right_child=16 2 13 4 6 -7 -8 9 -10 -11 12 -13 -14 14 -16 -17 17 18 -20 20 25 -23 -24 -25 -26 -27 -28
leaf_value=-0.011110599492897111 0.0640472205361413 -0.0032489935726889747 -0.02339953929302421 0.016557401941708814 -0.0026963108663527525 -0.0027234458566838798 -0.019777090616771062 -0.014281124808528301 0.026331648418208016 0.0096523258127962416 -0.046517467665937957 0.028184080599154001 0.014707870869609053 0.029006451408197471 -0.066032749250739722 -0.042323875314852974 0.0022122349104595545 -0.018358282888293529 0.071138919300106657 -0.015809691099806549 -0.021595285868240648 0.013618516429127656 0.042753249279504704 0.0040946017773030429 -0.041403125341701159 -0.082360566363009979 0.019550555791509282
leaf_weight=125.23255768045783 2.2797220796346656 550.25766771286726 128.79693844914436 544.97342303115875 302.92178933694959 853.77885284461081 360.8439800273627 370.34537836909294 209.06616764888167 149.72253230214119 7.6826965808868399 23.156820971518755 837.79890657402575 14.562841936945917 3.8470384441316119 91.38873684220016 4.402044713497161 45.983270736411214 1.5690705738961686 35.99061931297183 1.774000116623937 19.647017262876034 2.7432482540607444 4.4871517494320861 53.693003922700882 2.3602344617247581 2.3691633120179176
leaf_count=708 16 2724 768 4208 1615 9091 2804 2051 1179 737 36 148 4863 82 28 764 33 669 26 260 24 181 35 35 466 24 29
internal_value=-4.38729e-06 0.000684504 -0.00450586 0.00326235 -0.000608524 0.00478864 -0.011982 -9.88788e-05 0.0048955 -0.00739092 0.0112953 -0.00497849 0.0141515 -0.0281369 0.00914649 -0.0312541 -0.0177781 -0.0248961 -0.0122331 -0.00530589 -0.00893627 -0.00541787 -0.0149178 -0.035073 -0.0380983 -0.0562862 0.0413708
internal_weight=4751.67 4574.38 1517.99 3056.39 2062.52 1398.75 663.766 1279.39 759.324 520.068 993.871 148.389 845.482 238.596 18.4099 220.186 177.299 112.878 50.2956 64.4208 59.7719 55.6376 48.7265 62.5822 58.095 4.13423 4.64889
internal_count=33604 31806 8333 23473 17718 13299 4419 6691 3903 2788 5755 856 4899 1642 110 1532 1798 1264 730 534 489 441 704 534 499 48 45
is_linear=0
shrinkage=0.05


Tree=106
num_leaves=22
num_cat=0
split_feature=3 0 3 9 8 0 11 2 3 0 0 0 3 3 2 10 0 1 2 3 1
split_gain=22.9814 22.2395 54.4278 23.2691 19.9609 17.9967 13.8797 9.52987 9.20371 7.14518 6.95308 7.22292 5.39806 4.69943 5.9491 4.79933 1.33068 0.0111318 0.00460751 0.00363544 0.000474301
threshold=0.46035674996071041 179.50000000000003 0.56823187825390475 0.12730095990965559 0.30094339622641514 45.500000000000007 72.615760088535367 254.07636485966938 0.64938796835348567 295.50000000000006 171.50000000000003 22.500000000000004 0.54620467638088799 0.50062972292191443 94.998046875000014 0.00066028572126133108 38.500000000000007 22.026315789473689 67.737947530864218 0.44916643512086701 16.207142857142859
decision_type=2 2 2 2 2 2 2 2 2 2 2 2 2 2 2 2 2 2 2 2 2
left_child=9 2 10 4 -4 -5 7 8 -3 16 11 -2 -12 14 -8 -15 -1 -9 20 -20 -18
right_child=1 6 3 5 -6 -7 13 17 -10 -11 12 -13 -14 15 -16 -17 18 -19 19 -21 -22
leaf_value=-0.01749740215402568 -0.093526898443287626 0.0069312235667792835 0.002792744651757825 -0.0025015197738832828 -0.026346345491241503 -0.01566170420146135 0.011241583876780497 -0.047745738720730097 -0.055467227404501822 -0.010638414095421872 0.027811071660908709 0.043049144707774781 -0.055093490088050562 -0.041956015488708774 -0.075895286759144531 -0.019277755229314714 0.050982407647962739 -0.053344807783263962 0.052136462971549197 0.055716609199984481 0.051512695678553634
leaf_weight=0.71872753649950283 0.97885460127144952 81.811478888615966 2862.8554907888174 1134.4743207097054 60.003379356116056 336.93622133508325 12.606041246093808 1.0050525963306407 6.3696690984070292 5.8610146529972544 4.683196525089441 87.809372293762863 3.3809284754097462 55.714654639363289 2.3191458880901328 40.134850066155195 19.384098493494101 7.6037106700241566 3.6481919800862661 0.88015091605484475 5.38895041309297
leaf_count=28 19 892 18183 6503 333 2886 265 17 83 39 62 1696 25 515 22 375 1156 151 115 16 223
internal_value=-4.91627e-06 -0.000309329 0.000430181 -0.000386993 0.00219455 -0.00551505 -0.0163103 -0.00247815 0.00242394 0.0398583 0.037506 0.0415434 -0.00694712 -0.0283962 -0.00229815 -0.03246 0.0497171 -0.0526911 0.0513658 0.0528323 0.0510978
internal_weight=4734.57 4698.69 4491.12 4394.27 2922.86 1471.41 207.565 96.7899 88.1811 35.8811 96.8524 88.7882 8.06413 110.775 14.9252 95.8495 30.0201 8.60876 29.3014 4.52834 24.773
internal_count=33604 32027 29707 27905 18516 9389 2320 1143 975 1577 1802 1715 87 1177 287 890 1538 168 1510 131 1379
is_linear=0
shrinkage=0.05


Tree=107
num_leaves=31
num_cat=0
split_feature=7 4 1 10 9 1 1 1 7 8 0 0 3 7 9 8 8 9 11 1 10 7 4 1 4 2 6 4 11 0
split_gain=22.1426 20.7429 21.5264 30.4925 21.0024 17.0402 18.2765 12.0137 11.6925 11.0186 10.7416 13.4187 10.6127 10.0847 11.1042 12.215 9.88617 9.61932 12.2238 8.89385 8.60282 8.32216 7.3857 6.56415 4.60793 2.9056 2.24842 1.3806 3.05239 0.813937
threshold=0.075030266343825688 3.4483647351581945 6.8090909090909095 0.0082816089983196745 0.16700680272108845 10.258333333333335 9.8385416666666696 9.0156250000000018 0.048138245197068733 0.23821860350357763 15.500000000000002 21.500000000000004 0.6567895815042436 0.14359351988217969 0.064577456151110033 0.17463783184307205 0.2422647527910686 0.11532470644620178 95.959355633802843 8.2638888888888911 0.035252692626346317 0.041615729421352894 4.614133648728564 17.433035714285719 3.8948474126492707 42.115911989795926 0.068642083699151327 3.1885775862068972 97.345562500000028 12.500000000000002
decision_type=2 2 2 2 2 2 2 2 2 2 2 2 2 2 2 2 2 2 2 2 2 2 2 2 2 2 2 2 2 2
left_child=1 12 8 4 -4 6 9 -5 21 20 29 -12 27 14 16 -16 -7 19 -19 -14 -2 -3 -10 25 -25 -15 -11 28 -1 -8
right_child=5 2 3 7 -6 13 10 -9 22 26 11 -13 17 23 15 -17 -18 18 -20 -21 -22 -23 -24 24 -26 -27 -28 -29 -30 -31
leaf_value=-0.06404985832214892 0.00037375147045424297 0.010508734643576635 0.0024719106691559623 -0.0026259900559403165 -0.012666577780250016 0.010440067945851806 -0.059458372978265867 -0.028087978804830563 0.040036296989521492 -0.01016132430598933 0.045293022933806215 -0.0024245595297495218 -0.011468926773772939 -0.043135408513541397 -0.0079060834950852171 -0.026274762068127788 -0.047403729508517622 -0.016412104526424897 0.01381975456763164 0.027738690800434174 -0.054048107346559439 -0.041548078216752708 0.0039074951157047353 0.030703651693839547 -0.023009740544001643 -0.0009510522171859375 -0.047777391322135175 0.05241586864641859 0.052250647913175831 -0.022066834821161039
leaf_weight=0.84971721470356287 361.21773612033576 105.16709512658417 2596.6529332781211 72.115203805267811 251.28174962848425 97.382741208188236 2.9048880301415911 129.55042502563447 61.29437648691237 5.3457140102982548 46.121461741626263 21.648530243895948 16.758054979145527 42.892566056922078 444.78565959166735 113.62757154088467 7.9930692911148062 50.935299225151539 97.324460308998823 105.65988353081048 7.4106056541204444 8.2821373753249627 18.389730755239725 6.3711472414433983 10.696191594004629 4.511336598545312 15.465397648513315 19.685197516344488 1.6789105394855139 2.9167626798152924
leaf_count=24 2041 625 19378 378 1527 574 26 829 346 30 282 152 122 273 3336 875 46 276 620 784 39 49 88 33 72 32 86 586 60 15
internal_value=-4.48319e-06 0.00198194 0.000830952 -0.000194245 0.0011362 -0.00589997 0.00159961 -0.0189828 0.0170189 -0.00271862 0.0244513 0.0300501 0.014725 -0.0106682 -0.00883454 -0.0116438 0.00605244 0.0119985 0.00343347 0.0223715 -0.000720302 0.00670843 0.0316984 -0.0295477 -0.00295882 -0.0391208 -0.038115 0.0479484 0.0131692 -0.0407245
internal_weight=4726.92 3535.63 3242.73 3049.6 2847.93 1191.29 463.031 201.666 193.133 389.439 73.5916 67.77 292.892 728.26 663.789 558.413 105.376 270.678 148.26 122.418 368.628 113.449 79.6841 64.4712 17.0673 47.4039 20.8111 22.2138 2.52863 5.82165
internal_count=33604 25692 23220 22112 20905 7912 2671 1207 1108 2196 475 434 2472 5241 4831 4211 620 1802 896 906 2080 674 434 410 105 305 116 670 84 41
is_linear=0
shrinkage=0.05


Tree=108
num_leaves=22
num_cat=0
split_feature=3 1 7 8 6 0 0 9 11 1 4 1 1 2 7 8 1 0 2 3 1
split_gain=21.4756 21.8876 21.9635 22.0206 27.564 12.2356 6.94874 6.05402 5.8194 5.70091 5.60626 4.03029 5.16017 2.86103 3.14304 2.35447 2.25001 1.30747 0.00395336 0.00310846 0.000408139
threshold=0.46035674996071041 24.516666666666669 0.17445652173913045 0.22589757608893751 0.14322344322344324 35.500000000000007 295.50000000000006 0.11544808326986546 44.010675675675706 27.679487179487186 4.4764129951045843 7.6770833333333348 7.0344827586206904 142.48663194444447 0.03128262004175366 0.2466642946095001 8.6201923076923084 38.500000000000007 67.737947530864218 0.44916643512086701 16.207142857142859
decision_type=2 2 2 2 2 2 2 2 2 2 2 2 2 2 2 2 2 2 2 2 2
left_child=6 2 3 4 -2 -5 17 8 10 -10 -3 12 -4 15 -15 -9 -13 -1 20 -20 -19
right_child=1 7 11 5 -6 -7 -8 13 9 -11 -12 16 -14 14 -16 -17 -18 18 19 -21 -22
leaf_value=-0.016593872557621053 0.00032690990488821439 0.049947422648285451 -0.021787721102995303 -0.0054519505798817812 0.012185773296599693 -0.025895616560664015 -0.010220856107535255 -0.039966560417643009 -0.003455605236296812 -0.027764166703543081 -0.011628508462443857 -0.061422311537590382 0.041053498451910905 0.038709784593128932 -0.022160855657620181 0.0058653962267405553 -0.031467437671010061 0.050931386262269056 0.052029287745886214 0.055423453126059209 0.051436399142928559
leaf_weight=0.72774547990411775 3377.6843877267092 7.1794310286641103 17.811200588941578 405.08033320214599 573.14738821517676 89.329175558872521 5.858995806425809 42.112645694985986 48.968181593343616 47.530650774016976 7.6196849308907986 7.5015280395746222 4.0004619956016532 2.5701733212918034 12.125848857685922 3.0019352212548247 38.1501644551754 18.367526503279812 3.4662199327722183 0.83755211252719153 5.1148827159777275
leaf_count=28 23524 57 104 2255 3423 706 39 427 427 454 91 35 19 32 211 24 238 1156 115 16 223
internal_value=-3.93475e-06 -0.000292912 0.000372648 0.000802371 0.00204728 -0.00914568 0.0393734 -0.0178459 -0.0109515 -0.0154288 0.0182436 -0.0279423 -0.0102621 -0.0306755 -0.0115152 -0.0369169 -0.0363897 0.049564 0.0512967 0.0526898 0.0510414
internal_weight=4718.19 4683.81 4512.7 4445.24 3950.83 494.41 34.3729 171.109 111.298 96.4988 14.7991 67.4634 21.8117 59.8106 14.696 45.1146 45.6517 28.5139 27.7862 4.30377 23.4824
internal_count=33604 32027 30304 29908 26947 2961 1577 1723 1029 881 148 396 123 694 243 451 273 1538 1510 131 1379
is_linear=0
shrinkage=0.05


Tree=109
num_leaves=31
num_cat=0
split_feature=10 9 4 0 0 1 10 3 11 7 0 6 2 11 8 2 0 2 3 0 8 5 11 1 2 11 1 0 4 8
split_gain=20.5027 22.3108 23.7449 26.8983 31.7867 21.7822 13.238 10.8423 13.2035 10.4049 10.3773 10.0403 15.0887 9.88721 9.82131 8.24385 7.45653 8.38551 7.28228 7.02806 6.98731 6.97944 6.96309 6.91592 5.79537 5.77885 5.64722 3.83129 3.05882 2.85055
threshold=0.0041558542493339854 0.16700680272108845 4.7226495726495736 10.500000000000002 24.500000000000004 9.0156250000000018 0.027100470035252646 0.69775807261167822 74.388418803418844 0.13367697594501721 17.500000000000004 0.11987055016181231 16.005000000000003 74.618727688664549 0.18171626579698333 16.675488342785133 17.500000000000004 9.8496875000000017 0.60496913580246925 20.500000000000004 0.066869918699187 0.0090293913823325609 84.173533205924542 12.918333333333335 12.247448979591839 63.866220338983076 5.6904761904761916 19.500000000000004 3.5815140009492175 0.13628813047417701
decision_type=2 2 2 2 2 2 2 2 2 2 2 2 2 2 2 2 2 2 2 2 2 2 2 2 2 2 2 2 2 2
left_child=1 2 3 20 -5 6 9 8 14 15 13 12 21 -4 -7 -2 23 -18 -14 28 -1 -3 -10 -9 26 -12 -13 -26 -8 -11
right_child=5 11 10 4 -6 7 19 16 22 29 25 24 18 -15 -16 -17 17 -19 -20 -21 -22 -23 -24 -25 27 -27 -28 -29 -30 -31
leaf_value=0.024060015577455685 0.0065670510944255871 0.0010488675939820545 0.0053746788829238841 0.010634434633193844 0.00050433556008695551 0.060944235701181917 0.019628435050747156 -0.017671008924021698 -0.031471368217583555 -0.064849448392009831 -0.016352841710327297 0.010092496704109229 0.033478308537678865 -0.036154090154188162 -0.036171783504426763 0.033335706672025116 -0.038669336153081851 -0.018097987098627717 -0.025402577159986076 -0.065334828048346338 -0.04452870844642319 -0.067623825269333457 0.0059154660071641559 0.020986080345741287 0.042024907698742793 -0.040693178705083696 -0.050316466915904669 -0.023567034360145844 -0.018961135438547144 -0.0085640543510945716
leaf_weight=4.1445577740669242 138.95589296706021 228.47923452407122 87.781570697203279 1172.0960492175072 2282.2130624861456 12.955948714166881 6.239312630146741 28.480027228593826 22.11202023178339 5.5567964613437635 94.251132862642407 4.4507335051894179 5.5262477332726112 17.128982923924923 3.257964063435792 36.269039685837924 66.898824986070395 190.90093727037311 105.50775708071887 7.5337613141164175 35.674108393490314 3.7608221247792235 28.512792259454727 19.486195102334023 3.6493120715022069 32.896495637483895 29.58702015504241 5.7093529663980007 29.017517257481813 3.7793946415185928
leaf_count=23 740 1357 448 6538 18993 95 34 149 187 30 801 20 68 91 23 202 397 1311 739 45 219 23 320 110 19 238 173 41 149 21
internal_value=-3.86868e-06 0.0012557 0.002442 0.00347062 0.00394162 -0.00863857 0.00355796 -0.0160805 0.00216214 0.00936742 -0.013046 -0.0101762 -0.00731146 -0.00140582 0.0414301 0.0121078 -0.0200682 -0.0234362 -0.022472 -0.021499 -0.0373896 -6.31963e-05 -0.0104144 -0.00196663 -0.0328365 -0.0226503 -0.0424175 0.00200985 -0.012132 -0.0420645
internal_weight=4712.81 4112.86 3726.19 3494.13 3454.31 599.956 227.352 372.605 66.8387 184.561 232.058 386.67 343.274 104.911 16.2139 175.225 305.766 257.8 111.034 42.7906 39.8187 232.24 50.6248 47.9662 43.3964 127.148 34.0378 9.35867 35.2568 9.33619
internal_count=33604 29791 27351 25773 25531 3813 1221 2592 625 993 1578 2440 2187 539 118 942 1967 1708 807 228 242 1380 507 259 253 1039 193 60 183 51
is_linear=0
shrinkage=0.05


Tree=110
num_leaves=22
num_cat=0
split_feature=3 0 3 0 3 11 11 6 1 0 8 4 0 2 6 0 3 0 2 3 1
split_gain=20.1957 20.3942 51.0154 24.1163 59.6466 46.9806 11.7864 9.1413 14.3097 6.84534 8.81852 6.91915 6.74708 5.90954 6.82305 5.21715 3.42702 1.27884 0.0034052 0.00267344 0.000351617
threshold=0.46035674996071041 199.50000000000003 0.56823187825390475 82.500000000000014 0.68691260430390877 66.447995179325659 76.600725517283763 0.060030030030030039 21.207142857142859 156.50000000000003 0.16869317761844929 4.8826179120296773 295.50000000000006 29.90152777777778 0.062101652255104951 355.50000000000006 0.50062972292191443 38.500000000000007 67.737947530864218 0.44916643512086701 16.207142857142859
decision_type=2 2 2 2 2 2 2 2 2 2 2 2 2 2 2 2 2 2 2 2 2
left_child=12 2 9 4 -4 -5 7 8 -3 11 -11 -2 17 14 -8 -9 -15 -1 20 -20 -19
right_child=1 6 3 5 -6 -7 13 15 -10 10 -12 -13 -14 16 -16 -17 -18 18 19 -21 -22
leaf_value=-0.015412565712953019 0.044370531913825055 0.049579757778151538 0.024364192407352565 0.019441009057720358 -0.00076576874085918379 -0.01795830395069619 0.070151478554270813 -0.019085371964377252 -0.023363324631257301 0.031467314246884641 -0.02429054329429017 -0.092608051704762634 -0.0097372310244651632 -0.012351370012229594 -0.029054469372716704 0.047755404049678103 -0.048032489365561787 0.050886163734981255 0.051929762991021394 0.055150625742236739 0.051366403415897856
leaf_weight=0.73991075344383972 73.40725964307785 15.141917910426857 252.59725419618189 104.80196088179946 3620.9196856841445 422.47332050837576 2.6307641025632611 74.675546199083328 12.093609200790523 25.385150689631701 9.8400445822626335 0.93363343551754852 5.8577034268528214 8.0287876427173597 5.0798196569085121 3.0381496697664252 41.581957656890154 17.479299488943077 3.3065250432118765 0.80018077697604884 4.8743775282055131
leaf_count=28 1543 136 2529 972 21265 3428 17 897 162 355 87 7 39 121 77 22 409 1156 115 16 223
internal_value=-4.60421e-06 -0.00028012 0.000346432 -0.000492618 0.00087299 -0.0105248 -0.0176953 -0.00773647 0.0171903 0.0340474 0.0158915 0.0426502 0.0389385 -0.0359289 0.00479348 -0.0164723 -0.042258 0.0494211 0.051234 0.0525573 0.0509909
internal_weight=4705.69 4672.63 4510.36 4400.79 3873.52 527.275 162.271 104.949 27.2355 109.566 35.2252 74.3409 33.058 57.3213 7.71058 77.7137 49.6107 27.2003 26.4604 4.10671 22.3537
internal_count=33604 32027 30186 28194 23794 4400 1841 1217 298 1992 442 1550 1577 624 94 919 530 1538 1510 131 1379
is_linear=0
shrinkage=0.05


Tree=111
num_leaves=31
num_cat=0
split_feature=6 3 0 3 0 6 0 0 3 2 6 3 5 8 1 2 0 3 7 8 11 8 4 9 11 6 4 11 11 3
split_gain=20.3807 22.1831 26.6919 57.6974 29.9205 20.354 17.0367 16.5058 17.2814 14.6767 14.6349 12.4251 10.8171 12.0804 10.2864 10.2742 10.0188 12.2435 8.32462 10.4126 6.76622 6.70932 6.09391 4.26301 3.47649 4.28207 3.36271 2.99053 2.55851 1.61542
threshold=0.047386242129024599 0.95553359683794481 24.500000000000004 0.8239268680445152 57.500000000000007 0.17124060150375944 20.500000000000004 31.500000000000004 0.85053191489361712 5.3738775510204091 0.099714868278892962 0.76370794559770949 0.044949494949494954 0.04819976771196284 5.0769230769230775 46.711383219954662 45.500000000000007 0.65863337204800632 0.1178513071895425 1.0000000180025095e-35 108.66551470588239 0.13037696577243296 4.3502577319587639 0.17249008239243213 99.249802631578959 0.019324122479462288 3.5213476940071806 81.631057971014528 85.858666666666679 0.81291666666666684
decision_type=2 2 2 2 2 2 2 2 2 2 2 2 2 2 2 2 2 2 2 2 2 2 2 2 2 2 2 2 2 2
left_child=7 2 12 4 -4 -5 9 8 15 14 -11 16 13 -2 -3 20 21 -18 19 -10 -1 -9 -14 26 25 -13 -8 -20 -25 -17
right_child=1 6 3 5 -6 -7 23 11 18 10 -12 24 22 -15 -16 29 17 -19 27 -21 -22 -23 -24 28 -26 -27 -28 -29 -30 -31
leaf_value=0.0059756065672995238 -0.016666813331658297 0.022207451367822668 0.011170158153780181 -0.017984487680731711 -0.0016429417867214952 0.019148982203832998 0.0092999162486251379 -0.018118836101903023 0.068413744402232399 -0.015903212768842264 0.017717159350706831 -0.058877569645106015 -0.0076461178038427051 0.011165319503839437 -0.014574683327274643 0.073715509497279647 -0.0029962070579587136 -0.030244361664246572 -0.054104059242458528 -0.0074973187319968887 0.058648977813460561 0.02467745115833523 -0.059748215166162959 0.044634971472288093 -0.070248537326590907 -0.025470582229965233 -0.035517056303749676 -0.021354674813575853 -0.022100500844277074 0.032679903676480354
leaf_weight=142.76795884221792 40.520191349089146 20.641521424055099 805.43257616646588 469.91115290857852 1049.0400643860921 40.047754652798176 4.4525717943906775 13.291903415694831 4.6029226705431929 45.9991250410676 109.23465741425753 11.132558315992354 26.208591043949127 1030.980573028326 240.14597838371992 6.8381426781415922 87.8270030207932 77.697290787473321 11.553451277315618 243.09472354501486 6.3688018666580311 29.447377540171146 7.1412813887000075 2.9254159964621058 5.7769957408308974 69.326160028576851 69.771052164956927 17.574196562170982 2.8212614841759205 3.6938214227557182
leaf_count=794 219 96 5298 3118 11162 215 20 80 23 228 532 89 162 5795 1307 36 893 598 89 1339 51 168 33 29 26 585 480 102 17 20
internal_value=-4.1046e-06 0.00141014 0.00282418 -0.000173801 0.00392203 -0.0150683 -0.00848057 -0.00767566 -0.00150425 -0.00441771 0.00775472 -0.0168227 0.00923999 0.0101128 -0.0116634 0.0115955 -0.010214 -0.0157865 -0.00905999 -0.00608668 0.00822499 0.0113678 -0.0188029 -0.0296164 -0.032783 -0.0300929 -0.0328285 -0.0343447 0.011872 0.0593233
internal_weight=4696.27 3965.27 3469.28 2364.43 1854.47 509.959 495.992 730.993 436.494 416.021 155.234 294.499 1104.85 1071.5 260.787 159.669 208.264 165.524 276.825 247.698 149.137 42.7393 33.3499 79.9703 86.2357 80.4587 74.2236 29.1276 5.74668 10.532
internal_count=33604 28711 26002 19793 16460 3333 2709 4893 2454 2163 760 2439 6209 6014 1403 901 1739 1491 1553 1362 845 248 195 546 700 674 500 191 46 56
is_linear=0
shrinkage=0.05


Tree=112
num_leaves=31
num_cat=0
split_feature=7 4 10 1 3 1 1 1 4 8 7 8 7 9 9 11 2 1 1 2 6 9 11 3 9 0 6 0 6 4
split_gain=19.6626 18.1594 18.3832 18.6463 17.9699 14.6802 16.7617 10.3028 10.0414 9.86252 9.35711 9.31417 9.32854 11.965 8.70714 8.74957 8.54053 8.28019 7.28124 6.76604 6.59526 6.59398 6.59288 5.30712 5.18928 5.04639 4.79275 4.3487 2.12585 1.19856
threshold=0.075030266343825688 3.4483647351581945 0.014311315924219152 6.8090909090909095 0.89528508771929838 10.258333333333335 9.8385416666666696 8.6770833333333339 4.2780641466208484 0.23821860350357763 0.048138245197068733 0.20838502894954511 0.14359351988217969 0.064577456151110033 0.11532470644620178 95.959355633802843 20.622553984821128 8.0185185185185208 17.433035714285719 0.87301587301587313 0.04855755894590847 0.16133299197815329 102.35595833333336 0.90990259740259749 0.15718778077268644 13.500000000000002 0.15345368916797492 26.500000000000004 0.068642083699151327 3.9584566074950698
decision_type=2 2 2 2 2 2 2 2 2 2 2 2 2 2 2 2 2 2 2 2 2 2 2 2 2 2 2 2 2 2
left_child=1 7 3 10 -5 6 9 19 20 16 -3 12 13 -7 27 -16 -2 24 -14 -1 -8 -10 -21 26 -4 -19 -13 -9 -11 -25
right_child=5 2 17 4 -6 11 8 14 21 28 -12 23 18 -15 15 -17 -18 25 -20 22 -22 -23 -24 29 -26 -27 -28 -29 -30 -31
leaf_value=0.049964262050091628 0.0019568447706555222 0.0076667846333417821 -0.011858834934020629 0.0027564121872841211 -0.0065018652139902482 0.010886968764965074 -0.012914237809699783 0.019285264912237129 0.0066202299361640326 -0.0092276969006151212 0.031869020369779684 -0.011712110318481442 -0.037873561814619094 -0.0093599867588533784 -0.0065190112537351257 0.020277327829992964 -0.021710245080592907 0.014230270234171061 0.0021524210769262664 -0.036279978598558978 0.040904790090268706 -0.068325266089444642 0.0025202797332946453 -0.02991640214565466 0.027960802561402938 -0.035033267958864321 -0.071220058096893607 0.039133121793754361 -0.046042396486666338 -0.056510915009036024
leaf_weight=4.8166823852807275 323.11973796971142 93.89059573598206 38.896992282941937 2257.8531285873614 682.55636942572892 84.932191176339984 6.4716751035302869 59.384777806699276 14.441666720435025 5.2899724170565632 69.497533085756004 33.147533125244081 43.34364909119904 518.00517841707915 51.605331956408918 74.357032330706716 43.216687843203545 5.7008758187293997 15.398844810202716 17.712437318637967 47.278113261796534 3.6835058964788905 28.668854708783329 5.8510554656386402 10.361359946429728 58.978595033288002 3.768210142850875 51.557969484478235 15.156122591346501 15.35393209196627
leaf_count=35 1829 575 204 17867 3720 509 37 436 87 30 390 229 281 3941 390 583 251 40 97 129 322 29 203 33 54 370 20 696 86 131
internal_value=-4.63636e-06 0.00187351 0.000796738 0.00152083 0.000607291 -0.005592 0.00139901 0.0138996 0.0235723 -0.0027214 0.0179613 -0.0100467 -0.00836099 -0.00650792 0.0182952 0.00929918 -0.000835161 -0.0189283 -0.0273811 -0.00643954 0.0344248 -0.00861064 -0.0122971 -0.0292375 -0.00348288 -0.0306912 -0.0177864 0.0285091 -0.0365174 -0.0491727
internal_weight=4684.3 3505.84 3217.74 3103.8 2940.41 1178.46 458.657 288.103 71.875 386.783 163.388 719.801 661.68 602.937 236.905 125.962 366.336 113.938 58.7425 51.198 53.7498 18.1252 46.3813 58.1207 49.2584 64.6795 36.9157 110.943 20.4461 21.205
internal_count=33604 25692 23220 22552 21587 7912 2671 2472 475 2196 965 5241 4828 4450 2105 973 2080 668 378 367 359 116 332 413 258 410 249 1132 116 164
is_linear=0
shrinkage=0.05


Tree=113
num_leaves=30
num_cat=0
split_feature=1 3 0 0 3 0 8 3 6 3 11 0 0 0 3 3 0 1 8 0 0 9 8 7 8 6 11 1 3
split_gain=19.3874 20.6874 52.7423 31.6428 51.3217 37.9137 19.7831 16.0018 11.3833 10.1086 10.0625 9.54315 9.52377 9.50074 6.82689 5.62477 7.68844 12.6371 6.26805 5.92249 4.85804 5.44547 4.81952 4.02077 3.69842 3.62963 3.15721 3.06879 0.394507
threshold=24.516666666666669 0.88284313725490204 24.500000000000004 35.500000000000007 0.76214049976426224 70.500000000000014 0.095119047619047631 0.9417420814479639 0.18274582560296851 0.938137755102041 60.956064987857694 11.500000000000002 11.500000000000002 29.500000000000004 0.92052631578947375 0.72016949152542387 60.500000000000007 31.062500000000004 0.087082912032355922 37.500000000000007 24.500000000000004 0.14199357148075101 0.22254806125773871 0.029895433014567884 0.17206046641530517 0.13487604779739612 76.340498106060636 26.552380952380958 0.913664596273292
decision_type=2 2 2 2 2 2 2 2 2 2 2 2 2 2 2 2 2 2 2 2 2 2 2 2 2 2 2 2 2
left_child=1 3 7 6 5 -5 8 9 -1 -3 -6 -9 -8 14 -4 16 17 -2 -18 -19 21 26 -20 25 -15 -22 -17 -25 -23
right_child=15 2 13 4 10 -7 12 11 -10 -11 -12 -13 -14 24 -16 20 18 19 22 -21 23 28 -24 27 -26 -27 -28 -29 -30
leaf_value=-0.010062104018633502 0.082151630823773636 0.0034779644406584065 -0.0065601054142483267 0.014539414311375953 0.017129384776878271 -0.0026941783810942753 -0.043475924575320582 -0.019606638278311449 0.042003755540747818 0.023440999967343574 -0.016967628819940114 -0.0028798833763808806 0.012442120412884613 -0.030985254061802456 -0.028712486894516467 0.021392759222254056 0.073591351337184766 0.03215746399252372 -0.019457642499638012 -0.069552031340794657 -0.0076837602539259866 -0.062629905265849578 0.030619817681820396 -0.015148985500964161 -0.0517728258443267 -0.068257286668404304 -0.01933443750838873 -0.049562655314054474 -0.03571454894899178
leaf_weight=155.75486971158534 5.8569594584405404 502.42304345965385 68.24959733709693 513.55793391447514 22.73453806899488 843.02735993079841 7.672619864344596 99.683100428432226 11.256557453423737 72.572398856282234 448.54555712454021 589.85534862801433 1006.2448757076636 59.064469061791897 70.919176800176501 11.940024271607404 2.0161457536742082 2.678757457062602 65.95971561037004 3.0733892666175961 18.708875156939033 3.126531057059764 5.1820977879688135 8.1485392879694682 33.551019812002778 2.8497734181582919 7.9116130247712126 31.599826715886593 2.4114960990846157
leaf_count=905 33 2588 374 3976 243 9149 36 706 74 392 3173 3005 5917 485 468 73 26 24 849 21 135 23 70 104 315 22 42 347 29
internal_value=-4.24466e-06 0.000623813 -0.00418075 0.00301319 -0.00110827 0.00382988 0.00939247 -0.000161788 -0.00655287 0.00599758 -0.0153228 -0.00529799 0.012019 -0.0261068 -0.0178488 -0.0165061 -0.0073476 0.0304537 -0.0133461 -0.0221862 -0.0254607 -0.00706887 -0.0158099 -0.0330775 -0.0385158 -0.0156908 0.00516146 -0.0425077 -0.0509098
internal_weight=4676.58 4505.11 1496.32 3008.79 1827.87 1356.59 1180.93 1264.53 167.011 574.995 471.28 689.538 1013.92 231.784 139.169 171.464 84.7671 11.6091 73.158 5.75215 86.6967 25.3897 71.1418 61.307 92.6155 21.5586 19.8516 39.7484 5.53803
internal_count=33604 31806 8333 23473 16541 13125 6932 6691 979 2980 3416 3711 5953 1642 842 1798 1023 78 945 45 775 167 919 608 800 157 115 451 52
is_linear=0
shrinkage=0.05


Tree=114
num_leaves=21
num_cat=0
split_feature=3 1 8 10 2 0 0 4 11 9 11 4 1 0 2 0 7 0 0 1
split_gain=19.0556 18.9885 19.6037 24.3099 23.628 16.5092 10.6854 11.7364 9.81175 5.15221 4.30065 5.74563 5.0446 3.75633 2.65487 2.77481 2.60696 0.516472 0.0817541 0.0012101
threshold=0.4425504134629335 24.516666666666669 0.22589757608893751 0.013015245623941277 20.005000000000003 16.500000000000004 35.500000000000007 4.5457769181173449 60.415304347826101 0.11544808326986546 44.010675675675706 4.4764129951045843 27.679487179487186 324.50000000000006 132.32500000000002 85.500000000000014 0.0262774282645389 300.50000000000006 295.50000000000006 20.027777777777782
decision_type=2 2 2 2 2 2 2 2 2 2 2 2 2 2 2 2 2 2 2 2
left_child=13 2 3 4 -2 -5 7 -4 -8 10 11 -3 -12 17 16 -16 -11 18 19 -1
right_child=1 9 6 5 -6 -7 8 -9 -10 14 12 -13 -14 -15 15 -17 -18 -19 -20 -21
leaf_value=0.050922157969666475 0.0059580600718949668 0.047197430433339981 -0.00065014709588512038 1.2465880129282763e-05 -0.0019620617094814911 -0.03056398774036069 0.019417492959608471 -0.020288651523972429 -0.031209270474125181 -0.016136240647291029 -0.0030881729536217659 -0.015614416813511188 -0.026208880697444949 -0.018989623587049198 0.028853098715433918 -0.022494785736410068 -0.043522980839137568 0.020312215216774735 0.073686463112912756 0.051945666999596907
leaf_weight=17.485107924323543 2086.8981733070686 7.0631266478449088 300.95792848430574 81.587331589311361 1715.9906730614603 96.196960173547268 10.936183970421551 101.8154074754566 76.626909364014864 12.2961542122066 48.395785860717297 7.5139332059770823 46.031382124871016 2.1889690011739722 3.3776152394711962 11.903375295922158 29.624654842540622 1.4132131859660138 0.40812762826681037 3.4591831322759381
leaf_count=1142 13096 58 1659 431 13471 621 105 611 602 84 428 92 456 11 49 209 353 9 4 113
internal_value=-4.99493e-06 -0.00023949 0.0003774 0.0015394 0.00238424 -0.0165321 -0.00905599 -0.00561448 -0.0248862 -0.0168341 -0.0104569 0.0148203 -0.0143591 0.0435703 -0.0289864 -0.0111452 -0.0354899 0.0495856 0.0515231 0.0510912
internal_weight=4662.17 4637.22 4471.01 3980.67 3802.89 177.784 490.336 402.773 87.5631 166.206 109.004 14.5771 94.4272 24.9546 57.2018 15.281 41.9208 22.7656 21.3524 20.9443
internal_count=33604 32325 30596 27619 26567 1052 2977 2270 707 1729 1034 150 884 1279 695 258 437 1268 1259 1255
is_linear=0
shrinkage=0.05


Tree=115
num_leaves=31
num_cat=0
split_feature=3 0 0 3 0 3 3 0 3 11 8 6 3 0 2 1 3 11 6 3 2 0 1 8 0 3 7 8 7 7
split_gain=19.1442 49.1564 43.3521 38.9641 36.2208 24.5954 19.8781 19.4789 18.9775 18.8792 17.5593 16.1617 18.0098 21.6319 13.6353 11.4199 11.0525 10.8241 10.8193 10.3303 9.45345 8.908 8.68388 7.53855 7.01624 6.74235 4.67966 3.40721 2.73905 5.05198
threshold=0.65863337204800632 117.50000000000001 52.500000000000007 0.78281378178835126 31.500000000000004 0.89528508771929838 0.53440555841482251 229.50000000000003 0.88284313725490204 76.155938697318049 0.094179371353284413 0.047386242129024599 0.72240143369175636 79.500000000000014 254.07636485966938 28.577380952380956 0.56108990670059378 97.843291900561397 0.040066889632107035 0.44916643512086701 0.92444444444444451 77.500000000000014 13.659420289855074 0.20697250493695887 68.500000000000014 0.57698117592377418 0.037768268170913576 0.11546123199509654 0.011428944618599793 0.017291209886386289
decision_type=2 2 2 2 2 2 2 2 2 2 2 2 2 2 2 2 2 2 2 2 2 2 2 2 2 2 2 2 2 2
left_child=1 18 3 10 5 -5 7 26 -6 14 17 28 13 -13 -8 -12 -11 -2 24 -9 22 -22 -20 -14 27 -26 -3 -1 -4 -30
right_child=2 6 11 4 8 -7 9 19 -10 16 15 12 23 -15 -16 -17 -18 -19 20 -21 21 -23 -24 -25 25 -27 -28 -29 29 -31
leaf_value=-0.030411315606670326 -0.022906329533134241 0.059584362340085843 -0.088544395120734989 0.007257521179619076 -0.010235783936844135 -0.0033282453787487915 0.004786591542115584 0.034121035397568181 -0.039742988684078072 0.00050107525691909561 0.017012703245154536 0.012491904703942633 -0.01664488884715749 -0.013736104387793494 -0.053038863661621999 -0.036574134313706645 -0.032007754130277531 0.025448536814973867 -0.14377826790383194 -0.01646559747308235 0.039999468721799269 0.020654833768499272 0.004248293674011961 -0.041907528013736428 0.04813687053377709 -0.041162755561177336 0.027166681353695876 0.029756400057121046 0.0085111111868435962 -0.036820310890645851
leaf_weight=2.8440498290583518 49.816447731107473 16.156887810211629 2.268826398998498 943.07731318101287 399.54274631477892 1312.2169623021036 163.63288710638881 13.054278986528514 63.096123309805989 35.221658634021878 498.85988701879978 140.10624240338802 227.50191406346858 179.12141164578497 10.871868316084145 10.144502524286507 101.46393872983754 15.075324486941097 1.4842004314996291 44.475298791192472 99.665044181980193 147.71183917718008 2.9801898505538702 33.935387756675482 2.5073744682595125 13.464229982346295 35.798185870982707 13.626232759095727 6.745605591684579 69.161113617010415
leaf_count=44 309 543 14 5146 2476 7125 1517 529 607 345 3245 854 2000 1470 181 52 809 122 32 502 1642 1650 34 349 65 81 1027 138 44 652
internal_value=-5.09818e-06 0.00758511 -0.0013595 0.000983716 -0.00151595 0.00109832 -0.00326866 0.0150553 -0.0142601 -0.00971551 0.0128219 -0.0130671 -0.0101937 -0.00222486 0.00118399 0.0159447 -0.0236308 -0.0116728 0.0236462 -0.00498677 0.0271472 0.0284485 -0.0449636 -0.0199241 -0.00353097 -0.0271437 0.0372479 0.0193668 -0.0344099 -0.0327918
internal_weight=4655.63 704.958 3950.67 3291.83 2717.93 2255.29 420.675 109.485 462.639 311.19 573.896 658.841 580.665 319.228 174.505 509.004 136.686 64.8918 284.283 57.5296 251.841 247.377 4.46439 261.437 32.4419 15.9716 51.9551 16.4703 78.1755 75.9067
internal_count=33604 9139 24465 19082 15354 12271 5453 2601 3083 2852 3728 5383 4673 2324 1698 3297 1154 431 3686 1031 3358 3292 66 2349 328 146 1570 182 710 696
is_linear=0
shrinkage=0.05


Tree=116
num_leaves=31
num_cat=0
split_feature=6 8 10 9 2 0 3 7 3 0 1 1 8 10 0 3 7 8 3 0 11 4 0 11 6 8 2 11 4 1
split_gain=18.3677 18.613 19.1474 21.3436 19.9107 16.0505 16.2555 14.7287 14.2381 13.3268 11.8232 10.2686 9.97662 8.21304 8.75264 12.454 9.72409 6.40579 5.97864 6.07338 7.09258 5.95161 5.44465 5.246 4.96094 4.73319 4.023 6.87111 3.50863 3.01022
threshold=0.047386242129024599 0.20020449897750514 0.013015245623941277 0.17875939849624065 162.39875000000004 31.500000000000004 0.9417420814479639 0.01590463542654778 0.72758194186765623 62.500000000000007 7.3484848484848486 10.327956989247314 0.26344707923655297 0.0025199500455093883 46.500000000000007 0.68196869355809764 0.13367697594501721 0.04819976771196284 0.907192075796727 32.500000000000007 83.602412628022407 3.2958754208754213 22.500000000000004 62.352505175918523 0.065007739938080511 0.23821860350357763 17.619411140927983 102.85168659420292 4.3439680232558144 15.902380952380954
decision_type=2 2 2 2 2 2 2 2 2 2 2 2 2 2 2 2 2 2 2 2 2 2 2 2 2 2 2 2 2 2
left_child=7 2 3 4 -2 6 12 18 9 -7 24 -8 -3 14 16 -16 -9 -5 19 25 -21 -12 29 -10 -4 -1 28 -28 -15 -20
right_child=1 5 10 17 -6 8 11 13 23 -11 21 -13 -14 26 15 -17 -18 -19 22 20 -22 -23 -24 -25 -26 -27 27 -29 -30 -31
leaf_value=0.024138452999283869 0.0054986461474959255 0.011188504364919007 0.03763529269869606 -0.046954500686530745 -0.022941229739896055 0.023061757246935224 -0.002735903601380733 -0.0016695968895381642 -0.0021845119308731911 -0.013531116306006639 0.018105942888030975 -0.028380351889941643 -0.008609704800436515 -0.030973504095989281 -0.0072489139457455791 -0.038121093717914473 -0.032114862963406592 -0.010539666705885759 -0.0085781944277358805 0.013985684995268005 -0.034065489982940338 -0.030082938569221496 -0.054212719475696496 -0.030695233013841139 -0.0032198817125663384 -0.0052891026512161491 -0.020615612644173054 0.061854358677952609 -0.071480189076495088 0.022918375242263634
leaf_weight=70.350571515969932 2795.4258620045148 242.45095578487962 9.216886915266512 13.079428074881433 62.927192310802639 34.280995050445199 93.748059794306755 297.21928276494145 18.67323568277061 90.743620821274817 6.9594174474477759 66.887477397918701 86.274117898195982 32.414731802418828 82.816511848941445 53.947328371927142 28.765341442078352 157.56394884642214 41.892557002604008 17.334396678954366 13.787957997992633 80.777138790115714 5.7444924972951403 118.66670656763017 38.333906333893538 16.957993865944445 40.741697693243623 2.6925822868943206 6.4017325416207305 9.2634106129407865
leaf_count=414 21053 1393 45 83 804 312 492 1716 206 886 35 412 472 197 749 521 180 968 231 150 137 500 34 849 201 93 366 13 48 44
internal_value=-4.8654e-06 0.00134488 0.00302503 0.00384702 0.00487254 -0.00572747 -0.000377854 -0.00734265 -0.0157055 -0.00349757 -0.0153788 -0.0134141 0.00599245 -0.0113979 -0.00881017 -0.0194266 -0.00435613 -0.0133308 0.0052627 0.0116625 -0.00730215 -0.0262605 -0.00805766 -0.0268188 0.00469918 0.0184227 -0.0259567 -0.0155031 -0.037654 -0.00287474
internal_weight=4636.34 3916.01 3164.28 3029 2858.35 751.725 489.361 720.331 262.365 125.025 135.287 160.636 328.725 544.999 462.748 136.764 325.985 170.643 175.331 118.431 31.1224 87.7366 56.9005 137.34 47.5508 87.3086 82.2507 43.4343 38.8165 51.156
internal_count=33604 28711 23689 22908 21857 5022 2769 4893 2253 1198 781 904 1865 3790 3166 1270 1896 1051 1103 794 287 535 309 1055 246 507 624 379 245 275
is_linear=0
shrinkage=0.05


Tree=117
num_leaves=30
num_cat=0
split_feature=3 0 0 11 3 0 3 10 3 3 11 2 0 8 11 6 0 1 2 4 9 9 3 2 5 0 3 11 2
split_gain=17.9988 41.9062 31.4795 39.5592 37.6894 41.9222 29.3411 22.4678 21.8707 16.3744 11.8844 12.3083 11.6801 11.4424 11.3397 11.007 13.7662 11.2283 10.7923 11.3122 10.7087 9.71784 9.05744 8.68501 6.96218 6.76561 3.71489 1.97173 0.00295774
threshold=0.61120926580290547 134.50000000000003 77.500000000000014 73.100744907469689 0.73363914373088701 40.500000000000007 0.85391260162601634 0.0029225530557975598 0.79674258474576287 0.46035674996071041 76.503031135531174 104.93554687500001 211.50000000000003 0.086072953645109862 63.614162679425853 0.0606401089547157 24.500000000000004 12.806250000000002 19.696973593964337 4.3439680232558144 0.055646630236794177 0.11596474490027715 0.64719012605042037 12.942122781065091 0.0077822189922480628 295.50000000000006 0.58185736677115996 72.455266955266993 67.737947530864218
decision_type=2 2 2 2 2 2 2 2 2 2 2 2 2 2 2 2 2 2 2 2 2 2 2 2 2 2 2 2 2
left_child=1 15 4 7 13 6 -6 20 -7 25 11 -11 -12 23 -15 17 -17 27 19 -5 -4 -9 -20 -2 -19 28 -18 -1 -3
right_child=2 9 3 18 5 8 -8 21 -10 10 12 -13 -14 14 -16 16 26 24 22 -21 -22 -23 -24 -25 -26 -27 -28 -29 -30
leaf_value=-0.020993972936267057 0.018596200996539261 0.050893627138953158 -0.06734875086107088 0.0035570744831647919 0.0082316746933562123 -0.0072108554192159228 -0.0026616269130551665 0.074254634302982764 -0.029845048816580719 0.015904126104558807 -0.0049595894802396817 -0.017142643148849276 -0.037116763325347656 -0.016402302161716755 0.01752107582063778 -0.11709109031894771 0.050890026786723309 0.0015982008949433529 -0.016344983307071188 -0.081012353525888703 0.00046167592212709895 -0.0043034464895301315 -0.037267589354462963 -0.042124848667103081 -0.074828504598641571 -0.010494112280254545 0.031936010377201882 0.051198537626624269 0.052577733428246037
leaf_weight=1.0152988387271751 9.4667903762310761 15.948938375804579 6.0239821523427954 44.286925045773387 924.96043978258967 300.497568173334 1863.6255018170923 14.999366953969004 165.50994313601404 84.60147175937891 75.214172289706767 42.245751075446606 45.211442823521793 26.156395236030221 423.38061628583819 1.3786019925028075 54.842603116296232 27.597338444553319 79.574609415605664 4.3419062308967105 173.7676189057529 5.337521467357873 147.8068183939904 15.581315206363795 3.3405567063018671 5.8020595982670775 48.902813002467155 13.818896250799297 3.1165791302919379
leaf_count=14 84 1093 38 291 5102 1903 10412 117 1660 708 951 595 495 149 3379 22 1420 297 591 26 1756 57 1282 125 29 39 610 255 104
internal_value=-5.51857e-06 0.0098253 -0.000994455 -0.0131011 0.000551313 -0.00136816 0.000951628 0.00382414 -0.0152497 -0.00189296 -0.00578238 0.00489809 -0.0170324 0.0137146 0.0155472 0.0309591 0.0398699 0.0104939 -0.0253732 -0.00399385 -0.00181034 0.0536367 -0.0299455 -0.0191757 -0.00665407 0.0367818 0.0419556 0.0462575 0.0511689
internal_weight=4628.35 423.037 4205.32 476.139 3729.18 3254.59 2788.59 200.128 466.008 272.14 247.273 126.847 120.426 474.585 449.537 150.896 105.124 45.7721 276.01 48.6288 179.792 20.3369 227.381 25.0481 30.9379 24.8676 103.745 14.8342 19.0655
internal_count=33604 6632 26972 4158 22814 19077 15514 1968 3563 3985 2749 1303 1446 3737 3528 2647 2052 595 2190 317 1794 174 1873 209 326 1236 2030 269 1197
is_linear=0
shrinkage=0.05


Tree=118
num_leaves=22
num_cat=0
split_feature=7 0 3 0 6 9 0 1 1 1 3 11 1 10 8 9 4 3 1 10 4
split_gain=17.9276 18.4154 44.3757 29.818 22.4176 20.7768 18.9591 17.706 42.8064 24.8368 17.0957 15.9363 15.694 12.1363 10.6262 10.3191 3.94336 3.43911 3.41726 3.82036 2.9235
threshold=0.17445652173913045 19.500000000000004 0.86996779388083745 15.500000000000002 0.11433842909857671 0.10681686167123061 25.500000000000004 9.4316770186335415 10.327956989247314 6.6742424242424248 0.60031948881789143 74.618727688664549 5.0769230769230775 0.017937580437580442 0.14709889405353424 0.13301622452207715 3.6658914728682173 0.92052631578947375 5.3500000000000005 0.010537419498112372 4.2780641466208484
decision_type=2 2 2 2 2 2 2 2 2 2 2 2 2 2 2 2 2 2 2 2 2
left_child=1 3 4 11 10 -6 13 9 -9 -5 -3 15 -13 -4 -8 -1 17 -2 -18 20 -20
right_child=16 2 6 7 5 -7 14 8 -10 -11 -12 12 -14 -15 -16 -17 18 -19 19 -21 -22
leaf_value=0.018154116166639363 -0.077335653261186535 0.009103713939563841 -0.0044085657879268884 0.019803837840650231 0.016282475490458952 -0.0064111416022848994 -0.012669652531094028 0.033501065682343359 0.0038038244060269719 -0.017215861011054 -0.0030222048952805542 0.02741707302751735 -0.010622788712248067 -0.053877845158359056 -0.033097563635615668 -0.010050864089697777 0.022611528947358839 -0.021372718740808851 -0.0091396906274145203 -0.067240946106539454 -0.034608791999128426
leaf_weight=118.9211843945086 6.2805190468206984 346.15108424192294 339.36456387117505 82.446609352715313 390.79921478126198 135.94264502264559 114.2175315413624 228.05099521670491 259.32992926705629 100.57954008132219 1813.4555020006374 29.156013265252113 387.17054240033031 12.86817581579089 143.82043706532568 44.587251830846071 4.2820271328091613 4.8770860116928816 27.478646390140057 4.6223819628357878 19.098068485036492
leaf_count=591 33 5474 1873 533 3053 935 800 1534 1335 558 12791 142 2076 91 1136 277 23 29 157 26 137
internal_value=-5.5283e-06 0.000371803 -0.0015878 0.00553885 0.00117716 0.0104257 -0.0137588 0.01272 0.0176995 -0.000539836 -0.00107861 -0.00276404 -0.0079588 -0.00621583 -0.0240554 0.0104629 -0.0257514 -0.0528738 -0.0202969 -0.0238856 -0.0195829
internal_weight=4613.5 4546.86 3296.62 1250.24 2686.35 526.742 610.271 670.407 487.381 183.026 2159.61 579.835 416.327 352.233 258.038 163.508 66.6387 11.1576 55.4811 51.1991 46.5767
internal_count=33604 33199 26153 7046 22253 3988 3900 3960 2869 1091 18265 3086 2218 1964 1936 868 405 62 343 320 294
is_linear=0
shrinkage=0.05


Tree=119
num_leaves=31
num_cat=0
split_feature=7 4 2 3 11 0 0 3 7 7 0 0 11 4 6 11 6 11 0 11 6 2 8 10 7 4 8 11 8 1
split_gain=17.3076 16.1694 15.5459 16.8049 17.3834 12.6204 18.4141 16.5442 13.1492 16.6343 11.7412 10.0701 9.90365 12.1844 9.85838 10.7917 9.65766 8.84628 8.53555 8.47388 9.58412 7.97999 7.89397 7.42864 6.94698 5.68966 5.39174 5.09078 4.37783 3.73309
threshold=0.075030266343825688 4.614133648728564 111.1493261012492 0.51690154256332133 78.776190150478826 24.500000000000004 11.500000000000002 0.83438818565400863 0.11484831354814397 0.096521476104053247 17.500000000000004 249.50000000000003 61.861970405931004 5.1012195121951232 0.135619954018072 81.092456970916899 0.18528922180607577 77.68100000000004 51.500000000000007 66.738557885484695 0.090289390561129709 1.0200000000000002 0.15349857201142394 0.010537419498112372 1.0000000180025095e-35 3.5518360949395436 0.15630681818181821 84.900894736842147 0.18853838935806153 12.918333333333335
decision_type=2 2 2 2 2 2 2 2 2 2 2 2 2 2 2 2 2 2 2 2 2 2 2 2 2 2 2 2 2 2
left_child=1 2 3 11 -5 6 21 14 9 -8 19 -1 13 -12 15 -7 26 18 -4 20 -3 29 -23 -10 -14 -19 -9 -21 -16 -2
right_child=5 10 17 4 -6 7 8 16 23 -11 12 -13 24 -15 28 -17 -18 25 -20 27 -22 22 -24 -25 -26 -27 -28 -29 -30 -31
leaf_value=0.044150897125122129 -0.047079654280652354 -0.020384497341583312 0.031594100457032412 0.0091441078319351287 0.00061612429001425318 0.00013835016452358223 -0.0011298831117504595 -0.020674864740736553 -0.0030289908053026996 0.02297955129770865 0.0014262411481190188 0.0037535715704942875 -0.0034621859694014268 -0.045485868381012408 0.025090563048368427 -0.016290732342638413 0.034082437237035537 0.012296936053123734 -0.010141421445610489 -0.019004194268164892 0.025321862548916042 0.02746382712171469 -0.031060759647086079 -0.033814625383293891 -0.040514466596239029 -0.036711651503046873 -0.041409108484595676 0.021063120179379839 -0.032432170750086316 -0.0033564767823383301
leaf_weight=40.275824411772192 31.791336761787534 14.9733574911952 14.219580635428427 833.39332166407257 2111.6929453089833 202.95997353829443 153.45794072002172 86.664412665180862 209.39658088050783 134.0300380308181 73.658460185863078 25.003502220846713 16.324775653891265 17.044014289975166 32.625385065563023 196.94974173605442 6.5283768475055686 6.8627496846020213 88.475015264004469 45.86610309779644 49.011028625071049 11.064759090542795 12.022189587354658 21.618397034704685 56.205077312886715 43.210903358645737 49.127701098099351 9.5842015743255597 3.6808259035460642 5.7675087526440612
leaf_count=1883 259 81 124 5647 13961 1791 830 641 1131 764 694 455 104 153 254 1480 34 48 1165 233 243 64 74 114 461 390 401 50 29 46
internal_value=-5.01661e-06 0.00177202 0.0027959 0.00358553 0.00302935 -0.00529428 -7.65591e-05 -0.0105175 0.00297256 0.0101102 -0.00968558 0.0286778 -0.0184023 -0.00738907 -0.00568793 -0.00795273 -0.0253204 -0.0127642 -0.00436252 0.00222759 0.0146259 -0.0261456 -0.00301199 -0.00590991 -0.0321749 -0.0299949 -0.0281762 -0.0120788 0.0192587 -0.0403656
internal_weight=4603.49 3445.8 3163.13 3010.37 2945.09 1157.69 579.149 578.536 518.503 287.488 282.667 65.2793 163.232 90.7025 436.216 399.91 142.32 152.768 102.695 119.435 63.9844 60.6458 23.0869 231.015 72.5299 50.0737 135.792 55.4503 36.3062 37.5588
internal_count=33604 25692 23673 21946 19608 7912 3282 4630 2839 1594 2019 2338 1412 847 3554 3271 1076 1727 1289 607 324 443 138 1245 565 438 1042 283 283 305
is_linear=0
shrinkage=0.05


Tree=120
num_leaves=26
num_cat=0
split_feature=1 4 0 6 8 2 0 3 8 3 10 1 11 0 2 7 8 8 6 4 11 9 6 9 4
split_gain=16.569 19.5277 20.6796 21.262 23.2475 13.835 9.92412 9.71259 8.74224 8.08897 7.6825 7.19944 7.17508 6.1953 5.07295 9.01525 5.83857 3.19926 3.10625 6.3343 2.85343 2.43342 1.94751 1.04601 0.940647
threshold=5.0769230769230775 4.7226495726495736 10.500000000000002 0.14322344322344324 0.094179371353284413 6.6894290123456797 17.500000000000004 0.88029850746268667 0.23065407646245975 0.92052631578947375 0.030457637600494747 12.918333333333335 60.956064987857694 11.500000000000002 1.5679012345679015 0.083176100628930827 0.14262598243180771 0.14993188010899186 0.20185185185185187 4.5762787723785179 95.586810483870991 0.083200212992545278 0.066574330563250253 0.099536788831464065 4.6255252100840343
decision_type=2 2 2 2 2 2 2 2 2 2 2 2 2 2 2 2 2 2 2 2 2 2 2 2 2
left_child=13 2 10 4 -4 -5 7 22 -9 12 11 -2 -8 14 15 21 -16 -11 19 20 -15 -1 -3 24 -20
right_child=1 6 3 5 -6 -7 9 8 -10 17 -12 -13 -14 18 16 -17 -18 -19 23 -21 -22 -23 -24 -25 -26
leaf_value=0.083303699879599125 -0.043562421062043943 0.0019551105923027493 -0.012671182192417727 0.0012167221819217294 0.00079465862981864608 0.017285881529992525 -0.0048391266246401539 -6.4073837566470818e-05 -0.032352441759331454 -0.06606055134950467 0.041697169395933036 0.016919751774622297 -0.03103399071874029 0.053525836756982928 0.015866638157755152 -0.020582816663515423 -0.065193159468289227 -0.03320799799456154 0.027891750628036806 -0.015642844883419559 0.0093704156919274008 0.030022539470778289 0.040524424197861238 0.07648059003829967 0.063109423253480387
leaf_weight=4.3655364029109496 41.795319734141231 4.3155362932011512 354.83381956582889 242.22192508680746 3313.9728508605622 299.65112423105165 66.836866327561438 79.289159599691629 28.498844210058451 9.9585437551140767 3.3693111091852179 5.5767113957554093 42.934694116003811 14.406120209954684 4.4904855787754041 6.6020706146955481 4.3962955325841904 28.963604476302862 3.5066273957490903 6.2378793302923432 4.9043921530246726 4.2090884856879711 13.547072580084203 4.9294781386852264 4.1280796770006418
leaf_count=20 312 22 2274 1450 25262 1981 618 418 176 78 23 34 326 76 21 33 21 228 22 31 31 21 75 26 25
internal_value=-5.59302e-06 -0.00035701 0.000475406 0.000857763 -0.000507709 0.0101028 -0.013287 -0.00294199 -0.00860103 -0.0220289 -0.0312538 -0.0364424 -0.0150847 0.0256304 0.00576742 0.0233347 -0.0242337 -0.0416136 0.0381715 0.0281614 0.0423115 0.0571492 0.0312062 0.0585264 0.0469339
internal_weight=4597.94 4535.77 4261.42 4210.68 3668.81 541.873 274.344 125.651 107.788 148.694 50.7413 47.372 109.772 62.1761 24.0635 15.1767 8.88678 38.9221 38.1126 25.5484 19.3105 8.57462 17.8626 12.5642 7.63471
internal_count=33604 33277 31336 30967 27536 3431 1941 691 594 1250 369 346 944 327 116 74 42 306 211 138 107 41 97 73 47
is_linear=0
shrinkage=0.05


Tree=121
num_leaves=23
num_cat=0
split_feature=4 6 8 1 8 0 3 7 11 3 9 8 9 9 4 3 0 10 8 3 1 8
split_gain=16.1011 17.7506 14.8112 16.9794 17.0672 15.6153 13.5945 10.9484 9.8646 9.7131 8.40317 8.0314 8.90584 7.89983 5.55849 5.34892 4.97141 7.04694 6.71885 4.69215 3.80164 0.609471
threshold=3.4005813953488375 0.047386242129024599 0.20020449897750514 24.516666666666669 0.098126750700280124 25.500000000000004 0.9417420814479639 0.01590463542654778 84.173533205924542 0.80788655788655805 0.01941930618401207 0.1511369509043928 0.11323027960900206 0.23132664437012265 3.4708013640238708 0.90353598014888348 15.500000000000002 0.0031670645348953843 0.21313632441760141 0.62053001277139219 15.486842105263159 0.11726266496381439
decision_type=2 2 2 2 2 2 2 2 2 2 2 2 2 2 2 2 2 2 2 2 2 2
left_child=8 7 3 4 -3 6 -4 10 20 -7 -2 14 -13 16 -9 -12 18 -18 -10 -5 -1 -22
right_child=1 2 5 19 -6 9 -8 11 13 -11 15 12 -14 -15 -16 -17 17 -19 -20 -21 21 -23
leaf_value=-0.084554973318435089 0.073676643888971369 -0.0071176433037009636 0.0080445937269004036 -0.0007737923024511759 0.004358063149723956 -0.0080648036602779232 -0.011008191016657998 -0.051797209843648787 0.0077353771187470667 -0.026598252171893974 0.0083372047703143288 -0.019744497327060823 0.00022229673152550112 -0.046932599124033955 -0.016938448078730434 -0.012604430825178188 0.021937893883653383 -0.0037805628843005229 -0.046320426346983773 -0.024929945618620105 -0.03361875556726919 -0.0027435542364157815
leaf_weight=3.0323039116337878 4.1640020143240681 372.62157612666488 247.40409024804831 27.951865705661476 2482.9726213570684 224.34124265331775 150.62291231751442 12.06103124283254 43.371343890205026 103.22177297621965 94.734225778840482 80.95353517215699 180.07125021610409 5.2977171791717401 220.6662255814299 44.964554980397224 179.02137489849702 31.290280608460307 6.6267591044306746 71.589172370731831 2.9136779401451349 3.5406458154320717
leaf_count=24 38 2324 1374 374 18601 1863 844 75 240 798 588 547 1328 38 1533 252 1704 205 39 774 19 22
internal_value=-5.71754e-06 -0.000752872 0.000581357 0.002153 0.00286062 -0.00581955 0.000834565 -0.00845491 0.0117229 -0.0139051 0.00368306 -0.0119915 -0.00597015 0.0135123 -0.018745 0.00159676 0.0147424 0.0181115 0.00057081 -0.0181467 -0.0383766 -0.0166816
internal_weight=4593.43 4318.34 3680.73 2955.14 2855.59 725.59 398.027 637.615 275.094 327.563 143.863 493.752 261.025 265.607 232.727 139.699 260.31 210.312 49.9981 99.541 9.48663 6.45432
internal_count=33604 31313 26952 22073 20925 4879 2218 4361 2291 2661 878 3483 1875 2226 1608 840 2188 1909 279 1148 65 41
is_linear=0
shrinkage=0.05


Tree=122
num_leaves=21
num_cat=0
split_feature=3 0 3 7 8 11 8 4 9 0 3 0 0 10 0 5 0 1 0 4
split_gain=15.5455 16.6396 41.9127 16.8073 15.4668 10.8967 10.8778 10.8192 9.2608 8.86211 6.71621 6.40466 4.88577 4.88082 3.74932 2.93138 0.0646717 0.000809382 0.000214125 0.000200512
threshold=0.4425504134629335 179.50000000000003 0.55889894419306196 0.063869780835066406 0.30094339622641514 72.615760088535367 0.23704712887274199 4.909545454545456 0.091024165707710034 355.50000000000006 0.50062972292191443 293.50000000000006 168.50000000000003 0.00066028572126133108 300.50000000000006 0.0062992282205424294 295.50000000000006 20.027777777777782 197.50000000000003 4.1601526717557258
decision_type=2 2 2 2 2 2 2 2 2 2 2 2 2 2 2 2 2 2 2 2
left_child=14 2 7 4 -4 8 -5 12 15 -10 11 -7 -2 -12 16 -3 17 19 -19 -1
right_child=1 5 3 6 -6 10 -8 -9 9 -11 13 -13 -14 -15 -16 -17 -18 18 -20 -21
leaf_value=0.050714530814230434 0.046913507331549031 -0.042546331827704349 0.0026513233501175609 -0.0035594018513401141 -0.022959028774304807 0.024449631594419246 -0.024451414701770462 -0.12031151225669219 0.0021433788991781478 0.085023042383471872 -0.040250325061600763 -0.037235548603730538 0.0048611150159845948 -0.016821519701137263 -0.0046999172550941711 0.014800955526957644 0.071618046707141975 0.051302177887240619 0.052150934594954471 0.051239504541471831
leaf_weight=12.664809227921078 58.846954524982721 15.26530263386667 2751.6532221604139 1415.799070328474 60.244383540004492 11.917016944848003 65.172988351434469 1.0430335458368052 73.821201387792826 3.3727454282343379 53.022896125912666 6.5049321278929702 7.8255361169576636 38.277245851233602 3.5650904402136794 2.6092483699321738 0.38640443608164687 1.619733348488807 1.3729751892387865 2.1239103544503442
leaf_count=1033 1565 195 18030 9348 348 376 431 7 903 21 515 59 122 375 20 30 4 73 40 109
internal_value=-5.53525e-06 -0.000206363 0.0004478 -0.00016786 0.00210263 -0.0141354 -0.00447879 0.0394779 -0.0017448 0.00576454 -0.0248712 0.00266812 0.0419777 -0.0304279 0.0421818 -0.034175 0.0513814 0.0509417 0.0516916 0.0507899
internal_weight=4587.11 4565.38 4360.59 4292.87 2811.9 204.791 1480.97 67.7155 95.0685 77.1939 109.722 18.4219 66.6725 91.3001 21.7329 17.8746 18.1678 17.7814 2.99271 14.7887
internal_count=33604 32325 29851 28157 18378 2474 9779 1694 1149 924 1325 435 1687 890 1279 225 1259 1255 113 1142
is_linear=0
shrinkage=0.05


Tree=123
num_leaves=26
num_cat=0
split_feature=1 10 8 9 0 0 8 10 0 1 2 0 9 3 4 2 7 8 1 6 4 7 9 9 4
split_gain=15.2086 17.5585 20.9574 18.7855 20.8067 10.0648 10.3987 7.95935 7.59164 6.54138 8.743 5.65117 5.33914 7.70187 6.68035 4.62933 8.02765 5.41475 3.5746 2.96576 5.8128 2.67478 2.214 0.988138 0.955127
threshold=5.0769230769230775 0.013015245623941277 0.27823315118397091 0.058997563522450405 11.500000000000002 16.500000000000004 0.26344707923655297 0.023866484392800185 24.500000000000004 16.911067193675894 6.6894290123456797 11.500000000000002 0.090586022319850537 0.92637759710930456 3.4483647351581945 1.5679012345679015 0.083176100628930827 0.14262598243180771 22.809090909090912 0.20185185185185187 4.5762787723785179 0.11741727941176472 0.083200212992545278 0.090586022319850537 4.6255252100840343
decision_type=2 2 2 2 2 2 2 2 2 2 2 2 2 2 2 2 2 2 2 2 2 2 2 2 2
left_child=11 2 3 8 -5 12 7 -7 -2 10 -4 15 14 -14 -3 16 22 -17 -11 20 21 -13 -1 24 -21
right_child=1 5 9 4 -6 6 -8 -9 -10 18 -12 19 13 -15 -16 17 -18 -19 -20 23 -22 -23 -24 -25 -26
leaf_value=0.079136114292911605 0.014496895925576661 0.038674297120501029 -0.042195401892921813 -0.026639088995267651 0.000147421116305213 -0.018519788463087758 0.067964328422670459 -0.048410033467664787 0.0022928781685951027 0.016628704782404271 -0.010842447354244597 0.05093449247073744 0.032875608231555067 -0.0066382288142102274 -0.027851235493046658 0.015283426574264359 -0.019306938035895286 -0.063071404905756773 -0.026423772848261584 0.025477382399538076 -0.014886447326045806 0.0064628028753368526 0.028415734198682093 0.074282039014598289 0.061721261219267236
leaf_weight=4.3759229183197039 321.29534379858524 4.364631623029708 46.358055714517832 73.980633517727256 3610.8709861082025 67.125917101278901 2.8775052577257147 33.331023067235947 211.1898745233193 15.330324012786152 42.730966216884553 14.694012523628777 18.677365947514772 36.299837239086628 27.870380870997906 4.5032106563448888 6.533601649105548 4.3201391696929932 7.0333716645836821 3.318365562707184 6.2406343361362806 4.3916480615735045 4.2326716780662537 4.9258822947740555 4.0196106527000666
leaf_count=20 1927 22 293 546 27237 459 15 214 1697 89 260 86 100 203 152 21 33 21 63 21 31 21 21 27 25
internal_value=-5.03181e-06 -0.000341262 0.000312612 0.000878175 -0.000390371 -0.0151958 -0.0257527 -0.0284372 0.00965664 -0.0210881 -0.0271572 0.0246805 -0.00268727 0.00678578 -0.0188437 0.005707 0.0224818 -0.0230811 0.00308872 0.0367771 0.0270041 0.0407015 0.0541979 0.0569595 0.0453311
internal_weight=4580.89 4519.34 4328.79 4217.34 3684.85 190.547 103.334 100.457 532.485 111.453 89.089 61.5557 87.2122 54.9772 32.235 23.9655 15.1422 8.82335 22.3637 37.5902 25.3263 19.0857 8.60859 12.2639 7.33798
internal_count=33604 33277 32112 31407 27783 1165 688 673 3624 705 553 327 477 303 174 116 74 42 152 211 138 107 41 73 46
is_linear=0
shrinkage=0.05


Tree=124
num_leaves=24
num_cat=0
split_feature=7 0 3 0 6 4 9 0 3 10 11 2 3 9 3 6 2 3 1 8 0 10 3
split_gain=15.1032 16.302 40.1208 21.4739 21.0707 19.0566 18.1377 16.5932 15.4237 15.0773 14.2647 13.3637 11.9491 8.57886 8.39158 3.93411 3.67918 8.93864 4.50146 4.42086 4.31328 3.4953 2.5096
threshold=0.16774891774891779 20.500000000000004 0.86996779388083745 15.500000000000002 0.11433842909857671 4.7354156538648526 0.10681686167123061 34.500000000000007 0.64719012605042037 0.0094395313091711047 74.618727688664549 1.0000000180025095e-35 0.91723744292237452 0.13301622452207715 0.9417420814479639 0.16152751423149908 9.5532879818594125 0.89699381078691431 5.3500000000000005 0.12126179831097865 18.500000000000004 0.011251780344991297 0.92637759710930456
decision_type=2 2 2 2 2 2 2 2 2 2 2 2 2 2 2 2 2 2 2 2 2 2 2
left_child=1 3 4 10 8 9 -6 12 -3 -5 13 -12 -4 -1 -7 -9 18 19 -2 -18 -19 22 -20
right_child=16 2 7 5 6 14 -8 15 -10 -11 11 -13 -14 -15 -16 -17 17 20 21 -21 -22 -23 -24
leaf_value=0.017174623695272839 0.015581456399372926 0.0057480538387257455 -0.0045446470649185061 0.015322005098309064 0.015670799763742475 0.00068696165736246485 -0.0058562387543893615 -0.045170837743736189 -0.0038849217388915802 -0.0068525810194965094 -0.019718899095912443 -0.00080236449456283574 -0.020649876552956952 -0.0087552945587305326 -0.035056029337815077 0.0213012543123541 -0.069896313261694709 0.046586423313599197 -0.019281567757735735 0.00015771213374879401 -0.014438401260705051 -0.08616561999632262 -0.043995101256714256
leaf_weight=117.82129263877869 4.7783596888184539 567.68528582388535 269.19437191449106 634.25888150371611 374.44088570680469 36.591960901394486 132.46326461853459 46.688200370408595 1550.4055572180077 87.195498023182154 143.09846661984921 268.64057775586843 201.28919154591858 43.740293692797422 29.789491325616837 2.3373483475297681 5.7102217972278613 7.3732583895325643 20.602791117038578 3.7186768520623446 4.7680498883128166 3.1610519438982001 20.487488217651844
leaf_count=590 26 7533 1533 3838 2970 183 918 576 10562 458 832 1386 1332 277 156 22 33 35 120 25 31 20 148
internal_value=-5.00385e-06 0.000354558 -0.00162417 0.00492583 0.000888357 0.0102832 0.0100454 -0.0143196 -0.00130312 0.012642 -0.00243627 -0.00737674 -0.011435 0.0101545 -0.0153531 -0.0420017 -0.022952 -0.0057434 -0.0305228 -0.0422676 0.0226212 -0.0355012 -0.0316037
internal_weight=4576.24 4505.64 3144.5 1361.14 2624.99 787.836 506.904 519.509 2118.09 721.454 573.301 411.739 470.484 161.562 66.3815 49.0255 70.5999 21.5702 49.0297 9.4289 12.1413 44.2513 41.0903
internal_count=33604 33166 25446 7720 21983 4635 3888 3463 18095 4296 3085 2218 2865 867 339 598 438 124 314 58 66 288 268
is_linear=0
shrinkage=0.05


Tree=125
num_leaves=19
num_cat=0
split_feature=3 0 3 0 3 11 0 4 6 4 11 6 3 0 0 1 0 4
split_gain=14.4889 15.8883 39.4058 17.7635 44.5633 43.5045 8.93305 8.57089 7.13849 7.05897 6.59692 8.23128 7.47219 3.71362 0.0552104 0.00068977 0.000179992 0.00016911
threshold=0.4425504134629335 199.50000000000003 0.56823187825390475 82.500000000000014 0.68691260430390877 66.447995179325659 355.50000000000006 4.909545454545456 0.06170120193615055 4.2118435334390929 76.600725517283763 0.055309344053338573 0.50062972292191443 300.50000000000006 295.50000000000006 20.027777777777782 197.50000000000003 4.1601526717557258
decision_type=2 2 2 2 2 2 2 2 2 2 2 2 2 2 2 2 2 2
left_child=13 2 7 4 -4 -5 10 8 -2 -8 11 -3 -12 14 15 17 -17 -1
right_child=1 6 3 5 -6 -7 9 -9 -10 -11 12 -13 -14 -15 -16 16 -18 -19
leaf_value=0.050674553158721304 0.013100742384870835 0.019602288945554928 0.021648275142418391 0.019837459959093119 -0.00059371743940368022 -0.016400580665308237 -0.0085226383715126235 -0.10795076132647347 0.041523320979227285 0.095154088802869713 0.0040242800582900844 -0.017238749143407464 -0.041207047550402665 -0.0047637542002766887 0.070352696706973417 0.051233898281004144 0.052032910275460822 0.051170973433611558
leaf_weight=11.973538001067945 32.431949500925839 18.675668850541115 240.55987283680588 103.77768085710704 3527.1269785948098 410.15203397721052 3.404485583305358 1.0985627770423878 69.285151786636561 3.1709847748279572 11.520105247385798 80.575377622619271 44.024622280150652 3.564914532005786 0.37245181202888389 1.5357345351949327 1.3027325086295602 2.0024954993277779
leaf_count=1033 476 208 2529 972 21265 3428 21 7 1680 20 290 988 441 20 4 73 40 109
internal_value=-5.31797e-06 -0.000195608 0.000371493 -0.000363054 0.000826393 -0.00908304 -0.0156037 0.0309607 0.0324609 0.0414749 -0.0180283 -0.0103065 -0.031826 0.0416787 0.0513118 0.05089 0.0516006 0.0507457
internal_weight=4566.56 4545.8 4384.43 4281.62 3767.69 513.93 161.371 102.816 101.717 6.57547 154.796 99.251 55.5447 20.7519 17.187 16.8145 2.83847 13.976
internal_count=33604 32325 30357 28194 23794 4400 1968 2163 2156 41 1927 1196 731 1279 1259 1255 113 1142
is_linear=0
shrinkage=0.05


Tree=126
num_leaves=29
num_cat=0
split_feature=1 8 10 2 11 3 0 0 3 1 3 0 8 9 4 11 3 0 1 8 0 11 11 1 7 11 4 6
split_gain=14.6694 15.134 19.3582 25.002 20.8684 16.0738 15.5864 14.6146 13.5278 14.0039 11.8564 11.1661 10.327 8.18777 5.79 4.93824 4.67412 6.40216 11.3659 5.60002 4.94695 4.89251 10.2064 8.06198 6.48888 4.46248 3.80901 1.91647
threshold=24.516666666666669 0.21313632441760141 0.00795231771327389 20.005000000000003 71.797017408742178 0.69452761144377917 17.500000000000004 31.500000000000004 0.91723744292237452 10.327956989247314 0.72758194186765623 59.500000000000007 0.12199923180334167 0.17619825708061007 4.3502577319587639 60.415304347826101 0.72016949152542387 60.500000000000007 31.062500000000004 0.083527131782945754 37.500000000000007 74.983321342925692 72.831866925064631 26.881944444444446 0.0078432578740157497 56.980480769230809 3.334549878345499 0.029055860419304917
decision_type=2 2 2 2 2 2 2 2 2 2 2 2 2 2 2 2 2 2 2 2 2 2 2 2 2 2 2 2
left_child=1 2 3 5 -5 -1 14 8 13 -10 11 -9 -8 -3 -4 -12 17 18 -2 -19 -20 22 24 -24 -18 -21 -23 -28
right_child=16 7 6 4 -6 -7 12 10 9 -11 15 -13 -14 -15 -16 -17 21 19 20 25 -22 26 23 -25 -26 -27 27 -29
leaf_value=0.021701800091186232 0.078560622768863775 0.0078571126449691678 0.010415406882529994 0.009615438907563334 -0.0046868691743291143 0.0053414517261562156 -0.034675436035807687 0.022617211153859944 -0.00068310651423950368 -0.025812684912145046 0.0079247600239967814 -0.018156057480332187 -0.010337482119332862 -0.034955208131307862 -0.013726154682986111 -0.033274262076849144 0.0065673647971905115 0.08658307090266272 0.030236353738934359 0.0067368182620469166 -0.064603346600893133 0.0081679863879764412 0.10090679393895018 -0.0024849177046440719 -0.034346275376683472 -0.021861121367704763 -0.0093164955279268595 -0.055906183486890464
leaf_weight=164.80277873622254 5.6788173615932447 244.82218756340444 88.732996363192797 320.23951817397028 1252.8117128768936 1686.5041470397264 68.636720744427294 26.144786952529103 137.93218823894858 92.697045087814331 7.8934867102652779 46.936876070220023 119.41945726796985 11.701596995815633 34.490110639482737 92.589824471622705 13.107564926147459 1.4149353159591544 2.4954875726252794 18.887336769141257 3.0622302750125527 3.2349038198590305 3.0606664642691603 4.9102199878543615 37.180853169411421 49.109381937421858 2.5152046764269498 18.030952166765928
leaf_count=2668 33 1411 462 2746 10583 9647 440 222 727 580 89 475 812 65 182 697 79 23 24 288 21 15 26 35 457 634 17 146
internal_value=-4.9083e-06 0.000540688 0.00177443 0.00285962 -0.00177523 0.00679784 -0.0101636 -0.0064348 -0.00199612 -0.0107835 -0.018893 -0.00356952 -0.0192203 0.00590418 0.00365819 -0.0300379 -0.0147486 -0.00620077 0.0288128 -0.0118688 -0.0220191 -0.0231514 -0.0153504 0.0372155 -0.0236822 -0.0139175 -0.0422627 -0.0502028
internal_weight=4559.04 4396.36 3735.64 3424.36 1573.05 1851.31 311.279 660.718 487.153 230.629 173.565 73.0817 188.056 256.524 123.223 100.483 162.689 80.6482 11.2365 69.4117 5.55772 82.0404 58.2593 7.97089 50.2884 67.9967 23.7811 20.5462
internal_count=33604 31806 27540 25644 13329 12315 1896 4266 2783 1307 1483 697 1252 1476 644 786 1798 1023 78 945 45 775 597 61 536 922 178 163
is_linear=0
shrinkage=0.05


Tree=127
num_leaves=31
num_cat=0
split_feature=9 4 11 1 0 0 1 0 7 8 9 11 7 2 5 11 4 1 1 3 7 1 1 7 9 3 3 10 9 8
split_gain=14.378 15.9257 17.7717 26.6382 22.4837 22.2605 17.8514 11.1634 9.97055 11.0473 9.83053 9.08612 11.4671 8.50034 6.24917 6.10581 5.7787 5.73124 5.27211 7.1611 5.45655 5.24775 4.95311 4.76299 6.0119 3.73639 2.28358 2.16558 1.55007 0.690925
threshold=0.15799875182026216 4.5932768361581937 73.798436752749907 15.67543859649123 51.500000000000007 15.500000000000002 26.035714285714288 25.500000000000004 1.0000000180025095e-35 0.23520191775769872 0.10251880039865907 60.956064987857694 0.096521476104053247 55.047777777777782 0.0053619688344546034 53.158208548479656 4.7226495726495736 24.81666666666667 22.207142857142859 0.61120926580290547 0.017910607356715142 17.757352941176475 6.8090909090909095 0.036250657054892249 0.16700680272108845 0.80402263998382872 0.67931729799798368 0.000574218811823731 0.1994152046783626 0.13037696577243296
decision_type=2 2 2 2 2 2 2 2 2 2 2 2 2 2 2 2 2 2 2 2 2 2 2 2 2 2 2 2 2 2
left_child=1 2 6 5 -5 -4 7 -1 9 10 -3 16 -13 14 17 -8 -10 21 20 -20 25 -2 -11 24 -16 -15 -22 -25 -19 -21
right_child=13 8 3 4 -6 -7 15 -9 11 22 -12 12 -14 18 23 -17 -18 28 19 29 26 -23 -24 27 -26 -27 -28 -29 -30 -31
leaf_value=0.022440415280627679 -0.00548436123854698 0.04036902394582232 -0.010664350341796422 0.00019580243429844187 -0.018473570947601783 0.0048609642632346083 0.012343487055450691 0.0077209904899315871 0.014152702277284757 0.017031262840459815 -0.0039370955756704747 -0.029204622193863855 0.00022298685301985752 0.037713520475395002 0.047876839628317867 -0.023137005788191257 -0.0092484437431607728 -0.053005776556247768 0.10198861062129577 -5.1993956938585781e-05 -0.067048841591332939 0.011144663810082131 -0.028383324796738441 -0.069132032960199361 -0.043115555447559711 -0.030221686260859151 -0.036067819442833791 -0.016828134634201169 -0.01352487040266788 -0.05640076426144966
leaf_weight=179.10117551311851 487.8460962777026 28.994352902285755 262.09879635088146 345.3310250909999 302.56312020448968 1938.6321187983267 15.737542125396429 458.7479082653299 35.016433305107057 8.120176564902069 22.033504571765661 115.8827815586701 46.343242994509637 3.7983497940003854 3.1971574267372516 52.832744949497283 106.97877723909914 7.5187031235545856 1.7367591690272086 0.92452837899327311 8.2634933115914482 52.554806056432426 23.035733888857067 7.9378732321783882 4.1998519822955132 4.3325932547450066 21.226005182601511 2.6362553462386131 3.7142225056886673 1.3217190457507966
leaf_count=945 3013 161 1406 1943 2930 14995 184 3795 318 44 122 833 293 20 22 635 847 80 18 21 72 327 141 63 28 27 250 17 28 26
internal_value=-5.36924e-06 0.00110113 0.00214896 0.000388504 -0.0085227 0.00301196 0.00924799 0.011854 -0.00853922 0.00691367 0.0212379 -0.0127137 -0.020798 -0.00714079 -0.00554722 -0.0149939 -0.00347765 -0.00460194 -0.0289588 0.0257433 -0.0347503 -0.00386716 -0.0165469 -0.0345628 -0.00378655 0.00151408 -0.0447493 -0.0560921 -0.0399512 -0.0332083
internal_weight=4552.66 3941.45 3555.04 2848.63 647.894 2200.73 706.419 637.849 386.405 82.1838 51.0279 304.221 162.226 611.208 569.605 68.5703 141.995 551.634 41.6034 3.98301 37.6204 540.401 31.1559 17.9711 7.39701 8.13094 29.4895 10.5741 11.2329 2.24625
internal_count=33604 29592 26833 21274 4873 16401 5559 4740 2759 468 283 2291 1126 4012 3578 819 1165 3448 434 65 369 3340 185 130 50 47 322 80 108 47
is_linear=0
shrinkage=0.05


Tree=128
num_leaves=24
num_cat=0
split_feature=4 1 10 1 0 3 0 6 8 2 1 0 11 9 4 6 8 3 9 7 1 8 8
split_gain=14.2724 17.0498 20.513 16.8877 24.3926 15.6954 12.7477 12.3412 10.8483 10.1518 15.9073 9.53152 8.97327 7.1864 6.32307 7.99557 5.15246 4.62305 8.04083 3.65717 3.30126 2.36843 0.575171
threshold=3.4005813953488375 6.8090909090909095 0.00795231771327389 8.2638888888888911 20.500000000000004 0.82940687361419074 11.500000000000002 0.21913109756097562 0.04819976771196284 20.21761998685076 10.672619047619049 16.500000000000004 84.173533205924542 0.23132664437012265 4.0968367091772953 0.070986829547623601 0.16646291768541158 0.88284313725490204 0.05411036036036037 0.12426470588235296 15.486842105263159 0.13037696577243296 0.11726266496381439
decision_type=2 2 2 2 2 2 2 2 2 2 2 2 2 2 2 2 2 2 2 2 2 2 2
left_child=12 6 3 5 -5 -3 14 8 -8 11 -11 -4 20 17 15 -2 -16 19 -19 -14 -1 -9 -22
right_child=1 2 9 4 -6 -7 7 21 -10 10 -12 -13 13 -15 16 -17 -18 18 -20 -21 22 -23 -24
leaf_value=-0.079112675650479095 0.032048636750009789 0.01052528999892006 -0.0064569564874020898 0.0082744392781151001 -0.0019141336535186276 -0.020235198820321446 -0.064712328451712389 0.063560492683655226 0.01319668204398828 0.019722329344985953 -0.020036080654776269 -0.030742847520472474 0.020698947343293209 -0.044818556501202672 0.017589972721107995 -0.056603684758110374 -0.016039034638937598 0.047410023705269921 0.00015871542982459825 -0.017519124924203915 -0.032750981240046204 0.035013578697062203 -0.002558196513562538
leaf_weight=3.0905665131285769 3.2349119074642649 53.286636577453464 63.154022019356489 750.06035237479955 2709.6871910993941 186.99143538251519 4.5693666040897361 10.91084912791848 201.66923904791474 45.770322224125266 55.864810399711132 112.13959763012826 155.60176819562912 5.2920947987586251 21.327884186059237 11.897368457168339 24.444668307900429 10.085123695433138 83.952825851738453 6.521975575014948 2.867348013445735 21.74891185387969 3.5061127757653594
leaf_count=24 20 471 338 4284 22090 949 25 57 1193 262 472 682 1616 38 125 69 147 66 469 37 19 129 22
internal_value=-6.10871e-06 -0.000711102 -0.00157789 -0.000595489 0.000294711 -0.0134134 0.0107871 0.0159929 0.0114706 -0.0147037 -0.0021313 -0.0219932 0.011123 0.0128543 -0.00963261 -0.037652 -0.000369479 0.0140458 0.00522619 0.0191615 -0.0367054 0.0445504 -0.0161416
internal_weight=4547.68 4276.76 3976.95 3700.03 3459.75 240.278 299.803 238.898 206.239 276.929 101.635 175.294 270.918 261.454 60.9048 15.1323 45.7726 256.162 94.0379 162.124 9.46403 32.6598 6.37346
internal_count=33604 31313 29548 27794 26374 1420 1765 1404 1218 1754 734 1020 2291 2226 361 89 272 2188 535 1653 65 186 41
is_linear=0
shrinkage=0.05


Tree=129
num_leaves=30
num_cat=0
split_feature=7 4 0 1 10 1 11 1 2 0 0 8 0 10 8 8 2 3 6 11 9 1 6 3 4 1 1 2 4
split_gain=14.0639 15.5702 14.7764 23.9287 17.5539 12.2806 12.1395 9.55761 9.81474 10.3371 9.40061 9.35423 9.08729 8.21383 9.67442 9.22773 7.56149 7.08692 6.63001 6.57672 6.49475 4.64356 4.90923 4.62 4.24365 3.89258 3.61071 1.45433 1.39113
threshold=0.11167800453514741 4.614133648728564 11.500000000000002 6.6742424242424248 0.012517409470752092 6.2590299277605785 66.931572342050046 10.806250000000002 18.65333333333334 14.500000000000002 8.5000000000000018 0.066869918699187 30.500000000000004 0.011117978299684111 0.15349857201142394 0.043797953964194385 4.0312213039485778 0.69775807261167822 0.1101306173223449 83.184701704545489 0.15318947980238304 16.911067193675894 0.086685934489402719 0.61663372859025045 4.1407350352112688 9.6733333333333338 26.345238095238098 7.6676528599605538 3.9048399687743953
decision_type=2 2 2 2 2 2 2 2 2 2 2 2 2 2 2 2 2 2 2 2 2 2 2 2 2 2 2 2 2
left_child=1 2 11 5 -5 -4 10 8 13 -10 -3 20 19 15 -15 -2 -13 23 -12 -8 -1 22 -19 28 -25 -11 -23 -14 -9
right_child=7 6 3 4 -6 -7 12 17 9 25 18 16 27 14 -16 -17 -18 21 -20 -21 -22 26 -24 24 -26 -27 -28 -29 -30
leaf_value=0.057580444697965964 -0.039912451148629069 0.086263751353905363 0.0069191422288416935 0.0020598707507047888 -0.016794176442520233 0.034760730230308366 -0.021928566425255307 -0.064055694827939866 0.035722725223169445 -0.051508788559978994 -0.012509239815211163 -0.033618830792178346 -0.018494869586881211 -0.056533618152080536 0.020363817108634493 0.010400505529269089 0.0054528545846016085 -0.036578729909569153 0.0045712288828497058 0.01257518470219132 -0.025563183018925635 -0.0034704448861790252 -0.015895734120515339 0.015422539709372097 0.090572253353453105 -0.015062250916955816 -0.054730971534417389 -0.061358804302972039 -0.0020038812477092705
leaf_weight=6.242936132475732 9.7512382576242072 2.9445195347070685 77.031508008949459 3441.4262238643132 128.04728844203055 81.523311030585319 87.395036637783051 1.642317779362201 5.8156313225626937 18.405530263669792 109.55234246514738 57.661450494080782 2.2807723656296757 11.367970891296865 6.3888721317052832 139.29898972902447 15.769436802715061 56.477023681625724 118.01811943855137 16.402826346457005 3.7654908858239651 43.815517786890268 58.311265379190445 6.7211793921887857 2.6072903051972389 12.16999210603535 3.7275667004287234 14.949908588081597 2.0070556225255132
leaf_count=32 53 16 465 26287 775 560 508 24 28 111 1002 409 26 61 34 826 89 400 750 96 26 300 352 52 19 73 35 169 26
internal_value=-5.61348e-06 0.000833374 0.00176203 0.00222779 0.00138352 0.0212343 -0.00923525 -0.00923321 -0.00185332 -0.0253799 -0.00250276 -0.0190475 -0.0220582 0.00327932 -0.0288661 0.00710891 -0.0252281 -0.0177871 -0.0036513 -0.0164761 0.0262991 -0.0206296 -0.026072 0.0177675 0.0364267 -0.037002 -0.00748947 -0.055685 -0.0299289
internal_weight=4541.52 4163.01 3811.47 3728.03 3569.47 158.555 351.544 378.507 203.198 36.3912 230.515 83.4393 121.029 166.807 17.7568 149.05 73.4309 175.309 227.57 103.798 10.0084 162.331 114.788 12.9778 9.32847 30.5755 47.5431 17.2307 3.64937
internal_count=33604 31210 28643 28087 27062 1025 2567 2394 1186 212 1768 556 799 974 95 879 498 1208 1752 604 58 1087 752 121 71 184 335 195 50
is_linear=0
shrinkage=0.05


Tree=130
num_leaves=21
num_cat=0
split_feature=3 0 3 9 8 0 11 9 4 8 3 2 0 10 0 5 0 1 0 4
split_gain=13.6191 14.2802 36.4354 14.4098 14.4369 13.9248 9.18483 8.46849 8.44396 7.4973 5.77809 5.8305 4.86246 4.7362 3.6187 2.7727 0.0502836 0.000610393 0.000170228 0.000144421
threshold=0.4425504134629335 179.50000000000003 0.55889894419306196 0.12866572067423462 0.30094339622641514 31.500000000000004 72.615760088535367 0.091024165707710034 4.909545454545456 0.13517763046064937 0.50062972292191443 94.998046875000014 168.50000000000003 0.00066028572126133108 300.50000000000006 0.0062992282205424294 295.50000000000006 20.027777777777782 197.50000000000003 4.1601526717557258
decision_type=2 2 2 2 2 2 2 2 2 2 2 2 2 2 2 2 2 2 2 2
left_child=14 2 8 4 -4 -5 7 15 12 -9 11 -8 -2 -12 16 -3 17 19 -19 -1
right_child=1 6 3 5 -6 -7 10 9 -10 -11 13 -13 -14 -15 -16 -17 -18 18 -20 -21
leaf_value=0.050642694219857502 0.045507276915957615 -0.041842064568938367 0.0023899811187060227 -0.00050149729992779327 -0.02304856413716122 -0.010877723608704006 0.015221298184856701 -0.043124300596823824 -0.096108399894618113 0.010164206927303587 -0.038480681907655967 -0.061701217448967741 0.0031420765982465206 -0.015007420119704462 -0.0043273615315723227 0.01397376576904371 0.069715822897873189 0.051165465284754678 0.051961643142151064 0.051114159750961688
leaf_weight=11.354159963782879 55.181753694079816 14.781561167910697 2804.3377461675555 878.30185926519334 56.905466359108686 511.71344648767263 14.965142389759423 7.2850593216717234 1.1552080772817124 70.244022227823734 50.999934762716293 2.94883376546204 7.720565663650631 37.137733604758978 3.5671603903174391 2.6192502193152896 0.36118432879448015 1.4461726816371094 1.2530576121062038 1.8954840013757337
leaf_count=1033 1565 195 18605 5041 334 4177 405 86 7 838 515 30 122 375 20 30 4 73 40 109
internal_value=-5.94413e-06 -0.000187699 0.000419062 -0.000144903 0.00188405 -0.00432135 -0.0132156 -0.00191803 0.0378473 0.00515693 -0.0233284 0.00255902 0.0403074 -0.02859 0.0412905 -0.0334404 0.0512675 0.0508498 0.0515351 0.0507101
internal_weight=4536.17 4516.3 4315.32 4251.26 2861.24 1390.02 200.982 94.9299 64.0575 77.5291 106.052 17.914 62.9023 88.1377 19.8772 17.4008 16.3101 15.9489 2.69923 13.2496
internal_count=33604 32325 29851 28157 18939 9218 2474 1149 1694 924 1325 435 1687 890 1279 225 1259 1255 113 1142
is_linear=0
shrinkage=0.05


Tree=131
num_leaves=21
num_cat=0
split_feature=7 4 1 10 8 1 1 1 11 9 6 4 1 2 2 2 4 6 4 6
split_gain=13.5938 13.6693 15.606 16.8839 16.0276 11.4966 9.67696 7.31317 6.70785 6.55282 3.96688 3.30234 4.09939 3.06916 2.90709 2.52208 2.44064 3.95243 2.89792 2.21215
threshold=0.17445652173913045 3.4005813953488375 6.8090909090909095 0.012517409470752092 0.27823315118397091 6.5277777777777786 5.0769230769230775 11.660919540229886 84.173533205924542 0.23132664437012265 0.096830003348588031 3.6658914728682173 5.0769230769230775 2.6770833333333335 2.0123456790123462 16.005000000000003 4.2780641466208484 0.135619954018072 4.6007117437722433 0.074032552732104309
decision_type=2 2 2 2 2 2 2 2 2 2 2 2 2 2 2 2 2 2 2 2
left_child=1 8 5 4 -4 6 -3 -5 15 10 -10 13 -13 -2 -7 19 17 -14 -18 -1
right_child=11 2 3 7 -6 14 -8 -9 9 -11 -12 12 16 -15 -16 -17 18 -19 -20 -21
leaf_value=-0.080691850522508685 -0.074996963913404754 0.023744949006406946 -3.7117693335757897e-05 -0.011547866961252628 -0.020592172386088591 0.04918442181712615 -0.00043785426663263708 -0.037840737520395296 0.010168866988700688 -0.042021031787108747 0.024309204652719255 0.040164865821304872 -0.022962874002621425 -0.022370912681326582 0.023871070568974896 0.0061977772253458286 -0.05699783637561473 0.017458038170333076 -0.018380859098422301 -0.020258475863752526
leaf_weight=2.9282409856095892 5.3174364194273931 55.158011530525982 3685.0319663882256 100.09587343037128 97.340892110951245 14.896635718643664 165.46777500445023 35.94322213344276 181.51875547552481 5.3250350342132142 68.246520293410867 2.9033411964774123 22.476748460903767 5.7841890482231975 47.535899218171835 3.0669603198766708 8.3529619611799735 8.2739646397531015 11.611441617831586 3.1359159778803587
leaf_count=21 33 293 27737 571 627 103 979 317 1485 38 681 16 133 29 305 23 64 45 85 19
internal_value=-5.53228e-06 0.000324189 -0.000369529 -0.00118856 -0.00056611 0.0109684 0.00560802 -0.0184948 0.0113552 0.0128625 0.0140326 -0.0227563 -0.0176171 -0.0475776 0.0299109 -0.0307526 -0.020925 -0.012087 -0.0345379 -0.0494404
internal_weight=4530.41 4465.69 4201.47 3918.41 3782.37 283.058 220.626 136.039 264.221 255.09 249.765 64.7201 53.6185 11.1016 62.4325 9.13112 50.7151 30.7507 19.9644 6.06416
internal_count=33604 33199 30932 29252 28364 1680 1272 888 2267 2204 2166 405 343 62 408 63 327 178 149 40
is_linear=0
shrinkage=0.05


Tree=132
num_leaves=31
num_cat=0
split_feature=3 0 0 3 0 3 3 11 10 0 8 11 3 0 10 8 2 11 6 5 2 1 8 4 1 2 0 2 3 2
split_gain=13.373 40.718 35.2819 31.4551 28.593 15.2561 14.2351 15.9939 16.2122 15.6405 14.1591 14.0708 16.2313 20.9356 15.6306 16.6647 11.6129 9.37918 9.35523 8.56872 8.46903 8.39851 8.27754 8.06457 6.31148 6.28313 6.43674 6.17174 5.79196 3.4991
threshold=0.65863337204800632 117.50000000000001 52.500000000000007 0.78281378178835126 40.500000000000007 0.88284313725490204 0.53440555841482251 70.038537969761009 0.00060114352785063457 271.50000000000006 0.094179371353284413 65.566296526054629 0.78193473193473206 79.500000000000014 0.0012812305065826193 0.16869317761844929 28.226813590449961 97.843291900561397 0.040066889632107035 0.0066890380313199115 0.92444444444444451 18.236694677871153 0.17146626460610634 4.2386075219197048 13.659420289855074 162.39875000000004 37.500000000000007 29.431082589285719 0.81678403755868556 6.6894290123456797
decision_type=2 2 2 2 2 2 2 2 2 2 2 2 2 2 2 2 2 2 2 2 2 2 2 2 2 2 2 2 2 2
left_child=1 18 3 10 5 -5 9 8 -8 27 17 14 13 -13 19 -16 -12 -2 25 -4 24 -22 -11 -9 -20 26 -1 -3 -6 -14
right_child=2 6 11 4 28 -7 7 23 -10 22 16 12 29 -15 15 -17 -18 -19 20 -21 21 -23 -24 -25 -26 -27 -28 -29 -30 -31
leaf_value=0.049251958338587982 -0.020753551201701834 0.054497800633161897 -0.01318642992844375 0.0046018529730790939 -0.012731608372300841 -0.0033133731111960421 -0.0049375203480291965 -0.012923052981721406 0.040156139467381967 0.0033768516066328539 0.0095230317242992538 -0.0032974069551986577 0.010432273639340805 -0.024682624536991604 0.086404416556905561 0.0012708548679664527 0.026103440214782739 0.0247391067128299 -0.12246718125103756 0.031172196302924324 0.031116651053485007 0.0078267920141860039 -0.047803366479711479 -0.04142374009345242 0.0013858634324687188 0.078500782026974317 -0.019521246829420677 0.01865923480473556 -0.03240892767299914 -0.041441497054066252
leaf_weight=3.9333827430382433 49.504359543323517 16.041621855925769 62.695923751220107 1044.5590538252145 75.219572633504868 1459.2079798690975 72.635264303535223 174.76954635977745 27.470168683677912 23.62448718957603 344.08005532808602 285.8417187537998 3.434998206794261 190.86240843962878 10.903275843709709 12.158024732023476 152.37375611439347 14.692368954420088 1.6098221060819913 13.174464017152784 184.62637146376073 48.977270462550223 11.869374868459998 28.928940080106258 2.8491349741816521 2.1415583640336981 25.196350696496665 47.832569730002433 74.372159838676453 60.65006482321769
leaf_count=65 309 1036 692 5776 471 8327 788 1541 268 321 2374 1846 31 1732 98 130 923 122 32 132 2928 364 148 255 34 21 242 1096 780 722
internal_value=-5.21648e-06 0.00650069 -0.00114055 0.000993858 -0.00127988 -1.11805e-05 -0.00355508 -0.00892827 0.00743674 0.0128727 0.0117546 -0.011864 -0.0150356 -0.0118596 0.00547331 0.0415216 0.014612 -0.0103419 0.0215534 -0.00548381 0.0249308 0.0262337 -0.0137381 -0.0169707 -0.0433289 -0.00415791 -0.0102348 0.0276599 -0.0225145 -0.038661
internal_weight=4526.24 672.506 3853.73 3214.01 2653.36 2503.77 403.172 303.804 100.105 99.3681 560.651 639.721 540.789 476.704 98.9317 23.0613 496.454 64.1967 269.334 75.8704 238.063 233.604 35.4939 203.698 4.45896 31.2713 29.1297 63.8742 149.592 64.0851
internal_count=33604 9139 24465 19082 15354 14103 5453 2852 1056 2601 3728 5383 4331 3578 1052 228 3297 431 3686 824 3358 3292 469 1796 66 328 307 2132 1251 753
is_linear=0
shrinkage=0.05


Tree=133
num_leaves=28
num_cat=0
split_feature=7 2 3 0 0 3 11 3 0 3 0 8 7 6 1 11 0 8 2 9 5 11 0 8 3 1 4
split_gain=13.0839 12.8926 14.9224 21.9781 15.879 27.806 25.6608 11.9562 11.0586 13.6 13.3684 11.6899 10.9706 9.64202 8.80355 8.33947 10.4116 9.7368 7.47685 7.68143 7.24195 7.60243 9.31649 5.21828 4.11634 3.52074 3.35422
threshold=0.075030266343825688 119.4730864197531 0.59881980225595333 156.50000000000003 73.500000000000014 0.75937646507266776 68.200759441707746 0.46609241550478142 24.500000000000004 0.83438818565400863 11.500000000000002 0.23065407646245975 0.1178513071895425 0.06056618819776715 6.8090909090909095 81.092456970916899 60.500000000000007 0.12801384083044984 1.0200000000000002 0.18063922356091033 0.017897181294042285 75.341842105263197 51.500000000000007 0.15630681818181821 0.88029850746268667 12.918333333333335 3.5518360949395436
decision_type=2 2 2 2 2 2 2 2 2 2 2 2 2 2 2 2 2 2 2 2 2 2 2 2 2 2 2
left_child=1 2 3 13 5 -4 -6 -5 10 15 18 12 -12 -1 -11 17 -17 -10 25 -20 21 22 -3 -16 -13 -2 -23
right_child=8 20 4 7 6 -7 -8 -9 9 14 11 24 -14 -15 23 16 -18 -19 19 -21 -22 26 -24 -25 -26 -27 -28
leaf_value=0.0085221499867041348 -0.04412901529087962 0.033880036989745808 0.013265264434188044 0.039857085766185602 0.015499742698889072 0.00011673445642917825 -0.015024586849993369 -0.0045824968944415114 -0.016243797157770308 0.060908809467381857 0.011184408407215294 -0.00075281301688095894 -0.0045233291684119601 0.04051317920532823 -0.017939850730507221 -0.0043860579411823695 -0.028022711733815264 0.0077818927255242382 -0.013706019433120782 0.063227451728752368 0.05111160956573918 0.0046520224579754714 -0.012658733805318973 -0.038577103209638308 -0.034052844066505987 -0.0005716415948084164 -0.035306901734393208
leaf_weight=34.086402136832476 29.180639870464802 12.440832937136291 497.85025218501687 17.239827607292682 88.937841596081853 2090.4698816910386 304.87529120780528 123.98847670899704 56.861213751602918 3.0360816046595565 286.75614042580128 14.100227892398832 181.52521710563451 76.221233483869582 87.201802148483694 137.62366982037202 70.432157540228218 163.2173117636703 18.309267237782482 3.943307325243949 4.2795370221137992 5.9600428557023397 79.303603548556566 47.216975310817361 27.148653205484152 5.516292091459035 44.191577356308699
leaf_count=519 259 117 3871 1050 764 12155 2462 1297 478 15 1590 72 1003 1802 659 880 738 1458 110 28 34 42 1134 402 174 46 445
internal_value=-5.7697e-06 0.00155251 0.00220908 0.0139042 0.00122263 0.00264579 -0.00813104 0.000842271 -0.00465809 -0.00960376 0.000279812 0.00284771 0.00509544 0.0306276 -0.0232873 -0.00521058 -0.0123877 0.00157443 -0.0226953 -7.28859e-05 -0.012972 -0.0149048 -0.00634793 -0.0251891 -0.0226698 -0.037204 -0.0305582
internal_weight=4511.91 3379.84 3233.67 251.536 2982.13 2588.32 393.813 141.228 1132.07 565.589 566.48 509.53 468.281 110.308 137.455 428.134 208.056 220.079 56.9495 22.2526 146.176 141.896 91.7444 134.419 41.2489 34.6969 50.1516
internal_count=33604 25692 23920 4668 19252 16026 3226 2347 7912 4630 3282 2839 2593 2321 1076 3554 1618 1936 443 138 1772 1738 1251 1061 246 305 487
is_linear=0
shrinkage=0.05


Tree=134
num_leaves=29
num_cat=0
split_feature=6 8 8 4 11 2 0 3 5 0 3 9 3 6 8 11 0 6 3 2 11 9 8 3 4 6 11 2
split_gain=12.9785 15.1897 15.0531 13.8198 13.424 12.9306 12.2272 11.3688 11.2294 11.6265 18.8401 15.8866 9.30444 9.20562 8.69699 8.09746 9.44316 7.94298 6.53673 6.05122 5.98616 5.8593 5.70593 5.14415 3.75412 3.35622 4.6628 4.06909
threshold=0.047386242129024599 0.17654375182908988 0.099848942598187329 4.4547859547859554 66.738557885484695 37.251038781163437 31.500000000000004 0.80712322976115003 0.038711288711288719 36.500000000000007 0.85215543412264727 0.11596474490027715 0.76370794559770949 0.19069264069264072 0.04819976771196284 81.631057971014528 83.500000000000014 0.098099362444364263 0.64719012605042037 46.711383219954662 44.010675675675706 0.10519881611118261 0.083020050125313286 0.79193722943722955 4.0863133248190726 0.021563498982853826 99.249802631578959 50.243966942148766
decision_type=2 2 2 2 2 2 2 2 2 2 2 2 2 2 2 2 2 2 2 2 2 2 2 2 2 2 2 2
left_child=6 2 13 5 -5 -4 7 19 9 10 -3 -11 15 14 -2 18 -17 -10 -8 23 -9 -22 -15 -1 -19 27 -27 -14
right_child=1 8 3 4 -6 -7 12 20 17 11 -12 -13 25 22 -16 16 -18 24 -20 -21 21 -23 -24 -25 -26 26 -28 -29
leaf_value=0.0057355625423950113 -0.026209545288562897 0.01265989114864067 0.0093240775969394545 0.0050767285954783879 -0.018634048696251845 6.8509494321870525e-06 0.017032518237245161 0.065877243366798108 0.01648559883953064 -0.003633676841154441 -0.0040093483012819762 -0.024867179802122837 -0.062736757920566141 0.028813911588683402 -0.0045014800728211289 -0.0084261273645589007 -0.04117412952890203 -0.025662695228206807 -0.009828010858069126 0.064427424168175471 -0.018753630214325436 -0.0021643617637611759 -0.011314127465382308 0.039946274258273996 -0.074935080118720979 -0.020279597830230398 -0.074498486779765269 0.002270457653578241
leaf_weight=55.715457813814282 53.500043316744268 243.13638765877113 1309.663245301228 126.68342334125191 112.88691620994359 520.3263984802179 41.322883604094386 2.9758141599595538 4.9109316030517247 361.13057243824005 559.7531780730933 116.51057892339304 12.235221976414321 30.062331862747669 335.32942115189508 75.533139975275844 31.06785354623571 6.2728488445282009 50.12493371963501 6.0993138402700415 65.851791255176067 277.63365546613932 12.559826851822434 13.687794424593447 10.074495650827883 60.209413459524512 4.2449622452259055 2.9968159180134526
leaf_count=391 319 1527 10016 978 750 4765 428 20 33 3339 3177 1174 98 176 2298 530 345 39 436 34 353 1587 68 69 52 551 19 32
internal_value=-5.92494e-06 0.00114556 0.00342541 0.00519655 -0.00609593 0.00667488 -0.00626415 -0.000901789 -0.0032345 -0.00263616 0.00103854 -0.00881315 -0.0144112 -0.00507028 -0.00748835 -0.00860616 -0.0179702 -0.0392765 0.00230956 0.0166789 -0.00473306 -0.0053448 0.016989 0.0124826 -0.0560281 -0.0288388 -0.0238505 -0.049947
internal_weight=4502.5 3802.8 2501.01 2069.56 239.57 1829.99 699.699 421.964 1301.79 1280.53 802.89 477.641 277.735 431.452 388.829 198.049 106.601 21.2583 91.4478 75.5026 346.461 343.485 42.6222 69.4033 16.3473 79.6864 64.4544 15.232
internal_count=33604 28711 19370 16509 1728 14781 4893 2454 9341 9217 4704 4513 2439 2861 2617 1739 875 124 864 494 1960 1940 244 460 91 700 570 130
is_linear=0
shrinkage=0.05


Tree=135
num_leaves=31
num_cat=0
split_feature=1 3 0 0 3 0 11 10 11 3 8 8 2 9 10 9 3 8 2 2 1 0 11 11 1 7 4 6 8 3
split_gain=12.5225 13.3289 33.1023 27.0908 27.3429 38.1098 22.8054 24.5976 13.0902 24.5759 12.317 12.1457 10.6657 7.09578 6.45684 4.39818 4.21134 5.84601 7.708 7.98149 5.53289 8.57861 4.71889 9.25634 6.62366 5.92687 3.49754 1.89144 1.64491 1.581
threshold=24.516666666666669 0.64719012605042037 123.50000000000001 63.500000000000007 0.78281378178835126 40.500000000000007 68.200759441707746 0.0034077356586527693 76.340498106060636 0.56108990670059378 0.094179371353284413 0.19238026124818583 19.040775623268704 0.15799875182026216 0.01335562987736901 0.1622329135418141 0.72016949152542387 0.22254806125773871 204.22829861111111 64.94280991735539 41.125000000000007 60.500000000000007 74.983321342925692 72.831866925064631 26.881944444444446 0.0078432578740157497 3.334549878345499 0.029055860419304917 0.25026539278131638 0.56351398754713677
decision_type=2 2 2 2 2 2 2 2 2 2 2 2 2 2 2 2 2 2 2 2 2 2 2 2 2 2 2 2 2 2
left_child=1 2 13 4 10 -6 7 -5 11 -10 -3 -4 -8 14 -1 -15 17 20 19 -19 21 -2 23 25 -25 -18 -24 -28 -20 -22
right_child=16 3 8 6 5 -7 12 -9 9 -11 -12 -13 -14 15 -16 -17 22 18 28 -21 29 -23 26 24 -26 -27 27 -29 -30 -31
leaf_value=0.025983948986946132 0.047612993846743383 -0.0097200072704144592 0.014642972838520904 0.0016745969111047945 0.000315872099568411 -0.023184004389911861 -0.001523369369840637 0.091930118982718412 0.0060699331587167147 -0.032396666980769637 0.011981258850876083 -0.021411483061467437 -0.022567977680923723 -0.057721696350585841 -0.071240081141532283 0.0047387135105553813 0.0064886678083378065 -0.0032935573642500788 -0.059239899787952167 0.13232964787690299 -0.0200374161768259 -0.012256970580259055 0.0074391923498183174 0.091681054629367265 -0.0012839205672443702 -0.03291158640166645 -0.0080096515099224285 -0.054793352323664307 0.012414694350064981 -0.079371368289118491
leaf_weight=204.29336406104267 6.6546311751008025 72.914132341742516 126.77600446669385 90.450124802067876 2449.6802488192916 185.59310997463763 76.99120107665658 8.2363204937428218 87.53585828980431 78.991715641692281 633.16023457236588 28.63436177931726 276.17468403838575 3.602657399140301 1.7220993060618628 12.946999407839028 13.030594572424887 1.8138350881636132 1.6099966000765564 2.6990772541612387 1.6608738908544172 59.30719958525151 3.1974989920854595 3.1793278343975526 4.8219630066305399 35.680552100762725 2.4697520295158055 17.25103285908699 1.5938059343025086 3.4648409839719534
leaf_count=3177 37 495 1182 829 13725 1676 500 65 2331 656 4257 290 2427 35 17 144 79 24 19 32 39 806 15 26 35 457 17 146 25 41
internal_value=-5.97925e-06 0.000498323 0.00781375 -0.000551785 0.00100209 -0.00133914 -0.0120423 0.00920728 -0.00243667 -0.0121766 0.00974024 0.00799994 -0.0179802 0.0226409 0.0251712 -0.00885815 -0.013813 -0.00561853 0.0357153 0.0778198 -0.0101054 -0.00621692 -0.0219224 -0.0141849 0.0356559 -0.0223717 -0.0410693 -0.0489343 -0.0235937 -0.0601455
internal_weight=4496.14 4337.7 544.503 3793.2 3341.35 2635.27 451.852 98.6864 321.938 166.528 706.074 155.41 353.166 222.565 206.015 16.5497 158.435 78.8043 7.71671 4.51291 71.0875 65.9618 79.6307 56.7124 8.00129 48.7111 22.9183 19.7208 3.2038 5.12571
internal_count=33604 31806 7832 23974 20153 15401 3821 894 4459 2987 4752 1472 2927 3373 3194 179 1798 1023 100 56 923 843 775 597 61 536 178 163 44 80
is_linear=0
shrinkage=0.05


Tree=136
num_leaves=29
num_cat=0
split_feature=9 9 3 0 0 3 10 9 2 2 5 6 0 2 1 3 8 3 7 7 9 1 1 0 0 11 10 9
split_gain=12.1104 14.3762 15.9272 30.2763 20.8239 28.7581 14.708 10.9497 7.85517 7.64818 5.55585 5.15023 8.47292 6.23061 5.02357 6.1087 5.08657 6.9967 4.94026 4.34778 5.54314 3.79371 6.64733 3.67754 3.38762 2.98488 2.08788 0.744824
threshold=0.15799875182026216 0.15718778077268644 0.91723744292237452 22.500000000000004 30.500000000000004 0.8239268680445152 0.017021584818194994 0.15318947980238304 30.675130208333339 55.047777777777782 0.0053619688344546034 0.066726835138387494 22.500000000000004 5.1047394164277291 22.207142857142859 0.61120926580290547 0.17386397094906272 0.7949768810424549 0.050518482699333768 0.036250657054892249 0.16700680272108845 9.9479578392621892 10.204166666666667 29.500000000000004 31.500000000000004 93.590317875260396 0.000574218811823731 0.17875939849624065
decision_type=2 2 2 2 2 2 2 2 2 2 2 2 2 2 2 2 2 2 2 2 2 2 2 2 2 2 2 2
left_child=1 2 4 7 6 -6 -1 -4 21 10 11 12 -2 -13 16 -16 23 -18 -10 20 -12 25 -23 -11 -5 -3 -21 -17
right_child=9 8 3 24 5 -7 -8 -9 18 14 19 13 -14 -15 15 27 17 -19 -20 26 -22 22 -24 -25 -26 -27 -28 -29
leaf_value=0.0094246875801313745 0.0067620432199280798 0.030847640846502124 -0.00052918138147375806 -0.024889776277178213 0.0015850937282802715 -0.016880228147617901 -0.019879011979478334 -0.045838380182107848 0.019977491424682223 -0.01499729116635567 0.046656925882124993 -0.019453361745694762 -0.0094650019695989469 -0.0024779314252933969 0.094424662636153789 -0.056016037503644311 0.053089514158134211 -0.045154813229652452 -0.062447476686244265 -0.067130185531387165 -0.041318185064350255 0.063903903942353624 0.01567335210491266 -0.054155612554150016 -0.050615067368614243 -0.0046530114005529774 -0.015003226475582497 0.0046242838465249368
leaf_weight=974.38866991410032 186.3780993167311 15.402704879641535 690.24288905784488 114.44767950102687 1727.7250342690386 240.16726273950189 44.788538185879588 13.596966579556463 3.4275924097746602 8.4518536776304263 3.1468703662976649 98.683904458768666 141.53163914382458 119.52293141931295 1.7839100267738097 1.2477015852928164 3.6295884475111952 3.6194266881793737 3.8709779400378466 7.6060236264020187 4.1541284108534455 17.054203029721975 12.293995936866851 20.633352619595826 14.408238139003513 9.6184297129511815 2.5700714215636253 0.85225648060441006
leaf_count=5850 1060 76 3640 770 16555 1886 244 101 24 60 22 626 999 763 18 29 34 42 26 63 28 109 76 233 170 65 17 18
internal_value=-6.87549e-06 0.00101786 0.000631219 -0.00548385 0.0023359 -0.000668468 0.00813691 -0.00140448 0.0249667 -0.00659409 -0.00509086 -0.00420277 -0.000241836 -0.0101551 -0.0276595 0.0263899 -0.033437 0.00403621 -0.0237386 -0.0328413 -0.00339923 0.0315049 0.0437001 -0.0427766 -0.0277663 0.0172008 -0.053965 -0.0314055
internal_weight=4485.24 3881.43 3819.77 832.696 2987.07 1967.89 1019.18 703.84 61.6679 603.812 563.594 546.117 327.91 218.207 40.2181 3.88387 36.3342 7.24902 7.29857 17.4771 7.301 54.3693 29.3482 29.0852 128.856 25.0211 10.1761 2.09996
internal_count=33604 29592 29216 4681 24535 18441 6094 3741 376 4012 3578 3448 2059 1389 434 65 369 76 50 130 50 326 185 293 940 141 80 47
is_linear=0
shrinkage=0.05


Tree=137
num_leaves=24
num_cat=0
split_feature=1 4 6 0 10 7 0 10 10 0 2 7 8 3 3 8 6 4 11 4 9 9 4
split_gain=12.0939 14.9332 12.8565 12.7222 14.5273 10.6506 8.61906 6.7724 5.88332 4.57976 4.15235 6.76822 4.90757 3.8154 3.56938 5.48629 2.74493 5.26792 2.67777 2.4257 1.90628 1.01502 1.02201
threshold=5.0769230769230775 5.1012195121951232 0.047386242129024599 10.500000000000002 0.013015245623941277 0.01590463542654778 9.5000000000000018 0.030457637600494747 0.0025199500455093883 11.500000000000002 1.5679012345679015 0.083176100628930827 0.14262598243180771 0.907192075796727 0.938137755102041 0.20020449897750514 0.20185185185185187 4.5762787723785179 95.586810483870991 5.1489511899959668 0.083200212992545278 0.090586022319850537 4.6255252100840343
decision_type=2 2 2 2 2 2 2 2 2 2 2 2 2 2 2 2 2 2 2 2 2 2 2
left_child=9 2 5 7 -5 13 -3 -4 -7 10 11 20 -12 -2 15 -8 17 18 -11 -16 -1 22 -18
right_child=1 6 3 4 -6 8 14 -9 -10 16 12 -13 -14 -15 19 -17 21 -19 -20 -21 -22 -23 -24
leaf_value=0.073451468349101615 0.010025949766345309 0.043248789644378165 -0.031508964643569448 0.0022112131330589671 -0.014217857840596601 -0.0075081949473310532 0.0026935467527964478 0.042510098394545101 -0.022442012315334478 0.048637244048496384 0.013925389247478777 -0.017533299612440389 -0.061178597459621675 -0.0062597748818737815 -0.073699345102043096 -0.035779356072346245 0.020295793689470418 -0.015789732543610362 0.0049693584013526856 -0.033108848702493719 0.026376633774699777 0.071826032877974802 0.058938972385994041
leaf_weight=4.3513641674071568 112.65274517191574 4.7223509997129431 39.743368249386549 3474.1591181256808 139.97565058991313 440.70419440371916 19.380280788987875 3.3508042246103278 77.557254157960415 13.742203482426708 4.5191710367798787 6.4603130891919127 4.1934351325035095 52.829411264508963 4.1837614998221389 17.756130686961114 3.1135209873318654 6.1995656639337531 4.7152456510812035 30.609721966087818 4.2519948892295361 4.6086011976003647 3.7983433622866869
leaf_count=20 764 37 292 26787 841 3122 142 23 620 76 21 33 21 292 27 122 21 31 31 208 21 27 25
internal_value=-7.22146e-06 -0.000309945 7.63515e-05 0.00125289 0.00157491 -0.00621678 -0.0221867 -0.0257536 -0.00974302 0.0222986 0.00525227 0.0211434 -0.0222227 0.00482681 -0.0264827 -0.0157016 0.0335016 0.0240875 0.0374816 -0.0379897 0.0501859 0.0536506 0.0415318
internal_weight=4477.58 4417.62 4340.97 3657.23 3614.13 683.744 76.6522 43.0942 518.261 59.9538 23.7763 15.0637 8.71261 165.482 71.9299 37.1364 36.1775 24.657 18.4574 34.7935 8.60336 11.5205 6.91186
internal_count=33604 33277 32741 27943 27628 4798 536 315 3742 327 116 74 42 1056 499 264 211 138 107 235 41 73 46
is_linear=0
shrinkage=0.05


Tree=138
num_leaves=20
num_cat=0
split_feature=3 0 3 0 3 11 0 8 0 0 9 6 11 4 0 0 1 0 4
split_gain=11.8738 12.677 31.8697 13.1613 30.9458 24.5443 7.97977 6.73309 8.47426 6.27769 5.26201 5.05626 4.98092 3.68994 3.54089 0.0379055 0.000525437 0.000151244 0.000107851
threshold=0.4425504134629335 199.50000000000003 0.56823187825390475 57.500000000000007 0.74478940512375169 66.447995179325659 355.50000000000006 0.20020449897750514 142.50000000000003 287.50000000000006 0.12199923180334167 0.056845109866436885 82.110567300916173 4.2503481894150426 300.50000000000006 295.50000000000006 20.788888888888895 197.50000000000003 4.1601526717557258
decision_type=2 2 2 2 2 2 2 2 2 2 2 2 2 2 2 2 2 2 2
left_child=14 2 7 4 -4 -5 9 11 -9 10 -3 -2 -11 -8 15 16 18 -18 -1
right_child=1 6 3 5 -6 -7 13 8 -10 12 -12 -13 -14 -15 -16 -17 17 -19 -20
leaf_value=0.050592946149216902 0.011954871215779888 -0.018155618769565122 0.014989092892742223 0.012796632015261641 -0.0005563589954697719 -0.0095721607380344475 0.0042984186851492681 0.025207498820344211 -0.074820584185853606 -0.025948162197305419 0.0051022576957318565 0.039965533030612822 -0.075572208584209627 0.079233639884199694 -0.004834966475422379 0.067729621661577713 0.051099924332602499 0.051924180856989445 0.051020975624254741
leaf_weight=10.346707403659819 21.353582070209086 70.17222189065069 358.7650455404073 147.63883476704359 2973.2410399559885 724.02811921667308 3.4788131713867179 5.6540551390498859 3.3850271115079522 36.511074839159846 37.21770289959386 65.62198950862512 5.8695977795869103 3.1127573326230049 3.4958142340183249 0.33781869709491807 1.179786402732135 1.053493565879762 1.7157367039471854
leaf_count=1046 309 927 3081 1396 17485 6232 22 133 28 509 442 1693 49 19 20 4 64 35 110
internal_value=-7.2066e-06 -0.000171502 0.000337069 -0.000313502 0.00111746 -0.00578344 -0.0141563 0.0288201 -0.0122518 -0.0165259 -0.0100952 0.0330886 -0.0328209 0.0396853 0.0403752 0.0511754 0.0507843 0.0514887 0.0506538
internal_weight=4474.18 4456.05 4299.69 4203.67 3332.01 871.667 156.362 96.0147 9.03908 149.771 107.39 86.9756 42.3807 6.59157 18.1294 14.6335 14.2957 2.23328 12.0624
internal_count=33604 32325 30357 28194 20566 7628 1968 2163 161 1927 1369 2002 558 41 1279 1259 1255 99 1156
is_linear=0
shrinkage=0.05


Tree=139
num_leaves=22
num_cat=0
split_feature=7 0 3 0 1 6 11 1 1 1 0 11 2 6 3 6 4 2 1 10 0
split_gain=11.8762 13.0265 30.0429 19.2109 17.0093 19.7769 16.0935 15.9445 38.8448 17.7964 15.6173 13.3609 12.0313 11.469 5.50692 3.88599 2.9875 2.7492 2.42986 3.1037 2.61698
threshold=0.17445652173913045 19.500000000000004 0.86996779388083745 15.500000000000002 14.131884057971016 0.074121436014019146 73.798436752749907 9.4316770186335415 10.327956989247314 7.3484848484848486 34.500000000000007 87.855974080267586 1.0000000180025095e-35 0.17287356321839084 0.92637759710930456 0.16152751423149908 3.6658914728682173 2.6770833333333335 5.3500000000000005 0.010537419498112372 10.500000000000002
decision_type=2 2 2 2 2 2 2 2 2 2 2 2 2 2 2 2 2 2 2 2 2
left_child=1 3 4 11 5 -3 -6 9 -9 -5 13 14 -13 -4 -1 -12 17 -2 -18 20 -20
right_child=16 2 10 7 6 -7 -8 8 -10 -11 15 12 -14 -15 -16 -17 18 -19 19 -21 -22
leaf_value=0.014519010200135331 -0.071132160137102204 -0.0027152104975128374 -0.011711889913140936 0.0087189826835112009 0.0037015956685780855 0.0097163525923640182 -0.0078441838557315787 0.030954529136997949 0.0021532879599290319 -0.025229801791002888 -0.043213168306120771 -0.026199882709489666 -0.0028461586757577255 0.011900190267801525 0.000312744055357294 0.023817778204510913 0.020151079346495498 -0.021219450202506727 -0.058750171811089484 -0.060416814413496389 -0.012266284134757954
leaf_weight=98.974338985979557 5.2842517197132093 525.65921840211377 487.2137574441731 119.82655882416293 502.08725019311532 817.41619496699423 756.67041507316753 216.64049340691417 254.72164246998727 56.950124088674784 42.842018488794565 83.585396697744727 162.10867641214281 57.496483895927668 219.51016373932362 2.2770976070314637 4.1679284423589698 5.7726270090788603 3.269853312522172 4.2553897723555556 40.912261672317982
leaf_count=531 33 3978 2979 771 4727 7105 6443 1534 1335 320 576 494 854 323 1207 22 23 29 37 26 257
internal_value=-6.63679e-06 0.000303311 -0.00137264 0.00471557 0.000937067 0.00485083 -0.00323886 0.0105879 0.0153905 -0.00221791 -0.0115611 -0.00203066 -0.0107911 -0.00921953 0.00472758 -0.0398302 -0.021448 -0.0450735 -0.0164822 -0.0196344 -0.0157065
internal_weight=4467.64 4403.98 3191.66 1212.32 2601.83 1343.08 1258.76 648.139 471.362 176.777 589.829 564.179 245.694 544.71 318.485 45.1191 63.6623 11.0569 52.6054 48.4375 44.1821
internal_count=33604 33199 26153 7046 22253 11083 11170 3960 2869 1091 3900 3086 1348 3302 1738 598 405 62 343 320 294
is_linear=0
shrinkage=0.05


Tree=140
num_leaves=31
num_cat=0
split_feature=4 11 0 3 3 0 0 1 9 6 2 0 0 3 11 3 2 11 11 6 4 8 2 6 7 4 10 5 1 1
split_gain=12.1249 13.6403 21.7821 35.891 31.0227 26.0441 24.0076 16.3496 11.9881 10.5134 10.2608 9.34238 8.62707 6.97388 11.2908 7.1207 6.49632 5.86814 5.6997 5.66398 5.51235 5.46047 5.7794 5.25542 5.48617 4.36487 4.27293 4.16179 4.08186 3.37019
threshold=4.5762787723785179 73.798436752749907 70.500000000000014 0.62970031099802104 0.75773524720893148 49.500000000000007 132.50000000000003 26.035714285714288 0.16319293674916777 0.019324122479462288 19.340136054421773 26.500000000000004 17.500000000000004 0.92052631578947375 60.956064987857694 0.913664596273292 169.02000000000001 69.503750000000039 53.158208548479656 0.08198889756266807 4.3781435612283586 0.099848942598187329 1.5679012345679015 0.10478269910584322 0.14243448858833477 4.7698612862547298 0.012220009955201594 0.0045095885953673771 10.604347826086958 13.93933823529412
decision_type=2 2 2 2 2 2 2 2 2 2 2 2 2 2 2 2 2 2 2 2 2 2 2 2 2 2 2 2 2 2
left_child=1 7 4 6 9 -6 -4 8 11 -3 -5 -1 17 14 16 -16 -14 23 19 -9 -10 22 -19 24 -2 28 -25 -20 -15 -23
right_child=12 2 3 10 5 -7 -8 18 20 -11 -12 -13 13 25 15 -17 -18 21 27 -21 -22 29 -24 26 -26 -27 -28 -29 -30 -31
leaf_value=0.020942368084887097 -0.00097356610644947026 -0.02038975239517285 0.019945075980580002 -0.0034883757293570844 -3.5088344622186752e-05 -0.026075529743927114 -0.0095113058536759575 -0.014380514157282099 -0.030039906411241536 0.014141118700282654 -0.028386388640196158 0.0073617079401800877 0.0063302657815959215 0.0063822137454999026 -0.022618227267422727 0.056092313436969569 -0.04106421708154516 -0.016715188141145833 -0.029715762257116821 0.046388823256636347 0.0077285961718074475 -0.018940769740842682 0.058354348103349676 0.017733034709841937 -0.057883422584059097 -0.041461241847885077 -0.022664900609657649 0.0056459463046066756 -0.035428015726956467 0.02163339907919647
leaf_weight=177.92590760812163 33.340307656675577 23.106930199544877 116.68098771199584 51.981979018077254 2119.8399626147002 100.5734598916024 169.88470634631813 9.2480060476809722 26.708354403264821 478.67704328219406 202.88872761651874 439.29891806468368 93.291367763653398 12.581286758184435 106.80817409884185 2.9528423231095067 7.837660862132906 4.7909293770790082 45.320274061523378 6.5501458821818224 15.135795859619973 62.231816649436951 5.5154606327414513 75.430403329432011 4.8509688824415198 31.706755375489593 7.1675421670079222 10.19173654168844 10.890787834301589 5.5765561349689952
leaf_count=963 192 185 1907 339 11994 820 2986 106 209 4325 1776 3699 810 87 850 26 150 34 563 84 127 347 28 382 39 265 40 125 111 35
internal_value=-6.21685e-06 0.000883395 -0.000498901 -0.00965806 0.00132283 -0.00121459 0.00248245 0.00706006 0.00952077 0.012551 -0.0233083 0.0112766 -0.00764778 -0.0135364 -0.00939574 -0.0205007 0.00265712 0.000229256 -0.0156825 0.0108153 -0.0163783 -0.0104501 0.0234582 0.00713564 -0.00820213 -0.0293617 0.0142275 -0.0232235 -0.0130173 -0.015604
internal_weight=4458.99 3994.01 3263.63 541.436 2722.2 2220.41 286.566 730.379 659.069 501.784 254.871 617.225 464.973 266.069 210.89 109.761 101.129 198.904 71.3102 15.7982 41.8442 78.1148 10.3064 120.789 38.1913 55.1788 82.5979 55.512 23.4721 67.8084
internal_count=33604 30208 24332 7008 17324 12814 4893 5876 4998 4510 2115 4662 3396 2299 1836 876 960 1097 878 190 336 444 62 653 231 463 422 688 198 382
is_linear=0
shrinkage=0.05


Tree=141
num_leaves=31
num_cat=0
split_feature=8 1 10 2 9 3 0 11 1 11 7 3 9 3 0 2 9 9 2 1 4 2 9 1 3 0 9 4 1 9
split_gain=11.7077 13.8173 13.6637 17.882 16.1083 12.501 11.6742 13.8551 11.4004 10.2825 13.8044 9.52036 8.84947 8.14275 15.419 7.73132 7.69043 7.21202 7.11783 6.38707 6.15531 5.83814 7.412 5.34931 4.9676 5.71241 3.83505 4.21714 3.62935 1.15919
threshold=0.21313632441760141 26.552380952380958 0.0059940119760479053 20.005000000000003 0.1501295336787565 0.69452761144377917 32.500000000000007 61.326500000000038 9.0156250000000018 94.997435897435935 0.076523881320338175 0.91723744292237452 0.061925832279814588 0.72758194186765623 62.500000000000007 34.478298611111121 0.033473389355742303 0.083200212992545278 20.228298611111118 7.2613636363636376 3.4872606296656934 1.0000000180025095e-35 0.035929432013769365 14.977272727272728 0.52393684746625935 229.50000000000003 0.061925832279814588 3.9048399687743953 43.20000000000001 0.12199923180334167
decision_type=2 2 2 2 2 2 2 2 2 2 2 2 2 2 2 2 2 2 2 2 2 2 2 2 2 2 2 2 2 2
left_child=1 2 3 5 -5 -1 9 12 15 10 11 -2 16 14 -9 -4 -8 -14 -10 -12 -15 23 -23 -11 25 -3 27 -26 -28 -27
right_child=6 24 8 4 -6 -7 7 13 18 21 19 -13 17 20 -16 -17 -18 -19 -20 -21 -22 22 -24 -25 26 29 28 -29 -30 -31
leaf_value=0.019551105203435983 0.012862171843218612 0.10688184826626933 0.00083643856811944266 0.00059305712865172265 -0.014525107751424019 0.0046596441254866559 0.05050786215277428 0.021442856587370454 -0.024054393573165522 -0.061055167712774028 0.0084708401645977038 -0.0039057022689006821 0.071456049069442404 0.033606599501178717 -0.029844478428686934 0.065778505998828021 -0.062110939249572686 0.010238060853980864 -0.006151459035433667 -0.027295758897128333 -0.036900082175544233 -0.070217307041166438 -0.0063227800090027127 -0.0056371089131181367 0.060458242598359295 -0.04749471667595706 -0.022051417105360252 -0.014248342133376283 -0.060805877249361429 0.022957207497667768
leaf_weight=154.16826424770989 186.65018372330815 1.6417799685150378 155.56581312697381 1312.5691463416442 203.51323595410213 1641.4934019632638 2.0643214853480485 23.868212739471346 106.72939605824649 12.684981621801855 16.21762353926897 154.9079151917249 7.0776184797287014 3.2229854539036742 37.963646779768169 4.7220193818211547 5.7059377590194345 15.022966945543883 115.70763445273042 54.18976872228086 78.250192754901946 4.8888696720823637 63.401025273837149 6.6306110080331555 2.7641646862030012 1.2545959539711478 63.595469607971609 5.9666745103895664 6.675358314998447 1.0920994020998476
leaf_count=2640 1068 39 866 11723 1620 9585 25 218 663 88 98 873 71 17 417 29 45 186 900 355 636 43 382 33 13 26 806 41 83 15
internal_value=-7.02347e-06 0.00107526 0.00152849 0.00256219 -0.00143635 0.00593816 -0.00608402 -0.017271 -0.00741617 -0.00220607 0.00110186 0.00525739 0.0137059 -0.0237279 -0.0100466 0.00274961 -0.0321915 0.0298429 -0.0147416 -0.0190573 -0.0341109 -0.0177616 -0.010897 -0.0420314 -0.0191012 0.0353422 -0.0218498 0.0094036 -0.0257329 -0.014708
internal_weight=4450.21 3777.46 3694.47 3311.74 1516.08 1795.66 672.747 173.176 382.725 499.571 411.965 341.558 29.8708 143.305 61.8319 160.288 7.77026 22.1006 222.437 70.4074 81.4732 87.6055 68.2899 19.3156 82.9901 3.98848 79.0017 8.73084 70.2708 2.3467
internal_count=33604 29049 28026 25568 13343 12225 4555 1615 2458 2940 2394 1941 327 1288 635 895 70 257 1563 453 653 546 425 121 1023 80 943 54 889 41
is_linear=0
shrinkage=0.05


Tree=142
num_leaves=30
num_cat=0
split_feature=7 8 0 11 2 3 0 0 3 9 0 0 3 6 8 7 11 4 11 9 2 11 2 8 1 3 10 2 2
split_gain=11.4216 11.7954 17.7919 13.1003 12.0933 13.3596 18.7994 17.7165 10.0283 10.5288 9.63051 11.1705 11.1209 10.5069 9.66719 9.46527 9.34775 8.43074 7.18122 6.8025 5.89884 5.69256 5.63502 4.90134 4.33831 3.48436 2.48146 3.6614 2.87507
threshold=0.075030266343825688 0.20020449897750514 32.500000000000007 95.422671232876723 156.37500000000003 0.64719012605042037 149.50000000000003 73.500000000000014 0.72758194186765623 0.10719461697722568 24.500000000000004 11.500000000000002 0.91240409207161133 0.135619954018072 0.23065407646245975 0.1178513071895425 81.092456970916899 4.4241353463968318 44.010675675675706 0.035929432013769365 11.567901234567904 61.861970405931004 4.5716666666666681 0.083527131782945754 21.97058823529412 0.88029850746268667 0.0065681622088006909 18.130668934240365 12.247448979591839
decision_type=2 2 2 2 2 2 2 2 2 2 2 2 2 2 2 2 2 2 2 2 2 2 2 2 2 2 2 2 2
left_child=1 4 3 17 5 6 -1 -7 9 -4 11 18 13 16 15 -13 -12 -3 -2 -5 -15 -10 -20 -6 -25 -16 28 -28 -14
right_child=10 2 8 19 23 7 -8 -9 21 -11 12 14 26 20 25 -17 -18 -19 22 -21 -22 -23 -24 24 -26 -27 27 -29 -30
leaf_value=0.022477219459921247 0.044472795302270607 0.010424150099777202 0.0045097907731225717 -0.068584864265835779 0.058618871707674783 0.0035474513109409536 0.00078030290916025974 -0.011618494300850289 0.0018343594721920349 -0.026239826843406845 -0.0024962411742195101 0.010312181253581552 -0.025375361514983076 -0.0085846181559191045 -0.00073789089550172892 -0.0043476273761524136 -0.016586565778285316 -0.0048807064695851688 -0.034374215963913879 -0.012435797211498338 0.026510321876256966 -0.029570426479260139 0.0069427697317003406 -0.03606955184822349 -0.0094718443591949517 -0.031622738656665809 -0.049349882412279743 0.040639324828170578 -0.057688347480944348
leaf_weight=206.39974369527772 3.8814247995614997 265.87751299608499 87.94297714298591 5.7787988781929007 2.0079659298062316 1911.2294161841273 193.36967342998832 214.14185459166765 16.731939826160669 40.731625572778285 231.79544912325218 283.79656980093569 12.547996632754804 18.610373202245682 13.984909050166605 179.90799984801561 239.15048035467044 136.00957874115556 41.014868017286062 81.041043028235435 33.57404398592189 104.8686243686825 10.331007078289984 26.596865232102573 36.194299234077334 26.31731416285038 2.2028189934790126 2.3216366451233625 15.250284256413577
leaf_count=3138 27 1495 901 48 26 11727 2932 1844 188 422 2162 1590 107 146 72 1003 1787 801 350 510 242 821 66 279 560 174 22 22 142
internal_value=-7.29727e-06 0.00145957 -0.00411232 0.00143967 0.00304938 0.0035967 0.0119824 0.00201941 -0.0149536 -0.00522392 -0.00438796 0.000243786 -0.00905124 -0.00729265 0.00258299 0.00462447 -0.00965143 0.00524457 -0.0211039 -0.0161731 0.0139945 -0.0252492 -0.0260611 -0.0182789 -0.020738 -0.0209057 -0.0375133 -0.00317367 -0.0431024
internal_weight=4443.61 3328.92 738.982 488.707 2589.94 2525.14 399.769 2125.37 250.275 128.675 1114.69 559.234 555.453 523.13 504.007 463.705 470.946 401.887 55.2273 86.8198 52.1844 121.601 51.3459 64.7991 62.7912 40.3022 32.3227 4.52446 27.7983
internal_count=33604 25692 5186 2854 20506 19641 6070 13571 2332 1323 7912 3282 4630 4337 2839 2593 3949 2296 443 558 388 1009 416 865 839 246 293 44 249
is_linear=0
shrinkage=0.05


Tree=143
num_leaves=21
num_cat=0
split_feature=3 1 8 8 9 0 5 0 9 6 0 6 0 7 2 2 7 0 0 1
split_gain=11.1597 11.2125 11.5512 12.2747 13.0025 12.3683 8.10951 8.05475 4.04415 3.66105 7.97129 6.05747 3.45131 3.33753 3.02432 8.01867 3.0651 0.494154 0.0483976 0.000436342
threshold=0.4425504134629335 24.516666666666669 0.22589757608893751 0.094179371353284413 0.01941930618401207 149.50000000000003 0.027212143650499818 35.500000000000007 0.11544808326986546 0.12523764258555134 25.500000000000004 0.12012658227848103 324.50000000000006 0.020449983271997325 151.94572284315876 169.02000000000001 0.0262774282645389 300.50000000000006 298.50000000000006 20.788888888888895
decision_type=2 2 2 2 2 2 2 2 2 2 2 2 2 2 2 2 2 2 2 2
left_child=12 2 3 4 -2 -5 7 -4 9 11 -11 -3 17 -8 16 -16 -10 18 19 -1
right_child=1 8 6 5 -6 -7 13 -9 14 10 -12 -13 -14 -15 15 -17 -18 -19 -20 -21
leaf_value=0.050636134696223592 0.041870774385258838 -0.0057019441034455989 -0.003104090958814434 0.0031388409485129626 -0.0079472098216618638 -0.0083281979638136251 -0.019021830678241366 -0.020666543977135167 -0.010237339960851525 0.014365830324555183 -0.0563294219872508 0.077754609463665886 -0.019762276552783883 -0.077543678795437429 0.12432850380875937 -0.016308635563006171 -0.040610823028030457 0.019604444829775157 0.074378084739121747 0.05142177205350721
leaf_weight=11.574741684366016 13.496807592920957 81.827150057069957 374.52540054684505 3092.5199143495411 442.91265339637175 254.5041099335067 4.3345033936202508 79.06945188017562 11.857116518542169 6.4947334490716484 10.328438136726616 2.2336036171764126 2.1211983039975157 5.5631902702152729 1.1291995905339707 9.8955806186422688 27.734400927089155 1.3651756495237339 0.22033302485942918 2.0858371416106829
leaf_count=1159 77 886 2214 21828 2807 2907 27 703 86 38 90 20 11 33 26 203 380 9 1 99
internal_value=-7.53466e-06 -0.000164767 0.000309843 0.001218 -0.00647401 0.0022669 -0.0071425 -0.00616553 -0.0135319 -0.00774547 -0.0290369 -0.00348439 0.0399941 -0.0519152 -0.0250649 -0.00190405 -0.0315144 0.0483081 0.051131 0.0507561
internal_weight=4435.79 4418.43 4266.93 3803.43 456.409 3347.02 463.493 453.595 151.5 100.884 16.8232 84.0608 17.3673 9.89769 50.6163 11.0248 39.5915 15.2461 13.8809 13.6606
internal_count=33604 32325 30596 27619 2884 24735 2977 2917 1729 1034 128 906 1279 60 695 229 466 1268 1259 1258
is_linear=0
shrinkage=0.05


Tree=144
num_leaves=23
num_cat=0
split_feature=4 1 3 0 0 3 11 6 1 1 11 11 3 9 0 6 2 6 8 4 1 6
split_gain=10.8746 12.0867 14.5787 32.5488 24.3691 21.294 13.7672 12.6347 9.42257 9.33964 9.204 7.46456 6.96986 5.80894 4.03684 4.00279 8.53243 7.1939 3.19101 3.52273 2.89436 0.509478
threshold=3.4005813953488375 6.8090909090909095 0.69775807261167822 98.500000000000014 50.500000000000007 0.82785560344827591 66.214572368421088 0.029055860419304917 6.5277777777777786 5.0769230769230775 71.797017408742178 84.173533205924542 0.95742753623188415 0.23132664437012265 11.500000000000002 0.096830003348588031 10.883494031221305 0.08891883797544177 0.050252525252525264 4.6479660083405472 15.486842105263159 0.074032552732104309
decision_type=2 2 2 2 2 2 2 2 2 2 2 2 2 2 2 2 2 2 2 2 2 2
left_child=11 8 3 7 5 -4 -5 -3 9 14 -6 20 -11 15 -2 17 -17 -13 -10 -20 -1 -22
right_child=1 2 4 6 10 -7 -8 -9 18 12 -12 13 -14 -15 -16 16 -18 -19 19 -21 21 -23
leaf_value=-0.073242760208130073 0.0052498722403684457 -0.019261219632025064 0.0055023633080769352 0.012835905482735664 -0.0027044420149689094 -0.0043299399693891034 -0.0074805301755588513 0.018072599478087144 -0.021584048161800651 0.0066859864757797677 -0.01860866374634227 0.011753781269382995 -0.013987690754606846 -0.040294702378040191 0.032576256950120189 0.0077814893597500604 0.043885575753763242 -0.024166833761411634 0.033980562737394915 -0.00063371814371561115 -0.029269254483556176 -0.00049160302422199113
leaf_weight=3.1345160491764528 22.029880873858929 24.256307197734714 810.51873327046633 102.89845507219434 128.74045712593943 1717.5962562151253 439.71916128555313 344.81611490016803 3.2916572988033286 104.92900316021405 310.05489900242537 165.16219017049298 66.674292426556349 5.3017222681082776 34.966445612721145 38.750509642064571 28.32690232526511 15.223257878329603 50.96050703432411 8.5892385728657228 2.9433645457029343 3.2211251696571708
leaf_count=24 108 195 4637 1138 1443 10202 5736 3674 17 653 2523 1345 382 38 202 344 344 155 358 45 23 18
internal_value=-7.50481e-06 -0.000628382 -0.00136627 0.00416367 -0.00306555 -0.00117768 -0.00362785 0.0156189 0.00919171 0.00447798 -0.0139424 0.00987209 -0.00134651 0.0114907 0.0220142 0.0126001 0.0230283 0.00872234 0.0263389 0.0289879 -0.0341235 -0.0142321
internal_weight=4432.1 4170.04 3878.6 911.69 2966.91 2528.11 542.618 369.072 291.441 228.6 438.795 262.064 171.603 252.765 56.9963 247.463 67.0774 180.385 62.8414 59.5497 9.29901 6.16449
internal_count=33604 31313 29548 10743 18805 14839 6874 3869 1765 1345 3966 2291 1035 2226 310 2188 688 1500 420 403 65 41
is_linear=0
shrinkage=0.05


Tree=145
num_leaves=27
num_cat=0
split_feature=4 11 1 2 0 4 0 10 1 9 0 6 4 11 0 6 5 0 3 1 11 6 3 3 9 7
split_gain=10.8186 13.2235 18.805 25.9574 22.753 18.5339 17.9699 15.3895 11.9686 10.9069 10.2787 7.82872 6.88653 6.65646 9.18002 6.65503 8.44419 7.41046 6.04815 5.21198 4.61029 5.04412 4.11908 3.84924 2.89626 3.15157
threshold=4.5762787723785179 74.806343373494002 15.67543859649123 1.0000000180025095e-35 19.500000000000004 4.1407350352112688 15.500000000000002 0.0026836635022663949 26.035714285714288 0.16319293674916777 26.500000000000004 0.27429467084639503 4.3781435612283586 66.738557885484695 30.500000000000004 0.10708313425704731 0.0057554075987942639 16.500000000000004 0.92380261248185791 20.878676470588239 53.158208548479656 0.08198889756266807 0.61858067609685941 0.62053001277139219 0.061925832279814588 0.062411473087818699
decision_type=2 2 2 2 2 2 2 2 2 2 2 2 2 2 2 2 2 2 2 2 2 2 2 2 2 2
left_child=1 8 3 6 19 -5 -3 -6 9 10 -1 13 -11 15 18 16 -2 -17 -15 -4 21 -10 -16 -22 25 -13
right_child=11 2 4 5 7 -7 -8 -9 20 12 -12 24 -14 14 22 17 -18 -19 -20 -21 23 -23 -24 -25 -26 -27
leaf_value=0.019725654434826906 -0.015498545005668532 -0.032895559009255566 0.0137114068883164 0.0046191387501429747 -0.0099178645775189426 -0.0067156689816688375 0.015257780868541985 -0.038556177784964479 -0.013143364862181338 -0.029443098569072179 0.0061784058540181788 0.06708330383896495 0.010712791707247491 -0.00024459064721458465 0.023742973845323565 0.019217731963355283 0.026478633039661522 -0.0048207337809601626 -0.020584976138886692 -0.015564765545243768 0.00081574260765522339 0.044770443456912404 -0.050484127434345251 -0.028232948779468622 -0.0024952550114951261 0.010115512120004342
leaf_weight=195.89537990652025 123.24142126645893 86.859029868617654 121.15670334547758 1928.4776357021183 484.00264534261078 443.60204565385357 24.93695392459631 51.944925703573972 8.9877774128690344 29.707062331028283 490.83833801653236 5.9148564999923092 16.667008933611214 66.435192128643394 2.0369783123023835 51.268015164881945 13.270443310961126 85.575342584401369 81.23317177593708 17.3837367631495 16.065081699751318 6.4636471876874557 22.667925731278956 39.307067872025073 5.1265849918127051 4.1180288586765528
leaf_count=1064 1112 577 607 14924 3968 2892 157 503 106 242 4154 33 136 366 39 268 127 632 513 87 247 84 254 460 28 24
internal_value=-6.7573e-06 0.000836601 -0.000620697 0.00138977 -0.00802448 0.00249942 -0.0221546 -0.0126935 0.00656181 0.00845803 0.0100428 -0.00725718 -0.0150109 -0.00845896 -0.0161535 -0.00360688 -0.0114179 0.00418522 -0.0114339 0.0100379 -0.0130663 0.0110832 -0.0443639 -0.0198051 0.0280783 0.0437007
internal_weight=4423.18 3962.3 3158.36 2483.88 674.488 2372.08 111.796 535.948 803.931 733.108 686.734 460.888 46.3741 445.728 172.373 273.355 136.512 136.843 147.668 138.54 70.8236 15.4514 24.7049 55.3721 15.1595 10.0329
internal_count=33604 30208 23715 18550 5165 17816 734 4471 6493 5596 5218 3396 378 3311 1172 2139 1239 900 879 694 897 190 293 707 85 57
is_linear=0
shrinkage=0.05


Tree=146
num_leaves=31
num_cat=0
split_feature=3 0 0 11 3 0 10 3 8 3 11 9 3 11 6 0 1 11 10 2 6 9 5 4 2 2 10 8 3 11
split_gain=10.7982 26.2184 18.6421 27.1052 23.6458 22.5629 17.7361 16.5501 12.8354 11.265 10.9626 9.83493 9.35514 13.3145 9.34656 12.405 10.5944 8.57221 7.3239 6.5848 6.32853 10.8971 6.07049 5.89915 7.93621 4.57209 4.40105 4.02891 3.5021 1.60853
threshold=0.61120926580290547 134.50000000000003 82.500000000000014 73.100744907469689 0.70415349238286873 49.500000000000007 0.0029225530557975598 0.85391260162601634 0.17206046641530517 0.78805704099821761 61.861970405931004 0.055646630236794177 0.50062972292191443 76.799098837209343 0.0606401089547157 21.500000000000004 12.806250000000002 80.46096552742307 0.0037819102401209074 73.527777777777786 0.08513994227800524 0.10872849073952451 0.0077822189922480628 4.1994623655913985 20.757716049382719 74.677083333333357 0.0037819102401209074 0.18669432918395576 0.58185736677115996 73.798436752749907
decision_type=2 2 2 2 2 2 2 2 2 2 2 2 2 2 2 2 2 2 2 2 2 2 2 2 2 2 2 2 2 2
left_child=1 14 4 6 10 7 11 -6 12 -7 19 -4 25 -14 16 -16 29 -12 -8 -2 27 -22 -18 24 -5 -3 -25 -10 -17 -1
right_child=2 8 3 23 5 9 18 -9 20 -11 17 -13 13 -15 15 28 22 -19 -20 -21 21 -23 -24 26 -26 -27 -28 -29 -30 -31
leaf_value=-0.014148205702283052 -0.056478547558070136 0.043679438626091693 -0.067364173759717649 0.0013630541045559323 0.0051356411653713718 -0.0080396090037183256 0.094260997915417158 -0.0024549261156950248 -0.012013504749386152 -0.029615586148166059 0.02817691847616173 6.9664569394339772e-05 0.016637020866137189 -0.014063489639120907 -0.12060607077836212 0.047669895143730726 -0.0019926195834321695 0.0097066397852712989 0.027424358959666134 0.025095323563738649 0.026263376829074148 -0.058703777689707408 -0.07493097018039839 -0.049819618377443545 -0.02482798895574629 0.0022934023760567981 0.009006542518817778 -0.038191702091415786 0.027719476978395996 0.049826254932209962
leaf_weight=1.0720141031779338 8.5068870484828931 21.721236899727959 5.5943272709846488 36.002069588750601 1187.676664384082 258.47188374400139 6.0819842368364361 1816.3252794994041 26.963360900990665 78.983166721649468 95.776019770652056 161.46530720405281 68.360857404768467 73.060434145852923 1.2581565435975779 43.206125723430887 25.888323989231143 182.55121019762009 12.56979821063578 3.4883311539888373 15.703902119770648 4.9670760943554333 3.2059379341080776 27.883968371897939 147.10118993837386 9.6328985849395377 3.5886769834905854 32.309540459420532 44.811423518694937 11.774066377431152
leaf_count=17 51 1307 36 226 7060 1787 50 10725 356 1034 614 1660 703 750 17 1422 297 1958 107 19 221 69 29 302 1299 141 44 438 613 252
internal_value=-7.4953e-06 0.00800497 -0.000770446 -0.0110111 0.000358256 -0.000830958 0.00297453 0.000546117 -0.00140998 -0.0130896 0.0140455 -0.00218849 0.00625494 0.000776661 0.026138 0.0352844 0.00666854 0.0160625 0.0492185 -0.032756 -0.0179755 0.00584643 -0.0100298 -0.0231154 -0.0196783 0.0309644 -0.0431119 -0.0262832 0.0375128 0.0444875
internal_weight=4416 383.935 4032.07 400.287 3631.78 3341.46 185.711 3004 252.719 337.455 290.322 167.06 172.775 141.421 131.216 89.2757 41.9403 278.327 18.6518 11.9952 79.9439 20.671 29.0943 214.576 183.103 31.3541 31.4726 59.2729 88.0175 12.8461
internal_count=33604 6632 26972 3724 23248 20606 1853 17785 3985 2821 2642 1696 2901 1453 2647 2052 595 2572 157 70 1084 290 326 1871 1525 1448 346 794 2035 269
is_linear=0
shrinkage=0.05


Tree=147
num_leaves=25
num_cat=0
split_feature=7 0 3 0 1 1 1 0 10 0 11 6 2 2 6 6 10 9 8 8 9 4 9 9
split_gain=10.297 11.1188 25.976 16.0852 14.9763 36.6006 15.4456 14.2637 12.6308 13.2466 11.2513 10.291 9.6955 4.94999 3.72709 2.75697 2.8947 2.94261 4.48426 2.9104 2.61294 2.2001 5.97201 1.78432
threshold=0.17445652173913045 19.500000000000004 0.86996779388083745 15.500000000000002 9.4316770186335415 10.327956989247314 6.6742424242424248 34.500000000000007 0.027100470035252646 43.500000000000007 87.855974080267586 0.17287356321839084 1.0000000180025095e-35 0.2678571428571429 0.16152751423149908 0.13269821202817414 0.010214515253954344 0.094913609904832316 0.090722035166479628 0.10478269910584322 0.033473389355742303 4.3128156565656575 0.065615168074184479 0.079948453608247441
decision_type=2 2 2 2 2 2 2 2 2 2 2 2 2 2 2 2 2 2 2 2 2 2 2 2
left_child=1 3 8 10 6 -6 -5 11 9 -3 13 -4 -12 -1 -9 16 17 19 -19 -2 -17 22 -22 -10
right_child=15 2 7 4 5 -7 -8 14 23 -11 12 -13 -14 -15 -16 20 -18 18 -20 -21 21 -23 -24 -25
leaf_value=-0.0027388860879284946 -0.0070530078835206317 0.0053125252440865064 -0.010977370812280523 0.014333928237662972 0.029813065504633654 0.0016504153895693459 -0.015654676654208808 -0.04201274517576329 -0.02520800419055947 -0.0019798987651331377 -0.023958184525488452 0.011430641366523331 -0.0028077872159585227 0.0098822304492118696 0.023717816057120786 0.025822098732429435 -0.074300903918045377 -0.041320909176272118 0.0013210753157740075 -0.056785490847013877 0.043545955636647586 -0.042229457940801893 -0.040707495612798662 -0.07048100278989744
leaf_weight=137.32759262062609 4.1860193349421015 1079.8695072496776 482.71713616326451 75.679255725350231 211.9209898095578 253.21155974920839 99.24383251927793 40.695637959986925 3.2429043082520348 1471.0442827211227 81.559393592178822 57.322217583656311 161.4327027592808 178.88160915207118 2.2773135211318722 5.2658004080876735 3.0076401829719535 9.5527583286166209 17.386588200926781 9.8972683195024711 4.0488759651780111 4.9463512655347577 4.376768983900547 6.6175778843462467
leaf_count=826 27 6539 2979 533 1534 1335 558 576 21 15651 494 323 854 912 22 30 21 64 125 62 22 31 23 42
internal_value=-7.58809e-06 0.000282776 -0.00127976 0.00437889 0.00979144 0.0144817 -0.00268032 -0.010805 0.000888854 0.00110718 -0.00181627 -0.00859888 -0.00990684 0.00440096 -0.0385294 -0.0201305 -0.0269536 -0.0234823 -0.0137999 -0.0420034 -0.00401136 -0.0157596 -0.000220177 -0.0555917
internal_weight=4405.71 4343.04 3143.79 1199.26 640.056 465.133 174.923 583.012 2560.77 2550.91 559.201 540.039 242.992 316.209 42.973 62.6681 44.0303 41.0226 26.9393 14.0833 18.6378 13.372 8.42564 9.86048
internal_count=33604 33199 26153 7046 3960 2869 1091 3900 22253 22190 3086 3302 1348 1738 598 405 299 278 189 89 106 76 45 63
is_linear=0
shrinkage=0.05


Tree=148
num_leaves=31
num_cat=0
split_feature=3 0 0 3 0 5 6 3 0 8 2 3 0 11 2 5 4 2 6 4 8 11 3 9 6 8 1 8 7 7
split_gain=10.4524 27.9356 22.2679 18.7815 20.6778 13.1782 12.0158 12.8439 11.6453 11.3824 11.478 11.0097 13.5278 13.4148 11.419 9.47031 8.54379 8.04013 8.33742 7.12863 6.84871 6.59642 6.44192 5.50389 4.52096 9.16856 5.72157 3.67551 2.86986 4.70724
threshold=0.65863337204800632 117.50000000000001 52.500000000000007 0.78281378178835126 40.500000000000007 0.018792251034204423 0.047386242129024599 0.72016949152542387 103.50000000000001 0.083020050125313286 28.226813590449961 0.53440555841482251 195.50000000000003 79.765882352941219 254.07636485966938 0.0023255939729257599 3.702749952749953 0.92444444444444451 0.072771403353927636 4.0135594778451926 0.20697250493695887 89.867788971534409 0.60877587036739944 0.077071577071577094 0.085573541455894409 0.18406434087232551 32.045454545454554 0.19515455849745666 0.012396905896214333 0.01590463542654778
decision_type=2 2 2 2 2 2 2 2 2 2 2 2 2 2 2 2 2 2 2 2 2 2 2 2 2 2 2 2 2 2
left_child=1 17 3 9 5 -5 28 8 -8 21 -11 12 27 14 -13 -14 -15 24 19 -19 -9 -2 -20 -6 26 -26 -1 -3 -4 -30
right_child=2 11 6 4 23 -7 7 20 -10 10 -12 13 15 16 -16 -17 -18 18 22 -21 -22 -23 -24 -25 25 -27 -28 -29 29 -31
leaf_value=0.063746009974000928 -0.038216438661666984 0.04742477400901017 -0.083453352844758577 0.00079559500682447291 -0.00023502875453421769 -0.016712430104645182 0.0064584663970700534 -0.012494780370048931 -0.015321887112345346 0.0061372684376518058 0.022489404053557278 0.0024254896309624839 0.013829704707761833 0.0070607203735227157 -0.052569185287748579 -0.026113859192780343 -0.031296293359610698 0.0024912728364752564 0.043545159966249053 0.030012987754323234 -0.03814115868125792 0.0024288207271166693 0.02049378489206902 -0.024622024400386508 -0.19201986579278407 0.015591853981757296 -0.067111565753510946 -0.013571626969566906 0.018097715363795827 -0.031202746791952497
leaf_weight=1.5972378598526114 18.660302853211761 25.304148171562705 2.3603313900530329 2346.545675191097 29.096386417746544 112.63787455670536 204.23734943196177 222.10506821610034 87.733855798840523 346.55405296757817 155.45216367021203 195.0506649762392 42.761081399163231 18.246859270147979 9.9190239273011667 22.725559877697378 71.03775991499424 82.423998537007719 47.237094044685364 32.928100038785487 29.487356124445796 21.464718118309975 84.570389522239566 112.94756924640387 1.1701406366191807 0.97479598363861431 1.751155608333647 2.73685199022293 5.250694226473569 62.170432369224727
leaf_count=28 115 1028 16 13457 183 646 1367 2071 880 2482 970 1870 1027 193 191 443 598 1034 1320 262 355 161 979 1068 21 24 18 103 35 659
internal_value=-7.20973e-06 0.00589697 -0.00101374 0.000686697 -0.00107772 -6.32429e-06 -0.0097284 -0.00722091 -8.62694e-05 0.00915263 0.0112009 -0.0025321 0.0124115 -0.00728188 -0.000235848 -3.1746e-05 -0.0234574 0.0188343 0.020164 0.0103475 -0.0155006 -0.0164734 0.0287549 -0.0196266 -0.0409946 -0.0976679 -0.00469038 0.0414714 -0.0292605 -0.0273633
internal_weight=4397.14 640.435 3756.7 3143.36 2601.23 2459.18 613.345 543.564 291.971 542.131 502.006 387.782 93.5276 294.254 204.97 65.4866 89.2846 252.653 247.16 115.352 251.592 40.125 131.807 142.044 5.49333 2.14494 3.34839 28.041 69.7815 67.4211
internal_count=33604 9139 24465 19082 15354 14103 5383 4673 2247 3728 3452 5453 2601 2852 2061 1470 791 3686 3595 1296 2426 276 2299 1251 91 45 46 1131 710 694
is_linear=0
shrinkage=0.05


Tree=149
num_leaves=23
num_cat=0
split_feature=8 7 9 10 8 1 0 3 0 6 0 6 7 7 2 0 8 9 2 1 1 10
split_gain=10.1568 10.8939 9.96202 10.9327 12.5018 11.4918 8.92852 9.8711 9.3398 9.12662 8.49371 10.4338 7.78961 7.68564 7.38022 5.2015 5.69889 3.49101 6.55731 3.41982 2.60238 2.33724
threshold=0.30094339622641514 0.075030266343825688 0.16133299197815329 0.0082816089983196745 0.16984155781325597 9.0156250000000018 24.500000000000004 0.91240409207161133 11.500000000000002 0.135619954018072 22.500000000000004 0.070986829547623601 0.072183557259295109 0.11484831354814397 1.0200000000000002 30.500000000000004 0.41421568627450983 0.10519881611118261 12.247448979591839 5.9761904761904772 16.258333333333336 0.0065681622088006909
decision_type=2 2 2 2 2 2 2 2 2 2 2 2 2 2 2 2 2 2 2 2 2 2
left_child=1 2 3 4 -1 -5 8 9 14 -8 11 -4 -12 -10 -3 16 17 19 -19 -2 -17 -9
right_child=15 6 10 5 -6 -7 7 21 13 -11 12 -13 -14 -15 -16 20 -18 18 -20 -21 -22 -23
leaf_value=0.006915325090223654 0.029134725676621544 -0.035027769724242985 0.010089689622324087 0.0044089132669125342 -5.9467753477042754e-05 -0.018646750842977962 -0.0091066822551772262 -0.041474023419174617 0.0081958642082448335 0.013082885085848784 -0.014893785564030185 -0.011684063846349792 0.046928399199932878 -0.0043113208803743927 0.0032381839965956085 -0.096495158723672203 -0.078481467415001088 -0.0080366242114533488 0.068899390394775981 -0.02465057250781125 -0.021599198147339734 -0.002427503484696435
leaf_weight=1406.9026790806092 3.2209750693291417 31.252311937510967 133.23614590801299 100.85949655203149 1182.4286064067855 116.44716430222616 463.80745171150193 26.690888057462875 274.61295980401337 51.483361490536481 186.17601102218032 93.720994876697659 5.2386410906910887 222.22650315053761 21.112653426826 3.1246191561222068 3.3902356177568427 14.934727691113951 3.4000462517142287 35.84430835954845 1.8444871539250014 4.4750353395938864
leaf_count=12155 20 296 747 561 9074 808 3947 248 1579 388 1387 522 47 1235 131 26 24 99 20 219 27 44
internal_value=-6.89784e-06 0.000289924 0.00175331 0.00282623 0.00373026 -0.00794582 -0.00401745 -0.00854237 0.000484826 -0.00688969 -0.00544433 0.00109831 -0.0132018 0.00260165 -0.0195996 -0.0195094 -0.0154889 -0.0117684 0.00623058 -0.0202159 -0.0686945 -0.0358674
internal_weight=4386.43 4320.67 3225.01 2806.64 2589.33 217.307 1095.66 546.457 549.204 515.291 418.372 226.957 191.415 496.839 52.365 65.7594 60.7903 57.4001 18.3348 39.0653 4.96911 31.1659
internal_count=33604 33169 25301 22598 21229 1369 7868 4627 3241 4335 2703 1269 1434 2814 427 435 382 358 119 239 53 292
is_linear=0
shrinkage=0.05


Tree=150
num_leaves=20
num_cat=0
split_feature=3 0 3 0 3 0 0 0 10 4 11 6 5 0 9 0 1 0 0
split_gain=10.0649 9.79928 20.0813 10.1954 23.8254 13.9456 9.30127 8.21325 7.95874 7.39211 6.88809 8.28959 4.14447 3.33765 2.60786 0.0386147 0.000417116 0.000127167 0.000109171
threshold=0.4425504134629335 239.50000000000003 0.56108990670059378 20.500000000000004 0.91723744292237452 15.500000000000002 168.50000000000003 355.50000000000006 0.0018915518238686172 4.909545454545456 73.993973263368346 0.06056618819776715 1.0000000180025095e-35 300.50000000000006 0.11908059622741064 298.50000000000006 20.788888888888895 197.50000000000003 289.50000000000006
decision_type=2 2 2 2 2 2 2 2 2 2 2 2 2 2 2 2 2 2 2
left_child=13 2 6 5 -5 -4 9 10 -8 -2 11 -3 -12 15 -9 16 18 -18 -1
right_child=1 7 3 4 -6 -7 8 14 -10 -11 12 -13 -14 -15 -16 -17 17 -19 -20
leaf_value=0.050558269586090498 0.039351272029548641 0.02526335463914919 -0.0025902878756282805 -0.00076077302749230061 -0.018538524734848218 0.0076148334656988229 -0.0032903492676024681 0.0054221581980285673 0.057164074174605922 -0.087511966150524562 -0.022817059158981801 -0.020274753686715358 -0.057008945547787709 -0.0045380177106427782 0.068119514735005535 0.072187967823931998 0.050990520418665378 0.051793881838097716 0.051411909649641034
leaf_weight=10.20642945822328 52.532681776210666 13.578494511544703 587.94160601403564 2604.9342934824526 203.16206501796842 777.41738442052156 37.360133344773203 3.2323792092502108 6.3727711271494618 1.1739101000130165 22.030311961658299 37.853178959339857 14.827717126347123 3.4204058572649947 3.4063391909003258 0.21289128065109331 1.0118853058665997 0.95987897273153056 0.38880626251921135
leaf_count=1138 1623 167 3282 19295 1501 4730 541 22 119 7 286 531 202 20 19 1 64 35 21
internal_value=-7.05916e-06 -0.00015303 0.000200131 -0.000323742 -0.00204697 0.00322037 0.0226383 -0.016042 0.00551909 0.0365783 -0.0200749 -0.00825222 -0.0365722 0.0393306 0.0375923 0.0510716 0.0507139 0.0513816 0.0505896
internal_weight=4382.02 4365.82 4270.89 4173.46 2808.1 1365.36 97.4395 94.9284 43.7329 53.7066 88.2897 51.4317 36.858 16.2003 6.63872 12.7799 12.567 1.97176 10.5952
internal_count=33604 32325 31098 28808 20796 8012 2290 1227 660 1630 1186 698 488 1279 41 1259 1258 99 1159
is_linear=0
shrinkage=0.05


Tree=151
num_leaves=30
num_cat=0
split_feature=2 3 0 0 11 3 10 0 11 6 0 3 3 11 4 1 6 0 3 2 9 6 7 0 9 4 9 6 2
split_gain=9.70362 12.8252 18.2469 13.2078 28.0234 19.3034 18.7202 15.9671 12.0978 11.233 12.6672 11.7393 9.71403 12.2744 6.00009 5.33834 9.41791 3.92082 6.25639 5.29329 3.63108 3.4258 3.89248 4.49268 4.33505 2.87907 1.60034 1.12165 0.483646
threshold=151.94572284315876 0.61120926580290547 169.50000000000003 81.500000000000014 73.100744907469689 0.70415349238286873 0.0011799414136463881 47.500000000000007 60.956064987857694 0.075037537537537544 27.500000000000004 0.56823187825390475 0.46609241550478142 76.799098837209343 4.1994623655913985 21.468627450980396 0.035763478945297134 122.50000000000001 0.64719012605042037 254.07636485966938 0.12700557700557705 0.052666250606754041 0.048820211329149134 118.50000000000001 0.069804355850867486 4.297055965543505 0.12966123119706738 0.035763478945297134 183.12296953094966
decision_type=2 2 2 2 2 2 2 2 2 2 2 2 2 2 2 2 2 2 2 2 2 2 2 2 2 2 2 2 2
left_child=1 2 9 5 6 8 -5 -7 -3 11 -11 -1 25 -14 -6 21 20 18 -18 -19 -17 26 23 -23 -24 -4 27 -2 -28
right_child=15 3 12 4 14 7 -8 -9 -10 10 -12 -13 13 -15 -16 16 17 19 -20 -21 -22 22 24 -25 -26 -27 28 -29 -30
leaf_value=0.031678139026903827 -0.0042703299176233556 -0.044473206954968113 0.040740005470585101 -0.0038487023806902305 -0.017979505597461615 0.00064593874434955951 0.0350985610060865 -0.010490633597689824 0.015077570018221638 -0.10249130886684897 0.036388951956308334 -0.0059465297342836832 0.0066858590864493075 -0.022059268727955467 -0.042054708326734906 0.027495365956296591 0.048984762004414151 -0.005086881352059763 -0.0098363163158412537 -0.04667251799863284 0.12113947896164545 0.015096645263682637 0.025211382683408071 -0.0350652578530068 -0.050532256496141216 -0.039779968348056943 -0.09945548929563805 -0.057038729140589828 -0.064435608519670298
leaf_weight=33.444711266318336 1.6530267111957053 8.8092881906777603 14.887673484394329 117.85337364301085 179.78057530429214 2922.8350312085822 41.794362021610141 361.68596690241247 267.53193866368383 1.6741728172637511 85.092351552564651 54.540810347534716 83.203747553750873 67.076853123493493 30.231480384245515 2.5300202295184127 5.8078149151988354 17.729512825608257 20.397031027823687 13.462491669226436 1.752041148021817 10.558628998696806 2.1940968446433535 7.7328230207785955 13.586927645839749 1.1996128382161249 1.8338744174689057 2.5769992377609015 2.1322210151702166
leaf_count=881 18 52 1044 1103 1477 17332 352 2900 2517 29 2009 493 827 810 341 34 49 291 279 283 21 85 15 96 163 27 20 32 24
internal_value=-6.64727e-06 0.000360659 0.00966052 -0.000446452 -0.0094422 0.000487413 0.00634735 -0.000580402 0.0131792 0.0209438 0.0337092 0.00835521 -0.00219138 -0.00614436 -0.0214452 -0.0151008 -0.00572073 -0.0110573 0.00320028 -0.0230353 0.0658106 -0.0287883 -0.0218069 -0.00610961 -0.0400013 0.0347357 -0.0578112 -0.0364177 -0.0806284
internal_weight=4375.59 4271.64 341.12 3930.52 369.66 3560.86 159.648 3284.52 276.341 174.752 86.7665 87.9855 166.368 150.281 210.012 103.948 61.6789 57.3969 26.2048 31.192 4.28206 42.2686 34.0725 18.2915 15.781 16.0873 8.19612 4.23003 3.9661
internal_count=33604 32194 6120 26074 3273 22801 1455 20232 2569 3412 2038 1374 2708 1637 1818 1410 957 902 328 574 55 453 359 181 178 1071 94 50 44
is_linear=0
shrinkage=0.05


Tree=152
num_leaves=24
num_cat=0
split_feature=1 4 6 9 10 0 11 0 3 10 0 2 7 8 3 0 1 6 4 7 2 9 4
split_gain=9.64435 13.0655 10.275 11.2434 13.1778 8.81265 8.45025 7.98209 7.67602 7.44188 3.58633 3.95949 5.54177 4.55862 3.18713 3.70255 3.38144 2.61642 4.73775 2.4747 1.73554 1.0599 1.04674
threshold=5.0769230769230775 5.1012195121951232 0.047386242129024599 0.17655864741106028 0.013015245623941277 31.500000000000004 81.631057971014528 9.5000000000000018 0.85053191489361712 0.0064703986066977325 11.500000000000002 1.5679012345679015 0.083176100628930827 0.14262598243180771 0.93405797101449284 16.500000000000004 13.93933823529412 0.20185185185185187 4.5762787723785179 0.11741727941176472 0.67708333333333337 0.090586022319850537 4.6255252100840343
decision_type=2 2 2 2 2 2 2 2 2 2 2 2 2 2 2 2 2 2 2 2 2 2 2
left_child=10 2 5 4 -4 8 -7 -3 -2 -5 11 12 20 -13 15 -9 -16 18 19 -12 -1 22 -19
right_child=1 7 3 9 -6 6 -8 14 -10 -11 17 13 -14 -15 16 -17 -18 21 -20 -21 -22 -23 -24
leaf_value=0.023201931428062365 0.0080096671361060464 0.04193690965024445 0.0024411177867586006 -0.014639876179656461 -0.013579661838907273 -0.002200746710511224 -0.020295529900788232 0.0056105686360227751 -0.0062630210060480715 0.015623802521566832 0.044584665033934795 0.012670719185646296 -0.014973065306603023 -0.060081508869932188 -0.04149606254162564 -0.028042360909015025 0.0044689731663408077 0.015921632252400255 -0.016736293514329852 0.00088512673571302367 0.068218429895460495 0.069849942602836584 0.056205297847995078
leaf_weight=4.0777356326580065 150.03875880269334 4.7138378806412211 3247.725224485388 161.97550522862002 133.63790616858751 111.28352529695258 153.54587875492871 13.840757787227629 253.13720533438027 23.22599439509213 13.603501713834708 4.5393976420164091 6.2774062082171431 4.096095509827137 31.412975894287229 19.960160910151899 4.5852008983492842 2.9471109472215158 6.1405431516468516 4.252481296658515 4.5081159509718418 4.3467394486069679 3.5611429242417216
leaf_count=20 888 37 25910 1065 838 1176 1241 69 1493 130 86 21 33 21 205 183 42 21 31 21 21 27 25
internal_value=-6.77476e-06 -0.00028019 8.50274e-05 0.00115094 0.00180795 -0.00560601 -0.012692 -0.0210355 -0.000951553 -0.0108445 0.0201845 0.00508852 0.0207327 -0.021838 -0.0252883 -0.0142622 -0.0356414 0.0303631 0.021149 0.0341774 0.0468384 0.0507322 0.0379638
internal_weight=4367.43 4309.08 4234.57 3566.56 3381.36 668.005 264.829 74.5129 403.176 185.201 58.3503 23.4988 14.8633 8.63549 69.7991 33.8009 35.9982 34.8515 23.9965 17.856 8.58585 10.855 6.50825
internal_count=33604 33277 32741 27943 26748 4798 2417 536 2381 1195 327 116 74 42 499 252 247 211 138 107 41 73 46
is_linear=0
shrinkage=0.05


Tree=153
num_leaves=31
num_cat=0
split_feature=8 10 1 9 7 11 4 6 2 2 2 9 0 1 7 3 11 9 5 8 8 3 5 7 0 9 6 8 1 3
split_gain=9.45124 11.2252 14.2151 12.906 13.0409 12.3968 11.7891 9.51626 9.8009 8.59384 8.27705 8.06357 7.18844 12.1892 8.89208 7.60928 7.02777 6.77271 6.30258 6.54575 6.06744 7.33212 6.16222 5.40516 3.906 4.87489 3.88424 3.54152 2.27133 1.93918
threshold=0.23821860350357763 0.0054215238464749077 9.0156250000000018 0.17655864741106028 0.010016722408026759 85.165304054054062 3.5387112887112893 0.11987055016181231 12.247448979591839 16.223537146614074 16.005000000000003 0.18524993524993527 24.500000000000004 14.755000000000001 0.068715406206552837 0.84668803418803429 61.326500000000038 0.040202020202020211 0.030076888285843515 0.17504208754208758 0.33615819209039549 0.88799283154121877 0.033615819209039555 0.0262774282645389 15.500000000000002 0.033473389355742303 0.11366572703782007 0.20458295829582962 7.9687500000000009 0.92380261248185791
decision_type=2 2 2 2 2 2 2 2 2 2 2 2 2 2 2 2 2 2 2 2 2 2 2 2 2 2 2 2 2 2
left_child=1 3 9 4 5 -1 -6 10 -9 11 -5 -3 14 17 20 16 -15 23 19 -4 22 -22 -2 -14 28 -26 -19 -11 -16 -17
right_child=12 2 18 7 6 -7 -8 8 -10 27 -12 -13 13 15 24 29 -18 26 -20 -21 21 -23 -24 -25 25 -27 -28 -29 -30 -31
leaf_value=0.018427798162692782 0.0058761431249459047 -0.0051552988045194511 -0.0084029821660329268 0.00065043862761132536 0.010774237739393752 0.0024354597304950113 7.4940874839481034e-05 -0.046616744149507158 0.026533800780929928 0.020383462853766125 -0.019516249866367366 0.035076389063166361 -0.046213689596066129 0.041418926868323484 -0.021672212482398062 -0.054352809243019301 -0.0040678754548459572 -0.032477445402939169 -0.057910370565214565 -0.027217420591251741 0.019843883858525528 -0.048591220404290342 -0.051636168705201838 0.048780858938231031 0.038962976599268194 -0.022416883546693692 -0.065229452901806456 0.070188447724541497 -0.060539844930921675 -0.0034974746843150668
leaf_weight=230.80852042068727 169.63099819701165 134.76041402900591 189.5280864071101 169.51919571682811 286.59577126568183 255.12390638026409 2532.5148416571319 26.999806946143508 5.5141709875315419 30.810673870611936 72.700401972047985 13.722911607008426 2.3411309318616977 11.665993751958011 6.4381751641631118 7.0766995931044203 31.206131644546986 42.195321265608072 8.0604401268064958 61.14309735968709 5.8015948552638319 12.029060836881397 4.7890203520655623 4.1552352365106344 3.9175522848963764 18.562305524945259 11.525118282064794 4.0369806792587033 9.0316494498401863 2.5499330535531044
leaf_count=1361 976 753 1392 1073 2952 1844 20354 162 37 180 548 81 35 127 46 68 242 322 50 466 35 78 27 29 22 120 88 23 80 33
internal_value=-6.60222e-06 0.000672783 -0.00684415 0.00160104 0.00246662 0.0100315 0.00116265 -0.00881184 -0.0342109 0.00380731 -0.00540244 -0.00143706 -0.00797467 -0.0183202 -0.00290905 -0.000710618 0.0083096 -0.0336728 -0.0143915 -0.0129922 0.001457 -0.0263244 0.00429704 0.0145472 -0.0250272 -0.0117202 -0.039504 0.0261532 -0.0443641 -0.0408821
internal_weight=4364.76 4021.84 442.063 3579.78 3305.04 485.932 2819.11 274.734 32.514 183.331 242.22 148.483 342.916 112.716 230.2 52.4988 42.8721 60.2168 258.732 250.671 192.251 17.8307 174.42 6.49637 37.9497 22.4799 53.7204 34.8477 15.4698 9.62663
internal_count=33604 31276 2945 28331 26511 3205 23306 1820 199 1037 1621 834 2328 944 1384 470 369 474 1908 1858 1116 113 1003 64 268 142 410 203 126 101
is_linear=0
shrinkage=0.05


Tree=154
num_leaves=30
num_cat=0
split_feature=7 8 0 2 3 0 0 5 11 4 3 2 10 6 1 1 8 1 2 4 9 1 6 11 7 1 1 1 1
split_gain=9.24664 10.2171 13.179 10.5407 10.8962 18.2037 14.9889 10.4839 8.96087 10.426 7.89892 7.39829 7.18953 7.00598 6.28008 5.91272 8.55966 5.59218 4.7067 6.07182 6.74528 4.46205 5.77824 4.0538 3.63218 3.52629 2.24577 1.4294 0.635169
threshold=0.13367697594501721 0.20020449897750514 32.500000000000007 151.94572284315876 0.61120926580290547 173.50000000000003 77.500000000000014 0.044949494949494954 65.170421994884933 4.4618037135278525 0.91723744292237452 18.688750000000002 0.0036122830672871997 0.070200078848807426 9.9479578392621892 10.604347826086958 0.23520191775769872 17.433035714285719 24.669441553936874 3.8637708445400758 0.13117660737123593 21.468627450980396 0.033389074693422525 76.340498106060636 0.18834459459459463 15.129166666666668 9.3452380952380967 9.4316770186335415 11.32666666666667
decision_type=2 2 2 2 2 2 2 2 2 2 2 2 2 2 2 2 2 2 2 2 2 2 2 2 2 2 2 2 2
left_child=1 3 7 4 5 -1 -6 10 13 -10 -3 12 15 -4 -9 16 -2 -17 26 20 -20 25 -23 -14 -21 -5 -13 -25 -28
right_child=11 2 8 21 6 -7 -8 14 9 -11 -12 18 23 -15 -16 17 -18 -19 19 24 -22 22 -24 27 -26 -27 28 -29 -30
leaf_value=0.022775956854091672 0.0096798803514574153 0.0060607414308750714 -0.02364656092858063 0.020374810662474391 0.0025493486501282207 -0.0015938762520254128 -0.0084052536003697709 -0.10282921693777254 -0.015066956422641317 -0.053493336607555543 -0.0059939882647104346 -0.086043404620034597 0.0042829637575464716 0.013499242492188625 -0.016615498994252662 -0.027569810342498224 -0.069128971852215712 0.0078609141006583515 0.041102785632715064 -0.043383099887485038 -0.040483377032831565 0.064048802632358445 -0.010403375698619887 -0.037513157240969097 0.018274681212916179 -0.034782787347100226 -0.024272243595314314 -0.072199486712030761 -0.054273024114705484
leaf_weight=160.32647765148431 81.911512325517833 306.33688956080005 17.752742210868746 3.1926473826169959 2597.7424553260207 146.78765037818812 354.92262445110828 3.814498119056223 183.38402055227198 19.532394424080849 244.23459237441421 4.1518836691975576 4.6451883018016842 44.544015819206834 4.7334258407354355 32.349353414494544 3.5967443920671931 16.983764556236565 6.8789994735270756 17.813947628252212 4.0103665180504322 2.7702405825257292 43.966025897767395 8.0830268859863263 2.7583851106464854 31.361763491295278 3.4294912628829479 4.6955478116869918 3.6334675308316946
leaf_count=3137 506 1858 216 27 16643 2420 3110 22 1664 216 1440 20 32 457 28 236 27 104 41 145 23 34 710 45 21 341 21 35 25
internal_value=-6.77094e-06 0.000491339 -0.00449403 0.00172136 0.00216486 0.0111282 0.00123256 -0.000139864 -0.0136734 -0.0187658 0.00071324 -0.0106501 -0.00549334 0.00291378 -0.0550882 -0.00158782 0.00636493 -0.0153722 -0.0290489 -0.0191351 0.011056 -0.0160629 -0.00599031 -0.0357179 -0.0351159 -0.0296865 -0.0568606 -0.0502588 -0.0397058
internal_weight=4360.34 4165.4 824.333 3341.07 3259.78 307.114 2952.67 559.119 265.213 202.916 550.571 194.942 152.265 62.2968 8.54792 134.841 85.5083 49.3331 42.6765 31.4617 10.8894 81.2907 46.7363 17.4238 20.5723 34.5544 11.2148 12.7786 7.06296
internal_count=33604 32323 5901 26422 25310 5557 19753 3348 2553 1880 3298 1281 985 673 50 873 533 340 296 230 64 1112 744 112 166 368 66 80 46
is_linear=0
shrinkage=0.05


Tree=155
num_leaves=20
num_cat=0
split_feature=3 1 8 7 11 0 0 8 1 0 11 3 0 11 6 0 2 0 0
split_gain=9.07302 9.70342 9.74754 9.69567 9.44413 7.31565 6.40722 5.26758 3.89133 10.7031 5.88784 6.716 3.22203 3.17094 0.89993 0.0292344 0.000368793 0.000130049 8.34714e-05
threshold=0.4425504134629335 24.516666666666669 0.30094339622641514 0.075030266343825688 78.776190150478826 24.500000000000004 31.500000000000004 0.41421568627450983 43.20000000000001 37.500000000000007 44.010675675675706 0.70026737967914443 300.50000000000006 88.494009197324445 0.041010161810006024 298.50000000000006 104.93554687500001 197.50000000000003 289.50000000000006
decision_type=2 2 2 2 2 2 2 2 2 2 2 2 2 2 2 2 2 2 2
left_child=12 2 3 4 -2 -5 7 -4 10 -10 11 -3 15 -12 -11 16 18 -18 -1
right_child=1 8 6 5 -6 -7 -8 -9 9 14 13 -13 -14 -15 -16 -17 17 -19 -20
leaf_value=0.050549808569862124 0.0059599063261720807 0.074470064754371609 -0.011591848737445332 0.00055352287715215232 6.8862922378742957e-05 -0.0077529372536770643 -0.082054092533492939 -0.077353989638417053 0.062616002762633308 -0.10838959684259464 -0.011984354324067645 -0.0094672785127210436 -0.0043913807956066954 -0.058871068765344405 -0.060019875260861583 0.069800354881958279 0.050896876747982503 0.051995127496544669 0.051302940767789421
leaf_weight=10.065727974055328 1018.4461387274787 4.2199957836419326 56.034176265820861 540.38017620984465 2049.2023151095491 520.28109762119129 3.8104244843125334 3.2200753875076762 1.984539322555064 1.1039266493171433 123.56962386146188 5.4747566729784012 3.3799502924084655 3.7144201379269353 7.4594013644382358 0.20320187509059984 0.46279295021668143 0.64556004852056503 0.38186154421418983
leaf_count=1182 7531 52 354 3200 15247 4214 26 24 20 15 1454 68 20 26 94 1 33 21 22
internal_value=-6.95768e-06 -0.000141779 0.000301829 0.000599849 0.00202466 -0.00352101 -0.019207 -0.0151656 -0.0127451 -0.0420087 -0.0104917 0.0270695 0.0386333 -0.0133526 -0.0662554 0.0509999 0.0506693 0.0515366 0.0505773
internal_weight=4354.04 4338.9 4191.37 4128.31 3067.65 1060.66 63.0647 59.2543 147.527 10.5479 136.979 9.69475 15.1391 127.284 8.56333 11.7591 11.5559 1.10835 10.4476
internal_count=33604 32325 30596 30192 22778 7414 404 378 1729 129 1600 120 1279 1480 109 1259 1258 54 1204
is_linear=0
shrinkage=0.05


Tree=156
num_leaves=31
num_cat=0
split_feature=4 11 4 2 1 2 0 0 3 1 0 1 1 2 0 8 9 4 11 9 8 1 8 8 3 11 1 9 11 9
split_gain=9.27782 12.061 15.5352 15.771 15.1625 21.4484 16.9985 11.1366 17.3298 9.18594 8.81811 8.63352 14.6703 7.20294 6.97243 6.7838 6.30287 5.77892 9.97775 5.04936 4.86778 7.81374 5.79233 9.27122 4.36233 4.35394 3.35221 3.23057 2.94532 2.77586
threshold=4.5762787723785179 77.68100000000004 4.1445113788487289 12.579861111111112 15.67543859649123 1.0000000180025095e-35 36.500000000000007 25.500000000000004 0.79193722943722955 5.0769230769230775 50.500000000000007 20.878676470588239 17.976190476190478 8.5153061224489814 16.500000000000004 0.13429380873410726 0.033473389355742303 5.1012195121951232 58.433576845298312 0.13024232948993555 0.21672494172494175 6.2590299277605785 0.17386397094906272 0.14993188010899186 0.84178433889602056 78.258939746300243 14.977272727272728 0.11756669881067182 70.694980439642364 0.11098008385744236
decision_type=2 2 2 2 2 2 2 2 2 2 2 2 2 2 2 2 2 2 2 2 2 2 2 2 2 2 2 2 2 2
left_child=1 7 4 9 5 -3 -6 11 10 -4 -9 12 -1 -10 20 25 -5 18 -17 -13 22 29 23 -2 -19 28 -23 -24 -16 -22
right_child=14 2 3 16 6 -7 -8 8 13 -11 -12 19 -14 -15 15 17 -18 24 -20 -21 21 26 27 -25 -26 -27 -28 -29 -30 -31
leaf_value=0.011543331160052338 0.0089057101505053728 -0.022215357514425646 0.042540721331023858 0.043592728628264181 0.0025473670785477256 0.0037393303074775212 -0.015660825453359537 0.01919842733928008 0.0033883703233950633 -0.0042529356456996242 0.0032356484881922755 0.0037466340255481304 0.043779349162868672 -0.018777561313581156 -0.028682258069661543 0.010318766264956175 -0.024084490825369703 -0.0011904027360723282 -0.0130011145890264 -0.033737388672744166 0.00053225362112775156 -0.030747776021130942 0.0087221607053745102 -0.02981434941334641 -0.042565340236569216 0.01267442762060003 0.015782280326428779 0.036663930329917237 -0.064635287432901437 0.044048718227595353
leaf_weight=229.75516577158123 58.670594779774547 83.20500021148473 10.98361001908779 3.5202379040420047 243.098857649602 1836.2495068048593 271.14655110030435 105.71643771394156 53.005355243571103 232.39617852028459 476.36486216285266 29.027573589235544 41.699176792055368 118.78062362410128 34.114943535532802 68.784828138537705 151.45752927288413 9.4536600029096025 137.68246452091262 13.011467399075626 9.1401767581701261 30.679649440571666 22.227621145546436 20.991032090038061 19.534848342649639 5.5052260560914865 4.429723259061574 19.349750375375152 6.8382535371929398 6.1172859296202651
leaf_count=1284 325 545 57 20 1293 14509 2555 632 422 1417 4645 165 205 1156 273 674 1200 86 1135 103 51 201 107 125 165 35 27 107 51 34
internal_value=-6.86008e-06 0.000780367 -0.00092676 -0.01008 0.000571475 0.00261424 -0.00705328 0.00530993 0.00201644 -0.00214116 0.00613478 0.0132299 0.0164952 -0.0119382 -0.00677553 -0.0116125 -0.0225472 -0.00816719 -0.00523207 -0.00785501 0.00117061 -0.0118947 0.00659837 -0.00129712 -0.0290722 -0.0290735 -0.0248771 0.021726 -0.0346856 0.0179796
internal_weight=4352.94 3899.42 2832.06 398.358 2433.7 1919.45 514.245 1067.36 753.867 243.38 582.081 313.493 271.454 171.786 453.52 281.914 154.978 235.456 206.467 42.039 171.606 50.3668 121.239 79.6616 28.9885 46.4584 35.1094 41.5774 40.9532 15.2575
internal_count=33604 30208 21596 2694 18902 15054 3848 8612 6855 1474 5277 1757 1489 1578 3396 2419 1220 2060 1809 268 977 313 664 450 251 359 228 214 324 85
is_linear=0
shrinkage=0.05


Tree=157
num_leaves=21
num_cat=0
split_feature=7 4 11 4 0 3 4 1 2 11 9 9 4 1 3 4 6 4 2 6
split_gain=8.77609 9.15314 11.3687 16.2604 14.2994 29.8463 13.5399 11.1526 6.8719 5.68422 5.43147 3.35056 2.75161 3.24488 2.56187 2.2435 3.27682 3.06159 2.20832 1.19635
threshold=0.17445652173913045 3.4005813953488375 91.403461538461556 3.6876990445859876 23.500000000000004 0.8239268680445152 4.5762787723785179 6.8090909090909095 1.0000000180025095e-35 84.173533205924542 0.23132664437012265 0.061925832279814588 3.6658914728682173 5.0769230769230775 0.92052631578947375 4.2780641466208484 0.135619954018072 4.6007117437722433 16.005000000000003 0.07682787509520185
decision_type=2 2 2 2 2 2 2 2 2 2 2 2 2 2 2 2 2 2 2 2
left_child=1 9 4 8 6 -6 -3 -5 -4 18 11 -11 14 -14 -2 16 -15 -17 19 -1
right_child=12 2 3 7 5 -7 -8 -9 -10 10 -12 -13 13 15 -16 17 -18 -19 -20 -21
leaf_value=-0.069694857218572534 -0.06221650470954701 0.009089068822770054 -0.021593214134496063 0.0078222444652770659 0.001831585016903773 -0.012571260195448762 -0.0038735499590217028 -0.015030598886034089 0.0036077781227197695 0.027450647982336342 -0.039363406784267606 0.0097629565350371515 0.038617714997899344 -0.018579686247437509 -0.013179313977612201 -0.054847314016912424 0.018818351138018295 -0.01339798699398537 0.0056594793039208818 -0.024627773640946603
leaf_weight=2.9983379393815976 6.310468143783508 793.24830324295908 29.119098164141178 61.800940671935678 1646.0148607071023 460.27669156715274 270.02559924591333 392.12447647307999 380.86130481027067 30.751082136528566 5.2502693883143357 207.02489513182081 2.7852550595998755 21.435169294476513 4.6086125820875168 7.6253208350390222 8.0595862986519915 10.715528277680276 2.9126833649352193 2.8938578767701983
leaf_count=22 33 4388 176 397 15105 3669 1540 2415 3242 317 38 1849 16 133 29 64 45 85 23 18
internal_value=-7.35144e-06 0.000261877 -0.000315526 -0.00540007 0.00107033 -0.00131579 0.00579712 -0.0119192 0.00181786 0.0095099 0.0109397 0.0120505 -0.018755 -0.0138446 -0.0415194 -0.0168992 -0.00836049 -0.0306308 -0.0299554 -0.0475609
internal_weight=4346.84 4285.3 4033.47 863.906 3169.57 2106.29 1063.27 453.925 409.98 251.831 243.026 237.776 61.5399 50.6209 10.9191 47.8356 29.4948 18.3408 8.80488 5.8922
internal_count=33604 33199 30932 6230 24702 18774 5928 2812 3418 2267 2204 2166 405 343 62 327 178 149 63 40
is_linear=0
shrinkage=0.05


Tree=158
num_leaves=30
num_cat=0
split_feature=6 8 8 10 2 6 1 7 11 7 6 2 1 4 0 9 8 11 4 4 8 6 2 11 11 9 0 9 3
split_gain=8.60311 10.7057 12.4591 9.23886 9.37782 8.83812 10.4321 9.99729 8.24037 7.96786 7.36052 7.1457 8.86706 6.8047 5.83408 5.57222 7.32014 8.39956 6.40686 5.95806 5.94542 4.89069 3.29807 6.37312 5.07465 3.91312 7.71329 3.09925 0.937362
threshold=0.047386242129024599 0.18171626579698333 0.04819976771196284 0.012066392458049724 38.867704028925623 0.055309344053338573 6.6742424242424248 0.088316542086447861 82.848934590597807 0.01590463542654778 0.20185185185185187 33.591666666666676 9.5147058823529438 4.182149966821501 9.5000000000000018 0.10519881611118261 0.15006361323155218 83.184701704545489 4.485960591133006 3.8400913242009138 0.21753918958887905 0.055309344053338573 1.5679012345679015 68.200759441707746 83.320333333333366 0.03778684344722081 11.500000000000002 0.070894063773943167 0.77431481930633039
decision_type=2 2 2 2 2 2 2 2 2 2 2 2 2 2 2 2 2 2 2 2 2 2 2 2 2 2 2 2 2
left_child=9 2 10 4 -4 11 14 -8 -5 22 21 12 -3 -13 -7 18 19 -18 20 -17 -11 -2 25 27 -25 -1 -27 -24 -20
right_child=1 5 3 8 -6 6 7 -9 -10 15 -12 13 -14 -15 -16 16 17 -19 28 -21 -22 -23 23 24 -26 26 -28 -29 -30
leaf_value=0.06447963385605153 0.023257221741588219 -0.01622745664168625 0.0059367518439848044 -0.030278463916978568 -0.0013693073462011608 -0.029464748629815591 -0.0040151301506966474 -0.02054894297143018 -0.001663354871074271 -0.021628027169374578 0.034629343415437455 -0.035489107087881583 0.029286678242008802 0.020557541840036928 0.015841128306617831 -0.0051435892613343505 0.012325562584607035 -0.0083752034328626723 -0.079085512939705338 -0.021967964605228048 0.011184100866330392 -0.029795889469169334 0.0048170950482395326 0.021199563740287003 -0.0045026740080437106 -0.033788747543852832 0.017920885048609791 -0.06123641789956244 -0.045947237568183301
leaf_weight=3.5480183032341293 4.7560855466872445 13.351476173847912 1718.5384520147927 35.689424983225763 590.00226517464034 7.76840616762638 894.84072155901231 101.83173210197128 85.269745678640902 69.19262177683413 5.672084739431738 13.135208109393718 53.906773558817804 9.2149646393954736 83.28662800299935 126.71474490128458 91.043781615793705 106.12173431739211 3.7079400774091464 89.994850611314178 17.246663975063711 50.133935317629948 2.4956960272975248 26.570836260449141 69.272681940812618 8.4417872913181764 49.491452069021761 6.1567587205208838 5.0271556470543146
leaf_count=29 29 84 13227 254 5718 44 6687 727 495 480 34 123 352 106 524 781 829 713 30 796 117 307 27 175 475 77 276 44 44
internal_value=-7.03703e-06 0.000947764 0.00280533 0.00336373 0.00406952 -0.00298097 -0.00422438 -0.00570442 -0.0101063 -0.00519444 -0.0195956 0.0121124 0.0202516 -0.0123811 0.0119758 -0.00829632 -0.00578773 0.00118365 -0.0192052 -0.0121304 -0.0150812 -0.025199 0.00431897 -0.0010873 0.00262279 0.0135077 0.010386 -0.0421841 -0.060014
internal_weight=4342.42 3667.4 2490.06 2429.5 2308.54 1177.34 1087.73 996.672 120.959 675.027 60.5621 89.6084 67.2582 22.3502 91.055 509.049 413.875 197.166 95.1744 216.71 86.4393 54.89 165.977 104.496 95.8435 61.4813 57.9332 8.65245 8.7351
internal_count=33604 28711 20064 19694 18945 8647 7982 7414 749 4893 370 665 436 229 568 3790 3119 1542 671 1577 597 336 1103 721 650 382 353 71 74
is_linear=0
shrinkage=0.05


Tree=159
num_leaves=20
num_cat=0
split_feature=3 1 8 8 9 4 0 8 1 0 11 3 0 11 6 0 2 0 0
split_gain=8.47069 8.90802 8.70185 9.12317 11.417 10.9576 5.95997 4.9775 3.76631 9.88786 5.28583 5.79673 3.19502 2.97517 0.800262 0.0243663 0.000322077 0.000112915 7.24945e-05
threshold=0.4425504134629335 24.516666666666669 0.30094339622641514 0.094179371353284413 0.01941930618401207 4.7226495726495736 31.500000000000004 0.41421568627450983 43.20000000000001 37.500000000000007 44.010675675675706 0.70026737967914443 300.50000000000006 74.983321342925692 0.041010161810006024 298.50000000000006 104.93554687500001 197.50000000000003 289.50000000000006
decision_type=2 2 2 2 2 2 2 2 2 2 2 2 2 2 2 2 2 2 2
left_child=12 2 3 4 -2 -5 7 -4 10 -10 11 -3 15 -12 -11 16 18 -18 -1
right_child=1 8 6 5 -6 -7 -8 -9 9 14 13 -13 -14 -15 -16 -17 17 -19 -20
leaf_value=0.050524325541915521 0.039534676778391946 0.068392339671032462 -0.010904766649345303 0.0020901312138718424 -0.0075538309014712467 -0.0093344667874055414 -0.079507984193678202 -0.076002364057637731 0.060852318969461652 -0.10548030784897147 -0.008304655398379459 -0.0090799020057322367 -0.0045268786335841684 -0.025888389654496857 -0.059197997618159387 0.068397260215836739 0.050858440085712622 0.051904588898209036 0.051244511460764509
leaf_weight=9.5573044002521712 13.264756718184797 4.3455961942672712 55.573073167353868 3443.1135973618366 435.22328869858757 223.50488473987207 3.7321334155276409 3.1002547144889823 1.9154247567057598 1.0726112872362117 93.87249235343188 5.4335244745016098 3.3799472600221625 32.345403462648392 7.2269657468423247 0.19662815332412797 0.44306313106790252 0.61728993151336908 0.36268697213381607
leaf_count=1182 77 52 354 25733 2807 1575 26 24 20 15 1189 68 20 291 94 1 33 21 22
internal_value=-7.05261e-06 -0.000135249 0.000289336 0.000570356 -0.00616111 0.00139373 -0.0182416 -0.0143445 -0.0122663 -0.0415471 -0.010067 0.0253468 0.0380701 -0.0128108 -0.0651794 0.0509516 0.0506392 0.0514675 0.0505507
internal_weight=4338.28 4323.72 4177.51 4115.11 448.488 3666.62 62.4055 58.6733 146.212 10.215 135.997 9.77912 14.5569 126.218 8.29958 11.177 10.9803 1.06035 9.91999
internal_count=33604 32325 30596 30192 2884 27308 404 378 1729 129 1600 120 1279 1480 109 1259 1258 54 1204
is_linear=0
shrinkage=0.05


Tree=160
num_leaves=24
num_cat=0
split_feature=1 4 9 0 3 5 4 0 7 11 0 2 7 8 3 8 1 6 4 11 9 9 4
split_gain=8.16633 10.5668 8.76978 11.0555 16.871 8.22601 7.62618 7.04598 6.17125 5.14541 3.13456 3.61816 4.87819 4.14413 2.98098 3.41541 3.13753 2.53496 4.2316 2.43849 1.73172 1.01838 1.07542
threshold=5.0769230769230775 5.1012195121951232 0.12730095990965559 271.50000000000006 0.53440555841482251 0.015444245676803818 4.3560790835181091 9.5000000000000018 0.063144603934077628 101.92240816326533 11.500000000000002 1.5679012345679015 0.083176100628930827 0.14262598243180771 0.93405797101449284 0.20020449897750514 13.93933823529412 0.20185185185185187 4.5762787723785179 94.872969585161584 0.083200212992545278 0.090586022319850537 4.6255252100840343
decision_type=2 2 2 2 2 2 2 2 2 2 2 2 2 2 2 2 2 2 2 2 2 2 2
left_child=10 2 3 4 -2 6 -4 -3 -5 -7 11 12 20 -13 15 -9 -16 18 19 -12 -1 22 -19
right_child=1 7 5 8 -6 9 -8 14 -10 -11 17 13 -14 -15 16 -17 -18 21 -20 -21 -22 -23 -24
leaf_value=0.066429844863580223 0.031255969090673158 0.03977386836119659 -0.00091782298513525158 -0.034908126922133978 0.0015573655594950863 -0.019255687623842187 -0.011440467975295162 0.0027400309152972265 0.0043674452138930866 -0.078864827706556465 0.04448322745109224 0.0114819211226996 -0.014112288591405085 -0.058230954212838464 -0.039311952270514226 -0.029436214325293128 0.005355417376908117 0.01362763168231502 -0.016443230860637759 0.0040068730756923597 0.021560949066314717 0.0682359525170253 0.055022809364151916
leaf_weight=4.3003053981810826 48.675878516631201 4.7386256903409949 1146.9530418354552 31.761898248456419 2719.016291922424 38.300824315287173 202.60127135273069 17.364949927665293 14.59851502208039 3.9981143902987233 11.980158245656645 4.5425689220428449 6.2273792773485175 4.0169245302677155 30.260570796206594 15.707379735074936 4.5184254720807067 2.8623446095734817 6.1171379666775456 5.397380498237907 4.3014688529074192 4.1274716481566429 3.4723418294452131
leaf_count=20 2303 37 8371 497 19392 282 1673 135 201 22 72 21 33 21 205 117 42 21 31 35 21 27 25
internal_value=-6.85507e-06 -0.000258073 6.83685e-05 0.00167407 0.00207968 -0.00317805 -0.00249753 -0.0191723 -0.0225406 -0.02489 0.0187363 0.00465088 0.0195918 -0.021234 -0.023289 -0.0125418 -0.0335088 0.028438 0.0193217 0.0319115 0.0439924 0.0489103 0.0363183
internal_weight=4335.84 4278.5 4205.91 2814.05 2767.69 1391.85 1349.55 72.59 46.3604 42.2989 57.3455 23.3886 14.8292 8.55949 67.8513 33.0723 34.779 33.9568 23.4947 17.3775 8.60177 10.4622 6.33469
internal_count=33604 33277 32741 22393 21695 10348 10044 536 698 304 327 116 74 42 499 252 247 211 138 107 41 73 46
is_linear=0
shrinkage=0.05


Tree=161
num_leaves=30
num_cat=0
split_feature=2 3 0 11 8 0 11 10 3 0 10 2 1 1 6 1 6 0 3 2 6 7 0 9 9 3 9 6 2
split_gain=7.99032 10.596 18.449 17.213 21.5805 16.0803 15.9728 20.7437 15.6208 27.9631 14.4851 12.2618 10.5512 9.13459 7.45017 4.60909 7.93996 3.59509 5.48147 5.1389 3.18717 3.67665 4.25523 4.13589 2.87956 2.31542 1.50351 1.15522 0.41366
threshold=151.94572284315876 0.65863337204800632 98.500000000000014 66.214572368421088 0.18406434087232551 63.500000000000007 74.388418803418844 0.0033167587071791607 0.78281378178835126 40.500000000000007 0.00060114352785063457 28.226813590449961 27.445054945054945 26.552380952380958 0.040066889632107035 21.468627450980396 0.035763478945297134 122.50000000000001 0.64719012605042037 254.07636485966938 0.052666250606754041 0.048820211329149134 130.50000000000003 0.069804355850867486 0.12700557700557705 0.62970031099802104 0.12966123119706738 0.035763478945297134 183.12296953094966
decision_type=2 2 2 2 2 2 2 2 2 2 2 2 2 2 2 2 2 2 2 2 2 2 2 2 2 2 2 2 2
left_child=1 2 13 10 -5 8 7 -7 12 -10 -4 -8 -3 14 -1 20 24 18 -18 -19 26 22 -22 -23 -17 -15 27 -2 -28
right_child=15 5 3 4 -6 6 11 -9 9 -11 -12 -13 -14 25 -16 16 17 19 -20 -21 21 23 -24 -25 -26 -27 28 -29 -30
leaf_value=-0.0044590556453536134 -0.001563200925806919 0.0080640771274401429 0.011806853210959912 0.0022598935186220102 -0.030902988926705011 -0.0042055438236164866 -0.0056003398231670659 0.056277334461273247 9.6407280675328601e-05 -0.020648323023375149 0.069050431571071602 -0.029156495040598047 -0.039972810517021909 -0.014041406903701687 0.02683987512004006 0.02516485583850326 0.046837368131268396 -0.0042864801906002739 -0.0087986200183913805 -0.046080383248950925 0.010945513573015543 0.024996401628994375 -0.042363676244913516 -0.049295107128211176 0.10747704371817662 -0.086707159638855377 -0.096278271852457908 -0.056422691620959364 -0.062957724770660681
leaf_weight=21.99817201285623 1.5993873951956623 664.55116540566087 46.704923676326871 286.34837712254375 59.198401621542871 142.42745349742472 97.676321886479855 15.743254965171216 2424.9032773496583 174.10977016575634 14.476496146991847 127.16930094454437 11.631295412778853 2.1824332708492866 140.10169313871302 2.519224213436245 5.6937065729871419 17.452307064086202 19.902122773230076 12.712537639308719 12.621045181527736 2.1948269605636588 5.3217389723286024 12.792329147458075 1.8375327456742523 2.2026646919548512 1.7537227980792525 2.3990095462650061 1.9865733925253151
leaf_count=251 18 4539 458 4263 741 1432 662 144 14040 1697 113 1226 70 32 2514 34 49 291 279 283 102 15 79 163 21 12 20 32 24
internal_value=-6.62255e-06 0.000324779 0.0066456 0.000906639 -0.00342151 -0.000665644 -0.0103594 0.00181452 0.00046799 -0.0012933 0.0253516 -0.0189233 0.00723777 0.0206661 0.0225924 -0.0139203 -0.00512584 -0.0102051 0.00357742 -0.0218999 -0.0269204 -0.0201349 -0.00486572 -0.0384153 0.0598814 -0.0505419 -0.0557942 -0.0344785 -0.0785808
internal_weight=4332.21 4231.43 573.213 406.728 345.547 3658.21 383.016 158.171 3275.2 2599.01 61.1814 224.846 676.182 166.485 162.1 100.786 60.1174 55.7607 25.5958 30.1648 40.6686 32.9299 17.9428 14.9872 4.35676 4.3851 7.73869 3.9984 3.7403
internal_count=33604 32194 8384 5575 5004 23810 3464 1576 20346 15737 571 1888 4609 2809 2765 1410 957 902 328 574 453 359 181 178 55 44 94 50 44
is_linear=0
shrinkage=0.05


Tree=162
num_leaves=21
num_cat=0
split_feature=3 0 3 9 0 8 6 9 10 4 6 11 5 3 8 0 1 0 0 2
split_gain=7.91272 8.4379 22.0807 9.18336 10.7305 8.41013 7.21054 8.59067 7.50701 6.13153 5.36459 5.18222 15.472 4.26333 4.1372 3.00044 2.50304 0.460839 0.0223137 0.000294711
threshold=0.4425504134629335 199.50000000000003 0.56823187825390475 0.12866572067423462 125.50000000000001 0.30094339622641514 0.063648420544972287 0.11048117692406528 1.0000000180025095e-35 4.234271928832599 0.056845109866436885 61.326500000000038 0.0061068844633400477 0.5133894728215217 0.19054601312665831 324.50000000000006 20.027777777777782 300.50000000000006 298.50000000000006 104.93554687500001
decision_type=2 2 2 2 2 2 2 2 2 2 2 2 2 2 2 2 2 2 2 2
left_child=15 2 9 5 -5 -4 7 16 -9 10 -2 12 -8 -13 -11 17 -3 18 19 -1
right_child=1 6 3 4 -6 -7 11 8 -10 14 -12 13 -14 -15 -16 -17 -18 -19 -20 -21
leaf_value=0.050518888286322533 0.0080335236133353069 -0.011101702100060526 0.001804784285863152 -0.0028345129933280682 -0.028491492676908009 -0.018258979038953575 -0.016978051741618309 -0.004985374294732758 0.03802130547169584 0.016469870187927865 0.037819459768167897 -0.004048019221785582 0.11817630780778528 -0.031187995516602215 -0.052320738083203824 -0.018204541452776005 -0.055793888891631817 0.019650276472694666 0.067751192964284432 0.051420235698928618
leaf_weight=9.2805190540384448 20.623081807978451 6.2742798551917058 2689.2941060829908 1290.1488776877522 42.081324264407158 53.26423804461956 11.481726028025149 23.160178270190954 18.05890703573823 4.9246242647059244 56.615302159450948 18.826408919412643 2.5963529348373404 62.533885205164552 3.9298811047337949 2.044110804796218 6.2572620175778866 1.3272115066647518 0.19335865974426347 1.0051036565564579
leaf_count=1204 328 62 18613 8785 462 334 204 264 218 80 1705 352 42 726 50 11 100 9 1 54
internal_value=-7.46391e-06 -0.000128714 0.000290196 -0.000239241 -0.00364494 0.00141512 -0.0118121 0.00283511 0.0138567 0.0253485 0.0298664 -0.0200614 0.00794782 -0.0249079 -0.0140614 0.0377243 -0.0334174 0.0474077 0.0509233 0.050607
internal_weight=4323.92 4310.07 4160.88 4074.79 1332.23 2742.56 149.189 53.7506 41.2191 86.0929 77.2384 95.4384 14.0781 81.3603 8.85451 13.8503 12.5315 11.8062 10.479 10.2856
internal_count=33604 32325 30357 28194 9247 18947 1968 644 482 2163 2033 1324 246 1078 130 1279 162 1268 1259 1258
is_linear=0
shrinkage=0.05


Tree=163
num_leaves=23
num_cat=0
split_feature=7 4 11 4 0 3 4 1 2 11 9 0 2 0 8 4 3 1 3 2 8 2
split_gain=7.87922 8.1943 10.713 14.559 13.312 26.3818 11.028 9.81541 6.28122 5.37677 4.67632 3.80762 2.79386 11.6962 7.23884 3.25781 5.53372 3.40571 2.14104 1.95625 0.709372 0.538621
threshold=0.17445652173913045 3.4005813953488375 91.403461538461556 3.6876990445859876 23.500000000000004 0.8239268680445152 4.6007117437722433 6.8090909090909095 3.5694444444444451 76.340498106060636 0.23132664437012265 28.500000000000004 8.2161111111111129 20.500000000000004 0.058997563522450405 3.6658914728682173 0.92637759710930456 6.8090909090909095 0.94804318488529027 3.9027777777777781 0.099848942598187329 20.228298611111118
decision_type=2 2 2 2 2 2 2 2 2 2 2 2 2 2 2 2 2 2 2 2 2 2
left_child=1 9 4 8 6 -6 -3 -5 -4 -1 11 -11 15 14 -14 20 17 -17 -16 -18 -2 -15
right_child=12 2 3 7 5 -7 -8 -9 -10 10 -12 -13 13 21 18 16 19 -19 -20 -21 -22 -23
leaf_value=-0.062850072727713244 -0.04283512643482032 0.0084362119648342601 -0.0099132740683153548 0.0071641286223083703 0.0017062341880455714 -0.011893957434465531 -0.0036247777308169209 -0.014331353696640731 0.0049524651697570136 0.0065541802795114892 -0.036780489836465487 0.020069532055883365 -0.031047868659707923 -0.037724954290219423 0.07379590967879178 0.038384109792601408 -0.029409358131945191 -0.012960470218902627 0.026388896138444209 -0.069636296376299478 -0.075298934739946824 -0.063992083315038945
leaf_weight=2.5743148648180059 3.8014378678053609 811.5023941565305 91.666015908820555 61.445027793990448 1633.639866495505 456.13953982945532 247.27862845920026 391.37451255717315 316.06596867111512 165.81467800028622 5.2762816576287142 75.996166664641351 4.1003044024109867 3.5964405634440473 4.4358985498547536 4.6829261966049662 13.565786864608528 10.407248847186564 5.1429288312792778 3.8885657414793959 3.0192034956999123 4.2673282139003277
leaf_count=22 25 4502 609 397 15105 3669 1426 2415 2809 1209 38 998 20 24 25 28 116 65 27 24 17 34
internal_value=-7.47894e-06 0.000247898 -0.000299415 -0.0052433 0.00105183 -0.0012623 0.00561936 -0.0114145 0.00161036 0.00903674 0.00978571 0.0108018 -0.0178637 -0.00338808 0.0245455 -0.0257857 -0.0192007 0.00297327 0.0483428 -0.0383713 -0.0572055 -0.051979
internal_weight=4319.68 4258.77 4009.11 860.552 3148.56 2089.78 1058.78 452.82 407.732 249.661 247.087 241.811 60.9081 21.5429 13.6791 39.3652 32.5445 15.0902 9.57883 17.4544 6.82064 7.86377
internal_count=33604 33199 30932 6230 24702 18774 5928 2812 3418 2267 2245 2207 405 130 72 275 233 93 52 140 42 58
is_linear=0
shrinkage=0.05


Tree=164
num_leaves=31
num_cat=0
split_feature=6 8 8 6 1 7 4 11 0 3 11 0 3 6 2 1 2 1 1 8 11 7 6 11 8 3 9 2 7 2
split_gain=7.54525 9.74934 11.1131 9.02679 9.24794 9.4545 8.11695 12.354 7.83677 11.4316 8.63921 8.61763 8.45446 7.64303 7.57799 6.69946 6.54153 6.33453 7.69432 6.29859 6.24665 6.22941 6.71533 6.02772 5.16832 4.0135 3.92928 4.04676 3.10773 2.08681
threshold=0.049602548735095585 0.18171626579698333 0.098126750700280124 0.055309344053338573 6.6742424242424248 0.063869780835066406 4.4547859547859554 66.738557885484695 32.500000000000007 0.76370794559770949 81.631057971014528 83.500000000000014 0.85053191489361712 0.19069264069264072 38.867704028925623 6.2590299277605785 46.711383219954662 20.027777777777782 9.5147058823529438 0.13429380873410726 107.08483436853005 0.1286796536796537 0.023346656976744189 79.936833333333368 0.083020050125313286 0.89699381078691431 0.11098008385744236 5.1047394164277291 0.05004638218923934 55.761198347107445
decision_type=2 2 2 2 2 2 2 2 2 2 2 2 2 2 2 2 2 2 2 2 2 2 2 2 2 2 2 2 2 2
left_child=8 2 13 17 23 -6 14 -8 12 10 19 -12 16 15 -4 -2 20 18 -3 -10 -1 22 -14 -5 -15 -23 29 -28 -19 -11
right_child=1 3 6 4 5 -7 7 -9 9 26 11 -13 21 24 -16 -17 -18 28 -20 -21 -22 25 -24 -25 -26 -27 27 -29 -30 -31
leaf_value=0.0033910629536821574 -0.035446466314091936 -0.017749245758041383 0.0074036791978622897 0.024217151747816648 -0.0027111568011595486 -0.014357346313800513 0.0061750200810632696 -0.016454724042241711 -0.02068927452449397 -0.054733550449931161 -0.0052891847195437377 -0.035743934323898413 0.0045291051567348207 0.026934027922442434 0.00010106020693353891 -0.0055433970394279863 0.045478321780183073 -0.064349175098224451 0.027723255455807963 0.011769923725743169 0.046963625127056492 -0.073085344267110205 -0.011557883060614487 -0.0016235588528964477 -0.011667859324256629 -0.02032135849605143 0.012722709077619954 -0.025609895717039213 0.011736280008533993 -0.015854594653031549
leaf_weight=142.71214404702187 19.81620920682326 11.380146806593983 1297.4412528665271 45.327695181127638 764.65803889697418 225.70276359003037 129.72366505023092 112.7095219953917 18.30317849246785 15.628914061933758 76.821615841239691 33.295896807452664 129.23816505540162 29.190016922075301 489.20011533400975 341.85261019458994 11.214607395231722 3.5522324973717323 50.962085826322436 81.467320585157722 8.7285564066842181 4.5742164924740818 130.25429041311145 44.944048008183017 12.335352055728434 16.992174427956343 7.9115229025483123 53.070326110348105 2.1570546627044678 4.4295821823179713
leaf_count=836 116 73 10440 263 5703 1711 1045 784 211 115 565 400 764 176 4722 2392 65 44 366 777 78 26 745 305 68 135 71 533 29 46
internal_value=-7.17556e-06 0.000939771 0.00273266 -0.00285656 -0.00396884 -0.00536532 0.00423923 -0.00434577 -0.00462298 -0.0110006 -0.00484194 -0.0144977 -0.00044139 -0.00484918 0.00540415 -0.00718182 0.00863109 0.0148061 0.0194226 0.00581519 0.00590245 -0.00569184 -0.00354589 0.0113517 0.0154671 -0.0315126 -0.0269511 -0.0206368 -0.0356029 -0.0461478
internal_weight=4315.6 3580.95 2432.27 1148.68 1080.63 990.361 2029.07 242.433 734.643 290.928 209.888 110.118 443.714 403.194 1786.64 361.669 162.655 68.0515 62.3422 99.7705 151.441 281.059 259.492 90.2717 41.5254 21.5664 81.0403 60.9818 5.70929 20.0585
internal_count=33604 28237 19743 8494 7982 7414 16991 1829 5367 2718 1953 965 2649 2752 15162 2508 979 512 439 988 914 1670 1509 568 244 161 765 604 73 161
is_linear=0
shrinkage=0.05


Tree=165
num_leaves=30
num_cat=0
split_feature=3 0 1 4 11 4 7 0 0 2 8 9 9 11 2 9 8 4 3 9 8 2 8 4 2 11 11 11 9
split_gain=7.5094 10.4728 10.0061 10.2385 21.0516 12.4222 11.8462 12.3707 10.3702 9.26235 8.98592 8.6509 8.988 8.47996 8.27545 8.17758 13.8831 5.45135 4.30949 4.07616 4.6996 5.18725 3.78581 3.08077 2.51507 2.49292 4.95657 2.18814 1.55104
threshold=0.95553359683794481 19.500000000000004 6.8090909090909095 4.1933517495395956 66.738557885484695 4.7226495726495736 0.10021834061135372 54.500000000000007 17.500000000000004 12.579861111111112 0.050252525252525264 0.058997563522450405 0.099536788831464065 77.68100000000004 1.0000000180025095e-35 0.049844720496894417 0.1596441393458792 3.5815140009492175 0.913664596273292 0.17249008239243213 0.11048117692406528 7.2576530612244907 0.11530547641658755 4.556258790436007 5.3738775510204091 103.20663137181414 86.353266632016656 69.503750000000039 0.11098008385744236
decision_type=2 2 2 2 2 2 2 2 2 2 2 2 2 2 2 2 2 2 2 2 2 2 2 2 2 2 2 2 2
left_child=2 11 10 6 5 -5 7 -4 -8 -6 25 15 13 -13 -14 16 -2 22 -19 23 -21 -22 -12 27 -17 26 -1 -3 -25
right_child=1 19 3 4 9 -7 8 -9 -10 -11 17 12 14 -15 -16 24 -18 18 -20 20 21 -23 -24 28 -26 -27 -28 -29 -30
leaf_value=-0.060723310381786105 0.028927614967726445 0.013464432839068188 0.0053800655395790549 0.011363474407725331 -0.002758443426535852 -0.0079449855407729541 0.0091472478195559551 -0.0024550367660602372 -0.014424103770711821 -0.015128149884703679 -0.031126743970799533 -0.0006109398419249665 -0.015843044548691423 -0.033419380325787444 0.0043404876437458089 0.015771572021511322 -0.028440100111954626 0.011346703713387474 0.028263324867607815 0.077306402618633141 0.047927926306109619 -0.043660285937863204 0.0084066175828396202 -0.058262452700099436 0.039481244803036775 -0.069702784836589315 0.019160220394811085 -0.021684871207908903 -0.022098355634702117
leaf_weight=3.5515708252787572 18.470131136476994 4.7133175935596219 1609.9906544669066 257.52077956032008 264.74411143688485 123.12722062505782 62.184085462242365 733.21646702056751 186.9241762526799 353.28496872633696 9.9770622607320565 32.908452209085226 70.050341649912298 49.052835488691926 184.66158532910049 24.386278241872787 24.581644605845213 98.444627275224775 60.96066553145647 2.1181420516222698 2.5135417357087135 4.0160181540995836 15.408085197675971 8.5752597283571941 20.661959558725357 3.1520201405510306 4.2841585916467011 73.074467562139034 4.5317307831719509
leaf_count=19 88 46 10279 2275 1663 1039 371 9017 1284 3188 84 195 519 289 963 116 140 730 317 22 20 33 121 93 110 20 31 465 67
internal_value=-7.16182e-06 -0.00561528 0.000769338 0.000169212 -0.00413221 0.00511782 0.00182631 0.00292837 -0.00854006 -0.00982936 0.0117769 -0.00219446 -0.00584457 -0.0202464 -0.00121035 0.0117544 -0.00382813 0.014389 0.0178161 -0.0202128 0.01259 -0.00840358 -0.00713108 -0.0233337 0.0266463 -0.0321524 -0.0170473 -0.0195551 -0.0457587
internal_weight=4311.09 524.316 3786.77 3590.99 998.677 380.648 2592.32 2343.21 249.108 618.029 195.778 424.773 336.673 81.9613 254.712 88.1 43.0518 184.79 159.405 99.5425 8.6477 6.52956 25.3851 90.8948 45.0482 10.9877 7.83573 77.7878 13.107
internal_count=33604 3166 30438 29116 8165 3314 20951 19296 1655 4851 1322 2420 1966 484 1482 454 228 1252 1047 746 75 53 205 671 226 70 50 511 160
is_linear=0
shrinkage=0.05


Tree=166
num_leaves=19
num_cat=0
split_feature=3 1 8 10 0 7 5 0 11 9 6 7 0 2 0 2 0 0
split_gain=7.44407 7.83233 8.21504 9.86731 10.3383 10.0378 6.35602 6.24328 3.42897 3.36947 3.50379 3.13185 2.95353 2.71506 0.0188434 0.000250789 9.00268e-05 6.14562e-05
threshold=0.4425504134629335 24.516666666666669 0.22589757608893751 0.013015245623941277 16.500000000000004 0.015174541770286454 0.027212143650499818 34.500000000000007 88.494009197324445 0.11544808326986546 0.12523764258555134 0.020449983271997325 300.50000000000006 151.94572284315876 298.50000000000006 104.93554687500001 197.50000000000003 289.50000000000006
decision_type=2 2 2 2 2 2 2 2 2 2 2 2 2 2 2 2 2 2
left_child=12 2 3 5 -5 -2 7 -4 9 10 -3 -8 14 -11 15 17 -17 -1
right_child=1 8 6 4 -6 -7 11 -9 -10 13 -12 -13 -14 -15 -16 16 -18 -19
leaf_value=0.050472331284816624 0.0075606397467479136 -0.0006134189933003272 -0.0024341822209171583 0.0023347836030788273 -0.022942919815102519 0.00041276320379777262 -0.014612732743958586 -0.01794783974648918 -0.058570523681657299 -0.027976425548165935 -0.026373319671752573 -0.071668593277752282 -0.003299613161274445 0.0011980491302050825 0.066599108601450671 0.050769648172271246 0.051753729913034965 0.051162024851523082
leaf_weight=8.5183140104636479 589.44597407570109 78.890642793849111 360.76886210218072 76.655344143509865 85.641095290891826 2945.5834983685054 4.3595238924026471 79.064885570202023 3.779289534315466 35.56930823251605 15.853099135681985 5.3650030139833689 3.3604186028242102 10.279305181466041 0.18711903691291887 0.39456830313429314 0.56548990495502949 0.3357230066321798
leaf_count=1182 3839 894 2182 431 621 22728 27 735 27 453 127 33 20 228 1 33 21 22
internal_value=-7.37348e-06 -0.000123397 0.000275172 0.00105117 -0.0110038 0.00160463 -0.00610695 -0.00522293 -0.0115718 -0.0103084 -0.00492372 -0.0460903 0.037255 -0.0214355 0.0508814 0.0505817 0.0513493 0.0504985
internal_weight=4304.62 4291.26 4146.88 3697.33 162.296 3535.03 449.558 439.834 144.372 140.592 94.7437 9.72453 13.3616 45.8486 10.0012 9.8141 0.960058 8.85404
internal_count=33604 32325 30596 27619 1052 26567 2977 2917 1729 1702 1021 60 1279 681 1259 1258 54 1204
is_linear=0
shrinkage=0.05


Tree=167
num_leaves=30
num_cat=0
split_feature=2 3 0 11 8 0 11 10 3 0 10 2 1 1 6 1 6 0 3 2 3 6 7 0 9 9 9 9 2
split_gain=7.24647 9.67841 16.6589 15.0312 19.2955 14.227 14.6105 18.1256 13.5349 24.9699 12.059 11.2468 9.33405 8.21135 6.80064 4.26596 7.05749 3.33978 5.05852 4.93024 3.3079 3.0069 3.43271 3.97564 3.92077 2.43162 1.39945 1.12588 0.350605
threshold=151.94572284315876 0.65863337204800632 98.500000000000014 66.214572368421088 0.18524434978109103 63.500000000000007 74.388418803418844 0.0033167587071791607 0.78281378178835126 40.500000000000007 0.00060114352785063457 28.226813590449961 27.445054945054945 26.552380952380958 0.040066889632107035 21.468627450980396 0.035763478945297134 122.50000000000001 0.69452761144377917 254.07636485966938 0.62235902395476883 0.052666250606754041 0.048820211329149134 118.50000000000001 0.069804355850867486 0.12700557700557705 0.12966123119706738 0.11772405297197415 183.12296953094966
decision_type=2 2 2 2 2 2 2 2 2 2 2 2 2 2 2 2 2 2 2 2 2 2 2 2 2 2 2 2 2
left_child=1 2 13 10 -5 8 7 -7 12 -10 -4 -8 -3 14 -1 21 25 18 -18 -19 -15 26 23 -23 -24 -17 27 -2 -28
right_child=15 5 3 4 -6 6 11 -9 9 -11 -12 -13 -14 20 -16 16 17 19 -20 -21 -22 22 24 -25 -26 -27 28 -29 -30
leaf_value=-0.0041325692971255854 -0.054286657783071429 0.0075252669570748934 0.011073706559252317 0.00196943507571777 -0.030587149104177005 -0.0039011227280114401 -0.0053200973732688717 0.051877121386164217 9.4137113826059686e-05 -0.019670217103557847 0.062484489614860417 -0.027996529815434008 -0.038056780046461278 0.0012987841619783 0.025823167823267813 0.023704868797298599 0.030740700815805301 -0.004102816015795342 -0.014775798476422734 -0.045593005060501013 -0.086436875061023419 0.014887012702956988 0.02404395089639165 -0.033251724501931042 -0.048497900446238473 0.098751143179479459 -0.093477134767406517 0.0017037364777695739 -0.062251326826885493
leaf_weight=21.978706567781046 2.4460946768522258 660.6018345374614 46.898318506311625 287.17855763062835 54.082055613165721 141.70358754787594 97.319799154996872 16.233285209164023 2412.3115548659116 171.14262483175844 15.071985756978391 124.79331423062831 11.425349578261374 1.9176307632587839 137.33402311895043 2.5057416963390997 10.213475395459684 17.387280475348238 15.171512071974574 12.172820433508603 2.443019412457943 10.536709672771396 2.1954501010477534 7.2334012500941745 12.288324574008582 1.8962158011272547 1.7080549057573082 1.4185344045981763 1.8976818565279243
leaf_count=251 34 4539 458 4309 695 1432 662 144 14040 1697 113 1226 70 30 2514 34 97 291 231 283 14 85 15 96 163 21 20 16 24
internal_value=-7.1263e-06 0.000307972 0.00638443 0.000923707 -0.00319004 -0.000639557 -0.00979397 0.00183195 0.000429143 -0.00121517 0.0235775 -0.0180608 0.00675031 0.0198376 0.0216905 -0.0133731 -0.00488453 -0.00976491 0.00353745 -0.0211884 -0.0478544 -0.0260547 -0.0194344 -0.00470807 -0.037502 0.0560323 -0.0546387 -0.0337351 -0.0770431
internal_weight=4301.51 4202.44 566.904 403.231 341.261 3635.53 380.05 157.937 3255.48 2583.45 61.9703 222.113 672.027 163.673 159.313 99.0713 59.347 54.9451 25.385 29.5601 4.36065 39.7243 32.2539 17.7701 14.4838 4.40196 7.47037 3.86463 3.60574
internal_count=33604 32194 8384 5575 5004 23810 3464 1576 20346 15737 571 1888 4609 2809 2765 1410 957 902 328 574 44 453 359 181 178 55 94 50 44
is_linear=0
shrinkage=0.05


Tree=168
num_leaves=29
num_cat=0
split_feature=9 9 3 0 0 3 10 9 2 2 1 3 7 2 7 5 6 1 7 7 9 1 1 0 8 4 10 9
split_gain=7.25941 10.6323 12.5798 18.7267 12.165 17.6783 10.0165 8.59473 6.45186 5.7222 4.76385 5.04242 5.01441 5.18863 4.46868 4.31823 4.2434 5.84124 5.72342 3.9817 5.06143 3.79273 6.60654 3.33749 3.10353 2.99327 2.23054 0.792211
threshold=0.15799875182026216 0.15718778077268644 0.91723744292237452 22.500000000000004 30.500000000000004 0.8239268680445152 0.017021584818194994 0.15318947980238304 30.675130208333339 55.047777777777782 22.207142857142859 0.61120926580290547 0.037521331058020489 90.277777777777786 0.050518482699333768 0.0053619688344546034 0.066726835138387494 8.0185185185185208 0.048745544762037886 0.036250657054892249 0.16700680272108845 9.9479578392621892 10.204166666666667 31.500000000000004 0.1786393264530147 3.6658914728682173 0.0008485364276652397 0.17875939849624065
decision_type=2 2 2 2 2 2 2 2 2 2 2 2 2 2 2 2 2 2 2 2 2 2 2 2 2 2 2 2
left_child=1 2 4 7 6 -6 -1 -4 21 15 12 -12 13 -11 -10 16 17 -2 -18 20 -17 25 -23 -5 -14 -3 -21 -13
right_child=9 8 3 23 5 -7 -8 -9 14 10 11 27 24 -15 -16 19 18 -19 -20 26 -22 22 -24 -25 -26 -27 -28 -29
leaf_value=0.0075912494765250698 0.014045740004355765 -0.021739740501118623 -0.0011039452182873039 -0.020481879355068025 0.0014539749115373025 -0.013470032971925283 -0.017012595581419109 -0.04306746172577159 0.018633964860063405 0.0089420020463280014 0.091175732933672982 -0.055542758215053258 -0.055009325738521603 -0.055623707897664167 -0.061308232682331112 0.048040335907120556 -0.015978960750568694 -0.0028801445347833082 0.00062096259058719034 -0.064417565287233733 -0.037736894324147473 0.06212850852036951 0.0128054590303587 -0.047926356653806332 0.014288247899470696 0.022354922636611756 -0.0075867484968661402 0.011011316522675896
leaf_weight=943.45513569843024 63.81295664049685 4.8164650984108475 670.4613754414022 107.21717322431505 1639.2414444533642 225.7586356298998 43.263576123863459 12.4281158298254 3.3494315394200376 11.074334765784441 1.7520457683131092 1.0593161680735645 16.164834252558652 4.3275860324501982 3.6564274709671736 3.0258996644988683 117.31611132062972 253.33485643868335 93.159569678362459 7.0743622975423914 3.9841539920307696 15.609295332804324 12.014936499530448 12.354151712730525 1.7951224977150548 19.154667817056179 2.2839851044118404 0.77369909174740303
leaf_count=5850 377 40 3640 770 16555 1886 244 101 24 87 18 29 211 42 26 22 729 1682 660 64 28 109 76 170 29 101 16 18
internal_value=-7.83569e-06 0.000805405 0.000466567 -0.0050638 0.00202279 -0.000352579 0.00651247 -0.00186765 0.0219343 -0.00520526 -0.0242464 0.0305228 -0.0301319 -0.00919948 -0.0230887 -0.00391202 -0.00312738 0.000525494 -0.0086316 -0.0292042 -0.00071103 0.0280477 0.0406758 -0.0233175 -0.0480829 0.0134951 -0.0505475 -0.0274509
internal_weight=4293.72 3712.78 3654.18 802.461 2851.72 1865 986.719 682.889 58.6012 580.939 36.9469 3.58506 33.3619 15.4019 7.00586 543.992 527.623 317.148 210.476 16.3684 7.01005 51.5954 27.6242 119.571 17.96 23.9711 9.35835 1.83302
internal_count=33604 29592 29216 4681 24535 18441 6094 3741 376 4012 434 65 369 129 50 3578 3448 2059 1389 130 50 326 185 940 240 141 80 47
is_linear=0
shrinkage=0.05


Tree=169
num_leaves=28
num_cat=0
split_feature=7 8 10 1 9 0 6 2 2 0 1 9 7 9 11 11 2 0 8 3 11 3 3 7 2 9 2
split_gain=7.10438 7.283 8.84107 13.347 10.4096 11.6663 8.62973 7.59904 6.08964 6.05172 11.1069 7.83595 7.15113 5.65808 5.15026 3.90087 2.55932 10.5674 6.53816 2.98532 5.16011 2.91435 1.98381 1.92668 2.78254 1.0853 0.529709
threshold=0.17445652173913045 0.23821860350357763 0.0054215238464749077 9.0156250000000018 0.17655864741106028 62.500000000000007 0.11987055016181231 20.21761998685076 15.204591836734695 24.500000000000004 14.755000000000001 0.065615168074184479 0.068715406206552837 0.040202020202020211 94.997435897435935 54.098764044943856 8.2161111111111129 20.500000000000004 0.058997563522450405 0.92637759710930456 74.983321342925692 0.90353598014888348 0.94804318488529027 0.21525096525096529 3.9027777777777781 0.076800196608503332 20.228298611111118
decision_type=2 2 2 2 2 2 2 2 2 2 2 2 2 2 2 2 2 2 2 2 2 2 2 2 2 2 2
left_child=1 2 4 7 5 -1 -6 -4 -5 12 13 -12 14 -11 -3 -14 19 18 -18 20 -2 -22 -20 24 -21 -25 -19
right_child=16 9 3 8 6 -7 -8 -9 -10 10 11 -13 15 -15 -16 -17 17 26 22 23 21 -23 -24 25 -26 -27 -28
leaf_value=0.0043639649376393365 0.032968107945146034 0.0056675589223734793 0.00049063087318024505 -0.023043243216852801 -0.0045074402615230763 -0.0023475868747784181 -0.032315375267800643 0.030772940938897615 -0.0070996003917042265 0.013910869551747005 -0.032348121346368268 0.012220721362762138 0.027756217810504753 -0.036842303522937964 -0.015483354733759544 -0.028013875182480281 -0.02943476109375456 -0.035972425700427101 0.070775474891488319 -0.015391813244615207 -0.039988901290236432 0.0089321981872891778 0.024949858413103237 -0.087117179546713497 -0.068693928020970713 -0.04340468439754766 -0.062390228685818575
leaf_weight=2296.7500879720319 4.9681837093085077 153.90734890010208 152.45085660880432 98.334361135959625 235.50818112608977 901.67306451755576 31.649066856130958 23.974640804342926 153.19079438969493 6.1410784176550797 13.373276998288928 37.562436563894153 3.4708953313529483 51.907117084600031 35.401595764327794 32.442184409126639 4.1082684248685863 3.5203965832479289 4.37729239836335 10.02602723427117 10.57096847752109 4.2756498511880627 5.1289286538958549 2.5832863226532927 3.2396046780049792 3.1531841736286879 4.1161054894328117
leaf_count=15179 33 885 869 645 1582 11020 196 141 1248 63 115 355 30 410 231 230 20 24 25 82 62 24 27 15 19 40 34
internal_value=-7.93988e-06 0.000234656 0.00084266 -0.00593753 0.00167992 0.0024719 -0.00780174 0.00460572 -0.0133328 -0.00684865 -0.0165209 0.000519079 -0.0021683 -0.031473 0.00171225 -0.0226239 -0.0170825 -0.00313382 0.0232726 -0.0247189 -0.0111401 -0.0259002 0.046051 -0.0388784 -0.0284087 -0.0630896 -0.0502117
internal_weight=4287.8 4227.74 3893.53 427.951 3465.58 3198.42 267.157 176.425 251.525 334.206 108.984 50.9357 225.222 58.0482 189.309 35.9131 60.0679 21.251 13.6145 38.8169 19.8148 14.8466 9.50622 19.0021 13.2656 5.73647 7.6365
internal_count=33604 33199 30880 2903 27977 26199 1778 1010 1893 2319 943 470 1376 473 1116 260 405 130 72 275 119 86 52 156 101 55 58
is_linear=0
shrinkage=0.05


Tree=170
num_leaves=22
num_cat=0
split_feature=3 0 3 0 11 3 11 6 9 0 10 4 7 5 9 0 7 0 2 0 0
split_gain=7.05134 7.54335 15.2286 8.39631 22.6649 20.3342 7.53504 8.12974 7.47366 7.37195 7.29865 5.65118 4.16146 3.91649 6.0039 2.85626 0.522319 0.0158589 0.000237515 8.46438e-05 5.27349e-05
threshold=0.4425504134629335 239.50000000000003 0.56108990670059378 122.50000000000001 75.50486363636368 0.68691260430390877 74.618727688664549 0.069796439134721347 0.10016181229773465 168.50000000000003 0.0018915518238686172 4.909545454545456 0.055204764560592791 0.0023255939729257599 0.13451603597933551 300.50000000000006 0.044793720078851032 298.50000000000006 104.93554687500001 197.50000000000003 289.50000000000006
decision_type=2 2 2 2 2 2 2 2 2 2 2 2 2 2 2 2 2 2 2 2 2
left_child=15 2 9 5 -5 -4 7 8 -3 11 -11 -2 -9 14 -8 17 -15 18 20 -20 -1
right_child=1 6 3 4 -6 -7 13 12 -10 10 -12 -13 -14 16 -16 -17 -18 -19 19 -21 -22
leaf_value=0.050451073106885104 0.03643763313473844 -0.045628572441065343 0.010978108830843988 0.0029354913493494605 -0.028489688797842534 -0.00093104154180839954 -0.03492158716201222 -0.03955357578470569 0.02763669123840224 -0.0032370842347778693 0.055251590806073392 -0.072788992172043737 -0.0021452592638991825 -0.036487917043967137 0.026046015215159615 -0.0027838353873387823 -0.060628881553771011 0.065512933030430709 0.050742524770736208 0.051716481738288994 0.051105591850676008
leaf_weight=8.1236699742730636 47.359566484810784 4.0985271027311709 400.02065274585038 147.2641271725297 94.001968045718968 3447.4287488749251 16.503606789745394 15.177162600681187 23.093906315043569 36.682557902298868 6.2413478642702094 1.214561354368924 14.572941821068524 2.9174235938116899 5.3461831910535684 3.3556832671165457 9.6582079678773862 0.18072152137756425 0.37616723356768567 0.54813780821859837 0.31986442627385336
leaf_count=1182 1623 64 4041 1451 891 22425 219 237 275 541 119 7 181 47 62 20 142 1 33 21 22
internal_value=-7.93061e-06 -0.000119419 0.00019122 -0.000260234 -0.00930837 0.000307157 -0.0143316 -0.00316713 0.0165939 0.0203651 0.00526746 0.0337065 -0.0212293 -0.0327985 -0.0200041 0.036897 -0.0550284 0.0508422 0.0505592 0.0513201 0.0504759
internal_weight=4284.49 4271.58 4180.21 4088.72 241.266 3847.45 91.368 56.9425 27.1924 91.498 42.9239 48.5741 29.7501 34.4254 21.8498 12.9042 12.5756 9.54856 9.36784 0.924305 8.44353
internal_count=33604 32325 31098 28808 2342 26466 1227 757 339 2290 660 1630 418 470 281 1279 189 1259 1258 54 1204
is_linear=0
shrinkage=0.05


Tree=171
num_leaves=29
num_cat=0
split_feature=6 5 1 8 0 9 0 11 4 3 1 6 3 3 9 1 1 11 8 11 11 6 7 2 3 9 0 3
split_gain=7.08165 9.41462 8.30489 8.95316 11.4683 9.84869 6.77296 7.17197 8.09092 7.97342 8.81766 7.71045 6.47866 5.84633 6.34463 5.78144 6.52197 9.42416 6.59894 6.45202 5.75023 5.64524 5.58825 5.30576 5.34533 5.02012 4.59469 2.08145
threshold=0.047386242129024599 0.030457637600494747 21.468627450980396 0.21313632441760141 31.500000000000004 0.10260169937589293 31.500000000000004 81.631057971014528 4.1053838725253513 0.64719012605042037 21.516666666666669 0.021563498982853826 0.80712322976115003 0.78805704099821761 0.083432776451869542 12.628289473684212 7.2613636363636376 100.24033333333337 0.1993975577152354 95.422671232876723 44.010675675675706 0.053352059925093641 0.10514299447248258 46.711383219954662 0.79193722943722955 0.10519881611118261 55.500000000000007 0.74298820445609448
decision_type=2 2 2 2 2 2 2 2 2 2 2 2 2 2 2 2 2 2 2 2 2 2 2 2 2 2 2 2
left_child=6 2 3 5 -5 -2 12 9 11 10 -8 -9 23 21 -15 16 18 -18 -3 22 -14 -4 -17 24 -1 -22 -11 -10
right_child=1 15 13 4 -6 -7 7 8 27 26 -12 -13 20 14 -16 19 17 -19 -20 -21 25 -23 -24 -25 -26 -27 -28 -29
leaf_value=0.0018164165720282394 0.0063682964295367689 0.036852947847400175 0.032909796032142287 0.0001594335466578637 -0.017474189153000395 0.000386083177246524 0.03209221104175166 -0.040023049268070938 -0.093847602668048341 0.00047120498303418305 -0.019351081529076178 -0.0099129019166168068 0.067296942937420445 -0.00033664464147781063 -0.030372028786512191 0.0016178046530321859 -0.024777840695800791 -0.092018977872621852 -0.055578259280195788 0.050899961180209112 -0.016885477915566393 -0.0047724242615587538 -0.054488426639181686 0.059630621227202675 0.037303025928063775 -0.0012571010801394082 -0.025210012695574404 -0.042294890296643205
leaf_weight=52.690152006689459 1232.1546905614669 6.941522252513094 10.57254200754687 362.65961704635993 123.64054226130247 1557.9221967037302 27.640696834772825 26.060522064799443 3.8542635254561892 37.383855848573148 11.922933268360792 115.45814499747939 2.8327507302165023 28.046728491783142 47.12523659132421 23.79474552185275 36.077276406344026 6.0906058403197667 2.675140954554081 5.3442081846296778 63.521578501909971 165.90531931165606 5.4556121863424769 5.6059528179466716 13.287860572338102 268.91197115369141 32.608647704124451 3.9795804675668478
leaf_count=391 9822 48 140 2173 1154 12278 275 212 33 334 153 949 20 185 524 148 223 50 16 31 353 1888 31 34 69 1587 432 51
internal_value=-7.72428e-06 0.000865141 0.00126443 0.00193675 -0.00432387 0.00302795 -0.00474651 -0.0110684 -0.0181957 -0.001352 0.0165892 -0.0154577 -0.000723448 -0.00748882 -0.0191658 -0.0154434 -0.0260161 -0.03449 0.0111407 0.000382936 -0.00363892 -0.00251494 -0.00884681 0.0129313 0.00896336 -0.00424338 -0.0114934 -0.0676589
internal_weight=4280.16 3614.41 3528.03 3276.38 486.3 2790.08 665.759 258.909 149.353 109.556 39.5636 141.519 406.85 251.65 75.172 86.3791 51.7845 42.1679 9.61666 34.5946 335.266 176.478 29.2504 71.584 65.978 332.434 69.9925 7.83384
internal_count=33604 28711 28164 25427 3327 22100 4893 2439 1245 1194 428 1161 2454 2737 709 547 337 273 64 210 1960 2028 179 494 460 1940 766 84
is_linear=0
shrinkage=0.05


Tree=172
num_leaves=24
num_cat=0
split_feature=1 4 0 10 0 0 2 1 0 8 10 3 0 2 7 8 6 4 7 2 2 9 4
split_gain=6.90949 9.38502 8.31532 9.88077 9.17856 7.96624 6.35766 7.50192 6.33206 5.68753 2.89045 4.09175 2.68443 3.19524 4.37369 4.01522 2.371 3.87083 2.26321 2.23847 1.5743 1.02995 1.08374
threshold=5.0769230769230775 5.1012195121951232 10.500000000000002 0.027864044168391996 20.500000000000004 19.500000000000004 4.5716666666666681 12.918333333333335 9.5000000000000018 0.14262598243180771 0.010214515253954344 0.91240409207161133 11.500000000000002 1.5679012345679015 0.083176100628930827 0.14262598243180771 0.20185185185185187 4.5762787723785179 0.11741727941176472 7.6676528599605538 0.67708333333333337 0.090586022319850537 4.6255252100840343
decision_type=2 2 2 2 2 2 2 2 2 2 2 2 2 2 2 2 2 2 2 2 2 2 2
left_child=12 2 6 5 -5 -4 7 -2 -3 -8 11 -10 13 14 20 -15 17 18 -14 -12 -1 22 -18
right_child=1 8 3 4 -6 -7 9 -9 10 -11 19 -13 16 15 -16 -17 21 -19 -20 -21 -22 -23 -24
leaf_value=0.019108529616095778 -0.037874902365237578 0.037283761302380702 0.0043600983157657874 -0.0087267493108029622 -0.059245936203680807 -0.0007243149373208417 0.061836504998836278 0.024448227581569358 -0.0088453665044900716 -0.014841935399551309 -0.018603630397918978 -0.036020284928443516 0.040385367460517456 0.012087028769050132 -0.013680869171823574 -0.057115201499581984 0.01086678393458328 -0.016514729973912668 -0.002112534407656943 0.037069155323214822 0.061980512207693073 0.06687085748713377 0.053302304095945587
leaf_weight=4.1032217750325817 34.401840904727578 4.7911348044872275 1034.05415645428 31.155371233820915 12.637955082580445 3021.3880854588933 3.9741877391934377 5.6168868653476229 22.097251557745039 6.17729851603508 3.8402973953634492 37.123332957737148 12.820732491789391 4.4910682141780836 6.1817684769630423 3.9305752590298653 2.7604646924883109 6.0734568648040286 4.1458207443356505 3.4076667223125696 4.4784530214965343 3.9227072596549988 3.3069361625239253
leaf_count=20 318 37 6152 170 101 25897 24 38 186 41 27 264 86 21 33 21 21 31 21 22 21 27 25
internal_value=-7.65105e-06 -0.000239586 6.93912e-05 0.000317012 -0.0233057 0.000572106 -0.0201629 -0.0291274 -0.0182311 0.0151768 -0.0222327 -0.0258804 0.0174061 0.00436485 0.018384 -0.0202112 0.0265603 0.0177392 0.0300009 0.00757121 0.0414818 0.0469043 0.0339956
internal_weight=4276.88 4220.67 4149.41 4099.24 43.7933 4055.44 50.1702 40.0187 71.2597 10.1515 66.4685 59.2206 56.2152 23.1851 14.7634 8.42164 33.0301 23.04 16.9666 7.24796 8.58167 9.99011 6.0674
internal_count=33604 33277 32741 32320 271 32049 421 356 536 65 499 450 327 116 74 42 211 138 107 49 41 73 46
is_linear=0
shrinkage=0.05


Tree=173
num_leaves=21
num_cat=0
split_feature=3 0 3 9 0 11 6 9 8 4 6 11 5 3 1 0 1 0 0 2
split_gain=6.63943 6.97064 19.027 7.64661 9.24477 8.3207 6.33702 7.52526 6.71895 5.50348 4.96343 4.61687 12.7046 4.10916 3.82878 2.81974 2.54757 0.424265 0.0134163 0.000213423
threshold=0.4425504134629335 199.50000000000003 0.56823187825390475 0.12866572067423462 125.50000000000001 73.798436752749907 0.063648420544972287 0.11048117692406528 0.12518221574344027 4.234271928832599 0.056845109866436885 61.326500000000038 0.0061068844633400477 0.5133894728215217 14.405882352941179 324.50000000000006 20.027777777777782 300.50000000000006 298.50000000000006 104.93554687500001
decision_type=2 2 2 2 2 2 2 2 2 2 2 2 2 2 2 2 2 2 2 2
left_child=15 2 9 5 -5 -4 7 16 -9 10 -2 12 -8 -13 -11 17 -3 18 19 -1
right_child=1 6 3 4 -6 -7 11 8 -10 14 -12 13 -14 -15 -16 -17 -18 -19 -20 -21
leaf_value=0.05045377530503934 0.0072837378489150105 -0.0095616967730079647 0.0057962880217064406 -0.0026000702578108641 -0.026823738706905922 -0.0004073153787686485 -0.016275060529046204 -0.036501853007757608 0.021118076230592052 0.029821627237380879 0.036213952863834775 -0.002909219852816604 0.101912596392518 -0.029788452894581197 -0.038893587614176169 -0.017284027819907035 -0.055463292183813684 0.020404655518687587 0.064534128408824457 0.051270120860242754
leaf_weight=8.0399661033879912 20.403963268734515 6.2247110595926625 745.0170974554494 1276.3741116621532 40.641474015079439 1969.203766063787 11.241378316655753 5.8951972080394617 35.684241213835776 3.2033483362756652 54.230329560348764 18.614109429530799 2.8503757696598759 60.214478004723787 5.5211843270808458 2.0421322286128989 5.8765316270291805 1.3133934140205372 0.17449383437633592 0.88917874963954169
leaf_count=1204 328 62 5308 8785 462 13639 204 65 417 75 1705 352 42 726 55 11 100 9 1 54
internal_value=-7.63709e-06 -0.000114202 0.000267518 -0.000221414 -0.00334758 0.00129549 -0.0108278 0.00284919 0.0129486 0.0239123 0.0283048 -0.0187291 0.00763106 -0.0234414 -0.0136637 0.0364389 -0.0318521 0.0469707 0.0508034 0.0505351
internal_weight=4273.66 4261.2 4114.6 4031.24 1317.02 2714.22 146.601 53.6807 41.5794 83.3588 74.6343 92.9203 14.0918 78.8286 8.72453 12.4592 12.1012 10.417 9.10364 8.92914
internal_count=33604 32325 30357 28194 9247 18947 1968 644 482 2163 2033 1324 246 1078 130 1279 162 1268 1259 1258
is_linear=0
shrinkage=0.05


Tree=174
num_leaves=27
num_cat=0
split_feature=4 11 4 7 4 1 1 11 4 11 8 1 2 2 5 11 11 1 4 5 7 9 9 1 3 9
split_gain=6.66837 10.3902 12.7201 11.9561 10.3618 9.59057 9.05053 8.05973 6.98508 6.59522 6.09707 7.58135 6.38438 5.85527 10.1594 7.49518 5.73285 5.11101 6.67667 4.60162 4.50235 4.38712 4.19027 2.52439 1.63259 0.460972
threshold=3.4005813953488375 91.403461538461556 3.6876990445859876 0.01590463542654778 4.6007117437722433 6.8090909090909095 6.8090909090909095 98.253108974359009 4.1204688731284485 66.931572342050046 0.27823315118397091 8.8660714285714306 6.6894290123456797 3.5694444444444451 0.048003072196620589 95.173010519801991 84.173533205924542 9.0156250000000018 3.0074626865671648 0.0033167587071791607 0.12012658227848103 0.14199357148075101 0.11756669881067182 15.486842105263159 0.913664596273292 0.1248529411764706
decision_type=2 2 2 2 2 2 2 2 2 2 2 2 2 2 2 2 2 2 2 2 2 2 2 2 2 2
left_child=16 3 13 10 5 -5 7 -4 -8 -6 11 -2 -12 15 -15 -3 23 18 22 20 -19 -20 -18 -1 -21 -25
right_child=1 2 6 4 9 -7 8 -9 -10 -11 12 -13 -14 14 -16 -17 17 19 21 24 -22 -23 -24 25 -26 -27
leaf_value=-0.067592285338001767 -0.0033711856006076258 0.018364850687842472 -0.0090401902970239853 0.016951266797479828 -0.0041080793387433092 -6.8306574423845248e-05 -0.01151016071254266 0.027026200729542538 -0.03253014207818411 -0.019794927296440154 -0.023674524650941803 0.012311181509925495 0.011521155192426105 0.0051165827578819921 -0.098426970043560491 -0.017010680490221884 -0.0073884717579945844 0.013240477462191575 -0.010606681368548129 0.053665046743030048 -0.024075629185354053 0.019535590365907757 -0.095434079171919026 -0.025323176980918724 -0.0033274091983927726 0.002654712854701563
leaf_weight=3.1202460578642768 95.543712885119021 18.725480878725648 35.944556805770844 85.980974024394527 204.1976132444106 2218.266624862561 350.33042769460008 27.220826545497403 44.548451608978212 99.727184861432761 30.12694434588775 398.49142941855825 22.513630299828947 312.31627294025384 2.3870803101453921 74.724143107887357 2.428848627023398 166.90336430200841 29.343602511566132 8.9426298795733583 8.49465997610241 20.508808304555714 3.0461289663799107 3.0887612323276699 1.4619817361235607 2.8131517414003611
leaf_count=24 565 127 248 529 1716 18537 2180 166 275 742 201 2571 139 2799 22 496 21 1596 238 140 53 143 24 21 11 20
internal_value=-7.60904e-06 -0.000500372 -0.00535095 0.000831406 -0.000577795 0.000566764 -0.0110705 0.00650245 -0.0138815 -0.00925542 0.00755466 0.0092783 -0.00862183 0.00106779 0.00433119 -0.00992211 0.00791325 0.00937739 -0.00396253 0.0133497 0.0114332 0.00179356 -0.0563747 -0.031218 0.0456569 -0.0119875
internal_weight=4271.2 4021.05 866.197 3154.85 2608.17 2304.25 458.044 63.1654 394.879 303.925 546.676 494.035 52.6406 408.153 314.703 93.4496 250.152 241.13 55.3274 185.803 175.398 49.8524 5.47498 9.02216 10.4046 5.90191
internal_count=33604 31313 6313 25000 21524 19066 2869 414 2455 2458 3476 3136 340 3444 2821 623 2291 2226 426 1800 1649 381 45 65 151 41
is_linear=0
shrinkage=0.05


Tree=175
num_leaves=28
num_cat=0
split_feature=2 3 0 0 11 3 4 3 0 11 3 10 2 2 9 6 1 6 0 3 2 9 9 9 9 6 6
split_gain=6.55229 8.62831 13.6991 12.5066 13.9974 13.9807 12.9618 12.9605 13.4464 10.2284 11.9902 10.6455 9.37906 5.98094 5.99003 5.92545 3.9764 6.04101 3.57564 4.59847 4.45769 3.09017 5.75172 3.12961 2.21114 1.27453 1.31201
threshold=151.94572284315876 0.64524074368345785 123.50000000000001 57.500000000000007 65.566296526054629 0.76967285587975254 4.3192383336313256 0.75773524720893148 34.500000000000007 74.188352413088808 0.56351398754713677 0.004020104563121703 41.616608996539803 0.92444444444444451 0.15799875182026216 0.098556858391729701 21.207142857142859 0.035763478945297134 122.50000000000001 0.70791488515461876 254.07636485966938 0.12966123119706738 0.12126782531194298 0.093691479400749081 0.12700557700557705 0.043583790628957376 0.068211643999045585
decision_type=2 2 2 2 2 2 2 2 2 2 2 2 2 2 2 2 2 2 2 2 2 2 2 2 2 2 2
left_child=1 2 13 7 6 -6 -5 12 -9 11 -11 -4 -3 15 -15 -1 21 24 19 -19 -20 22 23 -2 -18 -23 -27
right_child=16 3 9 4 5 -7 -8 8 -10 10 -12 -13 -14 14 -16 -17 17 18 20 -21 -22 25 -24 -25 -26 26 -28
leaf_value=0.0015397686941829541 -0.010936298177926011 0.0053507469103367955 0.0073388081579800523 -0.035303923900330811 -0.0080522288805705469 -0.036069214478189705 0.01885039618597574 0.00094518755604683586 -0.0087388220448378403 0.0043976676734357126 -0.022264651864529195 0.075930630435783977 0.024846336951106777 0.020808692597021602 -0.013405018664705122 -0.11916699248453971 0.020197796457266597 0.026212659883733103 -0.0056056759598535804 -0.015789500066428916 -0.045188700856518556 -0.08106121104124113 0.044954784279441468 -0.045977545747485929 0.090858459052149329 -0.0073739375579552112 -0.060111599629480074
leaf_weight=2.9535685982555142 14.666451954282826 308.85788646247238 119.65411517722532 12.995855158194898 394.48572744708508 50.192733261734247 73.774149301461875 2343.7072807820514 423.17943568620831 88.854997382964939 80.249821037054062 5.9373809583485118 77.089653233066201 173.9986371191917 13.808106557931749 1.5504142178688196 2.5648024864494792 12.347203090321274 17.932961044833068 13.79917198885232 11.788109110202639 2.780946383252739 3.1933609107509247 11.266919732093809 1.948041398078203 1.9878362258896229 2.8995458520948887
leaf_count=48 140 2485 1168 125 3195 672 695 13691 3100 2472 710 45 507 3085 160 36 35 120 304 222 287 27 36 145 21 33 40
internal_value=-6.89087e-06 0.000292111 0.00654681 -0.000534667 -0.00763016 -0.0112146 0.0107395 0.000661363 -0.000535926 -0.000227461 -0.00825511 0.0105815 0.00924482 0.0169277 0.0182932 -0.0400113 -0.0128417 -0.00494607 -0.009441 0.00404534 -0.0213053 -0.0257982 -0.0183634 -0.0261602 0.0506996 -0.054038 -0.0386617
internal_weight=4268.47 4171.29 487.007 3684.28 531.448 444.678 86.77 3152.83 2766.89 294.696 169.105 125.591 385.948 192.311 187.807 4.50398 97.1754 60.3803 55.8674 26.1464 29.7211 36.7951 29.1267 25.9334 4.51284 7.66833 4.88738
internal_count=33604 32194 7724 24470 4687 3867 820 19783 16791 4395 3182 1213 2992 3329 3245 84 1410 989 933 342 591 421 321 285 56 100 73
is_linear=0
shrinkage=0.05


Tree=176
num_leaves=31
num_cat=0
split_feature=4 11 0 11 1 2 0 0 6 1 4 4 3 6 4 7 0 2 11 6 8 4 8 8 2 3 8 7 0 4
split_gain=6.53975 15.6443 15.6006 11.3996 14.9334 14.0027 14.4603 13.92 11.2098 10.0897 9.10426 8.52016 10.8093 7.6438 7.1259 6.55944 6.19299 6.09069 5.8126 5.57815 5.52252 5.50233 5.41616 6.48435 5.74579 3.58358 4.70054 3.94756 3.57561 3.54721
threshold=4.3439680232558144 66.738557885484695 32.500000000000007 78.776190150478826 15.510869565217392 1.0000000180025095e-35 15.500000000000002 19.500000000000004 0.070200078848807426 26.552380952380958 3.7705670025567759 4.7226495726495736 0.79193722943722955 0.052554856529077799 3.6819943622269204 0.086899313501144174 8.5000000000000018 12.579861111111112 86.429217171717198 0.10478269910584322 0.13517763046064937 4.6967994552264232 0.20330810268569607 0.23546315077755242 91.794001328342006 0.52393684746625935 0.15220244208604364 0.029895433014567884 16.500000000000004 3.6431878306878311
decision_type=2 2 2 2 2 2 2 2 2 2 2 2 2 2 2 2 2 2 2 2 2 2 2 2 2 2 2 2 2 2
left_child=3 8 17 9 5 6 -5 19 22 14 -9 12 -10 -7 29 -16 -13 18 -3 -6 -4 -22 24 -24 -2 26 -11 -27 -19 -1
right_child=1 2 20 4 7 13 -8 10 11 25 -12 16 -14 -15 15 -17 -18 28 -20 -21 21 -23 23 -25 -26 27 -28 -29 -30 -31
leaf_value=-0.0075905819066480577 0.0042539263621960829 0.0023382068218928305 -0.048564835128625902 -0.029524841282765876 0.015610335503914781 -0.0037369003422823219 0.018091589553772054 -0.0056435125649754465 0.027441026773249583 0.11039759012172086 -0.0209543889172467 0.072930307849611936 0.0015979183099058256 0.0038086416069260708 0.010657745861558446 -0.0018523536645959329 -0.001974132996984004 0.0030602110288392567 -0.018995294124041703 -0.0070697485926787054 -0.017512359849943242 -0.066428606291133258 -0.051310609079263353 -0.0073362978561868318 -0.033904683514950205 0.0018537628574912706 -0.013170259029691695 -0.027404583008860818 -0.021092594034752214 -0.051509126926893981
leaf_weight=16.496919030323628 52.735856452491134 230.37974706571549 20.158193291164935 67.223854600451887 71.031907420605421 430.60105040972121 20.901788459159434 206.25969570036978 90.497772117611021 1.2940909317694598 183.4450807175599 2.8118052259087554 73.182307869195938 1521.8800293448148 610.00315033667721 126.51318941498175 148.24937724415213 19.692317645996809 37.066172372549772 43.845060989260674 106.61888701445423 6.0764885852113357 15.53607358317822 18.208206821233034 12.135282404720781 17.281201900914311 1.8989853849634526 34.630836337804794 69.068393731955439 6.373986071906983
leaf_count=104 424 1370 193 462 352 2873 137 1659 785 26 1649 14 525 12573 4902 1000 1147 96 228 234 1083 86 150 150 191 137 45 482 486 41
internal_value=-7.34279e-06 -0.00378641 -0.00983878 0.00100772 -0.000639872 0.0012646 -0.0182311 -0.00834186 0.00337442 0.00615625 -0.0128508 0.00798336 0.0158864 0.00214454 0.00765535 0.00850886 -0.000579885 -0.00438503 -0.00061847 0.00695403 -0.0244614 -0.0201499 -0.0113355 -0.0275823 -0.00288431 -0.0145024 0.0369094 -0.0176647 -0.0157341 -0.0198304
internal_weight=4262.1 902.417 489.06 3359.68 2545.19 2040.61 88.1256 504.582 413.357 814.492 389.705 314.741 163.68 1952.48 759.387 736.516 151.061 356.207 267.446 114.877 132.854 112.695 98.6154 33.7443 64.8711 55.1051 3.19308 51.912 88.7607 22.8709
internal_count=33604 6928 3542 26676 19939 16045 599 3894 3386 6737 3308 2471 1310 15446 6047 5902 1161 2180 1598 586 1362 1169 915 300 615 690 71 619 582 145
is_linear=0
shrinkage=0.05


Tree=177
num_leaves=30
num_cat=0
split_feature=3 0 1 4 11 10 6 8 2 8 2 9 9 11 9 8 2 4 3 9 9 3 4 11 11 0 8 11 11
split_gain=6.43811 8.58523 7.99228 8.91788 17.0598 10.5721 10.5066 11.0419 9.41111 8.11878 7.86496 7.44786 8.22071 7.58433 7.27007 12.1384 7.10214 4.72794 3.95521 3.76449 4.5733 3.65027 3.00952 2.57051 4.75146 2.49159 2.02213 1.99414 1.57751
threshold=0.95553359683794481 19.500000000000004 6.8090909090909095 4.1933517495395956 66.738557885484695 0.00060114352785063457 0.14322344322344324 0.094179371353284413 2.6770833333333335 0.050252525252525264 12.579861111111112 0.058997563522450405 0.099536788831464065 74.188352413088808 0.049844720496894417 0.1596441393458792 1.0000000180025095e-35 3.5815140009492175 0.913664596273292 0.17249008239243213 0.1908263305322129 0.89699381078691431 4.556258790436007 105.64104151031897 86.353266632016656 15.500000000000002 0.15349857201142394 69.503750000000039 71.359693181818216
decision_type=2 2 2 2 2 2 2 2 2 2 2 2 2 2 2 2 2 2 2 2 2 2 2 2 2 2 2 2 2
left_child=2 11 9 6 5 -5 7 -4 -8 23 -6 14 13 -13 15 -2 -14 21 -19 22 -21 -11 27 24 -1 -16 -22 -3 -24
right_child=1 19 3 4 10 -7 8 -9 -10 17 -12 12 16 -15 25 -17 -18 18 -20 20 26 -23 28 -25 -26 -27 -28 -29 -30
leaf_value=-0.059345346858012599 0.026633968209344973 0.013599760462209327 -0.009167238078257681 0.0005239166158736105 -0.002525376665691045 0.022154062070192066 -0.004427411082361144 0.0019077300734470623 0.017730736257226435 0.011769055382345159 -0.014005050102969603 0.0024544898759405499 -0.014809992610212536 -0.030110827680589876 0.013671900262726322 -0.027272508670510995 0.0040402753991624126 0.010120329057725828 0.026463406330242023 0.054578916716957804 -0.052106868518531579 -0.026188629019561056 -0.056670977750179014 -0.070176543827813964 0.019020807713408201 0.037344288925605644 0.012325383386727069 -0.020039097637003438 -0.018161634522344674
leaf_weight=3.507204224355517 18.435826122760773 4.6940070465207091 252.58586217230186 311.28352342685685 262.45885887462646 69.016557371709496 65.970430368790403 2065.3281142704654 175.13328974600881 12.874374738428743 345.76284431782551 26.645814085379243 68.641700571402907 54.342717418447137 23.221566915512085 24.086485780775547 183.6785650011152 96.774336073780432 59.9563596136868 3.7357469554990512 2.3659591935575008 12.467422805726526 8.469163026660679 3.0606137048453093 4.3127243011258543 21.32187344878912 2.5090667195618153 71.726147910580039 3.8766964599490157
leaf_count=19 88 46 1726 2679 1663 635 430 17429 1366 128 3188 161 519 323 107 140 963 730 317 35 18 77 112 19 32 119 22 465 48
internal_value=-8.23933e-06 -0.00523386 0.00071508 0.000176062 -0.00385743 0.00444934 0.00173416 0.000700878 0.0116679 0.0106252 -0.00905136 -0.00213505 -0.00553653 -0.0193966 0.0108866 -0.003901 -0.00108779 0.0131324 0.0163723 -0.0186114 0.012953 -0.00690501 -0.0216733 -0.0313301 -0.0161261 0.0250033 -0.018945 -0.0179729 -0.0445787
internal_weight=4258.24 517.751 3740.49 3547.54 988.522 380.3 2559.02 2317.91 241.104 192.953 608.222 420.375 333.309 80.9885 87.0658 42.5223 252.32 182.072 156.731 97.3768 8.61077 25.3418 88.766 10.8805 7.81993 44.5434 4.87503 76.4202 12.3459
internal_count=33604 3166 30438 29116 8165 3314 20951 19155 1796 1322 4851 2420 1966 484 454 228 1482 1252 1047 746 75 205 671 70 51 226 40 511 160
is_linear=0
shrinkage=0.05


Tree=178
num_leaves=23
num_cat=0
split_feature=7 1 2 11 4 4 10 11 8 5 9 9 9 11 1 1 3 6 11 11 1 6
split_gain=6.36612 6.61699 9.19432 8.34484 17.3475 16.3845 6.12299 5.1205 5.31354 4.89708 3.37337 5.29372 3.15789 2.30615 3.44278 4.75931 3.34202 2.21963 4.74342 3.48274 1.72685 0.418082
threshold=0.17445652173913045 21.516666666666669 162.39875000000004 81.241947850035572 3.7576698663655193 4.6007117437722433 0.0037819102401209074 74.983321342925692 0.14993188010899186 0.027650356778797149 0.12966123119706738 0.12181114148119225 0.049844720496894417 101.36775724637684 7.6770833333333348 7.0344827586206904 0.92637759710930456 0.064411978787563703 89.398026063992674 95.858061594202937 25.958333333333339 0.043583790628957376
decision_type=2 2 2 2 2 2 2 2 2 2 2 2 2 2 2 2 2 2 2 2 2 2
left_child=1 2 3 5 -5 -1 7 9 -9 -3 11 -4 -8 14 15 16 -2 18 -16 -19 -14 -12
right_child=13 6 10 4 -6 -7 12 8 -10 -11 21 -13 20 -15 17 -17 -18 19 -20 -21 -22 -23
leaf_value=0.0064876510226008852 0.017149617527104741 -0.0019539425520358092 -0.027194479268297374 0.0038405845612861055 -0.00486954228409939 -0.0061165153012401781 0.028927818655336824 -0.0022761924308025276 -0.026684441082254397 0.05951705961087389 -0.078613914119925923 0.048456378113353626 -0.062716289092800123 -0.048723637495428095 0.018427757065977303 0.05721967815746213 -0.032885914944206944 -0.038630770820459209 -0.040587124001050079 0.019045024480112777 -0.023534784602173436 -0.050924359281229195
leaf_weight=1222.9774162825197 6.5963361691683549 202.49428410781547 20.608102498576052 1047.2256795080611 1258.77377832809 326.71702495682985 1.491894096136092 41.814169055316597 47.770676975138485 3.2926173042505971 2.1736646401695898 2.6047320915386072 7.5836126450449211 5.0150671107694498 8.2142744921147806 3.5161055326461783 6.7546301912516356 20.322208515834067 5.8155766483396283 3.0043787620961657 4.469427241012454 3.6563235241919756
leaf_count=9175 42 2338 238 9305 8716 2351 10 360 405 26 22 28 92 32 61 18 50 156 29 17 69 64
internal_value=-8.23716e-06 0.00022168 0.000781752 0.000992866 -0.000914004 0.00383036 -0.00682143 -0.005314 -0.0152918 -0.000970398 -0.0272455 -0.0187056 -0.0396935 -0.0162847 -0.0132844 0.00546526 -0.00816477 -0.0217502 -0.00603477 -0.0312023 -0.0481873 -0.0612482
internal_weight=4252.89 4193.65 3884.74 3855.69 2306 1549.69 308.917 295.372 89.5848 205.787 29.0428 23.2128 13.5449 59.2386 54.2235 16.8671 13.351 37.3564 14.0299 23.3266 12.053 5.82999
internal_count=33604 33199 29899 29547 18021 11526 3300 3129 765 2364 352 266 171 405 373 110 92 263 90 173 161 86
is_linear=0
shrinkage=0.05


Tree=179
num_leaves=19
num_cat=0
split_feature=3 0 0 3 0 0 11 3 6 11 6 11 4 0 10 0 0 2
split_gain=6.2207 6.74939 9.62545 8.53611 12.0536 11.8717 20.481 15.5813 7.22709 6.2204 4.93644 5.27108 3.06031 2.71141 2.40653 0.411911 0.0105816 0.000193345
threshold=0.4425504134629335 287.50000000000006 355.50000000000006 0.61120926580290547 132.50000000000003 82.500000000000014 73.798436752749907 0.68691260430390877 0.06056618819776715 76.799098837209343 0.067821608919554036 74.806343373494002 4.2503481894150426 324.50000000000006 0.0030706275771899831 300.50000000000006 298.50000000000006 104.93554687500001
decision_type=2 2 2 2 2 2 2 2 2 2 2 2 2 2 2 2 2 2
left_child=13 3 10 4 8 7 -7 -5 -2 -6 11 -3 -4 15 -12 16 17 -1
right_child=1 2 12 5 9 6 -8 -9 -10 -11 14 -13 -14 -15 -16 -17 -18 -19
leaf_value=0.050435636110499463 0.0032118061720684517 0.011223593310417496 0.0035686509172526363 0.014390188394862939 0.0095331113024192012 0.0026035443612507925 -0.020532599921839333 -0.00040923367403210092 0.030191105631235251 -0.0087180997106569413 -0.051541530575871436 -0.042425844285338965 0.072083825274241772 -0.016699306030177174 0.021038505140552381 0.020568068187270111 0.063271802487602655 0.05123226684958479
leaf_weight=7.6014700537780264 37.181352315936238 11.090211100876333 3.375964116305112 187.90003916295245 93.99759092181921 192.51729376707226 190.11876876093447 3325.0414685239084 74.676185188814998 92.749828270403668 17.973959014751021 7.7973043322563163 3.1509619504213333 2.024292677640914 1.2195764519274224 1.300129085779189 0.16575992107391435 0.84646894014440466
leaf_count=1204 486 160 22 1983 938 1928 1766 21265 1859 1501 281 101 19 11 16 9 1 54
internal_value=-8.34429e-06 -0.000109853 -0.0194562 9.5908e-05 0.00824321 -0.000528601 -0.00889201 0.000382357 0.0212232 0.000468479 -0.0290717 -0.0109244 0.0366453 0.0360338 -0.0469297 0.0468014 0.0507609 0.0505155
internal_weight=4250.73 4238.79 44.608 4194.18 298.605 3895.58 382.636 3512.94 111.858 186.747 38.0811 18.8875 6.52693 11.9381 19.1935 9.91383 8.6137 8.44794
internal_count=33604 32325 599 31726 4784 26942 3694 23248 2345 2439 558 261 41 1279 297 1268 1259 1258
is_linear=0
shrinkage=0.05


Tree=180
num_leaves=21
num_cat=0
split_feature=8 10 10 1 8 11 9 7 4 11 6 2 11 7 9 7 2 10 9 4
split_gain=6.14326 10.1874 7.19381 7.93044 8.05204 7.64854 7.46623 7.83104 8.63578 8.54073 5.82122 5.51749 5.31573 5.75677 5.2323 5.02831 3.78981 3.20222 1.99696 1.76856
threshold=0.27823315118397091 0.014943983325268919 0.013015245623941277 8.0185185185185208 0.037749287749287756 105.64104151031897 0.17655864741106028 0.010016722408026759 4.3128156565656575 94.997435897435935 0.075037537537537544 81.001730103806239 103.42424331103682 0.071052120606917998 0.18524993524993527 0.047559523809523815 5.1047394164277291 0.027100470035252646 0.21103238866396765 4.0716117216117222
decision_type=2 2 2 2 2 2 2 2 2 2 2 2 2 2 2 2 2 2 2 2
left_child=2 12 6 14 -5 -6 7 9 -9 -1 11 -8 13 15 17 -2 -12 -4 -16 -15
right_child=1 -3 3 4 5 -7 10 8 -10 -11 16 -13 -14 19 18 -17 -18 -19 -20 -21
leaf_value=0.010131633102578268 -0.014014580534697663 0.053667508427424508 0.0059038773256220606 0.084778823512838983 -0.025227700289936251 0.026488035920392068 -0.00092658071158903854 0.0017704623784618461 -0.0046017742436351514 -0.0035087865767333827 -0.02744764926204776 -0.056790904843314449 -0.068850248230368172 -0.0077455978092655425 0.059933098561776726 0.016238900091550049 -0.0071845861113659136 -0.015985490822051772 0.0142264929436118 -0.055992228137900939
leaf_weight=443.23353686963674 74.884214527439326 5.6967277135699979 43.222259977832437 1.8318531420081843 88.359862488694489 7.7788729779422274 198.97361202654429 2376.2365376892267 684.94811950949952 154.84887974732555 46.106235537678003 4.5203125192783764 4.3866558233276001 2.3984486088156691 4.7344782426953298 16.819269610568881 46.194964656606317 27.236653920263052 4.825376108288765 9.1294608712196332
leaf_count=2775 510 37 244 12 671 39 1312 20123 5565 1179 317 57 32 15 27 105 317 153 31 83
internal_value=-8.01658e-06 -0.0114936 0.00030688 -0.00952629 -0.0190646 -0.0210432 0.000749402 0.00136705 0.000344658 0.00660001 -0.00689152 -0.00216752 -0.0149429 -0.0126522 0.00215184 -0.00846581 -0.0173064 -0.00255769 0.0368625 -0.0459542
internal_weight=4246.37 113.315 4133.05 177.989 97.9706 96.1387 3955.06 3659.27 3061.18 598.082 295.795 203.494 107.618 103.231 80.0188 91.7035 92.3012 70.4589 9.55985 11.5279
internal_count=33604 782 32822 1177 722 710 31645 29642 25688 3954 2003 1369 745 713 455 615 634 397 58 98
is_linear=0
shrinkage=0.05


Tree=181
num_leaves=21
num_cat=0
split_feature=1 4 0 10 0 5 10 8 0 9 3 8 0 8 11 11 9 6 4 4
split_gain=6.19029 8.13585 6.97883 8.51181 8.58777 7.58501 5.6869 7.77146 5.6439 4.82813 2.74524 4.09731 2.37587 2.64933 4.2068 7.30307 2.98203 5.85834 2.33857 1.11534
threshold=5.0769230769230775 5.1012195121951232 10.500000000000002 0.027864044168391996 20.500000000000004 0.052982456140350888 0.015686515748031499 0.16646291768541158 9.5000000000000018 0.090586022319850537 0.938137755102041 0.21188015878016511 9.5000000000000018 0.11530547641658755 95.164500000000032 76.340498106060636 0.16642788920725884 0.11531312553617389 5.1489511899959668 4.7698612862547298
decision_type=2 2 2 2 2 2 2 2 2 2 2 2 2 2 2 2 2 2 2 2
left_child=12 2 6 5 -5 -4 7 -2 -3 -8 11 -10 19 14 15 -14 17 -15 -12 -1
right_child=1 8 3 4 -6 -7 9 -9 10 -11 18 -13 13 16 -16 -17 -18 -19 -20 -21
leaf_value=-0.028965020708105162 -0.0041205952154189235 0.034947857381508234 0.00067563523753622046 -0.0078231166279280027 -0.057420654645002414 -0.030128499131330519 -0.029544895107259522 -0.047816188887794847 0.003078902905989589 0.050759848191699833 -0.06979329289332481 -0.031772409707208932 -0.031998169536699865 -0.014140802572423561 -0.04237966541425689 0.060481573711481218 0.070430889307952466 0.035481241619240912 -0.026858184623139509 0.009225643896082325
leaf_weight=3.6993507202714673 20.038897995837033 4.8464232347905627 4006.0677438795101 30.925249312072992 12.159304781816898 20.083979967050254 3.0338938981294623 20.674114683642983 20.350429118610919 4.8860640935599804 3.5944198407232788 14.401425164658574 3.7707175677642208 7.979460482485595 3.8579618015792212 4.9204926649108529 3.6791612766683093 23.362195401918143 26.955291155725718 3.9563136100769043
leaf_count=19 166 37 31926 170 101 123 23 189 156 43 27 108 22 46 28 30 18 143 208 21
internal_value=-7.94437e-06 -0.000227246 6.03865e-05 0.000285413 -0.0218205 0.000521972 -0.0187681 -0.0263093 -0.017112 0.0199976 -0.0209757 -0.0113637 0.0166227 0.0207832 0.0010713 0.0203589 0.0278466 0.0228477 -0.0319098 -0.00922875
internal_weight=4243.24 4188.02 4117.87 4069.24 43.0846 4026.15 48.633 40.713 70.148 7.91996 65.3016 34.7519 55.2257 47.57 12.5492 8.69121 35.0208 31.3417 30.5497 7.65566
internal_count=33604 33277 32741 32320 271 32049 421 355 536 66 499 264 327 287 80 52 207 189 235 40
is_linear=0
shrinkage=0.05


Tree=182
num_leaves=27
num_cat=0
split_feature=4 11 4 7 1 4 1 11 4 3 11 8 1 10 5 1 4 5 9 7 9 4 1 3 9 7
split_gain=5.92365 9.68142 10.8714 9.83079 8.73684 8.14554 7.78579 7.45599 6.0135 5.22222 5.15054 5.02394 7.23828 5.77658 4.746 4.57896 5.76081 4.34786 4.29947 4.04252 3.61429 3.45718 2.16995 1.50548 0.420701 0.311493
threshold=3.4005813953488375 91.403461538461556 3.6876990445859876 0.01590463542654778 43.20000000000001 4.6007117437722433 6.8090909090909095 98.253108974359009 4.1204688731284485 0.57938211049799049 84.173533205924542 0.25026539278131638 8.8660714285714306 0.0075805462973604571 0.031414473684210534 9.0156250000000018 3.0074626865671648 0.0033167587071791607 0.21103238866396765 0.12012658227848103 0.11756669881067182 3.6431878306878311 15.486842105263159 0.913664596273292 0.1248529411764706 0.025586470267321335
decision_type=2 2 2 2 2 2 2 2 2 2 2 2 2 2 2 2 2 2 2 2 2 2 2 2 2 2
left_child=10 3 9 11 5 -5 7 -4 -8 21 22 12 -2 -13 -11 16 20 19 -18 -17 -12 -3 -1 -19 -24 -6
right_child=1 2 6 4 25 -7 8 -9 -10 14 15 13 -14 -15 -16 17 18 23 -20 -21 -22 -23 24 -25 -26 -27
leaf_value=-0.063022192230207247 -0.0037869290849174191 0.052680884797562832 -0.0090515236893805081 0.00068759658918777491 -0.08669335182862474 -0.0080783554432842918 -0.010887124858815406 0.025803836985584163 -0.030527740749426952 0.00088290746903180303 -0.005819868727341128 -0.0093492275314324465 0.012127879083875507 0.027336376934076229 -0.031098520504751412 0.012580482703960639 0.0058006273728499168 0.052632081942178 -0.051068037287986104 -0.022838126049561914 -0.086972038219668285 -0.024500037408250509 -0.024309786650052755 -0.0027292125422344951 0.0024982601288684007 -0.056711975453282784
leaf_weight=3.1550534139387292 88.689060976495966 7.5192035629879665 35.764449892914854 2284.5505560445599 1.0657311230897892 299.78484439430758 348.97775237797759 26.869997269939631 43.871844793669879 383.97440327703953 2.419059296604245 74.575544683961198 367.4569685618626 12.533963156398384 11.961742995306848 164.84735864622053 46.058220145059749 8.5908889258280379 3.5820839037187389 8.4701104080304486 3.1699319984763861 1.7978279162198303 3.0883003608323634 1.4328250065445889 2.7815941898152232 4.6303560794331133
leaf_count=24 528 554 248 18984 10 2441 2180 166 275 2736 21 499 2380 69 80 1596 355 140 26 53 24 74 21 11 20 89
internal_value=-7.9395e-06 -0.000473166 -0.00516993 0.00081707 -0.000465596 -0.00032926 -0.0104703 0.00590133 -0.0130805 0.000787391 0.00749675 0.00693232 0.00903354 -0.00407063 -8.32928e-05 0.00889937 -0.00372153 0.0127013 0.00169694 0.0108496 -0.0518473 0.0377879 -0.0295808 0.0447185 -0.0116061 -0.0623215
internal_weight=4241.62 3994.02 860.737 3133.29 2590.03 2584.34 455.484 62.6344 392.85 405.253 247.595 543.256 456.146 87.1095 395.936 238.57 55.2293 183.341 49.6403 173.317 5.58899 9.31703 9.02495 10.0237 5.86989 5.69609
internal_count=33604 31313 6313 25000 21524 21425 2869 414 2455 3444 2291 3476 2908 568 2816 2226 426 1800 381 1649 45 628 65 151 41 99
is_linear=0
shrinkage=0.05


Tree=183
num_leaves=26
num_cat=0
split_feature=1 2 3 11 0 4 10 11 8 1 0 5 8 0 7 0 9 9 1 6 3 1 7 4 2
split_gain=5.92278 8.33883 8.01508 8.0218 19.1894 11.9855 5.71281 5.01287 4.80229 4.16918 5.92995 5.21268 3.56866 3.50225 5.26539 3.11604 3.001 2.53765 1.7177 4.45397 1.50166 3.00041 0.342421 0.0637826 0.00271238
threshold=21.516666666666669 169.02000000000001 0.46609241550478142 81.241947850035572 98.500000000000014 4.6007117437722433 0.0037819102401209074 74.983321342925692 0.17396950875211747 41.125000000000007 33.500000000000007 0.0060698167081145813 0.17025922140667102 51.500000000000007 0.054011154011154021 298.50000000000006 0.049844720496894417 0.097602036626426886 25.958333333333339 0.06056618819776715 0.67395285873546762 17.837719298245617 0.020449983271997325 3.8400913242009138 67.737947530864218
decision_type=2 2 2 2 2 2 2 2 2 2 2 2 2 2 2 2 2 2 2 2 2 2 2 2 2
left_child=1 2 15 5 -5 -4 7 9 12 11 -11 -2 -9 14 -3 24 -8 -10 22 -20 21 -15 -18 -22 -1
right_child=6 13 3 4 -6 -7 16 8 17 10 -12 -13 -14 20 -16 -17 18 -19 19 -21 23 -23 -24 -25 -26
leaf_value=0.0505294153272208 -0.0026187731499183039 0.035490140074470031 0.0056030152818661626 -0.00013651321344986309 -0.019030163394062476 -0.0050728753133503536 0.027840733618442061 -0.010743203357537224 -0.016537467921564363 0.067139444165369586 -0.044258640065491461 0.020596790371183352 0.037128861328697596 0.031537017602957504 -0.046754565462510292 -0.004380945738404779 -0.085600571223277175 -0.047391934442960616 0.051158786140328052 -0.05713386621018688 -0.066374870777196504 -0.040805634747126257 -0.057325905155664929 -0.055403228299239465 0.052963130141189377
leaf_weight=9.7188245825236645 166.52311182999983 4.4326579831540611 1233.4664392541163 2180.4411707988475 143.21792819490656 334.10995839210227 1.4913631826639164 58.552047225181013 12.593917781487109 1.3605378977954377 9.7970520746894163 28.286423574201763 4.1702313888818017 1.7370398296043301 3.4690675865858793 3.3296834304928771 1.3054197430610637 14.153003112412987 1.3907838296145199 2.9923902377486229 1.7374785505235184 8.1962709082290512 5.9577291179448366 5.5749521055258811 1.2977274067234237
leaf_count=1451 1880 33 9020 15038 1968 2406 10 512 82 16 162 313 29 29 35 22 11 148 22 47 14 102 81 92 81
internal_value=-7.29376e-06 0.000516341 0.000701136 0.000563603 -0.00130102 0.00332758 -0.00667755 -0.00524291 -0.0151249 -0.000950322 -0.0306749 0.000752136 -0.00756032 -0.0281836 -0.000617472 0.0380052 -0.0389393 -0.032864 -0.0474908 -0.0227725 -0.040814 -0.0281551 -0.0624078 -0.0580102 0.0508161
internal_weight=4239.3 3930.73 3905.58 3891.24 2323.66 1567.58 308.574 295.436 89.4692 205.967 11.1576 194.81 62.7223 25.1475 7.90173 14.3462 13.1377 26.7469 11.6463 4.38317 17.2457 9.93331 7.26315 7.31243 11.0166
internal_count=33604 30291 29986 28432 17006 11426 3313 3142 771 2371 178 2193 541 305 68 1554 171 230 161 69 237 131 92 106 1532
is_linear=0
shrinkage=0.05


Tree=184
num_leaves=26
num_cat=0
split_feature=6 8 8 5 8 2 0 6 9 11 6 6 3 11 2 0 3 2 9 2 7 6 9 2 11
split_gain=5.75407 8.02324 9.40706 9.17702 8.14242 7.64685 6.19764 6.82511 6.09739 7.67914 5.99144 5.82423 5.53657 5.19334 5.13896 4.95312 4.88553 5.37263 4.47945 4.46895 4.42794 4.32071 3.52782 3.02172 2.65385
threshold=0.047386242129024599 0.04819976771196284 0.062940140845070436 0.044949494949494954 0.098126750700280124 41.104739416427734 31.500000000000004 0.016064516129032261 0.11048117692406528 81.631057971014528 0.20185185185185187 0.15821566110397947 0.80712322976115003 44.010675675675706 26.361748977665936 62.500000000000007 0.79193722943722955 41.616608996539803 0.10519881611118261 50.243966942148766 0.074646766169154236 0.055309344053338573 0.20622803828910702 109.9118463953629 79.410861910337943
decision_type=2 2 2 2 2 2 2 2 2 2 2 2 2 2 2 2 2 2 2 2 2 2 2 2 2
left_child=6 10 5 4 -4 14 12 19 15 -10 21 -5 16 -14 -3 -9 17 -1 -15 20 -8 -2 -23 -21 -18
right_child=1 2 3 11 -6 -7 7 8 9 -11 -12 -13 13 18 -16 -17 24 -19 -20 23 -22 22 -24 -25 -26
leaf_value=0.00052031105727673541 0.023412157996243601 0.017593727188453326 -0.0074822068167784105 -0.011617316469511656 0.0016899091892935529 -0.052088530444716889 -0.065121298676065489 -0.01011088030905434 0.0099301127616463307 -0.011522483458877388 0.032004496700998433 -0.053963638095391335 0.064200005359488388 -0.015729849020147669 0.068593247209748284 -0.040218828410999906 0.0029665830437630289 0.05095127678100797 -0.00089968666750225152 0.03615078191812171 -0.004191766056463991 -0.022483647664799902 -0.067426301682711812 -0.036564374614960496 0.051971592053749405
leaf_weight=51.092381498543546 4.6703590378165236 74.215434586862102 262.23351774830371 32.720191249391064 3130.723147302866 3.7486434774473301 12.335689286701387 34.289444242836908 67.670086851809174 108.75979846669361 5.5529297245666376 10.79994232021272 2.8380246739834538 62.914327813312411 5.291700502857565 22.705618226202205 3.7882300019264212 5.890022348612546 267.04177990742028 2.9542068908922365 3.9324176395311943 44.305675252107903 4.8438250347971907 2.7667715367861092 10.205296292901037
leaf_count=383 29 463 1897 208 25642 31 125 251 792 914 34 62 20 353 38 264 18 38 1587 31 32 272 35 30 55
internal_value=-7.37769e-06 0.000783261 0.00109073 0.000688387 0.000981018 0.0176977 -0.00430023 -0.0103959 -0.00788734 -0.00329429 -0.0174439 -0.022126 -0.000444248 -0.00314815 0.0209881 -0.0221052 0.0122339 0.00573314 -0.00372743 -0.037026 -0.0503931 -0.0225458 -0.0269129 0.00098438 0.0387053
internal_weight=4238.29 3579.11 3519.73 3436.48 3392.96 83.2558 659.184 255.414 233.425 176.43 59.3728 43.5201 403.77 332.794 79.5071 56.9951 70.9759 56.9824 329.956 21.9891 16.2681 53.8199 49.1495 5.72098 13.9935
internal_count=33604 28711 28341 27809 27539 532 4893 2439 2221 1706 370 270 2454 1960 501 515 494 421 1940 218 157 336 307 61 73
is_linear=0
shrinkage=0.05


Tree=185
num_leaves=19
num_cat=0
split_feature=1 4 11 4 1 2 0 3 9 0 10 1 0 6 6 7 2 9
split_gain=5.71159 7.03458 6.53898 17.135 12.8012 10.54 7.77468 19.135 8.66738 5.09456 2.63363 3.96727 2.30099 1.93133 3.51236 2.70304 1.91784 1.08661
threshold=5.0769230769230775 5.1012195121951232 74.806343373494002 4.1407350352112688 15.67543859649123 36.012345679012348 25.500000000000004 0.84877072612921689 0.1248529411764706 9.5000000000000018 0.010214515253954344 8.2638888888888911 19.500000000000004 0.066574330563250253 0.099714868278892962 0.14839839839839844 7.6676528599605538 0.15718778077268644
decision_type=2 2 2 2 2 2 2 2 2 2 2 2 2 2 2 2 2 2
left_child=12 2 6 4 -4 -5 8 -8 -2 -3 11 -11 13 17 -15 -16 -12 -1
right_child=1 9 3 5 -6 -7 7 -9 -10 10 16 -13 -14 14 15 -17 -18 -19
leaf_value=0.015221166112235132 0.014620733371643142 0.033159112899357003 0.002622799927302211 -0.0064409308715127987 -0.0058949026516325964 -0.027397332353082948 0.0030614115070344387 -0.025074350235539163 -0.0019795825173164277 -0.042096838738808692 -0.015969314725472535 -0.01409909688095487 0.053629177648280735 -0.026861104515257091 0.0099143861536980082 0.051738277789545088 0.035980212976275731 0.053301259342759977
leaf_weight=3.3535217517055562 248.3989991331473 4.8959045708179465 1920.1937107807025 499.9830357930623 572.66359629458748 68.181651900988072 621.83457706286572 66.934455904178321 115.05088848993182 18.856020648032427 3.7057559750974169 38.460743435192853 3.7873886881861827 5.8528213948011389 33.211994380224496 4.3716659136116496 3.4127133209258318 4.2442560531198978
leaf_count=18 1372 37 15392 3277 4542 804 5777 844 733 119 27 331 32 32 194 28 22 23
internal_value=-7.06647e-06 -0.000217228 4.89912e-05 -0.00111984 0.000666098 -0.00895577 0.00344926 0.000327183 0.00936587 -0.0160113 -0.0197474 -0.0233098 0.016027 0.0132365 0.00916846 0.0147793 0.00893616 0.0364934
internal_weight=4237.39 4182.57 4113.24 3061.02 2492.86 568.165 1052.22 688.769 363.45 69.3311 64.4352 57.3168 54.8216 51.0343 43.4365 37.5837 7.11847 7.59778
internal_count=33604 33277 32741 24015 19934 4081 8726 6621 2105 536 499 450 327 295 254 222 49 41
is_linear=0
shrinkage=0.05


Tree=186
num_leaves=30
num_cat=0
split_feature=7 2 10 8 0 5 11 4 1 2 11 11 6 1 1 1 4 6 7 2 6 4 8 2 1 8 2 6 1
split_gain=5.7371 6.78369 6.89124 6.32349 10.6368 7.76608 7.7652 9.18794 7.01056 8.29777 8.71086 6.63977 5.37094 5.29054 5.03224 6.95988 5.59778 4.94284 5.88257 4.09169 8.84878 5.65539 3.72755 3.54957 3.11395 2.68964 2.29774 1.68933 1.17043
threshold=0.13367697594501721 18.688750000000002 0.0036122830672871997 0.20020449897750514 32.500000000000007 0.044949494949494954 65.170421994884933 4.4618037135278525 21.207142857142859 151.94572284315876 79.55976515151518 94.300426179604287 0.070200078848807426 9.9479578392621892 9.9479578392621892 12.806250000000002 3.883824750830565 0.047386242129024599 0.16035714285714289 38.257653061224495 0.021563498982853826 3.9093193238921886 0.16646291768541158 29.431082589285719 15.129166666666668 0.15749473623489374 43.565972222222236 0.10610292872862707 9.4316770186335415
decision_type=2 2 2 2 2 2 2 2 2 2 2 2 2 2 2 2 2 2 2 2 2 2 2 2 2 2 2 2 2
left_child=3 2 17 8 5 11 12 -8 9 10 -1 -5 -6 -7 23 16 -16 25 -19 21 -21 -10 28 27 -11 -2 -17 -3 -4
right_child=1 14 22 4 6 13 7 -9 19 24 -12 -13 -14 -15 15 26 -18 18 -20 20 -22 -23 -24 -25 -26 -27 -28 -29 -30
leaf_value=0.0062209672554501575 -0.034914572294796865 -0.10186155153208365 -0.036656246741695639 0.0038215874242286856 -0.02063701831375107 -0.090109411144026097 -0.013474257092392567 -0.051252067741749723 -0.0022163676294376347 0.023189584378733752 0.00043051477407252294 -0.010280954736133071 0.012742894522187687 -0.011132858805542835 0.042851624923590667 -0.060924842329691691 -0.017053734667230144 0.016006317050636168 -0.0071640106311875312 0.098356900943236125 -0.002486055818408898 -0.024535604861416219 0.0071469893260977975 -0.018272732984086635 -0.029944763651025077 0.0041098050151808022 -0.017745530097958338 -0.053758116171370579 -0.069129295219726938
leaf_weight=961.19202920910902 13.721875820308925 3.311656126752494 8.2940670158714074 432.45437753712758 16.606481311842799 3.8767523914575559 175.86470653302968 17.716109603643417 55.356427296530455 3.0799313657917109 2002.8739159747493 103.424852413591 43.929326377576217 4.6809290386736393 6.3381717801094117 7.5151211395859701 10.135870466008781 55.358945166459307 54.225558883976191 2.2100947936996809 138.43210529442877 58.245355533435941 4.1586197279393664 4.3181083258241415 26.332149882800877 6.5100749712437382 5.2217387827113271 4.0661535914987326 4.1699458565562955
leaf_count=7130 97 22 51 2621 216 22 1664 216 357 27 16193 677 457 28 39 57 72 363 365 27 1855 518 27 28 315 48 57 21 34
internal_value=-7.16983e-06 -0.0085611 -0.00353247 0.000388884 -0.00359731 0.000345149 -0.0120439 -0.0169316 0.00136901 0.00204602 0.00230825 0.00109979 0.00358595 -0.0469104 -0.0265627 -0.0154659 0.00599407 0.000348816 0.00454097 -0.00660211 -0.000901379 -0.0136598 -0.0338438 -0.0542773 -0.0243807 -0.0223576 -0.0432226 -0.0753502 -0.0475204
internal_weight=4233.62 187.346 146.439 4046.28 798.554 544.437 254.117 193.581 3247.72 2993.48 2964.07 535.879 60.5358 8.55768 40.9068 29.2109 16.474 129.816 109.585 254.244 140.642 113.602 16.6226 11.6959 29.4121 20.232 12.7369 7.37781 12.464
internal_count=33604 1281 985 32323 5901 3348 2553 1880 26422 23665 23323 3298 673 50 296 225 111 873 728 2757 1882 875 112 71 342 145 114 43 85
is_linear=0
shrinkage=0.05


Tree=187
num_leaves=15
num_cat=0
split_feature=8 0 3 0 0 1 0 3 11 2 8 11 8 4
split_gain=5.70923 5.5072 10.9916 9.27218 6.93207 6.2139 6.1228 14.3524 13.3901 4.29871 4.14255 6.15659 3.44017 0.777632
threshold=0.41421568627450983 287.50000000000006 0.53440555841482251 355.50000000000006 195.50000000000003 20.408333333333335 150.50000000000003 0.62970031099802104 81.092456970916899 0.22829861111111113 0.17076530269434928 73.43198028673838 0.16072604931300585 4.4698344280240843
decision_type=2 2 2 2 2 2 2 2 2 2 2 2 2 2
left_child=1 2 4 10 9 -6 7 -4 -8 -1 11 -3 -5 -12
right_child=-2 3 6 12 5 -7 8 -9 -10 -11 13 -13 -14 -15
leaf_value=-0.085200002658207097 -0.068971785825493556 0.012093543618028717 0.013661465982189073 0.071721628957087807 0.01595368899085408 -0.036200434302925542 -0.0024426096839678781 -0.00035702921370472262 -0.036701729639812622 0.040461104114934067 -0.052221437856612568 -0.038414203941101635 0.0041899578994766349 -0.025592572961893819
leaf_weight=0.69616007618606346 2.9988889954984179 11.930002071894707 191.95633822726086 3.3302949145436278 27.60875836678315 7.2007587961852542 149.12558955606073 3739.5174626270309 35.266494085080922 30.401161369052716 12.374691139906643 12.206875506089998 4.3479499332606792 3.5219155177474013
leaf_count=31 29 161 2510 18 1038 111 1697 25386 315 1834 196 185 28 65
internal_value=-7.45037e-06 4.14484e-05 0.000234167 -0.0168497 0.0204917 0.00516499 -9.02141e-05 0.000327431 -0.00899495 0.037648 -0.0265028 -0.01345 0.0334806 -0.0463218
internal_weight=4232.48 4229.48 4181.77 47.7117 65.9068 34.8095 4115.87 3931.47 184.392 31.0973 40.0335 24.1369 7.67824 15.8966
internal_count=33604 33575 32922 653 3014 1149 29908 27896 2012 1865 607 346 46 261
is_linear=0
shrinkage=0.05


Tree=188
num_leaves=24
num_cat=0
split_feature=3 0 3 0 11 3 4 11 11 6 4 5 9 7 1 0 4 9 0 3 0 0 11
split_gain=5.57252 6.09843 11.7772 6.85255 19.3043 19.1177 6.33005 6.41211 6.2725 6.81882 6.22685 3.88056 5.39755 3.83626 3.72557 2.52189 0.609752 0.419459 1.25228 0.142783 0.759323 0.0889351 2.32734e-06
threshold=0.4425504134629335 239.50000000000003 0.56108990670059378 77.500000000000014 79.55976515151518 0.70606617647058834 4.2074772886093648 72.615760088535367 74.618727688664549 0.069796439134721347 4.3560790835181091 0.0023255939729257599 0.13451603597933551 0.055204764560592791 19.341666666666672 324.50000000000006 3.871316078976319 0.14497132098603269 300.50000000000006 0.42884510125889441 303.50000000000006 308.50000000000006 82.390121951219541
decision_type=2 2 2 2 2 2 2 2 2 2 2 2 2 2 2 2 2 2 2 2 2 2 2
left_child=15 2 6 5 -5 -4 7 -2 9 10 -3 12 -10 -11 -8 17 -13 19 22 21 -21 -1 -19
right_child=1 8 3 4 -6 -7 14 -9 11 13 -12 16 -14 -15 -16 -17 -18 18 -20 20 -22 -23 -24
leaf_value=0.051155400036983802 0.068455806347043333 0.030470230375526194 0.013082300768864116 0.0017923694333452046 -0.017238787832193899 -0.00048411850087235365 0.0094285941580992648 0.018841795512288522 -0.032519116953036935 -0.038344396574570692 -0.02152427766552965 -0.035703310129201117 0.02590309810335651 -0.0017386364890478888 -0.048537270918661758 -0.015742498215506877 -0.060989095911492722 0.050576387600328579 -0.083567193027684727 0.050681803635708761 -0.063861185896378819 0.073016805626930678 0.050366718998833548
leaf_weight=6.5740787431132013 7.1939541171304873 19.189570246264342 282.7007220373489 357.85174769209698 212.30148823652416 3189.6166527448222 6.1417875951156002 68.725138863548636 15.544576570391657 14.298301184549929 8.2269871132448298 3.3480204241350284 5.301947704050689 14.330916317179797 5.0521387434564531 1.9783987626433361 8.281815115362404 0.18798095872625786 0.24033299088478088 0.97366301191505022 0.16994035243988037 0.50064703822135914 0.44724960555322468
leaf_count=988 91 218 3077 3459 1991 20281 109 2043 219 237 121 44 62 181 47 11 145 21 1 184 1 3 70
internal_value=-7.16818e-06 -0.000100156 0.000178195 -0.000213779 -0.00529405 0.000620399 0.0183677 0.0235431 -0.0130853 -0.00295375 0.014868 -0.0305698 -0.0176605 -0.0200207 -0.0167331 0.0354177 -0.0537098 0.0465477 0.0136483 0.0500527 0.0336606 0.0527024 0.0504288
internal_weight=4229.18 4218.11 4129.58 4042.47 570.153 3472.32 87.113 75.9191 88.5221 56.0458 27.4166 32.4764 20.8465 28.6292 11.1939 11.0723 11.6298 9.09389 0.875564 8.21833 1.1436 7.07473 0.635231
internal_count=33604 32325 31098 28808 5450 23358 2290 2134 1227 757 339 470 281 418 156 1279 189 1268 92 1176 185 991 91
is_linear=0
shrinkage=0.05


Tree=189
num_leaves=27
num_cat=0
split_feature=4 11 4 7 1 4 1 6 1 3 4 10 8 10 11 4 6 2 6 0 0 4 1 0 3 7
split_gain=5.48421 8.52098 9.78914 8.65225 7.79512 7.16424 6.29991 5.70558 7.67742 5.61475 5.54581 5.2367 4.69708 6.63827 4.58224 4.46903 4.43571 7.47236 6.54182 7.50733 7.12835 5.98979 1.97265 1.30684 0.589563 0.224106
threshold=3.4005813953488375 91.403461538461556 3.7779733959311428 0.01590463542654778 43.20000000000001 4.6007117437722433 11.203448275862071 0.047386242129024599 10.020833333333334 0.89323708206686947 4.3667189132706374 0.0027491421920582859 0.18294606447641767 0.01177694378722363 84.173533205924542 4.1732051282051286 0.096830003348588031 10.883494031221305 0.08891883797544177 15.500000000000002 28.500000000000004 3.0074626865671648 15.486842105263159 22.500000000000004 0.80402263998382872 0.025586470267321335
decision_type=2 2 2 2 2 2 2 2 2 2 2 2 2 2 2 2 2 2 2 2 2 2 2 2 2 2
left_child=14 3 7 12 5 -5 10 8 -3 -9 -4 -8 13 -2 22 -14 18 21 19 -16 -20 -18 -1 -19 -24 -6
right_child=1 2 6 4 25 -7 11 9 -10 -11 -12 -13 15 -15 16 -17 17 23 20 -21 -22 -23 24 -25 -26 -27
leaf_value=-0.059202997566428731 0.013409165995174664 0.0057425923225212314 -0.0055447513819574315 0.00063111005861167134 -0.082007130022198116 -0.007615703680867972 -0.01816611915733796 0.006216544629558121 -0.020790274455435798 -0.0062050650156873187 -0.038075782161473996 -0.053665992417601172 0.0089941201883100355 -0.020557809215092784 -0.013810141388278352 -0.0036081255665846358 -0.061104912956672967 0.056029415482848004 -0.061338526288987484 0.012903036643150196 0.0091822017336107217 0.011791999870238675 0.0040044258887309073 0.032389744333544739 -0.027867381833344862 -0.056005590564287923
leaf_weight=3.2037830515764636 242.3072350093862 44.582891083089635 228.98632160713896 2276.0173003062373 1.0285081733018149 297.81169689120725 77.465010127518326 276.09222890704405 70.182816114276648 135.68069895729423 13.896196797490118 11.997151274234055 128.0451353242388 15.291809462010859 33.144473146647215 156.12554862909019 3.0738555593416086 9.2213337691500801 7.5408103363588435 127.3846593874041 6.8281334448838606 33.848578759003431 3.2093187449499965 15.973246426205149 2.648274190723896 4.265602083876729
leaf_count=24 1529 277 1368 18984 10 2441 488 2767 439 796 84 94 858 90 189 999 27 100 59 1191 96 320 26 244 15 89
internal_value=-6.97835e-06 -0.000454873 -0.00486507 0.000758832 -0.000447777 -0.000323109 -0.0115839 -0.000624202 -0.0104831 0.00212358 -0.00740597 -0.0229268 0.00650296 0.0113928 0.00723678 0.00207035 0.00857086 0.0200485 0.00449447 0.00738756 -0.027827 0.00572321 -0.0276583 0.041042 -0.0104051 -0.061057
internal_weight=4225.85 3979.78 858.883 3120.89 2579.12 2573.83 332.345 526.539 114.766 411.773 242.883 89.4622 541.77 257.599 246.076 284.171 237.015 62.117 174.898 160.529 14.3689 36.9224 9.06138 25.1946 5.85759 5.29411
internal_count=33604 31313 6313 25000 21524 21425 2034 4279 716 3563 1452 582 3476 1619 2291 1857 2226 691 1535 1380 155 347 65 344 41 99
is_linear=0
shrinkage=0.05


Tree=190
num_leaves=21
num_cat=0
split_feature=1 8 10 1 2 9 1 6 0 9 2 2 0 0 1 8 6 6 8 7
split_gain=5.3217 6.41477 6.11455 11.3277 11.6884 8.74988 8.71277 8.02225 6.49241 3.78142 3.7665 6.69757 2.14256 1.96578 3.08171 2.49732 1.76537 3.16331 2.71939 1.01256
threshold=5.0769230769230775 0.30094339622641514 0.0059413367456123906 9.0156250000000018 34.478298611111121 0.17655864741106028 8.2638888888888911 0.11987055016181231 14.500000000000002 0.10519881611118261 15.936725206611571 3.4561111111111118 19.500000000000004 23.500000000000004 11.924501424501427 0.39009661835748799 0.066574330563250253 0.099714868278892962 0.13277793141592922 0.055204764560592791
decision_type=2 2 2 2 2 2 2 2 2 2 2 2 2 2 2 2 2 2 2 2
left_child=12 2 5 4 -4 6 -2 -7 -5 13 11 -11 16 15 -15 -3 19 -18 -19 -1
right_child=1 9 3 8 -6 7 -8 -9 -10 10 -12 -13 -14 14 -16 -17 17 18 -20 -21
leaf_value=0.015552134532326019 -0.0061501660056429135 -0.015253060279538523 0.0016047892705607217 0.02365260191417775 0.075116106938226901 -0.0049364944935451766 0.0022113769173916372 -0.03231850943160422 -0.014472427566443012 0.013006670237550796 0.050793880708295297 -0.06182018831158699 0.052123520050866394 -0.078241898737386628 -0.015282530637299219 -0.062168928341786778 -0.025414974326415991 -0.009132769699404469 0.022005280914942971 0.052219139289645382
leaf_weight=3.5299435837659976 346.74452281906269 29.545774601399899 173.57133878883906 11.728095557540653 5.5812342613935462 239.12883685459383 3069.152902051108 30.117844555526972 233.29089713422582 10.44623306579888 3.2897922322154036 4.189971648156642 3.7221592066343865 4.0091721429489544 3.7725037792697549 3.1376678328961125 5.8050711229443541 9.3376266770064813 28.150625941809267 4.0351051427423954
leaf_count=22 2292 189 998 95 36 1660 25841 200 1737 82 24 24 32 29 41 29 32 58 164 19
internal_value=-6.45534e-06 -0.000209594 2.42366e-05 -0.00566068 0.00389493 0.000678588 0.0013626 -0.00799944 -0.0126475 -0.0166656 0.00245159 -0.00841435 0.0155049 -0.0251344 -0.0477196 -0.0197571 0.012825 0.0089309 0.0142494 0.0351099
internal_weight=4222.29 4167.71 4109.32 424.172 179.153 3685.14 3415.9 269.247 245.019 58.3911 17.926 14.6362 54.5805 40.4651 7.78168 32.6834 50.8584 43.2933 37.4883 7.56505
internal_count=33604 33277 32859 2866 1034 29993 28133 1860 1832 418 130 106 327 288 70 218 295 254 222 41
is_linear=0
shrinkage=0.05


Tree=191
num_leaves=24
num_cat=0
split_feature=1 8 3 0 0 3 5 2 9 6 2 7 1 4 11 0 6 6 0 9 4 7 8
split_gain=5.36951 5.93156 9.05146 18.1343 12.6842 18.8449 9.48818 8.66751 8.54863 7.1902 7.25523 7.14568 4.52731 4.14307 3.09416 2.80056 5.4825 5.74018 4.36459 2.92954 1.79657 1.58371 1.4709
threshold=24.516666666666669 0.094179371353284413 0.91723744292237452 28.500000000000004 30.500000000000004 0.8239268680445152 0.031009615384615389 34.981983418367356 0.01941930618401207 0.18808962264150947 39.688750000000006 0.049930747922437686 12.918333333333335 4.2386075219197048 88.494009197324445 24.500000000000004 0.12275320202346358 0.11547008547008548 25.500000000000004 0.14199357148075101 4.2440442427680098 0.039619053368751517 0.071599453178400566
decision_type=2 2 2 2 2 2 2 2 2 2 2 2 2 2 2 2 2 2 2 2 2 2 2
left_child=1 8 4 6 7 -6 -4 -3 11 10 -10 -1 -11 -5 15 19 17 -17 -18 20 -2 -21 -13
right_child=14 2 3 13 5 -7 -8 -9 9 12 -12 22 -14 -15 -16 16 18 -19 -20 21 -22 -23 -24
leaf_value=0.081167394461869921 0.026294162992766403 0.0051679467917026883 -0.001063698964919752 -0.053738662734407264 0.0017881559851918158 -0.013755052777849698 -0.030502427625144948 0.0195246761534387 -0.0058489510834909084 0.0065062328680768142 -0.027155667356609226 0.024975378560742573 0.05200057371523719 -0.015992669162574354 -0.055743189842363663 -0.0095627751372734261 0.031678766081177853 0.054505714403057987 -0.049691161669456668 -0.058530582331117326 -0.0099559353326384645 0.0082341133719294642 -0.018007062788278735
leaf_weight=5.0611731579992911 12.982437607832258 878.86708219093271 798.49673045333475 20.706163523718718 1561.5304953606101 222.83665954647586 28.342125058174133 119.41335907019675 346.60854973224923 27.256658208556473 45.159328378271312 4.34559234138578 6.8409564765170208 11.20309656858444 3.5410226080566636 97.519068392459303 1.8825115785002697 3.6260320320725432 13.228665193775667 2.2445367388427253 4.6393956542015067 1.4699061214923856 3.6725051403045654
leaf_count=35 80 5522 4605 161 15578 1937 159 704 2278 163 386 27 40 189 29 1408 14 38 146 24 34 25 22
internal_value=-6.31077e-06 0.000325333 0.00098721 -0.00350016 0.00237205 -0.000152923 -0.00207279 0.00688529 -0.00516546 -0.0063883 -0.00830499 0.0346506 0.0156337 -0.0404863 -0.00959454 -0.00840688 -0.0114628 -0.00726593 -0.0395543 0.00824428 0.0167504 -0.03211 0.00528826
internal_weight=4221.47 4080.34 3641.4 858.748 2782.65 1784.37 826.839 998.28 438.945 425.865 391.768 13.0793 34.0976 31.9093 141.134 137.593 116.256 101.145 15.1112 21.3363 17.6218 3.71444 8.0181
internal_count=33604 31806 28855 5114 23741 17515 4764 6226 2951 2867 2664 84 203 350 1798 1769 1606 1446 160 163 114 49 49
is_linear=0
shrinkage=0.05


Tree=192
num_leaves=23
num_cat=0
split_feature=3 0 3 3 0 0 10 7 7 11 1 2 8 0 2 6 9 0 3 0 0 11
split_gain=5.22536 6.01401 18.1565 6.42984 20.0219 17.2464 6.0606 16.3148 8.10005 7.68946 6.38253 4.88723 4.78938 2.42685 2.23698 1.8759 0.403783 1.17353 0.136848 0.721127 0.0760257 2.06786e-06
threshold=0.4425504134629335 171.50000000000003 0.55889894419306196 0.67931729799798368 52.500000000000007 90.500000000000014 1.0000000180025095e-35 0.064243767835664267 0.075030266343825688 77.290367647058858 12.674242424242426 4.0312213039485778 0.16133299197815329 324.50000000000006 116.22530864197532 0.062589031339031362 0.14497132098603269 300.50000000000006 0.42884510125889441 303.50000000000006 308.50000000000006 82.390121951219541
decision_type=2 2 2 2 2 2 2 2 2 2 2 2 2 2 2 2 2 2 2 2 2 2
left_child=13 2 11 5 -5 -4 8 14 10 -9 -3 -2 -13 16 -8 -10 18 21 20 -20 -1 -18
right_child=1 6 3 4 -6 -7 7 9 15 -11 -12 12 -14 -15 -16 -17 17 -19 19 -21 -22 -23
leaf_value=0.051104705990023661 -0.056213030511490514 -0.059206437300659866 0.016127581284671642 0.00074418122358906567 -0.010330798479239997 -0.0029921352329445906 -0.0092145420516349767 0.051619987335243173 -0.022612397666890591 -0.0035423242960447875 -0.0074204519203974724 0.050824173517998776 0.015191319605505902 -0.015027835777613456 -0.035391128363960578 -0.05975805273914947 0.050552253087131294 -0.081019395105692796 0.050648253638298925 -0.063064023583935105 0.071646655185748795 0.050349784630523475
leaf_weight=6.2516181520186347 1.4653070147614915 6.3238047491759053 210.67520268494263 3010.8135669580661 472.08074859064072 267.95482049696147 43.094532118644565 18.607401367276911 4.8736564330756691 9.5651347436942142 100.6250271750614 23.925504273967817 15.565024705138056 1.97494826465845 10.0684546995908 11.232061903458087 0.17937398073263455 0.23627911508083344 0.92268594296183415 0.16424177587032318 0.48539118468761433 0.42468371568247676
leaf_count=988 39 97 2627 18783 4397 2183 538 205 57 132 1355 1054 519 11 197 142 21 1 184 1 3 70
internal_value=-6.50028e-06 -9.50069e-05 0.0003322 -1.02122e-05 -0.000756951 0.00542366 -0.0084608 0.00212946 -0.0154607 0.0328913 -0.0104825 0.0334526 0.0367796 0.03499 -0.0141721 -0.0485176 0.0463912 0.0134557 0.0499286 0.0334656 0.0525847 0.0504099
internal_weight=4217.51 4206.87 4002.48 3961.52 3482.89 478.63 204.39 81.3355 123.055 28.1725 106.949 40.9558 39.4905 10.6392 53.163 16.1057 8.66427 0.840337 7.82394 1.08693 6.73701 0.604058
internal_count=33604 32325 29602 27990 23180 4810 2723 1072 1651 337 1452 1612 1573 1279 735 199 1268 92 1176 185 991 91
is_linear=0
shrinkage=0.05


Tree=193
num_leaves=26
num_cat=0
split_feature=6 8 8 5 8 2 0 6 9 11 6 3 2 11 6 9 11 2 4 0 4 6 1 8 7
split_gain=5.15244 7.14906 8.71857 7.6937 7.82311 6.80028 5.62745 6.41949 5.54813 7.14884 5.16378 4.94505 6.92687 6.04298 5.3654 9.25597 5.2601 4.80758 4.7776 4.68254 4.06524 3.87554 3.37948 2.97832 1.33002
threshold=0.047386242129024599 0.04819976771196284 0.062940140845070436 0.030457637600494747 0.087082912032355922 41.104739416427734 31.500000000000004 0.016064516129032261 0.11048117692406528 101.92240816326533 0.20185185185185187 0.85053191489361712 46.711383219954662 108.66551470588239 0.023346656976744189 0.083200212992545278 44.010675675675706 26.361748977665936 4.0639661756683045 62.500000000000007 4.2584442523768375 0.055309344053338573 8.6201923076923084 0.1515593250287128 0.039619053368751517
decision_type=2 2 2 2 2 2 2 2 2 2 2 2 2 2 2 2 2 2 2 2 2 2 2 2 2
left_child=6 10 5 4 -4 17 11 20 19 -10 21 12 13 -1 16 -16 -13 -3 -5 -9 23 -2 -23 -8 -14
right_child=1 2 3 18 -6 -7 7 8 9 -11 -12 14 24 -15 15 -17 -18 -19 -20 -21 -22 22 -24 -25 -26
leaf_value=0.0019628366293743048 0.022425716058737884 0.016931344109837838 -0.010100760586846778 -0.0047144871142292761 0.0015434385992267926 -0.049100266542835135 -0.063835102674083266 -0.009523253658465099 -0.0015543263599843379 -0.069083877205677963 0.02954094231716314 0.077169209503153993 0.03184370311213363 0.056205743458571433 -0.051535419754203275 -0.0074315210103105675 0.0007732097262244577 0.066883467424108695 -0.029610574135367929 -0.039084276906393899 0.023859706958248184 -0.045264571183174444 -0.016700654024604095 -0.024468080279440363 0.069806479050018841
leaf_weight=132.3426217646338 4.6380530106835058 73.766693326411769 151.09120219631586 48.345912402495742 3183.3266113688005 3.7069612499326459 9.4012138892430865 34.023316402221099 171.29380327416584 4.0108802595641455 5.5190290529280892 2.2910874392837277 5.2594969999045116 5.3418353381566694 13.449883006513117 102.98182105273008 136.12783239968121 5.1533020497299722 32.04182169563137 22.096375699387863 2.5168735650368026 14.88873776886612 34.006841171183623 9.8261120552197081 4.11021588742733
leaf_count=794 29 463 1033 317 26263 31 92 251 1674 32 34 16 32 51 80 613 844 38 196 264 39 88 219 87 24
internal_value=-6.226e-06 0.000744341 0.00103563 0.000647308 0.00101581 0.0170843 -0.00408116 -0.00992014 -0.00747962 -0.00309937 -0.0165076 -0.000403055 0.00689821 0.00406733 -0.00461604 -0.0125263 0.0020377 0.0201931 -0.0146378 -0.0211625 -0.0358947 -0.021255 -0.0253984 -0.0437166 0.0484968
internal_weight=4211.56 3556.49 3497.43 3414.81 3334.42 82.627 655.073 253.169 231.424 175.305 59.0527 401.905 147.054 137.684 254.851 116.432 138.419 78.92 80.3877 56.1197 21.7442 53.5336 48.8956 19.2273 9.36971
internal_count=33604 28711 28341 27809 27296 532 4893 2439 2221 1706 370 2454 901 845 1553 693 860 501 513 515 218 336 307 179 56
is_linear=0
shrinkage=0.05


Tree=194
num_leaves=28
num_cat=0
split_feature=7 0 3 1 1 1 0 0 2 1 6 11 11 0 11 6 2 0 8 3 11 3 7 2 3 9 2
split_gain=5.13614 5.67873 14.5306 11.8625 39.7672 34.9771 13.7225 11.2238 9.02997 8.95385 13.1415 10.9164 8.90337 8.59928 7.26371 4.13283 2.268 9.38249 5.82169 2.74897 4.39811 2.65942 1.87169 2.72649 1.77361 0.950975 0.563755
threshold=0.17445652173913045 19.500000000000004 0.86996779388083745 10.327956989247314 9.9479578392621892 14.489130434782611 15.500000000000002 34.500000000000007 42.115911989795926 14.131884057971016 0.074121436014019146 73.798436752749907 50.562347285067908 13.500000000000002 94.747158757311567 0.11547008547008548 8.2161111111111129 20.500000000000004 0.058997563522450405 0.92637759710930456 74.983321342925692 0.90353598014888348 0.21525096525096529 3.9027777777777781 0.94804318488529027 0.076800196608503332 20.228298611111118
decision_type=2 2 2 2 2 2 2 2 2 2 2 2 2 2 2 2 2 2 2 2 2 2 2 2 2 2 2
left_child=1 3 9 4 8 14 -6 12 -1 10 -3 -11 -4 -7 -5 -9 19 18 -18 20 -2 -22 23 -21 -20 -24 -19
right_child=16 2 7 5 6 13 -8 15 -10 11 -12 -13 -14 -15 -16 -17 17 26 24 22 21 -23 25 -25 -26 -27 -28
leaf_value=0.001820315482272696 0.032265462552442663 -0.0026966824976970808 -0.058848515838958317 -0.013569000241702128 -0.018376946682416472 0.031789578676837821 0.035575832757392754 -0.045270781211626705 -0.072578270628333344 0.0033503707738349593 0.0077506051228080006 -0.006437467286151276 -0.0055209830778031425 0.0052006704369752244 -0.035541897243751543 -0.0083392059244929949 -0.026800911509562594 -0.032703006172325626 0.068181581205487743 -0.012551386300741693 -0.036293455620193371 0.010868302329415923 -0.084071485194651005 -0.066308194675122833 0.024659390342862204 -0.041647716459143599 -0.060801590043694745
leaf_weight=594.17951370449737 4.8404796160757568 496.09642210404854 7.9485633317381135 130.87204836122692 12.962253384292124 36.008816676214337 129.81605133088306 26.625146813690662 4.1066568307578555 483.15731641929597 765.44391480064951 694.13192285364494 511.4857565863058 195.53785826126114 52.78054232429713 10.587402617093174 4.0814105719327953 3.3485540533438316 4.3362451456487161 9.6232087602838892 10.397191404365001 4.1952607110142699 2.4317851327359667 3.1245787553489199 5.0870196670293808 2.8918215800076723 3.8232456501573324
leaf_count=3489 33 3978 90 808 101 189 1037 456 24 4727 7105 6443 3212 1009 389 142 20 24 25 82 62 24 15 19 27 40 34
internal_value=-6.00482e-06 0.000200736 -0.000948147 0.00317709 0.00696788 -0.00358886 0.0306777 -0.00823735 0.00130964 0.000715566 0.00364225 -0.00242056 -0.00633702 0.00933563 -0.0198839 -0.0347633 -0.0147589 -0.0014634 0.0230816 -0.0220888 -0.00903489 -0.0227347 -0.0361262 -0.0257276 0.0446867 -0.0610266 -0.0476822
internal_weight=4209.92 4151.74 2995.48 1156.26 741.064 415.199 142.778 556.647 598.286 2438.83 1261.54 1177.29 519.434 231.547 183.653 37.2125 58.1808 20.6765 13.5047 37.5043 19.4329 14.5925 18.0714 12.7478 9.42326 5.32361 7.1718
internal_count=33604 33199 26153 7046 4651 2395 1138 3900 3513 22253 11083 11170 3302 1198 1197 598 405 130 72 275 119 86 156 101 52 55 58
is_linear=0
shrinkage=0.05


Tree=195
num_leaves=29
num_cat=0
split_feature=8 10 2 7 11 0 0 4 0 10 2 1 1 0 1 11 9 7 11 2 4 3 0 9 3 0 2 4
split_gain=5.11933 6.88547 9.92437 11.2576 10.0087 9.64092 11.7927 10.5109 9.49127 12.5714 10.1625 11.1282 9.50372 5.30487 9.10822 6.15374 8.40245 5.91192 4.92805 5.153 4.53674 4.17277 3.64249 3.56678 3.52666 2.83925 2.44089 1.1969
threshold=0.23821860350357763 0.00795231771327389 20.21761998685076 0.13079116179615113 79.55976515151518 15.500000000000002 18.500000000000004 4.0968367091772953 15.500000000000002 0.01177694378722363 20.21761998685076 10.672619047619049 8.7638888888888911 35.500000000000007 10.860389610389612 61.326500000000038 0.065615168074184479 0.071052120606917998 94.997435897435935 6.6894290123456797 3.4483647351581945 0.78439824205544295 80.500000000000014 0.10519881611118261 0.72016949152542387 15.500000000000002 13.558842866535178 4.5932768361581937
decision_type=2 2 2 2 2 2 2 2 2 2 2 2 2 2 2 2 2 2 2 2 2 2 2 2 2 2 2 2
left_child=1 2 5 4 -4 7 -7 -1 9 27 12 -12 -10 17 26 16 -16 18 19 -2 -11 -19 -17 -20 -5 -23 -15 -3
right_child=13 8 3 24 -6 6 -8 -9 10 20 11 -13 -14 14 15 22 -18 21 23 -21 -22 25 -24 -25 -26 -27 -28 -29
leaf_value=-0.012361429971903948 -0.0043579057442803817 0.082732939319661136 0.0031820676979370079 0.013543123794532081 -0.0048542433029769875 0.013781534439038177 0.003040275612519077 0.004676098504238081 -0.0061501590590312717 0.033877496661087435 0.023064353390831648 -0.013548009415717375 -0.032094476380776789 -0.050667045662410162 -0.046592115050768407 -0.016573515935950474 0.05083726390817829 0.027474496269858019 -0.029418391530650748 0.011801039602107198 -0.0032557382953707047 -0.044845332368093897 -0.058104554376094276 0.0003644342182962531 -0.033273885463421901 -0.015871797611534438 -0.12513541903081915 0.046316879676725563
leaf_weight=181.15320615004748 111.63951311120763 4.1210996359586698 724.00048073753715 4.536488546524196 833.45248951960821 319.42347667040303 1277.5042939784471 180.94402826949954 65.204139771405607 9.262545380741356 35.428157890448347 50.108607838861644 76.959528083913028 2.0845936385449013 3.2643592613749188 25.212023817468438 6.8703681617043912 3.9909792914986602 22.800978153711185 88.407228007912636 73.460849665105343 13.257951173931358 6.6778673927765331 17.979894313961267 35.502912765834481 23.3429612852633 2.3306634584441781 4.9866538047790527
leaf_count=1034 679 21 7043 31 7863 2179 9715 1032 401 52 230 469 508 37 35 240 92 24 160 542 414 123 100 105 260 166 25 24
internal_value=-5.69066e-06 0.000501766 0.00113343 -0.00179146 -0.00111847 0.00351854 0.00518878 -0.00384759 -0.00652892 0.00704052 -0.0120015 0.00161633 -0.020195 -0.00600499 -0.0216615 -0.0144841 0.0194556 -0.00342135 -0.000446099 0.00278326 0.000902073 -0.0210732 -0.0252703 -0.0162874 -0.0279695 -0.0263669 -0.0899764 0.0627945
internal_weight=4203.91 3876.05 3556.52 1597.49 1557.45 1959.03 1596.93 362.097 319.532 91.8311 227.7 85.5368 142.164 327.859 46.4399 42.0246 10.1347 281.42 240.828 200.047 82.7234 40.5919 31.8899 40.7809 40.0394 36.6009 4.41526 9.10775
internal_count=33604 31276 29157 15197 14906 13960 11894 2066 2119 511 1608 699 909 2328 529 467 127 1799 1486 1221 466 313 340 265 291 289 62 45
is_linear=0
shrinkage=0.05


Tree=196
num_leaves=27
num_cat=0
split_feature=4 11 4 7 1 4 1 11 4 2 5 11 8 4 11 1 4 9 5 4 9 0 2 1 11 7
split_gain=5.08403 7.24487 9.10551 7.35431 7.21713 7.09561 6.94025 6.74911 5.15651 4.67962 8.02963 6.68283 4.25533 6.38415 4.19439 4.15442 4.88061 4.22618 4.20537 4.02399 3.89582 2.47233 1.87588 2.22237 1.34424 0.174325
threshold=3.4005813953488375 91.403461538461556 3.6876990445859876 0.01590463542654778 43.20000000000001 4.3192383336313256 6.8090909090909095 98.253108974359009 4.1204688731284485 3.5694444444444451 0.048003072196620589 95.173010519801991 0.18294606447641767 3.5137868112930208 84.173533205924542 9.0156250000000018 3.0074626865671648 0.14199357148075101 0.0033167587071791607 4.182149966821501 0.11532470644620178 15.500000000000002 16.005000000000003 18.433035714285719 94.558310633001454 0.025586470267321335
decision_type=2 2 2 2 2 2 2 2 2 2 2 2 2 2 2 2 2 2 2 2 2 2 2 2 2 2
left_child=14 3 9 12 5 -5 7 -4 -8 11 -11 -3 13 -2 22 16 21 -18 20 -14 -17 -16 23 -1 -20 -6
right_child=1 2 6 4 25 -7 8 -9 -10 10 -12 -13 19 -15 15 18 17 -19 24 -21 -22 -23 -24 -25 -26 -27
leaf_value=-0.074184400373887821 -0.026426693486532028 0.018140758802232385 -0.0081089607906214955 0.0013649412145131145 -0.078916020065255374 -0.0044411196321928765 -0.0098431510631829811 0.025169476820255415 -0.028207522946030652 0.0046331931151614878 -0.085001611243198716 -0.015601681503596799 0.0082272366715812964 0.012342841216572116 -0.01530734959303038 0.018236903603859458 -0.010861418779360404 0.019001409715333272 0.012991896986745312 -0.0037443460763559918 0.0030761884229546263 -0.081083522167866934 0.0072623825107115906 -0.014193938259902242 0.055337558796144874 -0.055543937551769007
leaf_weight=2.8571035205386561 11.099441953236235 18.297846619971097 35.661695493967272 1820.9361353806453 0.99306193739175697 740.09250928880647 346.17991521244403 26.5998139657313 42.969235805328935 307.01288295339327 2.519015662604942 74.092317551490851 130.02424099727068 245.04281112900935 2.9201929345726958 79.394256186904386 29.019369687186554 20.021466024918482 2.5495941585395467 152.54257624107413 90.875843522138894 2.7968597125727683 2.8429273348301649 3.3585544521920383 7.0740597824333236 4.0579494154080749
leaf_count=19 81 127 248 15353 10 6072 2180 166 275 2799 22 496 880 1538 18 894 238 143 44 977 755 27 23 23 107 89
internal_value=-5.58379e-06 -0.00043715 -0.0045175 0.00068431 -0.000430669 -0.000312909 -0.00939108 0.00610849 -0.0118709 0.00095616 0.00390373 -0.008919 0.00599539 0.0106628 0.00700352 0.00829232 -0.00376631 0.00133041 0.0119628 0.00176443 0.0101454 -0.0474859 -0.0263813 -0.0417693 0.0441189 -0.060139
internal_weight=4201.83 3958.12 853.333 3104.79 2566.08 2561.03 451.411 62.2615 389.149 401.922 309.532 92.3902 538.709 256.142 243.71 234.652 54.7579 49.0408 179.894 282.567 170.27 5.71705 9.05859 6.21566 9.62365 5.05101
internal_count=33604 31313 6313 25000 21524 21425 2869 414 2455 3444 2821 623 3476 1619 2291 2226 426 381 1800 1857 1649 45 65 42 151 99
is_linear=0
shrinkage=0.05


Tree=197
num_leaves=15
num_cat=0
split_feature=3 8 0 3 0 10 7 7 0 0 0 1 0 4
split_gain=4.98427 5.5479 5.59082 17.0076 6.37176 5.5371 14.4439 7.67328 5.40486 2.33985 0.00728038 0.000194553 7.99908e-05 3.9433e-05
threshold=0.4425504134629335 0.41421568627450983 171.50000000000003 0.57938211049799049 57.500000000000007 1.0000000180025095e-35 0.064243767835664267 0.075030266343825688 21.500000000000004 300.50000000000006 298.50000000000006 25.258333333333336 197.50000000000003 4.5350474942679346
decision_type=2 2 2 2 2 2 2 2 2 2 2 2 2 2
left_child=9 2 3 8 -5 7 -7 -4 -2 10 11 13 -13 -1
right_child=1 -3 5 4 -6 6 -8 -9 -10 -11 -12 12 -14 -15
leaf_value=0.050339648828761845 -0.083622339403299356 -0.071477249556948452 -0.010051318204424564 0.00088416122451849338 -0.0042443437074670609 -0.013602688117031386 0.030404755583646987 -0.047543656962928352 0.024612417288851676 -0.00092650568787543 0.061524962909169714 0.050700584934363573 0.051674681321379971 0.05085209448121765
leaf_weight=5.709465397638267 1.1703409454785276 2.7198791541159144 106.67686496069655 3151.7431678376161 749.71028089011088 52.681092837825418 28.859603692777455 15.648901238571851 79.816986817051657 3.1739071421325207 0.1522323042154311 0.4250359300058334 0.41803853493183851 0.40182952024042595
leaf_count=1160 19 24 1452 20495 6933 735 337 199 2131 20 1 44 16 38
internal_value=-5.03111e-06 -9.03672e-05 -4.39865e-05 0.000369433 -0.000101341 -0.00811994 0.00197282 -0.0148476 0.0230483 0.0347671 0.0507083 0.0504716 0.0511836 0.0503733
internal_weight=4199.31 4189.03 4186.31 3982.44 3901.45 203.866 81.5407 122.326 80.9873 10.2805 7.1066 6.95437 0.843074 6.11129
internal_count=33604 32325 32301 29578 27428 2723 1072 1651 2150 1279 1259 1258 60 1198
is_linear=0
shrinkage=0.05


Tree=198
num_leaves=30
num_cat=0
split_feature=3 0 1 4 11 10 7 0 0 6 8 9 9 8 9 2 9 9 2 6 0 10 4 2 11 11 2 4 3
split_gain=4.8116 7.12592 6.99334 7.26002 16.6348 9.77072 9.41521 9.47081 9.03732 7.94492 6.52549 6.09386 6.95028 9.08984 6.7967 6.07488 5.5676 4.36675 6.57631 4.0465 6.2498 5.46368 3.59974 4.73222 3.05018 2.53015 2.2734 2.25988 1.20323
threshold=0.95553359683794481 20.500000000000004 6.8090909090909095 4.1933517495395956 66.738557885484695 0.00060114352785063457 0.10021834061135372 54.500000000000007 17.500000000000004 0.063307838749540782 0.050252525252525264 0.058997563522450405 0.049844720496894417 0.1596441393458792 0.094913609904832316 1.0000000180025095e-35 0.083200212992545278 0.17249008239243213 6.2249770431588622 0.18274582560296851 10.500000000000002 0.035252692626346317 3.7576698663655193 3.5694444444444451 92.384384057971047 87.945252894909359 5.3738775510204091 3.5387112887112893 0.88029850746268667
decision_type=2 2 2 2 2 2 2 2 2 2 2 2 2 2 2 2 2 2 2 2 2 2 2 2 2 2 2 2 2
left_child=2 11 10 6 5 -5 7 -4 -8 -6 27 12 13 -2 16 -16 -13 22 -19 21 -21 -12 23 -3 -24 -20 -14 -1 -29
right_child=1 17 3 4 9 -7 8 -9 -10 -11 19 14 26 -15 15 -17 -18 18 25 20 -22 -23 24 -25 -26 -27 -28 28 -30
leaf_value=0.0052126665142136833 0.021435427149334673 -0.047192614472585527 0.0046857196892087401 0.00088660382854289881 0.0016148082093421765 0.021730470907686261 0.0088588169982928532 -0.0022947603981476926 -0.013384242185160806 -0.011916037968540294 0.010063018649580292 -0.009112511857274061 0.013447924909922769 -0.02383044632894557 -0.014007141315944214 0.0031897191725233903 -0.038346881157468454 0.089736479623927848 0.019598524982476613 -0.032693254642447094 0.033190693547413871 -0.045664163644784178 -0.023843984607460678 0.010741785036705177 -0.057803317574450341 -0.053544365610641881 0.036321628782846331 -0.023319699768165718 -0.064198928136428454
leaf_weight=3.4509168029762787 19.616860263049603 4.6716830208897617 1575.2852114411071 307.12708257976919 142.1626460806001 68.820786517113447 60.918005077168345 702.64924753352534 182.39016648102552 457.98973301844671 135.6702611396322 51.768183555454016 24.014865279197693 25.516678312793374 69.566414833068848 196.16692540980875 23.761610070243478 2.2476624697446814 2.5712456367909908 4.0105038657784453 35.127290686941706 4.5457376837730399 44.695423888042569 14.357455171644686 7.7602816484868518 2.188833924010396 19.834966342896223 3.5584978838451207 3.6426785215735435
leaf_count=28 94 27 10279 2679 1263 635 371 9017 1284 3588 952 278 116 153 534 1041 187 24 29 19 254 27 448 66 46 13 110 23 19
internal_value=-4.87682e-06 -0.00456317 0.000624025 0.000116486 -0.00354477 0.00470227 0.00153394 0.00253253 -0.00781516 -0.00871088 0.00996604 -0.00203563 0.00961764 -0.00415607 -0.00507418 -0.00131225 -0.0183096 -0.0184175 0.0192487 0.0122242 0.0264395 0.00825637 -0.02211 -0.0034812 -0.0288679 -0.0140349 0.0237946 -0.0280556 -0.0439982
internal_weight=4196.09 508.739 3687.35 3497.34 976.1 375.948 2521.24 2277.93 243.308 600.152 190.006 430.247 88.9834 45.1335 341.263 265.733 75.5298 78.4926 7.00774 179.354 39.1378 140.216 71.4848 19.0291 52.4557 4.76008 43.8498 10.6521 7.20118
internal_count=33604 3166 30438 29116 8165 3314 20951 19296 1655 4851 1322 2513 473 247 2040 1575 465 653 66 1252 273 979 587 93 494 42 226 70 42
is_linear=0
shrinkage=0.05


Tree=199
num_leaves=31
num_cat=0
split_feature=3 0 0 3 0 8 3 6 2 8 11 6 7 4 11 1 10 2 8 5 1 7 4 4 10 6 11 6 8 0
split_gain=4.79048 15.946 12.8303 10.8406 17.0661 9.57825 9.57256 7.96923 8.37121 7.89853 13.0611 13.5827 9.02389 7.89472 7.88841 12.1407 6.99909 6.74992 6.53378 6.40986 5.25282 4.93548 4.79003 5.00249 4.68946 4.63715 4.32109 3.79781 8.91071 3.54226
threshold=0.65863337204800632 91.500000000000014 51.500000000000007 0.81678403755868556 34.500000000000007 0.091097698981516415 0.74087396749267265 0.047690120824449185 8.5153061224489814 0.17463783184307205 65.566296526054629 0.076133349726871954 0.091074983410749849 4.4241353463968318 61.861970405931004 11.924501424501427 0.0036122830672871997 0.92444444444444451 0.1622329135418141 0.020887870855148347 8.3484848484848495 0.11167800453514741 4.0580552746882388 4.3009126973118432 0.0094395313091711047 0.084532932891466461 79.55976515151518 0.085573541455894409 0.16329931972789116 37.500000000000007
decision_type=2 2 2 2 2 2 2 2 2 2 2 2 2 2 2 2 2 2 2 2 2 2 2 2 2 2 2 2 2 2
left_child=1 17 3 5 19 21 7 -4 -9 12 11 -11 13 -3 15 -8 -7 27 -14 -5 -6 -2 25 -24 -16 -19 -12 29 -29 -1
right_child=2 9 6 4 20 16 14 8 -10 10 26 -13 18 -15 24 -17 -18 22 -20 -21 -22 -23 23 -25 -26 -27 -28 28 -30 -31
leaf_value=0.057715750757362808 -0.0049001961993408866 0.0084622692431908664 -0.02187249966502507 0.00059180429052686063 0.018552180389604819 0.0094189177812249968 0.13861444776556242 0.030932674760645193 -0.0022339192521409418 -0.017685893109292073 -0.012666041397282925 0.042989304806505223 -0.039996249857222096 -0.022831818117582267 -0.02139805837770448 0.0010027837620276755 -0.0044218322596609105 0.0076169597438708915 0.049645550719718899 -0.013527014818166634 -0.019807082539710665 -0.038054478028891135 0.05287992222490448 0.014330952819429525 0.024519419767439044 0.030521239714319984 -0.034966465483938815 -0.20488141442943972 0.0021208031358946099 -0.049193706353058003
leaf_weight=1.3961885776370757 82.395304905250669 273.65180705313105 48.967608016915619 1927.5758275808766 9.5230889748781902 632.02628391608596 1.7422119490802312 20.160024067386985 337.94455515313894 17.154066247865558 67.851043017581105 19.951418915996328 16.895711366320032 21.755828729597852 169.77936721313745 20.027497828472406 106.77072916179895 63.423874035361223 2.3107558162882915 83.886578619480133 142.02250582631677 12.99555216822773 20.682635453413241 14.189833791926501 5.7486781515181056 33.914973356411792 31.951653165509924 0.92332413932308588 1.1897945355158297 1.7408768022432921
leaf_count=25 547 4383 466 11416 54 4268 16 138 2721 213 771 214 212 236 1837 303 634 990 28 494 1413 77 255 191 81 1017 542 14 29 19
internal_value=-5.10414e-06 0.0041753 -0.000688748 0.00065135 -0.00121607 0.00549347 -0.00733458 -0.00295373 -0.000366757 -0.000364066 -0.0103889 0.0149388 0.00399837 0.00615756 -0.0163733 0.0120157 0.00741866 0.0190858 -0.0292113 2.98919e-06 -0.0173966 -0.00941696 0.0212937 0.0371941 -0.0198942 0.0155973 -0.0198055 -0.0365143 -0.0883285 -0.00161237
internal_weight=4190.55 588.984 3601.57 2997.2 2163.01 834.188 604.37 407.072 358.105 451.522 136.908 37.1055 314.614 295.408 197.298 21.7697 738.797 137.462 19.2065 2011.46 151.546 95.3909 132.211 34.8725 175.528 97.3388 99.8027 5.25018 2.11312 3.13707
internal_count=33604 9139 24465 18903 13377 5526 5562 3325 2859 6599 1740 427 4859 4619 2237 319 4902 2540 240 11910 1467 624 2453 446 1918 2007 1313 87 43 44
is_linear=0
shrinkage=0.05


Tree=200
num_leaves=21
num_cat=0
split_feature=1 1 2 5 5 5 3 11 6 4 6 6 11 9 8 1 6 2 2 7
split_gain=4.84093 5.90259 5.83966 7.45562 6.97805 6.46812 6.35545 4.05214 3.68836 4.98554 3.80122 3.37033 2.8997 2.58688 3.27855 5.66216 3.89791 2.62044 6.40734 2.59376
threshold=24.516666666666669 24.258333333333336 96.889444444444464 0.017291209886386289 0.015444245676803818 0.015686515748031499 0.46609241550478142 73.43198028673838 0.0606401089547157 4.2729020979020982 0.084775708211055886 0.10261284976113876 88.494009197324445 0.11544808326986546 0.088704939359603857 27.679487179487186 0.12523764258555134 151.94572284315876 169.02000000000001 0.0262774282645389
decision_type=2 2 2 2 2 2 2 2 2 2 2 2 2 2 2 2 2 2 2 2
left_child=1 2 4 7 6 -6 -1 -4 -3 10 -10 -5 13 14 15 -2 -16 19 -19 -15
right_child=12 8 3 11 5 -7 -8 -9 9 -11 -12 -13 -14 17 16 -17 -18 18 -20 -21
leaf_value=0.036742414430511149 0.093298747606232663 0.089079214457978284 -0.0029156159833897233 0.066492175783191207 -0.085801120952665913 -0.0079544689537331386 0.0009563452355956201 -0.01878181483241205 0.0091300486607723066 -0.035901207803451851 0.10203038231361194 0.0020350465431398434 -0.054428381989699876 -0.0042490053361195724 -0.00083783352879917856 -0.018832991503074614 -0.029712581972824656 0.11162896127511253 -0.010459419842144189 -0.034202405667724506
leaf_weight=12.448753408039918 2.2965788696892551 2.6911579323932511 76.7986970259808 4.5303868036717159 2.7105234321206799 171.38778435671702 3678.2523763892241 84.540341412415728 2.3796550510451198 2.5266334488987923 2.0493865720927715 3.6715839970856905 3.4507168452255419 10.542237394489346 73.895457424689084 2.2083850298076868 13.883858018787576 1.2209646776318539 8.968116292729972 22.984556198120117
leaf_count=1536 15 28 952 35 24 1227 26922 976 24 33 18 31 29 85 903 36 124 27 207 372
internal_value=-5.2538e-06 0.000310591 0.000217181 -0.00886529 0.000615611 -0.00916646 0.00107705 -0.0112294 0.0393749 0.0201443 0.0521165 0.0376382 -0.00916455 -0.00801607 -0.0032699 0.0383305 -0.00540489 -0.0180353 0.00417052 -0.0247838
internal_weight=4183.44 4043.99 4034.34 169.541 3864.8 174.098 3690.7 161.339 9.64683 6.95568 4.42904 8.20197 139.451 136 92.2843 4.50496 87.7793 43.7159 10.1891 33.5268
internal_count=33604 31806 31703 1994 29709 1251 28458 1928 103 75 42 66 1798 1769 1078 51 1027 691 234 457
is_linear=0
shrinkage=0.05


Tree=201
num_leaves=24
num_cat=0
split_feature=2 0 3 0 0 11 10 2 11 8 3 0 8 10 1 2 6 3 0 1 3 2 3
split_gain=4.68534 6.25066 5.72521 12.1208 9.93552 11.8188 16.5136 10.202 9.38565 12.6536 8.82434 18.4552 8.68643 8.1455 5.74704 7.00336 6.77852 4.75393 4.32674 2.6614 1.98682 1.66562 0.488309
threshold=214.72722222222225 51.500000000000007 0.65863337204800632 117.50000000000001 63.500000000000007 74.388418803418844 0.0023224308979047335 28.226813590449961 66.214572368421088 0.17146626460610634 0.78281378178835126 40.500000000000007 0.080160642570281146 0.00060114352785063457 17.674242424242429 71.110243055555571 0.055309344053338573 0.74298820445609448 343.50000000000006 22.341666666666672 0.47074385309679428 304.08875000000006 0.59463457540380638
decision_type=2 2 2 2 2 2 2 2 2 2 2 2 2 2 2 2 2 2 2 2 2 2 2
left_child=2 17 3 14 10 6 -6 -7 13 -10 12 -12 -4 -5 16 -16 -1 -2 19 22 -21 -19 -3
right_child=1 18 4 8 5 7 -8 -9 9 -11 11 -13 -14 -15 15 -17 -18 21 -20 20 -22 -23 -24
leaf_value=0.001563122137639142 0.076478461275371751 -0.031714126677999895 -0.017638026286402545 0.0056147683529593866 -0.0051995317635305967 -0.0036143593674957276 0.037338903690425952 -0.025530597915005501 0.0018074033241953467 -0.021628328205927101 0.00012125861616079468 -0.017104471855683527 0.0068876463012768688 0.046583885756255633 -0.011249558161653989 0.025513446086733796 0.024730674351889279 -0.033071409828155859 0.070199679879231508 0.045843272528229936 -0.023029661335839544 0.027688672346873611 -0.057845864850090169
leaf_weight=42.653826651163399 2.8046986465342334 2.3961277236230654 38.318185422569513 45.774629527935758 137.18282085377723 94.5893619582057 27.366197964176536 121.05976141709834 198.62043033808004 81.119922406738624 2364.5935579100624 166.43496109964326 624.40789734851569 16.507602008525282 40.315618811873719 19.088216793257743 121.53399739658926 2.550819649361074 1.143868633545934 1.0967268231324876 23.155869799666107 2.022024393081665 7.0406065126881003
leaf_count=509 19 44 275 515 1450 662 253 1279 3327 1133 14087 1752 4382 131 359 147 2621 24 13 37 470 22 93
internal_value=-5.46316e-06 -0.0165794 0.00016354 0.00483769 -0.000576192 -0.00821695 0.00187505 -0.0159176 -0.00108033 -0.00498856 0.000333397 -0.00101147 0.0054696 0.0164734 0.0138903 0.000563487 0.0187121 0.0252289 -0.0254342 -0.0286813 -0.0199152 -0.00620446 -0.0512106
internal_weight=4181.78 42.2107 4139.57 565.614 3573.95 380.198 164.549 215.649 342.023 279.74 3193.75 2531.03 662.726 62.2822 223.592 59.4038 164.188 7.37754 34.8332 33.6893 24.2526 4.57284 9.43673
internal_count=33604 722 32882 8742 24140 3644 1703 1941 5106 4460 20496 15839 4657 646 3636 506 3130 65 657 644 507 46 137
is_linear=0
shrinkage=0.05


Tree=202
num_leaves=25
num_cat=0
split_feature=0 3 0 0 1 11 2 0 9 1 8 3 6 8 8 7 2 8 11 8 4 2 6 7
split_gain=4.68438 9.2201 8.21332 5.82027 5.50366 7.87419 4.87593 6.73936 4.73044 5.25966 4.43519 4.38561 3.89938 3.81857 5.71944 6.99505 3.16737 2.8577 2.53995 1.72072 0.777942 2.09351 0.750612 0.336545
threshold=287.50000000000006 0.53440555841482251 355.50000000000006 195.50000000000003 20.408333333333335 70.694980439642364 214.72722222222225 51.500000000000007 0.23132664437012265 5.0769230769230775 0.04819976771196284 0.73931311655096832 0.087929985324122148 0.17076530269434928 0.14119892231701844 0.081672357659016925 0.22829861111111113 0.16072604931300585 55.180329131652677 0.19515455849745666 4.4698344280240843 72.280200000000022 0.045523625310859357 0.041164366981360452
decision_type=2 2 2 2 2 2 2 2 2 2 2 2 2 2 2 2 2 2 2 2 2 2 2 2
left_child=1 3 13 16 5 -5 8 11 9 -3 -10 -8 -6 14 22 -16 -1 -4 -9 -18 23 -22 -2 -15
right_child=2 6 17 4 12 -7 7 18 10 -11 -12 -13 -14 20 15 -17 19 -19 -20 -21 21 -23 -24 -25
leaf_value=-0.062178644989901326 -0.013825046900047828 0.01602255131742928 0.0659285351286205 0.10603824095732582 -0.054422564791314923 0.0073448974976776374 0.078691664840677189 -0.0067614451861287301 -0.057758953019605479 3.0415574578053592e-05 -0.0099035782097818565 -0.0033832269915191233 0.036276823538171958 -0.037375969982662689 -0.0071171267129738567 0.10606604431282501 0.043627813491220017 0.0044600317966011901 -0.039675268179284552 0.0072570637354865521 0.029971171863940872 -0.052924474284201023 -0.058269826027157128 -0.056602247209647155
leaf_weight=0.80054750246927397 1.1362659968435789 52.096621326170862 3.3608145490288726 2.2024328708648708 5.4065153892152003 24.53567878017202 2.4480170886963597 8.3675091899931449 5.3803487364202729 3926.1204078926239 48.353827745653689 4.8566033700481057 1.5176717992871998 3.1297190049663177 15.202864272985609 1.499778389930724 24.001441186759624 4.3229784648865461 19.571388026233763 3.7616233322769395 1.1703517735004418 2.1809885520488024 5.7944320177193731 8.3451967267319542
leaf_count=32 15 307 18 31 88 1007 15 157 38 28711 304 48 26 57 219 17 1580 28 352 255 15 50 95 139
internal_value=-5.8557e-06 0.000171175 -0.0158485 0.0192721 0.00518604 0.0154743 -0.000121059 -0.018638 4.07983e-05 0.00023984 -0.0146953 0.0241228 -0.0345427 -0.0252774 -0.0127986 0.00304592 0.0358726 0.0313457 -0.0298178 0.0386999 -0.0451688 -0.0239757 -0.0509832 -0.0513584
internal_weight=4175.56 4129.42 46.1434 62.2259 33.6623 26.7381 4067.19 35.2435 4031.95 3978.22 53.7342 7.30462 6.92419 38.4596 23.6333 16.7026 28.5636 7.68379 27.9389 27.7631 14.8263 3.35134 6.9307 11.4749
internal_count=33604 32951 653 3019 1152 1038 29932 572 29360 29018 342 63 114 607 346 236 1867 46 509 1835 261 65 110 196
is_linear=0
shrinkage=0.05


Tree=203
num_leaves=30
num_cat=0
split_feature=8 10 11 6 10 9 0 3 3 6 5 0 1 9 11 7 9 7 7 3 0 10 2 11 6 3 6 10 8
split_gain=4.70032 6.59823 6.9227 6.85811 7.22674 5.85542 6.14585 16.4027 14.0431 5.65019 5.15636 5.10786 9.93264 7.00471 10.5896 5.94142 5.6294 5.21165 5.06339 4.34257 6.11091 5.06195 3.74988 3.52696 4.05305 3.42695 3.30218 3.05294 1.01927
threshold=0.23821860350357763 0.013015245623941277 107.08483436853005 0.17677696078431376 0.013559477845192134 0.17655864741106028 57.500000000000007 0.71389961389961398 0.72427368992669028 0.075037537537537544 0.0053619688344546034 24.500000000000004 14.755000000000001 0.065615168074184479 61.326500000000038 0.068715406206552837 0.040202020202020211 0.0262774282645389 0.022792207792207798 0.94804318488529027 10.500000000000002 0.015189970773727121 5.1047394164277291 54.098764044943856 0.18528922180607577 0.92637759710930456 0.11366572703782007 0.030457637600494747 0.13893084927828134
decision_type=2 2 2 2 2 2 2 2 2 2 2 2 2 2 2 2 2 2 2 2 2 2 2 2 2 2 2 2 2
left_child=1 5 3 4 -3 6 8 -8 -1 10 -7 15 16 18 -15 19 17 -13 -14 20 -2 -21 -11 -17 -25 28 -18 -5 -4
right_child=11 2 25 27 -6 9 7 -9 -10 22 -12 12 13 14 -16 23 26 -19 -20 21 -22 -23 -24 24 -26 -27 -28 -29 -30
leaf_value=0.016491739601111811 -0.058352272568544097 -0.058767456300014488 0.032485828790946074 0.0052158597023491873 -0.01310945769976604 -5.8818176004604708e-05 0.0014823504811729098 -0.014383486356111662 0.0017908114546055787 -0.026953103690461607 -0.055954925365793412 -0.046016883736055357 -0.0012376560410517204 0.059198334701606695 -0.002903129878632765 0.027811514700151758 -0.028144045174303235 0.050671160335644998 -0.064471877021944346 -0.012934310919575507 0.0093699183912437575 0.040347813894978275 -0.0063402954460916724 -0.018472075289667093 -0.070485199922043162 -0.00095059473394036836 -0.059747038941054847 0.053870963730360745 0.071032031360059408
leaf_weight=175.18344552488998 3.4257548563182345 9.3194059613160771 3.9140181862749142 13.932502286508681 123.72397518157959 193.18653442640789 781.7184590739198 205.78786844434217 2234.5915475450456 43.382974895648658 4.2159528476186088 2.1653794944286338 6.8718703393824381 9.1662028981372696 27.3386125206016 3.4141134843230239 39.5172487385571 3.9108147071674466 5.8699320387095213 56.728298582136631 120.52450144127943 4.8376677222549906 44.898860745597631 26.910412175580863 4.3509485125541678 6.5753572061657906 10.452046355931087 4.1947359554469577 3.0525598078966141
leaf_count=2204 20 63 27 85 862 1303 10009 2267 13730 304 34 35 65 119 236 32 322 29 50 357 706 33 311 206 30 34 88 25 18
internal_value=-5.90643e-06 0.000482146 -0.00930869 -0.0123767 -0.0163077 0.00092002 0.00149815 -0.00182395 0.00285953 -0.00595498 -0.0012526 -0.00577538 -0.0148333 0.00154946 0.0126903 -0.00144404 -0.0292286 0.0162143 -0.0303686 0.00210683 0.0074982 -0.00874756 -0.0164697 -0.0204414 -0.0257112 0.0249395 -0.0347544 0.0164749 0.0493757
internal_weight=4173.16 3847.68 164.713 151.171 133.043 3682.97 3397.28 987.506 2409.77 285.684 197.402 325.484 105.292 49.2466 36.5048 220.192 56.0455 6.07619 12.7418 185.516 123.95 61.566 88.2818 34.6755 31.2614 13.5419 49.9693 18.1272 6.96658
internal_count=33604 31276 1114 1035 925 30162 28210 12276 15934 1952 1337 2328 944 470 355 1384 474 64 115 1116 726 390 615 268 236 79 410 110 45
is_linear=0
shrinkage=0.05


Tree=204
num_leaves=14
num_cat=0
split_feature=8 7 0 10 3 1 1 1 11 10 0 0 4
split_gain=4.6252 4.61454 4.84682 13.7712 12.0034 10.2166 37.1416 30.7085 3.35764 2.27249 3.16807 2.91742 0.661028
threshold=0.41421568627450983 0.17445652173913045 19.500000000000004 0.018576029445594666 0.91723744292237452 10.327956989247314 9.2596153846153868 14.489130434782611 103.6549528811525 0.010537419498112372 10.500000000000002 20.500000000000004 4.4989711934156391
decision_type=2 2 2 2 2 2 2 2 2 2 2 2 2
left_child=1 2 5 4 -4 6 -1 -7 -5 10 12 -12 -3
right_child=-2 9 3 8 -6 7 -8 -9 -10 -11 11 -13 -14
leaf_value=-0.0011015135319089586 -0.064775677009607832 -0.070126130988139454 0.0004583621340122287 -0.037963105196351848 -0.011509579026785439 -0.018697469076247832 0.023116836227429355 0.0088095393519914342 0.014939407354617407 -0.046143520232556447 -0.00046323676763954926 -0.029117701306172673 -0.028824935067645049
leaf_weight=502.03364741592668 2.7544872593134633 2.4126082984730592 2702.5001073105959 30.179166668560356 227.117955067195 181.343291987665 231.22542819846421 230.34502141596749 3.3302839538082472 5.0288957841694346 36.652386715635657 11.724358862731604 1.618869801983237
leaf_count=2888 29 31 24199 263 1665 1183 1758 1197 17 33 224 97 20
internal_value=-6.03725e-06 3.67923e-05 0.000233571 -0.000834001 -0.00046945 0.00299645 0.00653548 -0.00330694 -0.0327055 -0.0140374 -0.0109566 -0.0074078 -0.0535413
internal_weight=4168.27 4165.51 4108.07 2963.13 2929.62 1144.95 733.259 411.688 33.5095 57.4371 52.4082 48.3767 4.03148
internal_count=33604 33575 33170 26144 25864 7026 4646 2380 280 405 372 321 51
is_linear=0
shrinkage=0.05


Tree=205
num_leaves=30
num_cat=0
split_feature=4 11 0 11 1 4 2 0 8 8 2 11 0 5 7 2 4 6 10 6 0 8 6 3 6 9 4 4 4
split_gain=4.54592 11.4845 14.2786 8.65114 11.3175 12.4125 9.25958 14.4924 8.49905 9.55025 7.91635 7.68428 7.62944 7.11553 6.79764 6.45792 7.64539 9.07245 6.73766 6.09405 6.08818 5.75467 5.63093 5.029 3.95109 4.28461 3.20766 2.22849 0.974764
threshold=4.4618037135278525 66.738557885484695 31.500000000000004 78.776190150478826 13.405882352941179 3.8336550836550845 1.0000000180025095e-35 16.500000000000004 0.13517763046064937 0.13798392214935482 32.353103741496604 89.867788971534409 42.500000000000007 1.0000000180025095e-35 0.10174566121993303 169.02000000000001 4.7226495726495736 0.10708313425704731 0.00069710709061663256 0.072183557259295109 41.500000000000007 0.058997563522450405 0.12845629459734967 0.71215816703621593 0.025062814070351765 0.10207389276618266 4.614133648728564 5.0023255813953496 4.5457769181173449
decision_type=2 2 2 2 2 2 2 2 2 2 2 2 2 2 2 2 2 2 2 2 2 2 2 2 2 2 2 2 2
left_child=3 15 21 8 6 10 7 -5 12 19 -6 -7 20 -8 -11 16 18 -18 -2 -10 -1 26 -23 -14 -4 -26 -3 28 -17
right_child=1 2 24 4 5 11 13 -9 9 14 -12 -13 23 -15 -16 27 17 -19 -20 -21 -22 22 -24 -25 25 -27 -28 -29 -30
leaf_value=0.0022765068841925588 0.0072618778736184639 0.062032392658503493 0.040475029706841921 -0.034021926685292914 0.004278466303845793 -0.010232481337077983 0.0030600690372310918 0.023580417776568441 0.076262665556312018 0.0076048756287458831 -0.0083159298049807293 -0.03335927813528821 -0.0053962050427664478 -0.010209169508739601 -0.011708046811906278 -0.018830154662686227 -0.016355680827076821 0.0063332934865026952 0.03580700351317697 0.019612307772439143 0.069465909090501793 -0.00029748535333276073 -0.016394504519872288 -0.028600437354087616 -0.022189461702795149 -0.050411501665473674 -0.00050043429685388806 0.031455115022277415 -0.053758800655700205
leaf_weight=138.20829675078858 114.61304190289229 4.729774706065653 1.72159610595554 40.680876000784338 314.31082396605052 293.77273781155236 1533.1926779956557 14.925811963155864 7.6796242864802506 684.79038762499113 206.903137214249 40.921219166717492 61.848767824005336 108.15831818513107 48.809437874704599 2.8273153174668533 75.718330471310765 105.37433916539885 25.22111775400117 12.432536951266227 3.4558221148326984 123.70819234196097 96.871554901823401 37.512091873213649 26.570543312933296 27.231675297487527 3.6205572113394737 1.1052089272998262 6.8052194961346686
leaf_count=898 901 27 20 353 2413 2500 11761 101 78 5838 1916 270 615 1106 390 57 678 718 204 95 24 802 576 429 265 363 22 32 152
internal_value=-5.70277e-06 -0.00397009 -0.0113413 0.000682799 -0.000858473 -0.0055461 0.00150586 -0.0185604 0.00463828 0.00725182 -0.000721055 -0.0130601 -0.00353456 0.00218568 0.00631991 0.00235185 0.00362806 -0.0031534 0.0124104 0.0412437 0.00391556 -0.00582438 -0.00736678 -0.0141566 -0.034088 -0.0364739 0.0349193 -0.035791 -0.0435066
internal_weight=4163.72 616.118 284.454 3547.6 2552.87 855.908 1696.96 55.6067 994.737 753.712 521.214 334.694 241.025 1641.35 733.6 331.665 320.927 181.093 139.834 20.1122 141.664 228.93 220.58 99.3609 55.5238 53.8022 8.35033 10.7377 9.63253
internal_count=33604 4817 2075 28787 20420 7099 13321 454 8367 6401 4329 2770 1966 12867 6228 2742 2501 1396 1105 173 922 1427 1378 1044 648 628 49 241 209
is_linear=0
shrinkage=0.05


Tree=206
num_leaves=30
num_cat=0
split_feature=6 8 0 11 3 11 4 6 8 2 3 1 0 6 9 11 6 1 3 3 3 2 11 8 2 7 6 2 11
split_gain=4.50665 6.54093 8.95161 12.9503 11.1961 7.48391 7.98391 7.68225 6.94512 6.41071 7.43864 6.07572 5.25394 5.77062 5.50191 5.50042 4.66805 4.37513 4.37162 4.15705 4.62823 4.71712 4.12721 4.28074 3.80833 4.29766 3.56853 2.84456 2.6214
threshold=0.046308911090927447 0.18524434978109103 64.500000000000014 65.566296526054629 0.78281378178835126 95.959355633802843 3.6137488748874893 0.052666250606754041 0.04819976771196284 151.94572284315876 0.71478174603174616 11.924501424501427 31.500000000000004 0.016064516129032261 0.11048117692406528 99.402674242424254 0.20185185185185187 14.806250000000002 0.76214049976426224 0.80712322976115003 0.79193722943722955 41.616608996539803 44.010675675675706 0.17076530269434928 50.243966942148766 0.063537939260482623 0.055309344053338573 109.9118463953629 79.410861910337943
decision_type=2 2 2 2 2 2 2 2 2 2 2 2 2 2 2 2 2 2 2 2 2 2 2 2 2 2 2 2 2
left_child=12 8 5 4 -4 7 -7 -3 16 10 -10 -5 19 24 18 -16 26 -11 -15 20 21 -1 -21 -24 25 -14 -2 -26 -22
right_child=1 2 3 11 -6 6 -8 -9 9 17 -12 -13 13 14 15 -17 -18 -19 -20 22 28 -23 23 -25 27 -27 -28 -29 -30
leaf_value=-0.00054345806522087246 0.021447220057137339 0.019706680653310892 0.001136800998694134 -0.057794211302463976 0.10261484879508975 0.0024635337517829067 -0.025551133690290745 -0.00018164980119479883 0.0075477294010196415 0.063941841676447578 0.0011969908851386893 -0.018887570129037204 -0.06719974675791919 -0.01231754795389985 -0.00090664880787829716 -0.046932170898672187 0.029018146928214618 -0.017621039615275419 -0.044655866370211433 0.057064473041266599 0.0011302223492519296 0.048015819107734323 -0.0081914469132997412 0.0034128298429270047 0.03456619523655638 -0.013021083143464061 -0.023497869075270197 -0.036901154771995424 0.050172651936261095
leaf_weight=50.086253489833325 4.8581659365445367 52.221307068830356 57.589568534865975 11.080744494916869 2.8527132021263233 45.603506108280271 57.497549569234252 691.54367966845166 623.34497987187933 1.7000362947583187 1771.3917070161551 106.26088020345196 9.9403893086127955 35.831978241214529 154.15119608025998 6.7767758085392407 5.4869683398865154 50.030069201951846 14.753865768201647 2.8581753373146048 3.7521290332078925 5.5559536982327691 187.84829089790583 137.75322427228093 2.9474652321077874 5.7936594062484792 48.563042658613995 2.6388623320963234 9.9513503387570363
leaf_count=383 31 331 615 223 49 385 358 4665 8333 11 11513 1231 107 341 1526 55 34 796 129 20 18 38 1118 821 31 50 307 30 55
internal_value=-6.56205e-06 0.00068897 -0.00267653 -0.0128764 0.00592629 -0.000535258 -0.0131597 0.00121475 0.00206539 0.00247389 0.00285007 -0.0225616 -0.00389983 -0.00986515 -0.00736604 -0.00284481 -0.0148997 -0.0149406 -0.0217493 -0.000408342 0.0107156 0.00430525 -0.00275687 -0.00328199 -0.0346582 -0.0472498 -0.0194105 0.000806539 0.0367444
internal_weight=4160.66 3530.02 1024.65 177.784 60.4423 846.866 103.101 743.765 2505.37 2446.47 2394.74 117.342 630.64 232.834 211.514 160.928 58.9082 51.7301 50.5858 397.805 69.3457 55.6422 328.46 325.602 21.3204 15.734 53.4212 5.58633 13.7035
internal_count=33604 28882 7857 2118 664 5739 743 4996 21025 20653 19846 1454 4722 2269 2051 1581 372 807 470 2453 494 421 1959 1939 218 157 338 61 73
is_linear=0
shrinkage=0.05


Tree=207
num_leaves=20
num_cat=0
split_feature=3 0 0 3 0 0 11 3 1 6 6 8 11 9 0 11 0 0 1
split_gain=4.49252 4.9344 8.42354 6.76711 8.89748 8.20771 15.8028 11.7932 6.01314 5.92657 5.35436 5.16384 2.78058 3.96439 2.5355 0.671925 0.0587376 0.00347802 0.000187998
threshold=0.41534258091635151 287.50000000000006 340.50000000000006 0.59881980225595333 132.50000000000003 82.500000000000014 64.437973148713567 0.70415349238286873 16.017857142857146 0.087929985324122148 0.06056618819776715 0.16329931972789116 74.806343373494002 0.13412856431771317 324.50000000000006 82.638419831223658 308.50000000000006 300.50000000000006 25.258333333333336
decision_type=2 2 2 2 2 2 2 2 2 2 2 2 2 2 2 2 2 2 2
left_child=14 3 12 4 10 7 -7 -5 -4 -6 -2 -10 13 -3 16 -14 17 18 -1
right_child=1 2 8 5 9 6 -8 -9 11 -11 -12 -13 15 -15 -16 -17 -18 -19 -20
leaf_value=0.050396335282085807 0.0049729086741863021 -0.027926012808714436 -0.045564222083380651 0.01026752201676789 -0.0037481843743163326 0.012333102963006813 -0.011947153240352603 -0.00046186492889483018 0.071659033564260843 0.019353481791847534 0.031850138701713313 -0.00093292895047343354 -0.041027182151636074 0.038622832906058578 -0.06680781319590319 -0.0660992610429086 0.069495264235700183 0.056348550060466698 0.051232390931349917
leaf_weight=4.0736976597690946 29.370361213805154 17.200229804031558 2.9058699384331694 278.57034603506327 123.30743145057932 84.006004573777318 331.31918619759381 3175.9909313074313 5.0334074497222883 35.829280825681053 50.20516914059408 4.7728276196867228 7.3451123097911459 2.5725831212475887 0.48486357927322377 4.2004649413283914 0.45963843166828144 0.27152525261044491 0.80531518696807314
leaf_count=820 438 292 18 2862 1798 870 3209 20606 41 712 1608 52 138 30 3 46 3 3 55
internal_value=-6.5664e-06 -6.9526e-05 -0.0167188 0.000108899 0.00827917 -0.000395081 -0.00703609 0.000403336 0.0176078 0.0014531 0.0219301 0.0363275 -0.030652 -0.0192675 0.0428886 -0.0501488 0.0523692 0.0508408 0.0505343
internal_weight=4158.72 4152.63 44.0305 4108.6 238.712 3869.89 415.325 3454.56 12.7121 159.137 79.5755 9.80624 31.3184 19.7728 6.09504 11.5456 5.61018 5.15054 4.87901
internal_count=33604 32720 617 32103 4556 27547 4079 23468 111 2510 2046 93 506 322 884 184 881 878 875
is_linear=0
shrinkage=0.05


Tree=208
num_leaves=24
num_cat=0
split_feature=1 1 8 6 2 8 5 0 6 4 6 7 11 9 9 8 4 1 8 1 7 4 7
split_gain=4.44095 5.26935 4.85725 6.11087 10.1178 7.96643 4.20911 4.2973 3.17531 4.44053 3.20621 3.0687 2.67849 4.02736 3.65168 11.623 3.46086 2.62792 2.94466 5.79905 2.54015 0.819896 0.132598
threshold=24.516666666666669 24.258333333333336 0.22589757608893751 0.14322344322344324 6.6894290123456797 0.088704939359603857 0.027212143650499818 35.500000000000007 0.0606401089547157 4.2729020979020982 0.084775708211055886 0.020449983271997325 44.010675675675706 0.12126782531194298 0.069804355850867486 0.21886405109489054 4.4764129951045843 43.20000000000001 0.087082912032355922 26.881944444444446 0.13367697594501721 4.0639661756683045 0.041715003866976026
decision_type=2 2 2 2 2 2 2 2 2 2 2 2 2 2 2 2 2 2 2 2 2 2 2
left_child=1 2 3 5 -5 -1 7 -4 -3 10 -10 -8 13 14 16 -16 -2 18 19 -14 -20 22 -19
right_child=12 8 6 4 -6 -7 11 -9 9 -11 -12 -13 17 -15 15 -17 -18 21 20 -21 -22 -23 -24
leaf_value=-0.0078511849885093462 0.032501214103619905 0.082620881463817131 -0.0018046236574159398 -0.0014168242591112313 0.012531086340740164 0.00079544967369303164 -0.0073477358220873428 -0.015304336670909092 0.0084930100898274186 -0.035067886134145874 0.093293847863475471 -0.064515972045942505 0.083228730938075562 -0.060497068396046842 -0.0032915801606250407 0.14547738312685493 -0.039298965280793817 -0.078564737009584218 -0.010937062711712965 -0.010183912491390808 -0.070746051342434418 -0.016476596576975339 -0.056479503599075456
leaf_weight=294.87442544288933 3.3779193824157101 2.7495858813635987 353.93023126572371 250.5953815584071 270.22364226123318 2757.1628037561895 4.4031330142170173 70.731265398440883 2.3488788129761815 2.4455686649307609 2.1212476082146168 5.0278101079165936 2.4686760175973168 1.6919617881067086 3.5725418603979051 2.0757486429065466 3.335600983351469 1.2363712100777773 110.43727299012244 5.0810227519832551 1.8042855584062625 1.1724503063596783 1.5092809926718471
leaf_count=1979 46 28 2221 1597 1970 23113 27 763 24 33 18 33 18 34 67 22 48 13 1421 53 18 30 28
internal_value=-6.35001e-06 0.000296405 0.000207461 0.000814255 0.00581996 -3.99502e-05 -0.00478684 -0.00405312 0.0371702 0.0190997 0.0487343 -0.0378252 -0.00883346 0.0118514 0.0217538 0.0513811 -0.00317258 -0.0111833 -0.00986537 0.0203611 -0.0118985 -0.0514781 -0.0664245
internal_weight=4154.38 4016.61 4006.95 3572.86 520.819 3052.04 434.092 424.661 9.66528 6.9157 4.47013 9.43094 137.763 14.0538 12.3618 5.64829 6.71352 123.709 119.791 7.5497 112.242 3.9181 2.74565
internal_count=33604 31806 31703 28659 3567 25092 3044 2984 103 75 42 60 1798 217 183 89 94 1581 1510 71 1439 71 41
is_linear=0
shrinkage=0.05


Tree=209
num_leaves=22
num_cat=0
split_feature=1 4 11 4 1 2 0 3 9 0 3 1 0 0 8 11 11 10 4 8 2
split_gain=4.4043 6.16357 5.32159 13.9354 10.7266 9.42984 6.068 15.9147 7.46696 4.85446 2.65589 3.21395 2.98944 1.98456 2.04688 3.70212 6.50234 2.67627 2.33969 1.91085 0.121304
threshold=5.0769230769230775 5.1012195121951232 74.806343373494002 4.1407350352112688 15.67543859649123 78.065759637188236 25.500000000000004 0.84877072612921689 0.1248529411764706 9.5000000000000018 0.93405797101449284 13.93933823529412 16.500000000000004 9.5000000000000018 0.11530547641658755 95.164500000000032 76.340498106060636 0.012673285216675536 4.3734753830135364 0.17206046641530517 0.87301587301587313
decision_type=2 2 2 2 2 2 2 2 2 2 2 2 2 2 2 2 2 2 2 2 2
left_child=13 2 6 4 -4 -5 8 -8 -2 -3 12 -12 -11 20 15 16 -15 18 -16 -19 -1
right_child=1 9 3 5 -6 -7 7 -9 -10 10 11 -13 -14 14 17 -17 -18 19 -20 -21 -22
leaf_value=-0.0030842508997500013 0.013310263717276541 0.033148782412297455 0.0024249524723329724 -0.0071739533022998547 -0.005464002746136537 -0.051336758795029094 0.0028376082733168255 -0.023370737559221508 -0.002176835341743919 0.0094887222278420679 -0.035162511786095106 0.012173333059995439 -0.021777249879780719 -0.031035414518544427 0.053939672356577317 -0.040845641523020039 0.05767727783793291 -0.026674576499121617 0.021866570056588017 0.024106389437850151 -0.015701140668014202
leaf_weight=3.8046674942597738 245.40585450548679 4.8352405168116084 1881.0993642321555 543.12080202181824 558.91218412329908 12.362475940026341 612.41767756838817 63.974936291109771 113.97656027972698 13.290175899863245 27.640650257468227 4.1204657405614844 17.999066412448883 3.6652029585093242 8.2783250208012777 3.7401703209616235 4.732751653296873 3.8245224282145491 18.158875694964081 3.592816649004817 3.81559719145298
leaf_count=20 1372 37 15392 3852 4542 229 5777 844 733 69 205 42 183 22 60 28 30 20 105 22 20
internal_value=-6.41954e-06 -0.00019264 5.89577e-05 -0.00100928 0.000617898 -0.00815681 0.00314834 0.000358756 0.0083986 -0.0151333 -0.018836 -0.0290215 -0.00849696 0.0142317 0.0181474 0.000531506 0.0189595 0.0244633 0.0319097 -0.00207725 -0.00940174
internal_weight=4152.77 4099.16 4031.27 2995.49 2440.01 555.483 1035.78 676.393 359.382 67.8856 63.0504 31.7611 31.2892 53.6129 45.9927 12.1381 8.39795 33.8545 26.4372 7.41734 7.62026
internal_count=33604 33277 32741 24015 19934 4081 8726 6621 2105 536 499 247 252 327 287 80 52 207 165 42 40
is_linear=0
shrinkage=0.05


Tree=210
num_leaves=14
num_cat=0
split_feature=3 8 0 3 6 2 11 0 0 0 1 0 1
split_gain=4.27785 4.85003 4.59397 14.0205 8.51316 7.11206 7.57605 6.62755 2.40752 0.0513337 0.0338458 0.00296637 0.000168468
threshold=0.41534258091635151 0.41421568627450983 150.50000000000003 0.62521477663230252 0.06056618819776715 254.07636485966938 79.936833333333368 48.500000000000007 324.50000000000006 308.50000000000006 22.207142857142859 300.50000000000006 25.258333333333336
decision_type=2 2 2 2 2 2 2 2 2 2 2 2 2
left_child=8 2 3 4 -2 6 -4 -5 9 11 -7 12 -1
right_child=1 -3 5 7 -6 10 -8 -9 -10 -11 -12 -13 -14
leaf_value=0.050379717978620578 -0.0016574458114795656 -0.068912250999072111 0.00034127960949302929 0.00083741932050362684 0.021312036578708268 -0.044704921424098681 -0.018776729574792914 -0.0043594821714760673 -0.065711912424908897 0.068531663847710908 -0.053439100383425114 0.056004308526846382 0.051185873056647971
leaf_weight=3.8834315947024143 59.653308358741924 2.5566156879067412 189.08716853777878 2910.5334281683899 124.59232807776425 1.3204232444986681 71.382718919892795 777.33231011172757 0.47024289518594731 0.44531068950891484 6.9330343017354608 0.25975448265671719 0.77788122510537494
leaf_count=820 728 24 2151 18546 2606 37 1431 6980 3 3 217 3 55
internal_value=-6.47517e-06 -6.67314e-05 -2.42251e-05 0.000414506 0.0138752 -0.00634603 -0.00489808 -0.000257989 0.0427692 0.0522751 -0.0520418 0.050804 0.0505142
internal_weight=4149.23 4143.39 4140.83 3872.11 184.246 268.723 260.47 3687.87 5.83662 5.36638 8.25346 4.92107 4.66131
internal_count=33604 32720 32696 28860 3334 3836 3582 25526 884 881 254 878 875
is_linear=0
shrinkage=0.05


Tree=211
num_leaves=31
num_cat=0
split_feature=3 0 11 0 3 8 0 11 11 1 1 8 9 4 11 11 9 1 1 7 1 6 11 8 1 0 8 9 2 3
split_gain=4.28228 16.0427 11.1271 9.42265 13.3569 11.6266 11.1508 9.83413 8.96965 9.99802 18.5015 7.76937 7.75079 7.73532 7.01076 6.84413 6.78596 6.54446 6.52626 6.45715 5.59881 5.22827 6.11046 4.58132 7.94318 4.53883 10.6206 4.27448 2.19147 2.13799
threshold=0.85391260162601634 25.500000000000004 68.78043935689972 43.500000000000007 0.72427368992669028 0.091097698981516415 69.500000000000014 73.798436752749907 90.95864774933581 10.327956989247314 9.4316770186335415 0.16984155781325597 0.10093948482709952 3.2449819349658777 100.62982142857146 71.972468289000474 0.15530965446541642 19.023809523809529 17.976190476190478 0.1178513071895425 8.6770833333333339 0.18274582560296851 107.08483436853005 0.22194854953475646 14.977272727272728 50.500000000000007 0.15749473623489374 0.093788580246913597 75.849628945658509 0.78979857050032498
decision_type=2 2 2 2 2 2 2 2 2 2 2 2 2 2 2 2 2 2 2 2 2 2 2 2 2 2 2 2 2 2
left_child=3 8 25 5 6 21 12 -8 13 10 -10 15 -5 -2 -13 -4 17 -6 -11 -15 -18 22 -1 27 -25 28 -27 -7 -3 -23
right_child=1 2 11 4 16 23 7 -9 9 18 -12 14 -14 19 -16 -17 20 -19 -20 -21 -22 29 -24 24 -26 26 -28 -29 -30 -31
leaf_value=-0.013668544161720178 0.065439634891549053 -0.047093902914264213 0.044849181100637618 0.023143153832452745 -0.0042990071238721578 0.01316120156233967 0.0058789743379736824 -0.0059350988859031535 -0.0076993572787036032 -0.019497973803029714 0.019582307688655029 -0.023472858830152023 0.003857562823618284 0.0043033635846431188 0.039363815784869756 -0.0046776526223330697 0.087027527614082417 -0.022556157754865233 0.0094613837240206198 -0.0080101726464253467 -0.03508177883588378 -0.00087037564393782131 0.038134982686340899 -0.0089546009186310255 0.015465415781012718 0.22136363551279886 -0.051634237084584179 0.0055188745861534452 0.0011100183422609925 0.054457569705860402
leaf_weight=121.14213333523367 4.9437578096985808 30.021712529473007 7.2901705373078576 89.075490757240914 316.83611754979938 294.3782488827128 297.99372628459241 430.79588080663234 222.99437866546214 138.96244282275438 86.154963165521622 90.631650566589087 125.49866506329272 835.99358065053821 4.6675417423248282 161.62121923360974 0.96858201920986431 58.08328583650291 22.621850334107876 122.00488783512264 30.452688209246844 2.908621907234191 5.9730689264833918 103.15013855998404 49.175024060765281 0.54779509827494521 1.0189431351609526 483.4445760671515 2.5587797267362467 4.3683935441076756
leaf_count=770 28 391 88 1134 2502 2216 3026 6555 1233 808 684 748 1121 4749 22 1141 6 785 122 772 396 28 56 701 302 18 46 3071 55 30
internal_value=-6.14028e-06 -0.00190324 -0.0124517 0.00135488 -0.00141925 0.00487214 0.00184519 -0.00110446 0.000291955 -0.0053645 -9.63948e-05 -0.00898034 0.0118635 0.00305711 -0.0203953 -0.00254009 -0.00899801 -0.00712744 -0.0154437 0.00273519 -0.0313177 -0.00887472 -0.0112343 0.00685836 -0.0010711 -0.0393106 0.0438169 0.00841122 -0.0433081 0.032343
internal_weight=4146.28 1732.03 298.358 2414.24 1349.7 1064.54 943.364 728.79 1433.68 470.734 309.149 264.211 214.574 962.942 95.2992 168.911 406.341 374.919 161.584 957.998 31.4213 134.392 127.115 930.148 152.325 34.1472 1.56674 777.823 32.5805 7.27702
internal_count=33604 10905 2509 22699 15525 7174 11836 9581 8396 2847 1917 1999 2255 5549 770 1229 3689 3287 930 5521 402 884 826 6290 1003 510 64 5287 446 58
is_linear=0
shrinkage=0.05


Tree=212
num_leaves=31
num_cat=0
split_feature=4 11 0 11 2 7 8 7 9 3 1 5 3 6 5 10 8 7 10 0 4 0 8 6 6 9 0 6 11 7
split_gain=4.33728 10.213 13.1962 7.65605 10.2012 10.311 7.85513 7.81786 7.69514 7.21679 6.80532 7.72406 6.09161 5.8725 8.14168 6.77274 5.32731 5.32739 4.98814 4.85234 4.60086 6.85503 6.85396 3.98278 3.64503 4.08172 3.62351 6.33876 4.30264 3.0517
threshold=4.4618037135278525 66.738557885484695 31.500000000000004 78.776190150478826 38.257653061224495 0.042880716643092891 0.26344707923655297 0.1286796536796537 0.03778684344722081 0.48540850508147398 23.027777777777782 0.033615819209039555 0.75625390869293319 0.10708313425704731 0.0068143298274941384 0.0014414416286264596 0.058997563522450405 0.11094477711244179 0.010849945063569301 58.500000000000007 4.5457769181173449 16.500000000000004 0.13575409786940759 0.034557396626362154 0.025062814070351765 0.10207389276618266 20.500000000000004 0.047386242129024599 73.100744907469689 0.058745098039215689
decision_type=2 2 2 2 2 2 2 2 2 2 2 2 2 2 2 2 2 2 2 2 2 2 2 2 2 2 2 2 2 2
left_child=3 13 16 7 6 12 9 10 -7 -5 11 -1 -6 14 15 -2 29 -18 -8 -16 22 -22 -15 -12 -4 -26 27 -9 -28 -3
right_child=1 2 24 4 5 8 18 26 -10 -11 23 -13 -14 20 19 -17 17 -19 -20 -21 21 -23 -24 -25 25 -27 28 -29 -30 -31
leaf_value=0.0075646986678558825 -0.012185324722409942 0.070100016955333175 0.038422629252981816 0.050901884875889959 0.0098785096173250892 0.048385567191456091 -0.021598330222081217 -0.063964025193744833 -0.01524347301190241 0.0010638649444316779 0.029415233699650975 -0.036326311131403707 -0.0079500317550862971 -0.032855577520513254 -0.02029117826432067 0.017372596501739748 -0.01060716515438013 0.010169357760825223 0.01979429909493037 0.04283321928047621 0.019537683314405918 -0.0026276717026987922 0.055390176692942619 -0.0076199658675950481 -0.02144205808556161 -0.04936890211238628 -0.012225856742487065 0.0066949425455885385 -0.06120350794648452 0.0084942121116884425
leaf_weight=808.73567849444225 133.2482388780918 3.3987250551581365 1.7251647990196932 7.2901031787041566 98.5376299318159 4.8415390979498616 57.261277739424258 3.738510541617873 255.9723966976162 2011.833038805984 7.7261884487234047 10.149651433341203 93.254282834008336 2.7759020626544944 3.9511583596467998 22.678580212406814 182.71130472235382 37.122599615715444 8.3381836973130685 13.265233587007968 59.089719540439546 85.144311150768772 10.612581387162207 120.14070956548676 26.096130438148975 26.240105021744967 10.411289843381384 21.020981746725738 7.8765733838081351 4.9203889258205891
leaf_count=6412 1298 19 20 1211 1118 34 382 30 2470 14584 92 58 574 20 35 200 1133 245 47 122 320 674 73 1475 265 363 91 125 84 30
internal_value=-6.33619e-06 -0.00388838 -0.0108754 0.000668325 -0.000786622 -0.00759075 0.000690595 0.00439805 -0.0140623 0.00124381 0.00534558 0.00702069 0.0012098 0.00207309 -0.00428355 -0.00788631 -0.00561242 -0.0070987 -0.016337 0.0283462 0.00905565 0.00645302 0.0370937 -0.00538216 -0.0330867 -0.0354439 -0.0164414 -0.00397407 -0.0333205 0.0336629
internal_weight=4140.11 612.98 282.214 3527.13 2537.33 452.606 2084.72 989.8 260.814 2019.12 946.752 818.885 191.792 330.766 173.143 155.927 228.153 219.834 65.5995 17.2164 157.623 144.234 13.3885 127.867 54.0614 52.3362 43.0474 24.7595 18.2879 8.31911
internal_count=33604 4817 2075 28787 20420 4196 16224 8367 2504 15795 8037 6470 1692 2742 1655 1498 1427 1378 429 157 1087 994 93 1567 648 628 330 155 175 49
is_linear=0
shrinkage=0.05


Tree=213
num_leaves=28
num_cat=0
split_feature=4 11 4 4 11 0 1 11 6 5 0 4 2 3 1 11 6 2 0 6 1 0 4 9 7 11 0
split_gain=4.14124 7.02785 6.35813 5.99381 13.3307 13.7141 10.1788 10.0034 9.10787 8.12175 4.91862 5.87242 4.36557 4.35623 4.11592 4.10033 4.69858 6.00436 6.00299 6.68454 4.28477 3.89011 3.0201 2.50986 2.39848 1.4771 1.2663
threshold=3.4005813953488375 91.823367461272397 3.6876990445859876 4.3128156565656575 66.738557885484695 32.500000000000007 13.804761904761907 76.340498106060636 0.029055860419304917 0.005856527927835229 31.500000000000004 3.8948474126492707 54.425361570247944 0.58409147299644382 5.3500000000000005 87.038159870250269 0.096830003348588031 10.883494031221305 15.500000000000002 0.08891883797544177 18.75961538461539 21.500000000000004 3.6431878306878311 0.061925832279814588 0.031205736543909349 82.638419831223658 22.500000000000004
decision_type=2 2 2 2 2 2 2 2 2 2 2 2 2 2 2 2 2 2 2 2 2 2 2 2 2 2 2
left_child=15 3 13 6 9 -6 8 -8 -2 -5 12 -12 -4 22 -15 20 18 21 23 -20 24 -18 -3 -17 -1 -22 -19
right_child=1 2 10 4 5 -7 7 -9 -10 -11 11 -13 -14 14 -16 16 17 26 19 -21 25 -23 -24 -25 -26 -27 -28
leaf_value=-0.0055966871256759735 -0.012158054059123262 0.052999835639193929 -0.0052586577817994445 0.0014497928068652795 -0.0027898612010557613 -0.020734109240730075 0.0048909301591790865 -0.0051051224408542768 0.0066790483366672183 0.023502702305372797 -0.011591156136070289 -0.040655633517655693 -0.050283318424386617 0.044883883945788065 -0.0013337948235559033 0.019667043406908797 0.017169916491695462 0.054998665146472885 0.012293693896115586 -0.025237125720969995 -0.019354539871038044 -0.020817654757373627 -0.019312600568285446 -0.021050227892208794 -0.063177240983091673 0.022707766502099748 0.030998869887631498
leaf_weight=2.7339198293630051 68.436643479857594 6.2428762998897565 319.33050480298698 375.28440897283144 359.56746376538649 151.2738697566092 400.6930784243159 666.74876858771313 1029.156386597082 46.97618594346568 65.906150800001342 23.603442359948531 5.476013906300067 4.8802279494702807 372.73306674184278 4.3807713985443106 25.298393448349088 8.6299016484990734 119.28665941953659 13.17443994025234 3.3723003328777832 9.1866429527290148 1.878326231963001 27.815967855975032 5.3429597830399871 5.4771082233637571 15.135747380554674
leaf_count=27 457 521 1857 3128 2244 1639 3596 5815 8058 409 575 192 30 27 2693 24 223 100 1157 143 26 113 72 165 36 36 241
internal_value=-6.69488e-06 -0.000399036 -0.00457678 0.000679807 -0.00267015 -0.00810364 0.00212359 -0.00135283 0.00550453 0.00390316 -0.00887763 -0.0192554 -0.00601774 4.27501e-05 -0.000736483 0.00637027 0.0081718 0.0203766 0.00385413 0.00856092 -0.0173547 0.00705022 0.0362749 -0.0155101 -0.043687 0.00667882 0.0397138
internal_weight=4138.02 3898.19 800.051 3098.14 933.102 510.841 2165.03 1067.44 1097.59 422.261 414.316 89.5096 324.807 385.734 377.613 239.835 222.909 58.2507 164.658 132.461 16.9263 34.485 8.1212 32.1967 8.07688 8.84941 23.7656
internal_count=33604 31313 5967 25346 7420 3883 17926 9411 8515 3537 2654 767 1887 3313 2720 2291 2166 677 1489 1300 125 336 593 189 63 62 341
is_linear=0
shrinkage=0.05


Tree=214
num_leaves=25
num_cat=0
split_feature=1 2 3 1 0 3 10 2 6 3 3 7 9 0 5 7 0 9 1 6 4 3 7 2
split_gain=4.20706 5.95993 5.73617 5.75279 9.20033 5.83287 5.30367 4.04553 7.0226 6.13043 3.51743 4.75669 3.50803 3.30045 3.00032 3.18101 2.83885 2.0109 1.89374 4.36492 1.43443 1.25159 0.326895 0.00273532
threshold=21.516666666666669 169.02000000000001 0.46609241550478142 19.861904761904764 19.500000000000004 0.91723744292237452 0.0037819102401209074 41.104739416427734 0.023346656976744189 0.79674258474576287 0.76967285587975254 0.044489428699955022 0.047394429469901175 44.500000000000007 0.035929432013769365 0.029895433014567884 298.50000000000006 0.058997563522450405 25.958333333333339 0.06056618819776715 3.7623540380943927 0.67395285873546762 0.020449983271997325 67.737947530864218
decision_type=2 2 2 2 2 2 2 2 2 2 2 2 2 2 2 2 2 2 2 2 2 2 2 2
left_child=1 2 16 5 -5 -4 7 14 13 -10 17 -12 -8 -9 15 -2 23 -3 22 -20 -13 -19 -14 -1
right_child=6 10 3 4 -6 -7 12 8 9 -11 11 20 18 -15 -16 -17 -18 21 19 -21 -22 -23 -24 -25
leaf_value=0.050468135466892494 -0.0013380008737810378 0.020167952925802424 0.0012305120453554275 0.025329653432040307 0.0013321495225260534 -0.0033604240789561566 0.041322174383242927 0.1317395161337738 0.002144715491925285 -0.047424983174754978 0.064324464902219755 0.0069209556391742772 -0.085503048466922568 0.030931646223231454 0.034772942677193552 -0.017175255339293403 -0.0054417138698589339 -0.029302198701226086 0.053631227880105818 -0.056561330970427703 -0.055338028570099299 -0.057947252042126612 -0.057460255756238601 0.053124692615510671
leaf_weight=7.3192121837055293 49.321744375629351 1.4247952164150834 2688.8760107355192 59.306840635836124 122.31070099025965 931.55772246979177 1.256133846938609 1.4001013459637754 134.73046196484938 6.5401036967523387 2.3018683213740578 1.6946809440851214 1.2680003549903611 1.9327988408040253 3.5912728672847143 88.774780779611319 3.0537376515567294 8.6662844875827414 1.3538277279585598 2.6732253856025636 2.037413639947772 6.8097247648984185 5.7596640400588512 1.116821168689057
leaf_count=1451 338 11 21375 321 1067 5669 9 10 1846 134 23 10 11 33 24 757 22 126 22 47 47 88 82 81
internal_value=-6.31458e-06 0.000438622 0.000591451 0.00048485 0.00916849 4.92387e-05 -0.00572291 -0.00434109 0.00154234 -0.000150108 -0.0249735 0.00779733 -0.0378574 0.0732795 -0.0103456 -0.0115189 0.0358667 -0.0366735 -0.0468545 -0.0195164 -0.0270673 -0.0419065 -0.06252 0.0508198
internal_weight=4135.08 3836.48 3813.54 3802.05 181.618 3620.43 298.602 286.291 144.603 141.271 22.9348 6.03396 12.3109 3.3329 141.688 138.097 11.4898 16.9008 11.0547 4.02705 3.73209 15.476 7.02766 8.43603
internal_count=33604 30291 29986 28432 1388 27044 3313 3142 2023 1980 305 80 171 43 1119 1095 1554 225 162 69 57 214 93 1532
is_linear=0
shrinkage=0.05


Tree=215
num_leaves=23
num_cat=0
split_feature=0 3 0 0 1 11 0 11 4 3 6 0 4 6 7 6 2 6 4 3 10 8
split_gain=4.02776 7.75581 6.93253 5.5082 5.00543 6.71998 4.64635 10.8339 10.3043 9.59539 7.98035 5.87869 5.37242 3.93567 5.44416 3.50953 2.95781 2.91186 2.57328 2.41962 2.40999 1.62666
threshold=287.50000000000006 0.53440555841482251 355.50000000000006 195.50000000000003 20.408333333333335 71.653577182144318 150.50000000000003 81.241947850035572 4.1994623655913985 0.62970031099802104 0.0587372779023633 48.500000000000007 3.7973190828755676 0.067821608919554036 0.081672357659016925 0.087929985324122148 0.22829861111111113 0.066131781200758924 4.2118435334390929 0.42884510125889441 0.0032171591018864804 0.19515455849745666
decision_type=2 2 2 2 2 2 2 2 2 2 2 2 2 2 2 2 2 2 2 2 2 2
left_child=1 3 13 16 5 -5 9 8 -8 10 -3 -11 -9 14 17 -6 -1 -2 -4 -15 -21 -18
right_child=2 6 18 4 15 -7 7 12 -10 11 -12 -13 -14 19 -16 -17 21 -19 -20 20 -22 -23
leaf_value=-0.059527859906207098 -0.021252189203951222 -0.0043300307431257574 -0.00083302872881278528 0.082659382355003974 -0.053860321572405473 0.0047976457899982488 0.013817801993858132 -0.0064192854814442606 -0.013068584547551099 0.00072442470479609582 0.018284033690981662 -0.0042143538863418607 -0.04870478476036099 0.04124999620825405 0.088976438578467876 0.031867964683492289 0.042612821798045451 0.055319766851192456 0.057070805610992981 -0.049310873789297209 0.025100904662658099 0.0064764828383919032
leaf_weight=0.80736483726650732 15.894222151953732 56.102343401871622 3.8135758340358725 3.1503594012465355 5.191119951196014 23.021932390751317 59.959659762680531 11.575393982231615 87.847851897589862 2902.8607693440281 128.07050325768068 760.35833448776975 21.395402288064361 0.86618867819197731 1.3504978860728432 1.5503716785460708 22.612101763894319 1.3467729100957502 3.8616209626197815 16.350186063908044 1.1656837072223414 3.611610473599284
leaf_count=32 237 524 24 38 88 1000 699 91 1006 18560 1986 6850 216 29 17 26 1580 21 22 288 15 255
internal_value=-6.36245e-06 0.000156764 -0.0149425 0.0180093 0.00427388 0.0141699 -0.000108907 -0.00794288 -0.00216184 0.00025919 0.0113954 -0.000300696 -0.0338592 -0.0239191 -0.00769822 -0.034145 0.0347339 -0.0152708 0.0283001 -0.0403248 -0.0443588 0.037636
internal_weight=4132.76 4088.12 44.6487 59.9449 32.9138 26.1723 4028.17 180.778 147.808 3847.39 184.173 3663.22 32.9708 36.9736 18.5915 6.74149 27.0311 17.241 7.6752 18.3821 17.5159 26.2237
internal_count=33604 32951 653 3019 1152 1038 29932 2012 1705 27920 2510 25410 307 607 275 114 1867 258 46 332 303 1835
is_linear=0
shrinkage=0.05


Tree=216
num_leaves=29
num_cat=0
split_feature=7 8 8 0 0 3 9 9 0 8 6 9 6 4 11 11 2 0 8 3 4 7 2 1 1 9 9 2
split_gain=3.99422 4.11677 8.14933 13.9777 6.84431 9.48985 9.41485 8.57963 6.90571 6.857 6.50398 8.0651 6.12233 5.84724 5.16521 2.80773 2.1712 8.20587 5.07952 2.58524 4.15012 1.84338 2.62622 1.79973 1.61628 0.894371 0.84842 0.567186
threshold=0.17445652173913045 0.18075692600912127 0.14821200510855684 11.500000000000002 45.500000000000007 0.76370794559770949 0.11596474490027715 0.11269640967190427 31.500000000000004 0.19223925540651524 0.19069264069264072 1.0000000180025095e-35 0.066131781200758924 4.0911958703756826 73.798436752749907 64.83780719123051 8.2161111111111129 20.500000000000004 0.058997563522450405 0.92637759710930456 3.8637708445400758 0.21525096525096529 3.9027777777777781 6.8090909090909095 8.8660714285714306 0.076800196608503332 0.070894063773943167 20.228298611111118
decision_type=2 2 2 2 2 2 2 2 2 2 2 2 2 2 2 2 2 2 2 2 2 2 2 2 2 2 2 2
left_child=1 2 10 15 5 9 7 -6 -7 -3 11 -1 -8 -12 -5 -4 19 18 -18 20 26 22 -21 -22 -20 -23 -2 -19
right_child=16 4 3 14 6 8 12 -9 -10 -11 13 -13 -14 -15 -16 -17 17 27 24 21 23 25 -24 -25 -26 -27 -28 -29
leaf_value=0.029383398681041863 -0.015387990545172531 0.041153418222415791 0.0022315039966512695 0.011463642018343824 -0.0053841372619414423 0.00011839722443109948 -0.010410402611146223 0.037040336626603741 -0.012816766718938583 0.0081032561473888889 0.026148644729420759 -0.0019551729968248963 -0.03667902824923238 0.00058489132541424376 0.0034373927812504507 -0.044791134485824287 -0.023832604949051747 -0.029854624377836116 0.02620189844583547 -0.010918577031332756 0.039385220023328678 -0.082630975021324493 -0.064568878016755413 -0.0029338658430006779 0.068870802229425584 -0.040400856084838982 -0.047616338789769903 -0.058976831245275557
leaf_weight=20.796002476476133 3.5126436725258845 19.879488551290706 3.9156785905361202 275.61321037728339 234.79788870806806 773.54777227900922 49.693735045846552 12.554439016850663 119.06387174176052 74.534967599436641 41.115793105971534 1605.8039009672357 40.063723442843184 49.058917454443872 735.00249341130257 16.772335905581713 4.0726031288504627 3.1930187188554546 5.5832095742225629 9.3574573611840623 3.9975301362574083 2.3244229815900317 3.0162572115659705 6.7620451748371124 3.6837000139057636 2.7219086494296789 4.8778480684850365 3.5096373008564115
leaf_count=131 17 184 29 2437 2585 4626 612 142 863 691 280 13322 531 284 6359 123 20 24 30 82 26 15 19 47 22 40 29 34
internal_value=-6.45193e-06 0.000176912 0.00128044 0.00479346 -0.00211333 -1.25054e-05 -0.00826435 -0.00323087 -0.001607 0.0150622 -0.0008299 -0.00155451 -0.0221355 0.0122409 0.0056263 -0.035891 -0.0131961 3.07184e-05 0.0227092 -0.020445 -0.00776567 -0.0343836 -0.0239966 0.012789 0.0431633 -0.0598527 -0.0341241 -0.0451036
internal_weight=4128.83 4072.21 2748.08 1031.3 1324.14 987.026 337.11 247.352 892.612 94.4145 1716.77 1626.6 89.7575 90.1747 1010.62 20.688 56.6123 20.0422 13.3395 36.5701 19.1501 17.42 12.3737 10.7596 9.26691 5.04633 8.39049 6.70266
internal_count=33604 33199 22965 8948 10234 6364 3870 2727 5489 875 14017 13453 1143 564 8796 152 405 130 72 275 119 156 101 73 52 55 46 58
is_linear=0
shrinkage=0.05


Tree=217
num_leaves=16
num_cat=0
split_feature=8 1 2 1 11 3 10 2 6 9 6 7 5 1 3
split_gain=3.9699 3.9146 5.58262 5.221 8.92655 5.88382 4.96908 3.84595 6.22729 3.26667 2.83538 3.27104 2.69321 1.85889 1.37902
threshold=0.41421568627450983 21.516666666666669 151.94572284315876 19.861904761904764 76.340498106060636 0.91723744292237452 0.0037819102401209074 41.104739416427734 0.026385407964355335 0.047394429469901175 0.052666250606754041 0.048820211329149134 0.035929432013769365 25.958333333333339 0.76967285587975254
decision_type=2 2 2 2 2 2 2 2 2 2 2 2 2 2 2
left_child=1 2 3 5 -5 -1 7 12 -9 -8 14 -12 -3 -11 -4
right_child=-2 6 10 4 -6 -7 9 8 -10 13 11 -13 -14 -15 -16
leaf_value=0.0014189063926742344 -0.061584911161078074 -0.011188062144233697 -0.06519765931012915 0.018923690985190884 -0.0035825373526935165 -0.0031966628795343684 0.038841513180507679 0.063352645712890357 -0.00018284371518449173 -0.062005384511074471 0.0018958242689857008 -0.032258305233389038 0.032507892421056617 -0.018865021823672227 -0.012998539682284652
leaf_weight=2684.0833718822105 2.6156959552317849 136.82170945219696 4.4034941797144702 99.791409619385377 78.884372743777931 929.61899219639599 1.2678378894925106 3.9658280515577635 140.04808155680075 6.7449995437636954 16.241739793680612 12.334022308699785 3.6196654941886655 3.9648498324677348 1.7753989351913331
leaf_count=22781 29 1092 66 800 577 5652 9 51 1969 93 184 179 24 69 29
internal_value=-6.54053e-06 3.25204e-05 0.00046127 0.000644081 0.00898732 0.000231559 -0.0055029 -0.00417452 0.00156678 -0.0370504 -0.0194868 -0.012846 -0.0100619 -0.0460346 -0.0501991
internal_weight=4126.18 4123.57 3827.13 3792.38 178.676 3613.7 296.433 284.455 144.014 11.9777 34.7547 28.5758 140.441 10.7098 6.17889
internal_count=33604 33575 30268 29810 1377 28433 3307 3136 2020 171 458 363 1116 162 95
is_linear=0
shrinkage=0.05


Tree=218
num_leaves=21
num_cat=0
split_feature=1 4 0 10 0 2 1 1 2 0 3 1 1 0 2 2 3 1 0 0
split_gain=3.94192 5.76137 4.72956 6.95474 7.70129 5.27918 6.86161 5.17274 4.80678 4.37597 2.42056 4.48132 2.9707 1.87832 1.6174 3.05613 6.52094 2.7625 1.96576 1.54539
threshold=5.0769230769230775 5.1012195121951232 10.500000000000002 0.027864044168391996 20.500000000000004 4.5716666666666681 12.918333333333335 6.8090909090909095 8.9836230788611768 9.5000000000000018 0.93405797101449284 6.3611111111111116 13.93933823529412 19.500000000000004 1.0200000000000002 0.2678571428571429 0.92052631578947375 4.3397435897435903 15.500000000000002 11.500000000000002
decision_type=2 2 2 2 2 2 2 2 2 2 2 2 2 2 2 2 2 2 2 2
left_child=13 2 5 7 -5 6 -2 -4 -7 -3 11 -11 -12 14 15 17 -17 -1 19 -16
right_child=1 9 3 4 -6 8 -8 -9 -10 10 12 -13 -14 -15 18 16 -18 -19 -20 -21
leaf_value=0.027527885884685289 -0.034092458635607802 0.030796234576746125 0.0084841630541628316 -0.0069614317283847142 -0.055315098059412197 0.06536343173162823 0.027510555503748136 4.9679386122393306e-05 -0.0083496515172277845 0.059028026416106931 -0.034118612898429372 -0.013739687793790437 0.01127781498301603 0.048962071576948998 -0.0054546892601360156 -0.017721361692189196 0.060478208320065945 -0.033579947478187093 -0.030225526715585468 0.019258033068360474
leaf_weight=3.6380274156108525 30.370744487270713 4.8992991205304852 191.10076473007211 30.360005378723145 11.299415798857806 3.321172781288622 5.3106647012755266 3726.6188174113631 6.6197009682655334 2.2840604893863228 27.13916557747871 28.715923469979316 4.155572570860385 3.4949465112294993 11.191403351724153 3.8160336073487988 8.8450234830379468 3.761956550180912 3.7517742800991973 14.551601982675491
leaf_count=18 318 37 1283 170 101 21 38 30766 44 13 205 239 42 32 57 25 45 22 36 92
internal_value=-6.61937e-06 -0.000183032 6.05707e-05 0.00024501 -0.0200765 -0.0159462 -0.0249237 0.000461101 0.0162773 -0.0147026 -0.018281 -0.00837821 -0.0280905 0.0135349 0.0110364 0.0219892 0.0369089 -0.00353772 0.00358674 0.00851453
internal_weight=4125.25 4072.2 4005 3959.38 41.6594 45.6223 35.6814 3917.72 9.94087 67.194 62.2947 31 31.2947 53.0508 49.5558 20.061 12.6611 7.39998 29.4948 25.743
internal_count=33604 33277 32741 32320 271 421 356 32049 65 536 499 252 247 327 295 110 70 40 185 149
is_linear=0
shrinkage=0.05


Tree=219
num_leaves=21
num_cat=0
split_feature=8 10 10 11 8 9 0 3 11 6 4 11 7 7 2 6 4 6 10 4
split_gain=3.85811 8.38065 4.79171 5.8267 5.73741 5.02315 5.05676 16.7377 10.0447 4.69483 4.70078 4.43438 5.17699 4.26617 4.20315 4.5122 3.22119 2.80275 2.65188 0.686057
threshold=0.27823315118397091 0.014943983325268919 0.012066392458049724 103.70015202702707 0.10478269910584322 0.17655864741106028 63.500000000000007 0.69452761144377917 79.55976515151518 0.17677696078431376 4.3439680232558144 103.42424331103682 0.071052120606917998 0.047559523809523815 81.001730103806239 0.075037537537537544 4.0639661756683045 0.11987055016181231 0.030457637600494747 3.6369708994708998
decision_type=2 2 2 2 2 2 2 2 2 2 2 2 2 2 2 2 2 2 2 2
left_child=2 11 5 9 -5 6 7 -1 -8 10 -4 12 13 -2 15 -7 -14 -6 -11 -16
right_child=1 -3 3 4 17 14 8 -9 -10 18 -12 -13 16 -15 19 -17 -18 -19 -20 -21
leaf_value=0.020367174006470298 -0.01161113292385957 0.049663867315493618 -0.0089801829328681523 -0.030906382835935095 0.043770073293832014 -0.00062150440344184823 0.0022632672105680615 0.0013795593789692373 -0.008583384376862558 0.0027411666245682471 -0.030862052516853613 -0.061915665744152096 0.012284636483499764 0.016668761292928488 -0.016950265689275712 -0.014321994383957785 -0.056962297165282873 -0.0071102775596536983 0.046087817936114807 -0.058793636196614221
leaf_weight=121.66714230133221 72.438940296880901 5.7178182585630557 126.49129170179367 4.6195880773011622 12.209958175197242 193.07745475659613 529.51319456694182 2519.9868960860185 357.58899232750991 17.609235357493166 30.452622373588383 4.3520664423704138 2.0908540152013293 16.344989418052137 1.2763793328776945 87.257168395677581 8.5342459008097631 3.4774598889052859 4.4126171618700019 4.2129462533630431
leaf_count=1950 510 37 839 28 72 1303 5758 16047 5737 105 253 32 14 105 8 612 84 19 26 65
internal_value=-6.59487e-06 -0.0092674 0.000245996 -0.00731248 0.0180691 0.000640849 0.00115723 0.00225408 -0.00210899 -0.0101925 -0.013226 -0.0125148 -0.0103521 -0.00640485 -0.00573438 -0.00488593 -0.0433356 0.0324913 0.0114267 -0.0490642
internal_weight=4123.33 109.479 4013.85 199.273 20.307 3814.58 3528.76 2641.65 887.102 178.966 156.944 103.761 99.409 88.7839 285.824 280.335 10.6251 15.6874 22.0219 5.48933
internal_count=33604 782 32822 1342 119 31480 29492 17997 11495 1223 1092 745 713 615 1988 1915 98 91 131 73
is_linear=0
shrinkage=0.05


Tree=220
num_leaves=23
num_cat=0
split_feature=0 3 0 0 3 0 3 0 11 5 4 6 1 6 7 11 2 8 3 10 2 0
split_gain=3.79385 7.18584 6.28156 5.20485 4.88467 4.31816 13.3017 13.0596 11.7164 9.63777 9.46284 7.19554 4.24188 3.75688 4.67485 2.82139 2.69523 2.3833 2.2588 2.30747 1.68563 0.00244194
threshold=287.50000000000006 0.53440555841482251 355.50000000000006 195.50000000000003 0.46035674996071041 117.50000000000001 0.68691260430390877 49.500000000000007 81.894344611528851 0.005856527927835229 3.7920083329639644 0.041745880861850444 20.408333333333335 0.067821608919554036 0.081672357659016925 74.618727688664549 0.22829861111111113 0.16072604931300585 0.42884510125889441 0.0032171591018864804 57.940688775510218 285.50000000000006
decision_type=2 2 2 2 2 2 2 2 2 2 2 2 2 2 2 2 2 2 2 2 2 2
left_child=1 3 13 16 21 6 11 -8 9 -7 -10 -3 -6 14 15 -2 -1 -4 -15 -20 -18 -5
right_child=2 5 17 4 12 8 7 -9 10 -11 -12 -13 -14 18 -16 -17 20 -19 19 -21 -22 -23
leaf_value=-0.054259871661029802 0.0019605974249229156 -0.0083752962112812034 0.057881271333109711 0.05086147411018821 0.0064178951175973614 -0.0055488191030149507 0.00062535765126491255 -0.0085203180487454962 -0.0023783773970734393 0.019145912179602036 -0.04121835908915867 0.012162451725591132 -0.040766369077080845 0.039962095060295584 0.078972535336532063 -0.039390853855401919 0.046855066231435004 0.0018877004946253146 -0.048712905766188058 0.023718385499516131 0.02040013103684031 0.057340057032706671
leaf_weight=0.83854696433991449 10.162028987891977 49.249952484853566 3.3751876801252356 4.5980756918434045 22.093333895783875 210.00537590868771 2875.777695545461 451.63837153930217 27.210423523560166 48.666011608205736 37.014523023739457 318.14482096163556 6.0724538359791032 0.84772921469994145 1.440240698866545 6.9434860907495013 15.901179467386102 4.3491946682333946 15.788361847400667 1.1818807926028956 9.6909542225766909 0.15020166384056199
leaf_count=32 150 392 18 784 283 2264 18106 4237 287 452 351 3843 79 29 17 108 1616 28 288 15 219 6
internal_value=-6.356e-06 0.000151401 -0.014595 0.017423 0.0041538 -0.000103715 0.000380865 -0.000616007 -0.00564863 -0.000902793 -0.0247629 0.00940933 -0.00375488 -0.0232934 -0.00754063 -0.0148248 0.0339472 0.0263542 -0.0396896 -0.0436685 0.0368374 0.0510664
internal_weight=4121.14 4077.05 44.0881 59.3447 32.9141 4017.71 3694.81 3327.42 322.896 258.671 64.2249 367.395 28.1658 36.3637 18.5458 17.1055 26.4307 7.72438 17.818 16.9702 25.5921 4.74828
internal_count=33604 32951 653 3019 1152 29932 26578 22343 3354 2716 638 4235 362 607 275 258 1867 46 332 303 1835 790
is_linear=0
shrinkage=0.05


Tree=221
num_leaves=29
num_cat=0
split_feature=7 0 1 4 3 6 7 7 2 3 6 11 3 0 11 4 6 11 4 4 8 1 11 9 6 4 4 4
split_gain=3.76465 5.99289 7.85687 6.8742 16.3615 6.69099 6.50244 8.47567 6.14309 6.14052 6.64917 5.79149 5.47573 12.9704 7.78352 7.46453 10.6344 8.48678 10.605 8.89707 6.97213 6.40257 6.19518 4.21714 3.88614 2.20131 1.03934 0.480025
threshold=0.075030266343825688 24.500000000000004 6.0357142857142865 4.2118435334390929 0.73710792131844771 0.07682787509520185 0.086899313501144174 0.090486964016375793 6.901234567901235 0.91240409207161133 0.135619954018072 46.929816176470602 0.88989898989898997 30.500000000000004 86.605796178343979 4.6255252100840343 0.20185185185185187 61.326500000000038 4.0716117216117222 4.3253724959007629 0.33615819209039549 11.490740740740742 60.956064987857694 0.076800196608503332 0.16333199946645327 3.7920083329639644 4.7912878787878794 4.0502713879555445
decision_type=2 2 2 2 2 2 2 2 2 2 2 2 2 2 2 2 2 2 2 2 2 2 2 2 2 2 2 2
left_child=12 3 -3 4 5 -2 11 -8 -6 10 -4 -5 15 14 20 17 22 18 -1 -19 -14 -16 -17 27 -25 -11 -18 -15
right_child=1 2 9 6 8 -7 7 -9 -10 25 -12 -13 13 23 21 16 26 19 -20 -21 -22 -23 -24 24 -26 -27 -28 -29
leaf_value=-0.037250634119158958 -0.017894001981002751 0.094254766842402915 -0.0075612765711445531 0.045404528281957304 0.0015908924693874026 -0.1317603467785593 0.055699097328073301 -0.0042059113383827668 0.015967849886539997 -0.0063929382348539817 0.012146827909855768 -0.032345476634839103 0.0041513174826907796 -0.087471852493576058 -0.0020847347042395603 -0.0030078142012911341 0.028247154519953344 0.0034258230739438057 0.025229481534005546 -0.00728187239001446 -0.04402290608146267 -0.015735221898209317 -0.02692735161760659 -0.029057285408035035 0.04820341752281658 -0.039219881194817424 0.069516771857788137 -0.058708618140064867
leaf_weight=7.5238394995685658 2.2964398879557839 1.9272754350677122 430.16582032386214 2.5987305156886569 189.73562934808433 2.9442286756820977 6.1204077452421179 167.42814832832664 122.12503562122583 6.9587605670094517 47.525781115866266 30.571631962433457 439.02174217812717 2.4589441530406466 282.19778105057776 59.939878282602876 2.5614000638015559 1788.7803712373134 69.775496494257823 217.59568754467182 7.6413485892117015 123.49179816991091 49.363589378539473 27.114643759559844 1.7315087663009752 19.190721875987947 3.7725257214624435 3.5370460045523942
leaf_count=81 20 13 3943 21 1152 38 39 1052 719 36 382 241 2520 14 1621 624 21 16684 726 1842 59 665 412 327 16 256 31 49
internal_value=-6.26913e-06 -0.0026244 -0.00650655 0.00112396 0.00574863 -0.0818646 -0.00597017 -0.00209329 0.00722093 -0.00689197 -0.00560051 -0.0262542 0.00086708 -0.00244874 -0.00122643 0.00220467 -0.0101603 0.00289089 0.0191481 0.00226455 0.00332717 -0.00623994 -0.0138103 -0.0323504 -0.0244197 -0.0304842 0.0528276 -0.0705044
internal_weight=4116.1 1029.59 505.768 523.82 317.101 5.24067 206.719 173.549 311.861 503.841 477.692 33.1704 3086.51 887.195 852.353 2199.31 115.637 2083.68 77.2993 2006.38 446.663 405.69 109.303 34.8421 28.8462 26.1495 6.33393 5.99599
internal_count=33604 7912 4630 3282 1929 58 1353 1091 1871 4617 4325 262 25692 5271 4865 20421 1088 19333 807 18526 2579 2286 1036 406 343 292 52 63
is_linear=0
shrinkage=0.05


Tree=222
num_leaves=21
num_cat=0
split_feature=1 1 2 5 5 9 8 6 4 3 3 0 11 0 6 6 0 9 0 7
split_gain=3.75238 4.77998 4.22534 6.53417 6.00492 5.42182 4.78471 4.13485 3.58042 2.81102 3.64904 3.93849 2.61198 2.3996 4.9737 4.79742 4.04658 2.40244 1.93583 1.64533
threshold=24.516666666666669 24.258333333333336 96.889444444444464 0.017804311073541846 0.015444245676803818 0.14003891050583661 0.094179371353284413 0.10261284976113876 4.7354156538648526 0.77820186598812569 0.67931729799798368 189.50000000000003 88.494009197324445 24.500000000000004 0.12275320202346358 0.11547008547008548 25.500000000000004 0.14199357148075101 22.500000000000004 0.039619053368751517
decision_type=2 2 2 2 2 2 2 2 2 2 2 2 2 2 2 2 2 2 2 2
left_child=1 2 4 8 6 -6 -1 -5 -4 10 11 -3 13 17 15 -15 -16 18 -2 -19
right_child=12 9 3 7 5 -7 -8 -9 -10 -11 -12 -13 -14 14 16 -17 -18 19 -20 -21
leaf_value=-0.004186012460001858 -9.9711699366011576e-05 -0.024519580235369515 -0.0085994093350944944 0.069478767563878371 -0.0049874838322661093 -0.030394921561499255 0.0015978789271034162 -0.005020429665626467 -0.055064341322076577 -0.013860966218906617 0.09336182158816568 0.069635857313219696 -0.052252017583640099 -0.0081926611991607386 0.030915825419101806 0.049852195515756814 -0.048113253132190462 -0.05779048287775667 0.033312664843797586 0.012690289647470557
leaf_weight=402.07521307491697 8.9656072426587397 2.2645704359747452 152.35452839755453 4.3508408181369296 147.17063624330331 24.491573787527159 3230.0503295009257 3.2565688989125192 4.2619215780869117 2.2204498583450913 2.9535855799913406 2.179665757343173 3.2828812836669377 93.266956239240244 1.865570630878209 3.7010159231722346 12.293918461538849 2.0717631150037046 8.3933541625738126 1.3793374653905628
leaf_count=2723 57 24 1850 33 1077 174 25735 29 82 28 26 25 29 1408 14 38 146 24 57 25
internal_value=-6.42739e-06 0.000272032 0.000186695 -0.00766574 0.000525715 -0.00861244 0.000957604 0.0375873 -0.00986384 0.0354774 0.0502862 0.0216587 -0.00819755 -0.00710138 -0.0100194 -0.00597724 -0.0377008 0.00848085 0.0160557 -0.0296207
internal_weight=4112.85 3977.63 3968.01 164.224 3803.79 171.662 3632.13 7.60741 156.616 9.61827 7.39782 4.44424 135.22 131.938 111.127 96.968 14.1595 20.8101 17.359 3.4511
internal_count=33604 31806 31703 1994 29709 1251 28458 62 1932 103 75 49 1798 1769 1606 1446 160 163 114 49
is_linear=0
shrinkage=0.05


Tree=223
num_leaves=30
num_cat=0
split_feature=4 11 4 1 11 7 1 4 0 1 8 2 2 5 11 6 2 4 11 9 6 8 6 2 3 1 3 3 7
split_gain=3.68724 6.53508 6.90702 5.95808 6.26374 5.55362 6.16428 5.7996 4.81209 4.34964 5.63077 4.15585 3.84971 6.84895 5.86445 3.76691 4.64204 7.1762 4.80739 6.67653 4.47562 5.36458 4.18303 4.16431 3.72035 4.64598 3.90352 3.35437 0.105148
threshold=3.4005813953488375 91.403461538461556 3.6876990445859876 6.8090909090909095 98.253108974359009 0.01590463542654778 43.20000000000001 4.6007117437722433 99.500000000000014 8.4868421052631593 0.27361853832442073 1.0000000180025095e-35 3.5694444444444451 0.048003072196620589 95.173010519801991 0.068211643999045585 8.6743827160493847 3.0074626865671648 95.422671232876723 0.091854763106656107 0.0587372779023633 0.18294606447641767 0.090289390561129709 6.6894290123456797 0.9417420814479639 9.4316770186335415 0.83803656597774256 0.74478940512375169 0.025586470267321335
decision_type=2 2 2 2 2 2 2 2 2 2 2 2 2 2 2 2 2 2 2 2 2 2 2 2 2 2 2 2 2
left_child=15 5 12 4 -4 9 7 -7 -5 11 -11 -2 14 -14 -3 20 17 -17 19 -18 24 27 -20 -19 26 -26 -1 -22 -8
right_child=1 2 3 8 -6 6 28 -9 -10 10 -12 -13 13 -15 -16 16 18 23 22 -21 21 -23 -24 -25 25 -27 -28 -29 -30
leaf_value=-0.0026804034798225814 0.047444567738700788 0.017214909844137538 -0.0078541209424323102 -0.010175272065503175 0.02448864934713553 0.00069472626925907218 -0.07361480658388557 -0.0068343771857848042 -0.055071083163649892 0.0093747096758425939 -0.009073564839038567 -0.0067459290395069232 0.0039287903070057426 -0.077764446626552103 -0.014738236464278472 -0.057266893543607783 0.041081503581833295 0.011754588917854102 0.053732629385935704 -0.023455566076668696 0.029698759059534837 -0.067206320917963094 0.020186995850045006 -0.042197416543317004 -0.064292674227307875 -0.0015851751353053785 0.018947590886788341 -0.019215123448907259 -0.054699677678199846
leaf_weight=39.204282953985967 3.6865507550537577 17.855109383352101 35.171675644989591 376.1506222509779 26.062897721654736 2212.7230539726443 0.92261139210313459 289.20001320028678 6.064681992516852 391.66096037335228 46.245270780287683 87.779811518616043 300.91404161736136 2.5876804867293677 73.34676723665325 4.6418212824501088 6.3348152346443412 47.196493307768833 14.145447896677068 10.90810273052193 4.5804677831474754 4.7059013524558386 27.090761837433092 3.8698359928093842 4.0002857707440844 11.290931856259702 44.591696429997683 14.927719503641127 3.6077970052137971
leaf_count=457 24 127 248 2346 166 18984 10 2441 109 2603 306 543 2799 22 496 38 99 397 153 148 104 35 353 55 20 73 279 80 89
internal_value=-6.58361e-06 -0.00037732 -0.00428567 -0.00856787 0.00591173 0.000701727 -0.000281086 -0.000175571 -0.0108876 0.00535511 0.00742647 -0.00456178 0.000525383 0.00323227 -0.00848259 0.00604097 0.0125846 0.00225561 0.0224241 0.000254482 -1.894e-05 -0.0192892 0.0316943 0.00766607 0.00469016 -0.0179899 0.00882885 -0.00773028 -0.0585517
internal_weight=4111.47 3873.98 838.153 443.45 61.2346 3035.83 2506.45 2501.92 382.215 529.373 437.906 91.4664 394.704 303.502 91.2019 237.489 114.187 55.7082 58.4791 17.2429 123.301 24.2141 41.2362 51.0663 99.0872 15.2912 83.796 19.5082 4.53041
internal_count=33604 31313 6313 2869 414 25000 21524 21425 2455 3476 2909 567 3444 2821 623 2291 1243 490 753 247 1048 219 506 452 829 93 736 184 99
is_linear=0
shrinkage=0.05


Tree=224
num_leaves=21
num_cat=0
split_feature=3 0 3 5 4 1 7 11 8 8 4 0 11 3 11 2 0 0 0 1
split_gain=3.65737 3.99135 8.61864 6.3266 5.94421 5.7573 12.0872 5.58294 5.47531 11.3081 5.51133 4.8469 17.4466 11.8433 2.89236 2.82857 2.22015 0.047488 0.00188827 0.00016198
threshold=0.41534258091635151 239.50000000000003 0.56823187825390475 0.0024968827930174566 4.1875961538461546 28.04545454545455 0.064561435302645895 71.359693181818216 0.16420634055997388 0.13517763046064937 4.182149966821501 82.500000000000014 64.437973148713567 0.66425964546402516 72.831866925064631 82.498046875000014 324.50000000000006 308.50000000000006 300.50000000000006 25.258333333333336
decision_type=2 2 2 2 2 2 2 2 2 2 2 2 2 2 2 2 2 2 2 2
left_child=16 2 4 8 7 14 -7 -2 9 -3 -10 13 -13 -4 -5 -6 17 18 19 -1
right_child=1 3 11 5 15 6 -8 -9 10 -11 -12 12 -14 -15 -16 -17 -18 -19 -20 -21
leaf_value=0.050356722239796196 0.062903094931986633 -0.03583697067474239 0.01686937030536495 -0.020065347254785884 -0.0030395071399332372 -0.052108806029214319 0.16764698402384826 0.015989759523626329 -0.051389940237744902 0.033121033036933575 0.00086816037541310944 0.014950249399612984 -0.0093874945773647599 -6.2341558959321786e-05 -0.050308945910981839 -0.056114300958743139 -0.064254517395823593 0.068386365126514984 0.055163451818300319 0.051170285162228338
leaf_weight=3.2828144447412333 6.9049714989960185 8.178829198470341 106.58890688652173 18.838126053102314 11.59168559941463 1.4089413313195103 1.1256336653605101 77.751930946833454 8.0857493558432925 21.768620026065037 13.417628962080924 90.432022759690881 396.46920089516789 3325.3267314592376 13.621880875434725 3.2042476935312143 0.44727728515863407 0.41970594599843014 0.23027667403221119 0.7519562211818992
leaf_count=820 85 156 1696 258 184 49 21 2488 134 284 196 885 3886 22098 260 40 3 3 3 55
internal_value=-5.8593e-06 -5.85999e-05 0.000170086 -0.0106887 0.0147059 -0.0270901 0.0454872 0.0198162 0.000466799 0.0142882 -0.018782 -0.000198807 -0.00486725 0.000463526 -0.0327571 -0.0145335 0.0421773 0.0523389 0.0507597 0.0505083
internal_weight=4109.85 4104.72 4018.27 86.4454 99.4528 34.9946 2.53457 84.6569 51.4508 29.9474 21.5034 3918.82 486.901 3431.92 32.46 14.7959 5.13203 4.68475 4.26505 4.03477
internal_count=33604 32720 31362 1358 2797 588 70 2573 770 440 330 28565 4771 23794 518 224 884 881 878 875
is_linear=0
shrinkage=0.05


Tree=225
num_leaves=29
num_cat=0
split_feature=6 8 0 11 3 2 6 0 8 8 8 8 2 9 8 4 11 8 11 1 7 7 11 6 1 9 1 4
split_gain=3.65033 5.12115 7.50573 11.0692 10.0806 6.5262 12.1434 7.32448 5.96355 5.87102 6.5982 8.52758 5.98882 4.91361 6.23139 4.77866 9.0939 4.16985 6.37269 8.31657 6.22692 5.72093 5.37868 3.90485 3.2102 2.97585 1.73651 0.623359
threshold=0.046308911090927447 0.18524434978109103 64.500000000000014 65.566296526054629 0.78281378178835126 5.1047394164277291 0.14261501210653757 20.500000000000004 0.21672494172494175 0.04819976771196284 0.062940140845070436 0.098126750700280124 41.104739416427734 0.10519881611118261 0.043797953964194385 4.4241353463968318 67.884708267922576 0.1515593250287128 83.184701704545489 9.8385416666666696 0.015174541770286454 0.1154812524159258 107.08483436853005 0.20185185185185187 8.6201923076923084 0.22886904761904764 9.7537878787878807 4.2386075219197048
decision_type=2 2 2 2 2 2 2 2 2 2 2 2 2 2 2 2 2 2 2 2 2 2 2 2 2 2 2 2
left_child=13 9 5 4 -4 6 -3 -7 -5 23 12 -12 -11 14 27 16 -16 20 19 -19 25 -20 -22 24 -2 -15 -17 -1
right_child=1 2 3 8 -6 7 -8 -9 -10 10 11 -13 -14 17 15 26 -18 18 21 -21 22 -23 -24 -25 -26 -27 -28 -29
leaf_value=0.029705987610406038 -0.037112986525509414 0.0006329969411118738 0.0007911790906320207 -0.015381831706307025 0.094994191519874108 0.011905918351916976 -0.019719091182407528 -0.0010133812758893078 -0.044240068206410993 0.019193219404876092 -0.0067834729818209748 0.002813138593258744 -0.046941230824979224 0.015654757061242652 0.037448892518965791 -0.070819646677678039 -0.015440594930929238 0.041374677846712483 -0.006058313633769497 0.0057380732562153751 -0.011100124836736548 0.03977177226898683 0.036108863276799005 0.026666602214213842 -0.010042568800508238 -0.019595407466104862 -0.031294321251572214 0.070025211131578377
leaf_weight=1.8928332116920494 15.474655176978557 233.76507181941997 57.140840066829696 90.574334266071673 2.9883643789216867 163.51225774176419 106.76884342392441 333.40652250614949 22.312213951954618 77.328088429872878 260.58134623331716 2073.4453834102023 3.5817035529762498 40.422564281849191 8.9008578250650299 3.7506948783993712 93.528288968256675 20.113933492684737 134.80048840527888 87.993251900188625 198.72832545358688 7.1716106473468235 6.2223773964215061 5.4033438339829436 37.469781999941915 7.0282733556814483 10.724716637982054 1.9423505316954104
leaf_count=19 94 1487 615 1131 49 1007 686 2559 323 501 1933 18188 31 265 65 27 678 120 937 826 1514 47 48 34 244 50 105 21
internal_value=-6.14036e-06 0.000624341 -0.00237486 -0.0118556 0.00547298 -0.000416162 -0.00574807 0.00323774 -0.0210857 0.00184968 0.00222834 0.00174173 0.0162656 -0.00353048 -0.0125875 -0.0146449 -0.0108446 -0.0013542 0.00322171 0.0123685 -0.00588801 -0.00374324 -0.00966684 -0.0138225 -0.0179547 0.0104336 -0.0415356 0.0501259
internal_weight=4106.97 3483.75 1010.47 173.016 60.1292 837.453 340.534 496.919 112.887 2473.28 2414.94 2334.03 80.9098 623.221 120.74 116.905 102.429 502.481 250.079 108.107 252.402 141.972 204.951 58.3478 52.9444 47.4508 14.4754 3.83518
internal_count=33604 28882 7857 2118 664 5739 2173 3566 1454 21025 20653 20121 532 4722 915 875 743 3807 1930 946 1877 984 1562 372 338 315 132 40
is_linear=0
shrinkage=0.05


Tree=226
num_leaves=18
num_cat=0
split_feature=1 4 10 0 8 11 5 1 0 6 3 0 0 6 6 7 7
split_gain=3.74832 5.05556 4.22579 7.86893 7.08712 6.02526 5.05303 4.92272 3.98088 2.35732 4.10988 3.61285 1.69675 1.53371 2.57007 3.04767 0.870924
threshold=5.0769230769230775 5.1012195121951232 0.013015245623941277 10.500000000000002 0.16646291768541158 111.58694220430111 0.052982456140350888 11.660919540229886 9.5000000000000018 0.1101306173223449 0.79674258474576287 16.500000000000004 19.500000000000004 0.066574330563250253 0.099714868278892962 0.14839839839839844 0.055204764560592791
decision_type=2 2 2 2 2 2 2 2 2 2 2 2 2 2 2 2 2
left_child=12 2 3 4 -2 7 -5 -4 -3 10 -10 -11 13 16 -15 -16 -1
right_child=1 8 5 6 -6 -7 -8 -9 9 11 -12 -13 -14 14 15 -17 -18
leaf_value=0.013459961750047537 -0.00094244787425744575 0.029396542379368354 -0.0050390234431305289 0.00073558229242397179 -0.044780682501337515 0.048261297853355645 -0.025809189067871215 -0.026973705800470062 0.016048095529390273 0.0043969154040661351 -0.039687899104879618 -0.026385666414771997 0.047349685123928932 -0.024149873101082249 0.0068604027304604992 0.052442248139981912 0.04783220828022218
leaf_weight=3.443886758061125 18.663457148708403 4.9216751456260672 126.23182125482708 3768.1209679896128 18.219547495245934 4.6500651091337195 18.013793937396258 32.079342777375132 4.0041092413011965 20.737993080168962 19.010862891562283 17.639787826687098 3.4103518953779703 5.6632851026952258 32.083413538057357 4.1403470002114764 3.9643192104995251
leaf_count=22 164 37 771 31153 188 31 111 323 52 121 171 155 32 32 194 28 19
internal_value=-6.20992e-06 -0.00017852 4.92734e-05 0.000385394 -0.0225978 -0.00783601 0.000609287 -0.00948375 -0.0138705 -0.0173391 -0.029991 -0.00975185 0.0132419 0.0108823 0.00717326 0.0120704 0.0318534
internal_weight=4105 4052.29 3985.98 3823.02 36.883 162.961 3786.13 158.311 66.3144 61.3928 23.015 38.3778 52.7056 49.2953 41.887 36.2238 7.40821
internal_count=33604 33277 32741 31616 352 1125 31264 1094 536 499 223 276 327 295 254 222 41
is_linear=0
shrinkage=0.05


Tree=227
num_leaves=19
num_cat=0
split_feature=7 1 1 2 5 5 7 11 9 6 3 3 10 0 0 9 6 4
split_gain=3.62284 3.92356 4.10539 4.05806 5.8323 5.19667 2.58423 2.50777 3.68324 3.16451 2.50142 3.10803 2.20922 2.83477 2.58356 5.59483 2.80507 0.64186
threshold=0.17445652173913045 24.516666666666669 24.258333333333336 96.889444444444464 0.017804311073541846 0.015444245676803818 0.13367697594501721 44.010675675675706 0.12126782531194298 0.17677696078431376 0.77820186598812569 0.67931729799798368 0.010537419498112372 10.500000000000002 13.500000000000002 0.065615168074184479 0.056845109866436885 4.5932768361581937
decision_type=2 2 2 2 2 2 2 2 2 2 2 2 2 2 2 2 2 2
left_child=1 2 3 5 -5 -1 7 8 -3 -9 11 -4 13 17 15 -15 -16 -2
right_child=12 6 10 4 -6 -7 -8 9 -10 -11 -12 -13 -14 14 16 -17 -18 -19
leaf_value=0.001118129251742218 -0.067892479187581553 0.022283363394025545 0.02011022893500472 -0.0094512855850438313 0.035162140385663725 -0.0078364582172809772 -0.06894759324676783 -0.011290974859501016 -0.059872606850812631 0.034014034223493604 -0.013836450748938817 0.085445502919167707 -0.044802963765508977 0.056853978832281521 0.0066146438752049874 -0.012888659123339335 -0.023322162864919692 -0.02524358889652048
leaf_weight=3570.9281818273012 2.3001764193177219 11.998477295739574 4.5031590138096345 155.32488663890399 7.6883009928278616 169.7228482804494 1.7304698582738627 114.84904141630977 1.5392573315184552 3.9882196651305994 2.2211094722151756 3.0552124101668596 4.8789934888482085 4.6285819932818395 11.831540736369787 7.5928267184644938 23.105832689907402 1.4310517311096189
leaf_count=28073 33 182 49 1931 62 1237 19 1531 34 27 28 26 33 24 75 62 160 18
internal_value=-6.2102e-06 0.000168182 0.000456358 0.000375301 -0.00734715 0.000711837 -0.00824133 -0.00744774 0.0129421 -0.00977052 0.0328117 0.0465198 -0.0126631 -0.00958173 -0.00626235 0.0135248 -0.0131841 -0.0515352
internal_weight=4103.32 4047.55 3913.44 3903.66 163.013 3740.65 134.105 132.375 13.5377 118.837 9.77948 7.55837 55.769 50.89 47.1588 12.2214 34.9374 3.73123
internal_count=33604 33199 31406 31303 1993 29310 1793 1774 216 1558 103 75 405 372 321 86 235 51
is_linear=0
shrinkage=0.05


Tree=228
num_leaves=25
num_cat=0
split_feature=9 4 11 8 0 0 8 6 9 11 1 8 8 10 6 8 2 1 9 1 3 4 11 11
split_gain=3.5913 4.14509 5.9361 6.4011 7.60114 5.41141 11.9967 7.56283 5.20902 3.83742 3.88977 3.80555 3.79229 4.16103 3.56335 3.24354 3.97667 2.90706 2.26268 1.97643 1.9545 1.90193 1.63179 1.62315
threshold=0.23132664437012265 3.4005813953488375 91.823367461272397 0.17025922140667102 62.500000000000007 19.500000000000004 0.11342372000346532 0.11987055016181231 0.20050251256281412 87.038159870250269 18.433035714285719 0.04819976771196284 0.098126750700280124 0.010958986368822437 0.15424266455194294 0.071599453178400566 3.9027777777777781 10.672619047619049 0.27888888888888896 12.490740740740742 0.85053191489361712 3.871316078976319 82.390121951219541 83.749028956943633
decision_type=2 2 2 2 2 2 2 2 2 2 2 2 2 2 2 2 2 2 2 2 2 2 2 2
left_child=1 9 5 8 -5 7 -7 -3 -4 10 20 21 15 18 17 23 -17 -11 -14 -16 -1 -2 -12 -13
right_child=11 2 3 4 -6 6 -8 -9 -10 14 22 12 13 -15 19 16 -18 -19 -20 -21 -22 -23 -24 -25
leaf_value=-0.074009888518814099 -0.022199411365479732 0.0089363750999016302 0.00021263545127807285 -0.0090338106390011989 -0.06038135369045005 -0.0097170305580639837 0.00097164310264343488 -0.0011285488590038345 -0.023536862540757597 1.7272205881194583e-05 -0.020675260959091748 -0.039291162815515417 -0.019923014220864729 0.028506787948294494 0.025460296632495039 0.0023895525589644681 0.084720652909741512 0.012101860339831462 -0.063372791056871977 0.079191168314788507 -0.021416471144421575 -0.082785624038094571 0.02170604263845545 0.0066745738871246407
leaf_weight=3.111291547073054 2.4973936305614179 417.56616776110604 493.60462365701096 254.81738969753496 7.4172070072381748 302.63398185302503 1980.2700199555256 337.48457210278139 24.220942724961787 84.626984424365219 3.8017466324381513 2.6646439137402904 24.631275083869699 4.137223780155181 6.554488762165418 3.1252372842282048 2.7636428289115429 120.8076057342696 3.4113003369420758 2.3163189399056137 4.0869279280304909 2.6912386771291494 5.6414652890525758 6.8778682816773653
leaf_count=34 21 2432 3904 1671 151 2522 18206 1971 147 820 27 18 152 25 84 27 17 1201 29 23 24 22 38 38
internal_value=-6.206e-06 0.000162743 -0.000230719 -0.00412143 -0.0104862 0.000768304 -0.000445305 0.00443766 -0.000898231 0.00666745 -0.0164615 -0.0129621 -0.00853074 -0.0183026 0.00846348 0.011847 0.0410274 0.00712372 -0.0252086 0.0394903 -0.044149 -0.0536243 0.00464374 -0.00616086
internal_weight=4101.76 4048.96 3818.01 780.06 262.235 3037.95 2282.9 755.051 517.826 230.947 16.6414 52.7998 47.6112 32.1798 214.305 15.4314 5.88888 205.435 28.0426 8.87081 7.19822 5.18863 9.44321 9.54251
internal_count=33604 33255 31004 5873 1822 25131 20728 4403 4051 2251 123 349 306 206 2128 100 44 2021 181 107 58 43 65 56
is_linear=0
shrinkage=0.05


Tree=229
num_leaves=16
num_cat=0
split_feature=8 1 2 11 4 0 10 11 8 5 0 7 9 1 7
split_gain=3.53755 3.53444 4.85555 4.95157 10.4328 10.12 4.595 3.54745 4.8009 3.86783 3.51049 4.45128 3.07554 1.89935 1.64519
threshold=0.41421568627450983 21.516666666666669 169.02000000000001 81.241947850035572 3.8003831417624525 98.500000000000014 0.0037819102401209074 74.983321342925692 0.14993188010899186 0.027650356778797149 51.500000000000007 0.064958507196774359 0.047394429469901175 25.958333333333339 0.085775597792765182
decision_type=2 2 2 2 2 2 2 2 2 2 2 2 2 2 2
left_child=1 2 3 4 -1 -5 7 9 -9 -3 11 -4 -8 -14 -12
right_child=-2 6 10 5 -6 -7 12 8 -10 -11 14 -13 13 -15 -16
leaf_value=-0.014965135225358823 -0.059301446930911099 -0.0012517610237024886 0.031906199165823303 -5.5910276166598194e-05 0.0037345326162044942 -0.013980823033395456 0.038120586092858517 6.7919019861088914e-05 -0.023820651916311431 0.05266220984465269 -0.042786184439353267 -0.051104886574171018 -0.061805163930500229 -0.017337128190222154 0.014214705979270265
leaf_weight=78.635731566231698 2.5138025833293787 194.43147007422522 4.9924575267359641 2116.0955606464995 1449.2440716577694 139.05105274508242 1.2410609126090992 39.748002053471282 44.66695756604895 3.3845403594896188 13.131797811947761 2.3870857637375593 6.435358976479618 3.8307340876199305 1.4009312284179021
leaf_count=588 29 2338 40 15159 11143 3073 9 364 407 27 214 28 93 69 23
internal_value=-5.82931e-06 3.05379e-05 0.000438495 0.000574433 0.00277211 -0.000914512 -0.00525394 -0.0039912 -0.0125724 -0.000329318 -0.0230303 0.00505432 -0.0362246 -0.0452122 -0.0372914
internal_weight=4101.19 4098.68 3804.94 3783.03 1527.88 2255.15 293.738 282.231 84.415 197.816 21.9123 7.37954 11.5072 10.2661 14.5327
internal_count=33604 33575 30268 29963 11731 18232 3307 3136 771 2365 305 68 171 162 237
is_linear=0
shrinkage=0.05


Tree=230
num_leaves=31
num_cat=0
split_feature=3 0 11 0 3 1 11 8 0 8 11 1 1 4 9 1 11 7 1 2 6 11 4 0 8 8 1 3 2 4
split_gain=3.68581 13.631 10.5437 7.38935 11.2919 9.87346 10.5378 9.66258 8.72715 7.00502 6.7844 8.68811 17.0455 7.35921 6.78191 6.70515 6.50328 5.56653 5.45031 4.77087 4.56581 5.2912 4.48351 4.36379 13.584 3.76452 7.25689 4.14627 2.1622 2.07869
threshold=0.85391260162601634 25.500000000000004 68.78043935689972 43.500000000000007 0.73363914373088701 16.677083333333339 76.340498106060636 0.091097698981516415 117.50000000000001 0.16984155781325597 90.95864774933581 10.327956989247314 9.9479578392621892 3.2449819349658777 0.15530965446541642 9.6030303030303035 100.62982142857146 0.1286796536796537 17.976190476190478 13.558842866535178 0.18274582560296851 107.08483436853005 3.6369708994708998 50.500000000000007 0.14709889405353424 0.22194854953475646 14.977272727272728 0.59881980225595333 75.849628945658509 4.1662062615101298
decision_type=2 2 2 2 2 2 2 2 2 2 2 2 2 2 2 2 2 2 2 2 2 2 2 2 2 2 2 2 2 2
left_child=3 10 23 7 5 8 -7 20 -5 15 13 12 -12 -2 22 -4 -11 -15 -13 -16 21 -1 -6 28 -25 27 -27 -9 -3 -22
right_child=1 2 9 4 14 6 -8 25 -10 16 11 18 -14 17 19 -17 -18 -19 -20 -21 29 -23 -24 24 -26 26 -28 -29 -30 -31
leaf_value=-0.012600958012355426 0.06462375302603196 -0.046309812379397935 -0.021853101727400182 0.010200423693506704 0.0089554074361215819 0.0013499556622384935 -0.015156596847754106 -0.050622323514673322 -0.0036005112237675 -0.022186385647887115 -0.0049802238323422418 -0.017855432214726595 0.026865418981958253 0.0036491033722237057 0.0025004723514521487 0.0029644541701609826 0.038561693136998976 -0.0089554727177588601 0.0087939032647739324 -0.045574803882345721 0.0084646684709312782 0.036597061655054761 -0.0091314297158359443 0.26999412670608197 -0.051815228743358727 -0.0085177885272634535 0.014904801153951271 0.0078640328295440948 0.0021424434322080397 0.063593907858540091
leaf_weight=120.64112275012303 4.7687597908079615 28.679921005386863 34.195330301299691 379.45447357458761 39.001301016658545 295.86868113093078 143.62545422127005 3.042347904352936 164.08379426435567 88.958520889282227 256.52396184206009 137.58741798345 50.250562759116292 853.24070753529668 6.9700363511219647 133.35435793083161 4.6351749598979941 97.613612392917275 22.295158084481955 19.87781916745007 4.2077380130067459 5.7244288777001193 282.06122484989464 0.46437260322272678 1.1159999659284947 102.86152477329597 48.737620286643505 766.37728457944468 2.5035343063063911 2.8803692795336246
leaf_count=770 28 391 212 4382 215 3108 1669 108 3085 748 1472 808 445 4888 70 1017 22 633 122 300 37 56 2696 12 52 701 302 5179 55 21
internal_value=-5.86548e-06 -0.00177296 -0.0115755 0.00126547 -0.00121155 0.00152828 -0.00404434 0.00439193 0.00603419 -0.00822107 0.000252691 -0.00468902 0.000236185 0.00266587 -0.00895302 -0.00210058 -0.0191779 0.00235513 -0.0141393 -0.0330939 -0.00818191 -0.0103723 -0.00693432 -0.0383119 0.0427444 0.00621386 -0.000987658 0.00763277 -0.0424199 0.0308673
internal_weight=4101.6 1716.19 293.907 2385.42 1330.94 983.032 439.494 1054.47 543.538 261.143 1422.28 466.657 306.775 955.623 347.91 167.55 93.5937 950.854 159.883 26.8479 133.454 126.366 321.063 32.7638 1.58037 921.019 151.599 769.42 31.1835 7.08811
internal_count=33604 10905 2509 22699 15525 12244 4777 7174 7467 1999 8396 2847 1917 5549 3281 1229 770 5521 930 370 884 826 2911 510 64 6290 1003 5287 446 58
is_linear=0
shrinkage=0.05


Tree=231
num_leaves=28
num_cat=0
split_feature=3 0 0 11 5 10 3 0 1 8 3 8 11 6 9 4 4 5 10 9 5 7 0 4 1 8 11
split_gain=3.82884 9.34792 6.90522 11.77 9.34944 12.2697 7.332 11.6226 7.74127 7.34065 6.92309 5.69123 5.57273 5.54537 7.31928 9.0801 6.6055 6.23832 5.16431 5.8174 8.90168 5.71866 5.04556 3.81239 1.74306 1.6678 1.42586
threshold=0.59881980225595333 132.50000000000003 117.50000000000001 81.894344611528851 0.005856527927835229 0.0029225530557975598 0.69775807261167822 50.500000000000007 15.129166666666668 0.2869249394673124 0.85391260162601634 0.15349857201142394 75.914481589147314 0.087929985324122148 0.13451603597933551 3.8400913242009138 3.8336550836550845 0.0062992282205424294 0.014112960591833834 0.098920514114860414 0.0087272773433533079 0.028258569403685294 199.50000000000003 3.7495247148288979 16.207142857142859 0.088704939359603857 85.693200657894778
decision_type=2 2 2 2 2 2 2 2 2 2 2 2 2 2 2 2 2 2 2 2 2 2 2 2 2 2 2
left_child=1 18 6 4 11 -6 9 10 -9 12 -8 -4 -2 14 17 -16 25 -3 19 21 -21 -1 -18 24 -5 -15 -25
right_child=2 13 3 23 5 -7 7 8 -10 -11 -12 -13 -14 16 15 -17 22 -19 -20 20 -22 -23 -24 26 -26 -27 -28
leaf_value=0.0036122879165205813 0.016498273489539313 -0.014050938418172142 -0.025983547010355997 0.022209303862312051 0.0064057063641031059 0.093071096405405174 0.0033825068418004301 -0.0023855266035599093 -0.016765274414144059 -0.078940748122468873 -0.0016318613375983328 -0.0039450248897122987 0.0032583914777037856 -0.061931329693233395 -0.022438428350322483 0.031737069258333528 0.027294288108215499 0.024444075334368064 -0.11227973050586654 0.01778716262489442 -0.060527558632485517 0.054835378897639009 -0.012491347097455151 -0.042349234802150582 -0.034365819357222153 0.055346232634609617 -0.070908911473741787
leaf_weight=7.5832351418794159 112.63062629615888 108.69280267087743 43.007664396427572 2.8204889744520214 31.385371279902756 4.6948654036968938 1152.8933698846959 205.07606887724251 172.17138288146816 2.4918574392795554 1708.3153390730731 91.871003875508904 269.99914917256683 0.31299549085087974 11.122511647292411 25.390137337613851 14.262246394995598 11.652743803570045 0.72576043964363535 45.439097251801286 3.9433775807265183 19.358854118152522 18.059281547321007 12.281360418535771 2.6318380646407604 9.6356601242441666 6.7845473177731028
leaf_count=327 775 2009 490 22 302 36 7291 1644 2066 24 10752 1068 2913 12 208 305 195 163 8 1065 97 750 301 142 20 563 56
internal_value=-6.09991e-06 0.00567912 -0.000417232 -0.00957104 -0.00492471 0.0176829 7.65778e-05 -0.00069903 -0.00894828 0.0065986 0.000388625 -0.0109723 0.00715567 -4.29476e-05 -0.00437439 0.0152341 0.0160304 -0.0103236 0.0204672 0.0217295 0.0115334 0.0404179 0.00506452 -0.0419686 -0.00509951 0.0516566 -0.0525121
internal_weight=4095.23 276.179 3819.05 195.477 170.959 36.0802 3623.58 3238.46 377.247 385.122 2861.21 134.879 382.63 199.128 156.858 36.5126 42.2702 120.346 77.0503 76.3246 49.3825 26.9421 32.3215 24.5182 5.45233 9.94866 19.0659
internal_count=33604 6003 27601 2136 1896 338 25465 21753 3710 3712 18043 1558 3688 3756 2685 513 1071 2172 2247 2239 1162 1077 496 240 42 575 198
is_linear=0
shrinkage=0.05


Tree=232
num_leaves=17
num_cat=0
split_feature=3 1 0 0 0 3 0 0 1 6 0 9 7 0 0 1
split_gain=3.5213 3.68405 7.06402 3.56452 6.57308 5.65483 6.31816 6.16991 5.04388 2.55364 2.14777 0.475643 0.271558 0.046065 0.00156982 0.000147485
threshold=0.41534258091635151 43.20000000000001 37.500000000000007 287.50000000000006 340.50000000000006 0.61120926580290547 105.50000000000001 82.500000000000014 15.414215686274511 0.066574330563250253 324.50000000000006 0.041745880861850444 1.0000000180025095e-35 308.50000000000006 300.50000000000006 25.258333333333336
decision_type=2 2 2 2 2 2 2 2 2 2 2 2 2 2 2 2
left_child=10 3 -3 5 9 6 -2 -7 -6 -5 13 -4 -13 14 15 -1
right_child=1 2 11 4 8 7 -8 -9 -10 -11 -12 12 -14 -15 -16 -17
leaf_value=0.050355149117232871 0.022052756611615536 0.060842787631031438 -0.014156130660858905 -0.012890223966572049 -0.049670120861093466 0.00031281510757369196 0.0032603782019041978 -0.0065186037817074067 0.03113507083356808 -0.042635800746696775 -0.063760296477080119 -0.090593771692436362 -0.058775762966852642 0.068277957945103815 0.054847901511246237 0.051147911881710577
leaf_weight=3.1708781096385787 55.899017269373871 1.5434951791539777 0.54171583149582136 14.479818840976806 2.3872794918715945 3390.0281155523844 223.78393955214415 366.22547278506681 10.108499782159923 14.381699739722533 0.43690264970064152 0.7799004167318343 4.7844018009491265 0.41162526607513417 0.21949844062328328 0.71987146208994079
leaf_count=820 1651 20 4 222 16 23169 3493 3667 93 279 3 4 102 3 3 55
internal_value=-6.11071e-06 -5.7227e-05 -0.0347237 7.81154e-06 -0.0145965 0.000157466 0.00701633 -0.000353231 0.0156975 -0.0277125 0.0421025 -0.0588812 -0.0632354 0.0523309 0.0507339 0.0505018
internal_weight=4089.9 4084.94 7.64951 4077.29 41.3573 4035.94 279.683 3756.25 12.4958 28.8615 4.95878 6.10602 5.5643 4.52187 4.11025 3.89075
internal_count=33604 32720 130 32590 610 31980 5144 26836 109 501 884 110 106 881 878 875
is_linear=0
shrinkage=0.05


Tree=233
num_leaves=23
num_cat=0
split_feature=6 8 3 2 7 1 0 6 3 8 0 0 2 9 7 8 3 4 0 4 3 3
split_gain=3.38297 4.91455 4.92921 5.63444 9.39281 8.08543 4.60148 5.62941 5.0944 5.10545 4.89263 4.57 6.29494 4.47037 3.83893 3.92939 3.85738 3.52411 2.78543 2.34588 2.20192 4.44345
threshold=0.046308911090927447 0.39009661835748799 0.95553359683794481 12.579861111111112 0.10547710740265299 20.878676470588239 31.500000000000004 0.016064516129032261 0.78281378178835126 0.11414284296208062 52.500000000000007 20.500000000000004 7.6676528599605538 0.17249008239243213 0.1286796536796537 1.0000000180025095e-35 0.80712322976115003 4.2584442523768375 35.500000000000007 4.1001567398119123 0.77599073597529611 0.82167318982387483
decision_type=2 2 2 2 2 2 2 2 2 2 2 2 2 2 2 2 2 2 2 2 2 2
left_child=6 2 3 5 -5 -2 14 17 10 -10 -9 12 -4 -13 15 19 -17 18 -8 -1 -16 -22
right_child=1 -3 11 4 -6 -7 7 8 9 -11 -12 13 -14 -15 20 16 -18 -19 -20 -21 21 -23
leaf_value=0.013780975028396023 0.0050849831003834172 -0.062225387363281127 -0.006547737108288253 0.00049825396581163796 -0.01459792799768566 -0.010242823501392662 -0.0073586976171391653 0.009991438310284366 0.010628602511014983 -0.031420353457917279 -0.0085049147878647514 -0.020335644006118883 0.0075218218882850052 0.029676829375741294 -0.057435121556701788 0.012066441784761319 -0.0017845060153165162 0.022007344246210966 -0.052540177147431005 0.075261980547587745 0.028846657737285421 -0.023636561068094915
leaf_weight=3.5965012221131465 1157.6991190684494 3.1097568925470105 255.9660418452695 1667.0195310247946 109.82744225522038 92.943870638031512 4.5278645968064728 52.502124169142917 9.2668847953900677 32.662216959055513 112.0702662835829 59.708592187613249 115.31714828684926 4.8295496590435496 3.1364874765276936 60.451750637032092 298.32042492181063 2.4885296321008346 13.832227759528903 2.7287253588438034 5.0599428340792683 19.869468722492456
leaf_count=26 8113 32 1535 16477 873 696 33 335 95 373 1248 499 611 46 17 447 1761 39 146 16 24 162
internal_value=-5.929e-06 0.000602703 0.000659117 0.00137481 -0.000434846 0.00394587 -0.00340598 -0.00906814 -0.00656819 -0.022127 -0.00260418 -0.00431252 -0.00217786 -0.0165931 -0.000131784 0.00123807 0.000549326 -0.0338296 -0.0413978 0.0403041 -0.0179516 -0.012984
internal_weight=4086.93 3466.42 3463.31 3027.49 1776.85 1250.64 620.513 227.35 206.501 41.9291 164.572 435.821 371.283 64.5381 393.163 365.097 358.772 20.8486 18.3601 6.32523 28.0659 24.9294
internal_count=33604 28882 28850 26159 17350 8809 4722 2269 2051 468 1583 2691 2146 545 2453 2250 2208 218 179 42 203 186
is_linear=0
shrinkage=0.05


Tree=234
num_leaves=23
num_cat=0
split_feature=1 4 11 4 2 1 4 9 1 0 6 3 0 0 8 11 11 11 8 3 2 2
split_gain=3.38361 4.75866 3.99248 12.4005 8.74776 8.22066 5.52546 5.83292 4.66727 3.6184 2.23579 3.8056 3.27167 1.6737 1.90559 4.02759 5.95477 3.02852 2.55337 2.82395 1.1316 0.0987498
threshold=5.0769230769230775 5.1012195121951232 74.806343373494002 4.1407350352112688 12.579861111111112 16.207142857142859 3.702749952749953 0.23132664437012265 17.433035714285719 9.5000000000000018 0.1101306173223449 0.79674258474576287 16.500000000000004 9.5000000000000018 0.17076530269434928 76.340498106060636 63.614162679425853 93.4731666666667 0.21041337248701156 0.913664596273292 1.5030864197530867 0.87301587301587313
decision_type=2 2 2 2 2 2 2 2 2 2 2 2 2 2 2 2 2 2 2 2 2 2
left_child=13 2 6 5 -5 -4 8 -8 -2 -3 11 -11 -12 21 15 16 -15 -17 20 -20 -16 -1
right_child=1 9 3 4 -6 -7 7 -9 -10 10 12 -13 -14 14 18 17 -18 -19 19 -21 -22 -23
leaf_value=-0.0035009479949380793 -0.070530172595847859 0.02750976369376585 0.0021303402842797001 -0.0025058324686336336 -0.015415723225338738 -0.0051857708334675122 0.0035296814455326453 -0.040762770154284735 -0.0095213905681052566 0.015016793770044348 0.0039195944243936741 -0.038812152872496689 -0.025493690102531025 0.02259179697994354 0.073153610645996001 0.040167733728011142 -0.057693992670818463 -0.0025513207354452869 -0.020250822332211732 0.031622008658889561 0.031934556605415582 -0.014965204056751192
leaf_weight=3.768435174599289 4.4019725157413623 4.9681493937969199 1918.0944642306422 327.32970065681729 219.01416612323374 480.05679689138196 997.85418999195099 7.488830665824934 10.890604706248267 3.9858973256777999 20.749293005093932 18.631637439131737 17.367357428651303 4.464259674772622 3.4577219509519663 9.7878225572640094 4.7850735411047935 7.2013500548200673 3.8969440362416199 8.0303999707102758 3.2116803824901581 3.7451776117086411
leaf_count=20 25 37 15941 2109 1972 3993 8554 60 87 52 121 171 155 26 20 64 29 49 31 45 23 20
internal_value=-5.94345e-06 -0.000169971 5.11737e-05 -0.000882924 -0.00768105 0.000665817 0.00274601 0.00319975 -0.0270828 -0.013516 -0.016872 -0.0293259 -0.00948219 0.0126241 0.016284 0.0076059 -0.0189435 0.02206 0.0285281 0.0146739 0.0533044 -0.00921533
internal_weight=4083.18 4030.83 3965.13 2944.5 546.344 2398.15 1020.64 1005.34 15.2926 65.7023 60.7342 22.6175 38.1167 52.3489 44.8353 26.2385 9.24933 16.9892 18.5967 11.9273 6.6694 7.51361
internal_count=33604 33277 32741 24015 4081 19934 8726 8614 112 536 499 223 276 327 287 168 55 113 119 76 43 40
is_linear=0
shrinkage=0.05


Tree=235
num_leaves=17
num_cat=0
split_feature=3 1 0 10 1 2 0 1 1 9 0 9 7 0 0 8
split_gain=3.36008 3.40159 6.59663 3.32309 10.9096 10.4382 6.14991 5.96665 16.2956 7.01345 2.02989 0.462437 0.221723 0.0403462 0.00134005 0.0001299
threshold=0.41534258091635151 43.20000000000001 37.500000000000007 0.0059413367456123906 9.0156250000000018 34.478298611111121 14.500000000000002 8.2638888888888911 7.0344827586206904 0.16319293674916777 324.50000000000006 0.043690349946977736 1.0000000180025095e-35 308.50000000000006 300.50000000000006 0.41421568627450983
decision_type=2 2 2 2 2 2 2 2 2 2 2 2 2 2 2 2
left_child=10 3 -3 7 5 -5 -6 8 -2 -9 13 -4 -13 14 15 -1
right_child=1 2 11 4 6 -7 -8 9 -10 -11 -12 12 -14 -15 -16 -17
leaf_value=0.050427317333238589 0.0032376123210938281 0.05931279905209022 -0.01539450535509625 0.0026975747862745809 0.023432972339461219 0.072449246586577379 -0.013133011459274544 0.0020701799544419058 -0.016204486814514706 -0.0054647029835836834 -0.062872478596940423 -0.087550654955132257 -0.058427573090746698 0.067407726955333966 0.054593087754170412 0.051988475022289198
leaf_weight=3.577702890499495 256.11287735844962 1.5062970723956812 0.57423991477116931 188.10256046755239 12.11251146160066 5.5210157409310332 226.96367067308165 2847.8769593836623 186.08287132740952 346.39299832331017 0.4201613813638686 0.76404738426208485 4.5188089325092733 0.39822006970643986 0.20976195484399784 0.13840086292475451
leaf_count=870 1676 20 5 1105 103 37 1744 24208 1173 2544 3 4 101 3 3 5
internal_value=-5.85516e-06 -5.47976e-05 -0.0340079 6.64252e-06 -0.00413559 0.00468649 -0.0112804 0.000499523 -0.00494393 0.00125308 0.0420482 -0.0580076 -0.0626396 0.0522432 0.0507049 0.0504855
internal_weight=4081.27 4076.53 7.36339 4069.17 432.7 193.624 239.076 3636.47 442.196 3194.27 4.74425 5.8571 5.28286 4.32409 3.92587 3.7161
internal_count=33604 32720 130 32590 2989 1142 1847 29601 2849 26752 884 110 105 881 878 875
is_linear=0
shrinkage=0.05


Tree=236
num_leaves=30
num_cat=0
split_feature=4 11 0 11 0 3 6 3 7 0 8 8 0 7 10 2 4 6 10 6 2 0 8 3 7 6 9 4 4
split_gain=3.37639 8.87232 11.6871 6.0997 8.13634 11.7634 13.9176 10.5936 10.6379 7.63536 6.7188 8.60493 6.52305 5.80477 5.62668 5.38911 5.84008 7.29117 5.61371 5.16851 5.25557 5.162 5.13581 5.0472 3.98271 3.17759 4.02168 2.10194 0.999723
threshold=4.4618037135278525 66.738557885484695 31.500000000000004 78.776190150478826 66.500000000000014 0.68069758023691418 0.098915790092260689 0.74914965986394566 0.01590463542654778 30.500000000000004 0.13517763046064937 0.13798392214935482 42.500000000000007 0.10174566121993303 0.00090171618787895057 169.02000000000001 4.7226495726495736 0.10708313425704731 0.00069710709061663256 0.12845629459734967 12.257800000000001 41.500000000000007 0.071599453178400566 0.75446570972886773 0.064958507196774359 0.025062814070351765 0.10207389276618266 5.0023255813953496 4.5457769181173449
decision_type=2 2 2 2 2 2 2 2 2 2 2 2 2 2 2 2 2 2 2 2 2 2 2 2 2 2 2 2 2
left_child=3 15 19 10 7 6 -6 8 -5 -9 12 14 21 -13 -12 16 18 -18 -2 20 -3 -1 -21 -7 -14 -4 -27 28 -17
right_child=1 2 25 4 5 23 -8 9 -10 -11 11 13 24 -15 -16 27 17 -19 -20 22 -22 -23 -24 -25 -26 26 -28 -29 -30
leaf_value=0.0019467309105802673 0.006137585008219106 0.007417096553098238 0.036055433548766253 -0.012961412773340605 -0.00723382056230076 -0.017799090747542393 0.024480850187806755 0.00099882331126873304 0.013471755485825687 -0.0062549810616720552 0.021927547313987147 0.0065686820365737546 -0.0036476494039802917 -0.011495801338692505 0.080531532537726533 -0.016921018035542797 -0.014842395941326057 0.0057501825988003352 0.031989841527325223 0.028734103454334237 -0.016280401712940991 0.06351294554229657 -0.016719623708908862 -0.049023253813275651 -0.024031067349287866 -0.019724397329589412 -0.048118576037363095 0.031850108554518149 -0.053536660046593389
leaf_weight=136.03823687124532 113.75225273892283 95.107857608236372 1.6831607716158021 45.094057524343953 224.31575791863725 76.895416974788532 40.900126543885563 1357.6359263695776 244.10010300972499 495.06090551661327 14.550970527576284 673.9282434398192 49.852684420417063 47.612520457361825 5.7003163946792474 2.6844846713356656 73.298195251496509 103.93819609470665 25.752695859409869 6.6619644425809375 31.030230991542339 3.4920527632348231 92.533955551683903 15.561349608469753 46.14755833754316 25.167666921741329 24.718946891371161 1.070850804215296 6.1005483437329531
leaf_count=898 901 603 20 609 3910 667 1075 8147 2663 3133 123 5838 515 390 50 57 678 718 204 37 227 24 560 216 529 265 363 32 152
internal_value=-5.62177e-06 -0.00345787 -0.0100419 0.000593602 -0.000715929 -0.00769678 -0.00234296 0.000449797 0.00935003 -0.000939473 0.00394281 0.00627885 -0.00341442 0.00537666 0.0384234 0.00212436 0.00325733 -0.00276612 0.0109099 -0.0051278 0.00158746 0.00348756 -0.013667 -0.0230544 -0.013446 -0.031514 -0.0337938 -0.0342862 -0.0423478
internal_weight=4080.39 603.501 276.904 3476.89 2499.56 357.673 265.216 2141.89 289.194 1852.7 977.323 741.792 235.531 721.541 20.2513 326.597 316.741 177.236 139.505 225.334 126.138 139.53 99.1959 92.4568 96.0002 51.5698 49.8866 9.85588 8.78503
internal_count=33604 4817 2075 28787 20420 5868 4985 14552 3272 11280 8367 6401 1966 6228 173 2742 2501 1396 1105 1427 830 922 597 883 1044 648 628 241 209
is_linear=0
shrinkage=0.05


Tree=237
num_leaves=26
num_cat=0
split_feature=8 11 10 1 2 2 2 8 0 0 10 6 1 0 3 9 7 7 6 9 2 0 6 3 9
split_gain=3.26091 5.82621 5.12007 7.48278 8.22643 7.19802 5.85926 9.31114 8.6447 4.43636 4.43029 4.90347 5.22225 11.3212 6.1499 5.03715 3.51996 3.31626 3.12399 2.60736 2.31761 1.99436 1.77041 1.57135 1.09699
threshold=0.23821860350357763 31.711447368421066 0.00795231771327389 9.0156250000000018 19.040775623268704 20.228298611111118 20.21761998685076 0.11546123199509654 15.500000000000002 20.500000000000004 0.010537419498112372 0.16333199946645327 14.755000000000001 26.500000000000004 0.967204301075269 0.068215538171027795 0.052568772767240306 0.041615729421352894 0.0587372779023633 0.086881038647343006 1.0000000180025095e-35 19.500000000000004 0.06170120193615055 0.93142633228840133 0.061925832279814588
decision_type=2 2 2 2 2 2 2 2 2 2 2 2 2 2 2 2 2 2 2 2 2 2 2 2 2
left_child=1 9 6 4 -4 -5 8 -8 -3 24 11 12 13 -2 -14 20 18 22 -12 -20 -13 -17 -11 -18 -1
right_child=10 2 3 5 -6 -7 7 -9 -10 17 16 15 14 -15 -16 21 23 -19 19 -21 -22 -23 -24 -25 -26
leaf_value=0.08452899336082581 -0.0021151503093383693 -0.0043836517942601192 -0.0027025082955948205 -0.02358188605287723 0.030699456568471811 -0.0019718877305928166 -0.010278678866235545 0.00026916926748125902 0.0043111977667180191 0.075310783020452243 -0.011777235248345575 -0.03306870239493994 0.01067381666859861 -0.033469578848605762 -0.038112039079017911 -0.034876838956165973 0.0050156231395070494 -0.052931639082837906 0.015832032572380805 0.054353765612602134 -0.002754366161036156 -0.077706916724130715 -0.00011803989513030686 -0.04583822886725307 0.043198623289730544
leaf_weight=3.1627849750220758 128.83172127534635 350.52215482341126 132.85896921576932 83.59954161150381 21.403032354777679 71.482959224609658 249.78272028861102 1288.5776799982414 1549.835998726252 1.340589208295569 5.1173684322275284 8.9428332690149563 73.556324937846512 37.07447326136753 7.0817496851086608 7.6255022613331658 3.0739737059921017 1.8261843007057903 10.136309415800499 7.7521459683775893 21.375286241876893 4.2232962548732758 1.8534696707502005 3.0029752980917692 3.2606056220829487
leaf_count=18 845 2041 777 584 129 621 2285 12856 11853 19 31 61 608 352 47 62 20 38 61 43 144 32 33 22 22
internal_value=-6.1684e-06 0.000404944 0.000296182 -0.00586525 0.00193184 -0.0136211 0.00085046 -0.00144348 0.00270743 0.036027 -0.00486963 -0.00674333 -0.00404852 -0.00912181 0.00638937 -0.0224995 0.013731 0.000812533 0.0226711 0.0325258 -0.0116961 -0.0501429 0.0315404 -0.0201142 0.0635491
internal_weight=4077.3 3759.51 3748.06 309.345 154.262 155.083 3438.72 1538.36 1900.36 11.4436 317.794 288.711 246.544 165.906 80.6381 42.1669 29.0828 5.02024 23.0058 17.8885 30.3181 11.8488 3.19406 6.07695 6.42339
internal_count=33604 31276 31146 2111 906 1205 29035 15141 13894 130 2328 2151 1852 1197 655 299 177 90 135 104 205 94 52 42 40
is_linear=0
shrinkage=0.05


Tree=238
num_leaves=20
num_cat=0
split_feature=3 0 3 9 3 11 8 4 8 9 9 2 3 4 0 0 2 0 8
split_gain=3.17761 3.43615 10.7629 6.38193 5.68199 5.79054 4.33618 4.27062 3.86327 4.61344 3.75962 6.00155 5.85215 2.18091 1.93934 0.0338514 0.00434863 0.00116972 0.000120641
threshold=0.41534258091635151 179.50000000000003 0.55889894419306196 0.091024165707710034 0.64719012605042037 72.615760088535367 0.21594774273345704 3.9002262443438918 0.16646291768541158 0.17249008239243213 0.12866572067423462 16.005000000000003 0.91723744292237452 4.909545454545456 324.50000000000006 308.50000000000006 90.277777777777786 300.50000000000006 0.41421568627450983
decision_type=2 2 2 2 2 2 2 2 2 2 2 2 2 2 2 2 2 2 2
left_child=14 2 8 6 5 -5 7 -3 9 -2 12 -12 -4 -10 15 17 -6 18 -1
right_child=1 3 10 4 16 -7 -8 -9 13 -11 11 -13 -14 -15 -16 -17 -18 -19 -20
leaf_value=0.050408413653666523 0.040908235362247025 0.02799183663588678 0.0024110068609003916 0.0089884095047686793 -0.055916704721652978 -0.010861450088994406 0.056464729075516022 -0.043174289323625582 0.0095820866281796143 -0.080105073955506548 0.00048238555250054396 -0.006607240426870914 -0.0031428145561540988 -0.079466071786382139 -0.062259010248421842 0.066273924129642323 -0.052948476006168289 0.054381762461958028 0.051949317861247915
leaf_weight=3.4057332506636158 25.538844678900208 2.3495508892228889 1969.1450137994252 71.026477932929993 3.0921486876904956 76.110937382793054 1.3466996829956759 20.510898465756327 14.02321887190919 0.81264900183305044 772.63371327100322 486.44855289394036 624.82529470091686 0.72304072114639062 0.40713550895452488 0.38357307389378537 2.0533659569919109 0.20157170295715321 0.13194402307271946
leaf_count=870 1251 101 15185 861 38 1371 28 294 544 16 5033 4185 3754 6 3 3 53 3 5
internal_value=-6.12234e-06 -5.26985e-05 0.000256565 -0.00687642 -0.00308561 -0.00127948 -0.0307237 -0.03586 0.0257086 0.0371763 -1.49137e-05 -0.0022567 0.00107322 0.00521586 0.0418474 0.0521281 -0.0547322 0.050677 0.0504659
internal_weight=4075.17 4070.64 3894.15 176.49 152.283 147.137 24.2071 22.8604 41.0978 26.3515 3853.05 1259.08 2593.97 14.7463 4.52996 4.12282 5.14551 3.73925 3.53768
internal_count=33604 32720 29974 2746 2323 2232 423 395 1817 1267 28157 9218 18939 550 884 881 91 878 875
is_linear=0
shrinkage=0.05


Tree=239
num_leaves=31
num_cat=0
split_feature=8 8 0 11 0 11 1 3 8 1 10 6 1 6 4 11 3 0 2 3 0 6 10 2 8 2 3 0 11 8
split_gain=3.17177 6.84434 11.8298 6.17127 9.59028 7.28825 7.62439 6.18339 6.62821 6.10042 6.37639 6.86031 6.08989 5.16568 9.43188 8.56176 6.51358 16.315 8.56796 4.26228 13.9172 10.0383 4.21832 5.49705 3.57846 3.57481 3.56503 3.43062 2.3145 3.34649
threshold=0.18075692600912127 0.14821200510855684 11.500000000000002 82.638419831223658 72.500000000000014 84.173533205924542 17.258333333333336 0.56351398754713677 0.18406434087232551 7.0344827586206904 0.0032171591018864804 0.15821566110397947 17.134848484848487 0.14322344322344324 4.0911958703756826 105.64104151031897 0.61120926580290547 123.50000000000001 50.890260631001375 0.83438818565400863 19.500000000000004 0.12776421346355077 0.0059940119760479053 5.9921875000000009 0.12199923180334167 23.944058641975314 0.73141238253178564 9.5000000000000018 86.605796178343979 0.16646291768541158
decision_type=2 2 2 2 2 2 2 2 2 2 2 2 2 2 2 2 2 2 2 2 2 2 2 2 2 2 2 2 2 2
left_child=1 13 28 9 5 26 -7 8 -6 22 11 -11 -12 16 15 -15 18 -18 -1 21 -21 -4 27 -24 -16 -9 -5 -2 29 -3
right_child=3 2 19 4 7 6 -8 25 -10 10 12 -13 -14 14 24 -17 17 -19 -20 20 -22 -23 23 -25 -26 -27 -28 -29 -30 -31
leaf_value=0.019900632854485262 -0.03586060605655142 0.011159307610409881 0.0053901267507782472 0.014606351181850412 0.1808127846821467 -0.00064808609349147007 -0.02309044821082494 -0.014853832858049937 -0.002990462537759927 0.0029197805635221624 -0.0086724621685929631 -0.014104614390690268 -0.050741216136331126 0.017327380330927632 0.00072524537237020684 -0.035250577686170549 -0.002185150294437182 -0.035880764715430835 -0.0065707434620448039 0.010434889176326536 -0.0089411969670283847 0.026639806134930194 0.0063680336593621616 0.063859834685825678 -0.018594631660940303 -0.056434417206718879 -0.026655784856506888 0.012093073381410113 -0.052592165960028761 -0.042332297240466513
leaf_weight=72.897841201454867 4.064868912100791 5.2217673435807246 573.50360761361662 5.8909176581073543 0.55827085557393985 451.5548374564969 41.306925885379314 7.4092709748074439 4.0398534493288025 547.54837342811516 48.480503417551517 66.345486426725984 10.458392486441879 132.74768034380395 79.768789903260767 8.222344409208743 1315.164740115637 36.932463416829705 52.641792872920632 184.50040647014976 186.20624300325289 61.540952644194476 7.75226882984862 8.9669441364239884 34.262426324654371 17.096135020721704 47.00005217269063 45.226955731632188 8.8371321149170381 6.6442591324448586
leaf_count=2205 26 37 5779 60 34 3116 266 62 220 4725 424 429 119 978 473 61 9159 427 767 1130 1300 639 45 53 221 157 292 277 72 51
internal_value=-5.90921e-06 0.000956899 0.00419237 -0.00202804 -0.00591317 -0.00442182 -0.00252899 -0.0338792 0.0193256 0.000994778 -0.000428299 0.0010799 -0.0161373 -0.000959865 0.00561206 0.0142607 -0.00209401 -0.00310554 0.00880055 0.00496249 0.000702266 0.00744939 0.0154998 0.0372024 -0.00507971 -0.0438624 -0.0220601 0.00813856 -0.03322 -0.0187928
internal_weight=4072.79 2759.09 1026.45 1313.7 574.856 545.753 492.862 29.1035 4.59812 738.844 672.833 613.894 58.9389 1732.64 255.001 140.97 1477.64 1352.1 125.54 1005.75 370.707 635.045 66.011 16.7192 114.031 24.5054 52.891 49.2918 20.7032 11.866
internal_count=33604 23299 9008 10305 4207 3734 3382 473 254 6098 5697 5154 543 14291 1733 1039 12558 9586 2972 8848 2430 6418 401 98 694 219 352 303 160 88
is_linear=0
shrinkage=0.05


Tree=240
num_leaves=17
num_cat=0
split_feature=8 1 2 3 8 8 7 3 0 10 2 9 9 6 7 3
split_gain=3.1791 3.18613 3.89791 4.12879 3.65754 7.91454 4.50918 3.47738 11.8902 7.59543 11.5238 7.63806 5.64286 4.40631 2.90916 1.77532
threshold=0.41421568627450983 26.035714285714288 67.737947530864218 0.9294019933554819 0.17310176903200161 0.22254806125773871 0.063537939260482623 0.91723744292237452 28.500000000000004 0.023866484392800185 3.5694444444444451 0.15221152399578761 0.27888888888888896 0.19069264069264072 0.029895433014567884 0.95553359683794481
decision_type=2 2 2 2 2 2 2 2 2 2 2 2 2 2 2 2
left_child=1 7 3 14 6 -6 -4 9 12 11 -11 -1 -9 -10 -3 -5
right_child=-2 2 4 15 5 -7 -8 8 13 10 -12 -13 -14 -15 -16 -17
leaf_value=0.0024066442614593814 -0.057380663650326715 -0.0063960381985311877 0.00075722562486463306 0.083787272774806854 -0.032620465293117032 0.040211496401240193 0.049441701408570592 -0.0010880278951626973 -0.037502049686890249 0.023867482737685297 -0.043233647984659472 -0.0046689262991780793 -0.05630427326562748 0.04632143853119515 -0.03201300150100133 0.0050613206907567159
leaf_weight=2523.7244147045421 2.4129328252747646 17.94480663118884 15.163943257415669 1.2609150148928159 14.374209259636702 5.0372885526157907 6.929644602816551 935.38021028693765 29.050386379938576 9.0483864538837242 21.847844648640603 449.32441886083689 4.6500645028427234 1.6572106108069409 28.983159720897675 1.6574076814576981
leaf_count=22685 29 161 265 15 287 78 126 5572 362 56 162 3376 41 10 347 32
internal_value=-5.96075e-06 2.80875e-05 -0.00920421 -0.0186288 0.00211443 -0.0137206 0.0160271 0.000240276 -0.00236132 0.00108099 -0.0235822 0.0013373 -0.00136117 -0.0329783 -0.0222173 0.0390763
internal_weight=4068.45 4066.03 91.3514 49.8463 41.5051 19.4115 22.0936 3974.68 970.738 3003.95 30.8962 2973.05 940.03 30.7076 46.928 2.91832
internal_count=33604 33575 1311 555 756 365 391 32264 5985 26279 218 26061 5613 372 508 47
is_linear=0
shrinkage=0.05


Tree=241
num_leaves=23
num_cat=0
split_feature=0 3 0 7 3 0 7 0 11 3 10 0 6 2 2 3 9 4 0 7 0 2
split_gain=3.12616 6.01953 5.12167 5.18439 3.60392 6.53563 6.26949 5.6304 12.6046 6.66589 4.78997 3.03083 2.21197 3.7372 3.63341 1.42243 1.18347 1.11159 0.991044 0.287292 0.00300222 0.000923562
threshold=287.50000000000006 0.46035674996071041 340.50000000000006 0.063144603934077628 0.61120926580290547 105.50000000000001 0.01590463542654778 82.500000000000014 73.100744907469689 0.66425964546402516 0.006259796238244515 355.50000000000006 0.066574330563250253 66.008264462809933 81.001730103806239 0.436283973048679 0.10310889175257733 4.0296312554872697 38.500000000000007 0.054011154011154021 285.50000000000006 67.737947530864218
decision_type=2 2 2 2 2 2 2 2 2 2 2 2 2 2 2 2 2 2 2 2 2 2
left_child=1 18 12 11 5 6 -3 9 -9 -6 -7 19 13 17 -15 -14 -17 -2 -1 -4 21 -20
right_child=2 4 3 -5 7 10 -8 8 -10 -11 -12 -13 15 14 -16 16 -18 -19 20 -21 -22 -23
leaf_value=-0.025494861820782623 -0.011475236409817964 -0.02038967265021141 -0.057235996236308886 0.061168636657464026 0.014337534196055999 0.00056676320781648003 0.02803914441319973 0.0031834902431366941 -0.015409832952736211 -6.527964254036767e-05 0.04788245189065974 0.01473969707502319 0.024402432662334318 0.058543643757534153 -0.011520120074850815 -0.023954755157286612 -0.054339834460571904 -0.057867059261437849 0.050354888520476787 -0.027747795583010673 0.057824983752563411 0.0518137576752732
leaf_weight=0.45426882384344835 1.9221544277388627 7.8009775703540063 2.0142072625458227 3.8698763502761713 82.341653985902667 214.48850420990493 46.62710867181886 179.58421637723222 185.09695610310882 3296.0944460537285 5.4856808311305931 5.5435815211385489 0.83397592790424724 2.5984341548755747 6.427788763307035 5.1493820315226904 8.4853090671822411 3.9338052291423082 5.1734591945423745 1.4001355711370704 0.14957573567517091 1.3727125299628822
leaf_count=28 22 236 33 30 1150 2849 1347 1825 1869 22098 69 35 30 36 130 102 175 45 1348 15 6 126
internal_value=-6.23695e-06 0.000135678 -0.0135477 0.0128073 5.41022e-05 0.00558507 0.021098 -0.000351365 -0.00625371 0.000285756 0.00174671 -0.00808503 -0.0250662 -0.011532 0.00864957 -0.0389871 -0.0428644 -0.0426395 0.0459722 -0.0451436 0.0508208 0.0506608
internal_weight=4066.85 4024.67 42.1787 12.8278 4017.52 274.402 54.4281 3743.12 364.681 3378.44 219.974 8.95792 29.3508 14.8822 9.02622 14.4687 13.6347 5.85596 7.15002 3.41434 6.69575 6.54617
internal_count=33604 32951 653 113 31443 4501 1583 26942 3694 23248 2918 83 540 233 166 307 277 67 1508 48 1480 1474
is_linear=0
shrinkage=0.05


Tree=242
num_leaves=21
num_cat=0
split_feature=7 4 11 0 8 0 11 0 3 4 3 7 6 1 11 11 4 8 0 1
split_gain=3.12971 3.34506 8.06044 11.2177 7.83477 6.05733 5.43562 10.1506 15.299 8.54821 7.41566 7.41283 5.33839 5.08015 2.18283 2.86475 3.265 2.831 2.06447 1.5933
threshold=0.17445652173913045 4.4618037135278525 66.738557885484695 57.500000000000007 0.058997563522450405 9.5000000000000018 81.241947850035572 98.500000000000014 0.62521477663230252 3.8003831417624525 0.6567895815042436 0.10514299447248258 0.047386242129024599 17.433035714285719 101.36775724637684 92.384384057971047 3.6658914728682173 0.052982456140350888 66.500000000000014 8.2638888888888911
decision_type=2 2 2 2 2 2 2 2 2 2 2 2 2 2 2 2 2 2 2 2
left_child=1 6 5 4 -4 -3 9 10 -9 13 -8 -11 -7 -1 15 16 -2 -18 -5 -17
right_child=14 2 3 18 -6 12 7 8 -10 11 -12 -13 -14 -15 -16 19 17 -19 -20 -21
leaf_value=-0.022222261593036891 -0.059145179981825051 0.052915226217575578 0.043799697142673497 -0.072207095451222544 -0.0081350659407131935 -0.020427152143736003 0.014926455776711981 -0.0037188760549051016 -0.040854229348505994 0.0060243261373782624 -0.00045519534202777506 -0.0084713132406749603 0.0030888598273000052 -0.00085919576185672364 -0.044103876960690291 0.041934724849807155 -0.046986418441213033 -0.0048742645170531396 -0.035302820727537161 -0.00025722237591938751
leaf_weight=46.849322679103352 3.7230821931734672 5.7469138018786898 7.4899070374667636 4.7621062325779375 238.54387243685778 26.345234502805397 81.603785368031822 103.07238048355794 37.945510644465685 1015.1766231907532 1970.1228730094153 96.587379295262508 287.48819933936466 68.543101924471557 4.7876917766407123 3.6489869726356101 4.5477327122353008 32.590271494351327 18.557214439497329 5.7849744828417897
leaf_count=359 21 37 43 66 1672 253 2083 2800 364 8779 12814 759 2391 534 32 22 29 262 245 39
internal_value=-6.0643e-06 0.000156584 -0.00332388 -0.00969543 -0.00655404 0.00204628 0.000755946 -0.000735281 -0.0137114 0.00342054 0.000156583 0.00476498 0.00111477 -0.0095326 -0.0118433 -0.00877236 -0.0145062 -0.0100311 -0.0428391 0.0160623
internal_weight=4063.92 4008.83 588.933 269.353 246.034 319.58 3419.9 2192.74 141.018 1227.16 2051.73 1111.76 313.833 115.392 55.0827 50.295 40.8611 37.138 23.3193 9.43396
internal_count=33604 33199 4707 2026 1715 2681 28492 18061 3164 10431 14897 9538 2644 893 405 373 312 291 311 61
is_linear=0
shrinkage=0.05


Tree=243
num_leaves=19
num_cat=0
split_feature=1 4 1 1 1 8 7 6 4 8 8 8 2 0 4 2 2 2
split_gain=3.13316 4.27247 3.73851 10.8786 7.97223 7.73875 6.781 5.70012 4.76045 3.06327 4.18642 3.82711 3.29109 1.39781 1.82098 1.86959 4.21577 0.0958646
threshold=5.0769230769230775 5.1012195121951232 6.2590299277605785 6.8090909090909095 8.4868421052631593 0.087082912032355922 0.058745098039215689 0.11713596441629916 4.4004405286343617 0.083020050125313286 0.12483766233766234 0.21439837764758904 2.2474489795918373 9.5000000000000018 5.534959349593497 0.2678571428571429 1.0200000000000002 0.87301587301587313
decision_type=2 2 2 2 2 2 2 2 2 2 2 2 2 2 2 2 2 2
left_child=13 2 5 8 -5 7 -7 -2 -4 -3 12 -12 -11 17 15 -15 -17 -1
right_child=1 9 3 4 -6 6 -8 -9 -10 10 11 -13 -14 14 -16 16 -18 -19
leaf_value=-0.0022624870950270757 -0.082857043379066686 0.026435746301347193 0.020931119267987769 -0.0077001533426208262 0.00051890967802495076 -0.017177739944995763 0.011874945843349201 -0.01835612048475212 -0.001517423268277029 -0.0090597905107555523 -6.2190766223588951e-06 -0.027093829672571158 -0.081715256762978403 -0.014075984333773443 -0.020544458347587547 0.049462675527987152 0.011619836852511325 -0.013634688564468115
leaf_weight=3.7333646621555081 5.6158823531586668 4.599063054425641 89.479220038978383 323.00891348614823 3406.8780858501559 43.376022222742904 37.40352944470942 8.7809263411909324 32.084288753103465 2.5437579210847607 31.309514114633203 22.346721150446683 4.0246326173655689 4.0074412748217574 3.2413297370076171 10.0913593780715 27.185837928438559 3.6795999109745026
leaf_count=20 36 39 687 2054 29213 300 215 52 184 20 245 202 30 23 17 61 186 20
internal_value=-6.18869e-06 -0.000164173 4.49554e-05 0.000286868 -0.000192863 -0.0097444 -0.00372541 -0.0435165 0.0150063 -0.0128964 -0.0159 -0.0112877 -0.0535778 0.0121955 0.0155424 0.0183756 0.0218643 -0.00790735
internal_weight=4063.39 4011.45 3946.63 3851.45 3729.89 95.1764 80.7796 14.3968 121.564 64.8237 60.2246 53.6562 6.56839 51.9389 44.526 41.2846 37.2772 7.41296
internal_count=33604 33277 32741 32138 31267 603 515 88 871 536 497 447 50 327 287 270 247 40
is_linear=0
shrinkage=0.05


Tree=244
num_leaves=26
num_cat=0
split_feature=1 2 5 5 4 7 1 11 10 2 6 7 3 9 6 1 6 7 0 9 4 6 3 0 9
split_gain=3.13694 4.32779 4.29156 6.08312 6.72964 4.36136 5.41721 4.71659 4.1094 3.09658 5.73482 7.6432 5.32367 2.82216 2.57715 2.9202 3.44573 2.42872 6.49704 4.52756 1.95194 1.90387 1.40973 0.723858 0.235659
threshold=21.516666666666669 151.94572284315876 0.015444245676803818 0.015686515748031499 4.0820794969683369 0.11167800453514741 11.203448275862071 81.792506471095805 0.0037819102401209074 41.104739416427734 0.034557396626362154 0.046269535431385143 0.79674258474576287 0.047394429469901175 0.052666250606754041 15.67543859649123 0.073201527469820157 0.029895433014567884 25.500000000000004 0.1925393883225209 3.6993429298492164 0.09438011174993928 0.76967285587975254 154.50000000000003 0.12966123119706738
decision_type=2 2 2 2 2 2 2 2 2 2 2 2 2 2 2 2 2 2 2 2 2 2 2 2 2
left_child=1 2 5 -4 -5 7 -7 -1 9 17 11 -11 -12 -10 22 21 -17 19 -19 -2 -15 -16 24 -22 -3
right_child=8 14 3 4 -6 6 -8 -9 13 10 12 -13 -14 20 15 16 -18 18 -20 -21 23 -23 -24 -25 -26
leaf_value=0.0036959016569629135 -0.0040529304464797062 -0.051918390035608532 -0.084806935735274258 0.0013140232351651934 -0.019591886180534118 0.00061959799660962127 -0.012862635025465849 -0.00016221140828294984 0.03663070872246818 -0.0012245833617516553 0.0011883000072317566 0.10281591444372085 -0.046659345586373795 0.010492726132569109 -0.0048063215693681704 0.0084706491599219041 -0.031242813087959526 0.00018978755080260485 -0.026913947155532532 0.060409809977666221 -0.060307269998548865 0.070323383843038698 -0.0099312609274214529 -0.022532480444173327 -0.07619293286145977
leaf_weight=1361.4809023133712 46.281599002424628 1.9442939441651095 2.4878889524843535 109.30154561257223 59.421117803314701 187.18771381577244 123.77017840591725 1894.4357390088262 1.2201969474554051 3.9748771619051686 129.0824748838786 3.1755490778014064 6.0875635489355764 1.4044118970632542 1.7072894405573635 8.3921207822859305 15.642998991068451 41.90118401683867 46.812391775893047 2.8942115837708107 6.7686198782175762 1.666185231413692 1.6891587767750023 1.5606095595285294 2.058224237523973
leaf_count=10577 324 36 24 801 439 1226 932 15834 9 55 1796 40 132 12 26 132 190 286 491 18 122 15 29 28 30
internal_value=-5.86621e-06 0.000380202 0.00053959 -0.00719312 -0.00604867 0.000910761 -0.00474672 0.00145108 -0.00500627 -0.00383182 0.00134188 0.0449805 -0.000966583 -0.0350497 -0.0176198 -0.0112621 -0.0173764 -0.00917178 -0.0141123 -0.000259016 -0.0440355 0.0323008 -0.0482357 -0.0532296 -0.0644011
internal_weight=4062.35 3771.19 3738.09 171.211 168.723 3566.87 310.958 3255.92 291.164 280.21 142.32 7.15043 135.17 10.9538 33.1003 27.4086 24.0351 137.889 88.7136 49.1758 9.73364 3.37347 5.69168 8.32923 4.00252
internal_count=33604 30291 29833 1264 1240 28569 2158 26411 3313 3142 2023 95 1928 171 458 363 322 1119 777 342 162 41 95 150 66
is_linear=0
shrinkage=0.05


Tree=245
num_leaves=24
num_cat=0
split_feature=4 11 8 0 7 4 1 11 6 11 0 4 4 9 9 11 11 6 9 2 4 6 9
split_gain=3.0849 5.31223 5.33075 7.02269 5.71444 4.83293 8.63407 11.4427 8.53215 8.45857 8.06714 4.79169 4.5193 4.42024 5.75987 3.91492 3.27275 3.63191 4.96281 4.81595 6.59938 3.89705 3.07044
threshold=3.4005813953488375 91.823367461272397 0.17025922140667102 62.500000000000007 0.03812938018788211 4.2006493506493516 16.017857142857146 76.340498106060636 0.03234524847428074 66.738557885484695 150.50000000000003 4.7226495726495736 4.3667189132706374 0.20050251256281412 0.1994152046783626 103.69869047619051 76.340498106060636 0.068211643999045585 0.041745880861850444 8.6743827160493847 3.0074626865671648 0.0587372779023633 0.066790582403965307
decision_type=2 2 2 2 2 2 2 2 2 2 2 2 2 2 2 2 2 2 2 2 2 2 2
left_child=16 5 13 12 -5 6 8 -8 -2 11 -11 -7 -4 14 -3 -15 -1 18 -18 20 -19 -20 -21
right_child=1 2 3 4 -6 9 7 -9 -10 10 -12 -13 -14 15 -16 -17 17 19 21 22 -22 -23 -24
leaf_value=-0.052354948322824328 -0.01005613064911743 -0.00072253352584542637 -0.0072943695124446763 -0.010176883481677244 -0.098649935706528413 0.007498864709501756 0.0057849186114035216 -0.0083385667484024741 0.0057780326701626404 -0.0037793060642301868 -0.024718964373682432 -0.0029479913457158033 -0.047432121524230104 -0.02607984584240329 0.03353393013739394 0.014793165409639592 -0.066563346256858405 -0.054774688303586366 0.006185490750262897 0.048924283748439185 0.0074743700222843282 -0.016736227972244552 0.01773791876693754
leaf_weight=2.4134373296983531 91.903662371914834 476.37307642772794 248.74453162710415 3.3764395708567454 3.972374967765063 282.99032536149025 238.32595587871037 360.10483693971764 1145.1981572979712 691.74879830743885 49.272292709443718 179.31360403075814 7.2164831832051268 29.183481181040406 12.595087823458014 7.3300331588834515 2.7213485066313288 4.656077309511601 95.389240011805668 9.5107802390702982 49.765932751703076 23.017557663086336 46.382634341076482
leaf_count=22 628 3826 1638 105 46 2446 2197 3190 9476 5303 609 1497 49 184 78 41 27 38 797 146 448 211 602
internal_value=-6.21663e-06 -0.000346826 -0.00400291 -0.0098096 -0.0580007 0.000602179 0.00221665 -0.00271387 0.00460172 -0.00186051 -0.00517163 0.00344685 -0.008426 -0.00109328 0.000159862 -0.0178747 0.00556869 0.00617271 0.000195331 0.012736 0.00214865 0.00172965 0.0230446
internal_weight=4061.51 3827.65 788.792 263.31 7.34881 3038.86 1835.53 598.431 1237.1 1203.33 741.021 462.304 255.961 525.482 488.968 36.5135 233.857 231.444 121.128 110.315 54.422 118.407 55.8934
internal_count=33604 31313 5967 1838 151 25346 15491 5387 10104 9855 5912 3943 1687 4129 3904 225 2291 2269 1035 1234 486 1008 748
is_linear=0
shrinkage=0.05


Tree=246
num_leaves=20
num_cat=0
split_feature=2 0 3 11 8 1 9 4 0 0 6 0 1 0 2 3 3 9 1
split_gain=3.05906 5.27168 3.54424 3.30694 6.41175 3.86893 3.86633 3.60675 5.20758 4.00391 3.37933 3.26387 2.36976 1.92515 1.64721 0.622179 0.611144 0.587879 0.583906
threshold=214.72722222222225 51.500000000000007 0.74298820445609448 31.711447368421066 0.2466642946095001 43.20000000000001 0.073968855218855226 5.1012195121951232 10.500000000000002 10.500000000000002 0.11778579356270812 343.50000000000006 22.341666666666672 74.500000000000014 304.08875000000006 0.56823187825390475 0.86240703177822864 0.10590067802822065 17.976190476190478
decision_type=2 2 2 2 2 2 2 2 2 2 2 2 2 2 2 2 2 2 2
left_child=3 2 -2 4 6 7 16 9 -9 -5 -8 12 15 -14 -4 -3 -1 -7 -6
right_child=1 11 14 5 18 17 10 8 -10 -11 -12 -13 13 -15 -16 -17 -18 -19 -20
leaf_value=0.052559170935181136 0.072818316448057599 -0.015524354576758201 -0.030106010883999664 -0.013160691669333627 -0.044860149609901694 -0.067514897378694386 -0.053322258441080433 0.022129175478287175 -0.017604704387564032 0.00047101394818117431 0.046100716516483731 0.057003259445070703 0.018828813179618896 -0.023622426071907721 0.033007277278862761 -0.055304660071370519 0.083648818143618756 -0.026435281403085559 -0.0064396282528115193
leaf_weight=2.9177349996753019 2.5265521286055437 1.149923478718853 2.3347300137393177 54.624544060323387 2.3276986628770819 2.2191122821532185 1.4827689621597531 9.7050138125196082 54.859538250602782 3884.7453152560629 2.0176313798874617 1.2311443304643024 3.1086896343622383 18.955327405361459 1.8554118098691104 6.7681062123738229 3.4495198130607605 1.4335093656554816 1.7193767237477002
leaf_count=32 19 28 24 477 20 25 31 75 418 31703 16 13 52 455 22 109 20 36 29
internal_value=-5.86182e-06 -0.0141389 0.0260444 0.000127438 0.0244603 4.29516e-05 0.0461966 8.98742e-05 -0.0116321 0.000281992 0.00398516 -0.0227858 -0.0260622 -0.0176413 -0.00215919 -0.0495274 0.0694023 -0.0513928 -0.0285374
internal_weight=4059.43 37.9299 6.71669 4021.5 13.9147 4007.59 9.86766 4003.93 64.5646 3939.37 3.5004 31.2132 29.982 22.064 4.19014 7.91803 6.36725 3.65262 4.04708
internal_count=33604 722 65 32882 148 32734 99 32673 493 32180 47 657 644 507 46 137 52 61 49
is_linear=0
shrinkage=0.05


Tree=247
num_leaves=27
num_cat=0
split_feature=0 10 2 6 1 1 0 7 1 3 6 2 0 0 8 8 11 2 2 1 1 4 9 4 4 6
split_gain=3.1048 12.2504 9.53102 15.3489 9.80888 20.863 12.7692 8.46067 10.0786 8.74505 8.81079 8.34555 7.43961 7.41983 6.63066 7.50834 7.11564 6.52135 6.27664 5.7961 7.83958 7.67801 4.66541 2.92523 1.6976 1.56257
threshold=20.500000000000004 0.027100470035252646 7.6676528599605538 0.11987055016181231 9.4316770186335415 10.327956989247314 18.500000000000004 0.093806407942238282 6.6742424242424248 0.967204301075269 0.026385407964355335 4.2311111111111126 18.500000000000004 15.500000000000002 0.062940140845070436 0.04819976771196284 78.199477272727293 42.115911989795926 0.2678571428571429 7.9687500000000009 8.4868421052631593 3.5976631693691243 0.088922972051806423 3.4483647351581945 3.9584566074950698 0.1101306173223449
decision_type=2 2 2 2 2 2 2 2 2 2 2 2 2 2 2 2 2 2 2 2 2 2 2 2 2 2
left_child=2 7 3 11 19 17 -7 9 -9 10 -2 13 -13 -1 15 -5 -16 -6 -11 21 -21 -4 -10 -3 -25 -26
right_child=1 23 4 14 5 6 -8 8 22 18 -12 12 -14 -15 16 -17 -18 -19 -20 20 -22 -23 -24 24 25 -27
leaf_value=-0.00046585212298327021 -0.013675644240265614 0.010465084491944518 -0.025331605429935268 -0.015442848235915846 0.031740731454039509 -0.024960114141565015 0.011522988743284128 0.061606574627259041 -0.0013016985814720168 0.03329073810881706 0.0011446647746355474 -0.0051243969673587866 -0.050851452819187806 0.012205528970889026 -0.0029850760880506116 0.037765133449435523 -0.01871203885535578 -0.015930178974031952 -0.040978298234061648 -0.030545555632445945 0.0012000396350703266 0.012208000844054741 -0.0146735189707866 -0.081177872857422118 -0.059405693383688944 0.00288713001183514
leaf_weight=211.11541207227856 104.76984219695441 1.6153994083870191 15.703377474099396 11.950774677097799 118.12773343920708 37.043415227206424 68.030149484053254 4.9989765103673554 100.22919171536341 3.3202936057932702 2343.2786127186264 51.478428489528596 10.752960480749605 255.15493671607692 127.05723370471969 14.892646459862588 165.74415737576783 7.6380268558859816 19.864776406437159 29.816007185727358 55.924539588391781 102.71710554463789 186.80504193285014 5.3834089729934913 3.2406910648569465 1.4603669831994919
leaf_count=1370 852 11 112 70 949 220 392 33 762 32 21935 312 59 1565 735 97 1051 50 165 159 300 591 1681 38 46 17
internal_value=-5.87525e-06 -0.000946321 0.00202796 -0.00105815 0.00804512 0.0151061 -0.00133904 -0.000730151 -0.0087784 0.000220936 0.000510396 0.00417284 -0.0130256 0.00646825 -0.00970708 0.0140768 -0.0118875 0.0288456 -0.0303424 6.14412e-05 -0.00983939 0.00722999 -0.0100042 -0.0520012 -0.0620075 -0.0400546
internal_weight=4058.11 2774.97 1283.15 848.147 435 230.839 105.074 2763.27 292.033 2471.23 2448.05 528.502 62.2314 466.27 319.645 26.8434 292.801 125.766 23.1851 204.161 85.7405 118.42 287.034 11.6999 10.0845 4.70106
internal_count=33604 25572 8032 5259 2773 1611 612 25460 2476 22984 22787 3306 371 2935 1953 167 1786 999 197 1162 459 703 2443 112 101 63
is_linear=0
shrinkage=0.05


Tree=248
num_leaves=26
num_cat=0
split_feature=1 1 1 1 2 10 8 4 8 9 0 2 2 11 0 2 2 3 11 4 10 11 1 6 8
split_gain=3.04534 3.74312 8.65687 7.75473 12.1049 8.8952 7.37701 5.99996 5.32832 7.10784 5.14844 6.78243 4.50613 4.25806 3.7483 1.32485 2.77788 5.18348 2.62798 5.38088 3.77785 2.54441 2.46163 2.12539 1.07965
threshold=5.0769230769230775 6.2590299277605785 6.8090909090909095 8.4868421052631593 34.478298611111121 0.0041558542493339854 0.087082912032355922 4.4004405286343617 0.077221228384019097 0.14989878542510124 21.500000000000004 5.3738775510204091 7.6676528599605538 66.738557885484695 12.500000000000002 1.0200000000000002 0.2678571428571429 0.92052631578947375 76.340498106060636 4.6479660083405472 0.010389680483592402 93.4731666666667 4.3397435897435903 0.17425810904071776 0.18740079365079368
decision_type=2 2 2 2 2 2 2 2 2 2 2 2 2 2 2 2 2 2 2 2 2 2 2 2 2
left_child=15 6 7 4 -4 -5 8 14 9 -2 11 -8 -12 -9 -3 16 22 -18 19 -17 21 -20 -1 -19 -21
right_child=1 2 3 5 -6 -7 10 13 -10 -11 12 -13 -14 -15 -16 18 17 23 20 24 -22 -23 -24 -25 -26
leaf_value=0.026524583058035556 0.019280981175776167 -0.005440129011730359 -0.009186346925128222 0.0012343791523120743 0.049727532028350133 -0.0070562205802617364 -0.021307912527835027 0.017668115753895378 -0.089423422975136335 -0.063024938072665418 0.042613539951928507 0.0092478340953073817 -0.026278423427057392 -0.016559115533627135 0.024230662506870376 -0.04704001099389047 -0.010426575644277361 0.078152993021050526 0.055319314620736151 -0.0035479270124299301 -0.019895125822929856 0.010653570196409629 -0.031634602244195086 0.028158196398379343 0.032763312839287712
leaf_weight=3.6292416993528631 5.0890010057482851 12.372392591089008 325.78955649031559 3076.1889946886804 8.9587260907283035 361.56424283224624 45.232442731037736 14.662605509161947 4.2630580924451342 5.4134365220088512 9.5025639617815596 30.344362147152424 3.1638883441919452 23.895056124776602 76.20778977626469 5.8564932129811522 4.0984953129664055 5.1870017200708372 6.2987858068663645 3.8655129708349687 4.6597856078296891 6.4569015350425616 3.6483811996877193 3.6021104082465172 4.3517166818492115
leaf_count=19 30 77 2086 26690 56 2876 273 83 29 33 85 173 36 140 610 37 29 27 51 22 30 41 22 19 30
internal_value=-5.33366e-06 -0.000161005 8.75013e-05 -0.000344974 -0.00760966 0.000362419 -0.00956881 0.0129201 -0.0422795 -0.0231433 -0.00409542 -0.00903967 0.0254054 -0.00354327 0.0200864 0.0120575 0.0220639 0.0360094 0.00564953 -0.0104185 0.0186344 0.0327096 -0.00263149 0.0576632 0.0156819
internal_weight=4054.3 4002.65 3899.64 3772.5 334.748 3437.75 103.009 127.138 14.7655 10.5024 88.2433 75.5768 12.6665 38.5577 88.5802 51.6544 20.1652 12.8876 31.4892 14.0737 17.4155 12.7557 7.27762 8.78911 8.21723
internal_count=33604 33277 32618 31708 2142 29566 659 910 92 63 567 446 121 223 687 327 116 75 211 89 122 92 41 46 52
is_linear=0
shrinkage=0.05


Tree=249
num_leaves=23
num_cat=0
split_feature=0 3 0 7 3 0 0 9 3 9 6 8 6 2 8 3 0 4 9 2 0 2
split_gain=2.98538 5.77561 4.61832 4.51218 3.13895 6.40746 5.34595 11.2319 8.98642 5.25522 4.17723 2.82039 2.12548 3.49427 3.33285 1.6711 1.66253 1.17695 1.12997 0.882609 0.00251277 0.000777112
threshold=287.50000000000006 0.46035674996071041 340.50000000000006 0.063144603934077628 0.59881980225595333 132.50000000000003 63.500000000000007 0.05411036036036037 0.69452761144377917 0.097602036626426886 0.087929985324122148 0.15520353541640736 0.066574330563250253 66.008264462809933 0.15749473623489374 0.42884510125889441 375.50000000000006 4.0135594778451926 0.10310889175257733 1.0000000180025095e-35 285.50000000000006 67.737947530864218
decision_type=2 2 2 2 2 2 2 2 2 2 2 2 2 2 2 2 2 2 2 2 2 2
left_child=1 19 12 11 5 9 8 -8 -6 -3 -7 -4 13 17 -15 -14 -13 -2 -17 -1 21 -21
right_child=2 4 3 -5 6 10 7 -9 -10 -11 -12 16 15 14 -16 18 -18 -19 -20 20 -22 -23
leaf_value=-0.021077709505443541 -0.0085108483912637936 0.036972139152408171 0.032059211518947334 0.055825545086966868 0.013934692998063453 -0.0044223656602634205 -0.053739060971340791 -0.0036097168521485542 1.6157213325767005e-05 0.0084313015477821534 0.015545550343040782 -0.056590566277383264 0.036659768787644348 -0.02288938183729361 0.037605572505861259 -0.024061541704016018 -0.0036899736813891014 -0.057370213916539105 -0.053929855458494783 0.050361998818292876 0.057356813928032074 0.05172634901000011
leaf_weight=0.4576474791392674 1.802655655657875 24.374197599710897 2.92251851223409 3.9813167266547671 120.56963506387547 118.59246661770158 11.382886664941905 608.95344361360185 3038.8331299675629 47.676872482174076 33.61584859888535 2.7349822083488107 0.70491698128171165 4.4594931090250594 4.65161625854671 5.1762030832469454 3.2502353861927986 3.8972532413899899 8.1559465131722373 4.927099512249697 0.1428912435658275 1.3241899287095291
leaf_count=22 20 852 22 30 1647 1473 90 6076 19734 1065 506 42 29 73 93 103 19 47 175 1353 6 127
internal_value=-4.85007e-06 0.000133585 -0.0133082 0.0115746 5.50966e-05 0.00580249 -0.000285907 -0.00452957 0.000547319 0.0180864 -1.23672e-05 -0.00820341 -0.0244256 -0.0112131 0.00799591 -0.0383666 -0.0278632 -0.0419179 -0.0423335 0.0459999 0.0508009 0.050651
internal_weight=4052.59 4010.85 41.7371 12.8891 4004 224.259 3779.74 620.336 3159.4 72.0511 152.208 8.90774 28.8481 14.811 9.11111 14.0371 5.98522 5.69991 13.3321 6.85183 6.39418 6.25129
internal_count=33604 32951 653 113 31443 3896 27547 6166 21381 1917 1979 83 540 233 166 307 61 67 278 1508 1486 1480
is_linear=0
shrinkage=0.05


Tree=250
num_leaves=16
num_cat=0
split_feature=8 0 10 2 6 1 1 3 1 6 2 8 8 4 4
split_gain=2.91396 3.08684 11.3617 8.44923 13.5372 8.79349 19.2665 8.19617 10.0998 7.29351 7.27795 5.81667 5.69797 2.76949 1.60022
threshold=0.41421568627450983 20.500000000000004 0.027100470035252646 7.6676528599605538 0.11987055016181231 9.4316770186335415 10.327956989247314 0.82637681159420306 5.9761904761904772 0.11433842909857671 4.2311111111111126 0.062940140845070436 0.10478269910584322 3.4483647351581945 3.9584566074950698
decision_type=2 2 2 2 2 2 2 2 2 2 2 2 2 2 2
left_child=1 3 7 4 10 12 -7 9 -9 -3 -1 -6 -5 -4 -15
right_child=-2 2 13 5 11 6 -8 8 -10 -11 -12 -13 -14 14 -16
leaf_value=0.0062221582372013542 -0.055532013572165445 -0.00031559215173144518 0.0098292946462891495 0.016190925931546991 0.013393656834869047 0.027834832016638042 -0.0012750888012126474 0.053456586455008261 -0.0054032200494612192 0.0078564671480619366 -0.012016897585001771 -0.01101952684170958 -0.0041879177854248434 -0.079844189570585006 -0.039230002169879284
leaf_weight=464.61578838527203 2.3613293115049592 1603.6913320249296 1.6148773320019234 43.669772223569453 26.622263718396425 123.79450176842511 105.0959898410365 7.3536998108029357 817.25056262454018 329.05406531417975 61.992375073954463 292.11104818317108 159.87428415752947 5.1907688779756409 4.5522489696741104
leaf_count=2927 29 16406 11 248 167 999 612 37 5830 3178 370 1777 912 38 63
internal_value=-4.68717e-06 2.77159e-05 -0.000910445 0.00206054 -0.000847467 0.00774523 0.0144689 -0.000704876 -0.00487832 0.00107572 0.00407505 -0.00898041 0.000184303 -0.0508161 -0.0608679
internal_weight=4048.84 4046.48 2768.71 1277.78 845.341 432.435 228.89 2757.35 824.604 1932.75 526.608 318.733 203.544 11.3579 9.74302
internal_count=33604 33575 25563 8012 5241 2771 1611 25451 5867 19584 3297 1944 1160 112 101
is_linear=0
shrinkage=0.05


Tree=251
num_leaves=28
num_cat=0
split_feature=1 5 4 9 7 2 2 1 11 3 6 6 0 8 0 10 3 0 1 8 9 4 11 1 6 6 7
split_gain=2.86687 3.83599 5.32755 6.78869 6.06883 4.66062 4.42269 5.20338 8.95776 5.0241 4.69009 4.11071 5.96853 4.62101 4.09311 3.77935 2.87989 7.4126 11.6893 4.45619 2.65104 2.55527 3.13656 1.99931 4.5001 1.44803 0.274825
threshold=21.516666666666669 0.015444245676803818 4.0716117216117222 0.14713347267841151 0.039619053368751517 1.5030864197530867 90.277777777777786 19.861904761904764 76.340498106060636 0.5133894728215217 0.043583790628957376 0.099714868278892962 12.500000000000002 0.15749473623489374 209.50000000000003 0.0037819102401209074 0.76682847896440143 64.500000000000014 27.445054945054945 0.087082912032355922 0.047394429469901175 3.219756097560976 74.983321342925692 25.958333333333339 0.06056618819776715 0.037113559840832575 0.018561584840654611
decision_type=2 2 2 2 2 2 2 2 2 2 2 2 2 2 2 2 2 2 2 2 2 2 2 2 2 2 2
left_child=1 6 3 5 -5 -3 7 9 -9 -1 25 13 -13 -4 -12 16 17 18 -2 -19 -17 -18 -23 26 -25 -8 -22
right_child=15 2 11 4 -6 -7 10 8 -10 -11 14 12 -14 -15 -16 20 21 19 -20 -21 23 22 -24 24 -26 -27 -28
leaf_value=0.020270090050746876 0.040414310626903399 0.029860033048922686 -0.029787999239423265 0.0078311405059358751 -0.059373008703407053 -0.00032933886489921056 -0.026808604127990257 0.021250623630312007 -0.0034303496827373515 0.00045925071939263338 -0.001433352152474063 0.041628570568808178 -0.033297604774526417 0.017369229276525368 -0.028358268074724052 0.035119199399750854 0.033889265194944278 0.070620665258305806 -0.018805563608963006 -0.0061625612504559186 -0.084594631180372262 -0.004326173956905285 -0.022275821753164199 0.062560796407372971 -0.055601151011584117 -0.065144384001578778 -0.056122077946065212
leaf_weight=32.319917258864734 24.299767979886383 15.186559985508209 8.5369897661730665 5.5605048332363358 8.4861809615977091 80.818403285345994 10.658198853256179 82.217962094116956 66.497160025173798 3265.2030159430578 106.82924286462367 2.8596071787178508 37.683094169129618 13.270037651993333 16.264060739194974 1.2214972749352444 3.1736010313034049 1.9161829829681654 12.681551356334237 136.22438036859967 1.0289535382762531 59.420099050272256 41.221741812303662 1.253704344853759 2.2551686870865524 3.2036602525040498 4.8061128295958042
leaf_count=2347 164 103 70 34 50 624 135 618 465 23912 1170 15 269 121 303 9 14 31 101 1866 9 654 312 22 47 55 84
internal_value=-4.24916e-06 0.000365321 -0.00691976 -0.000303952 -0.0327697 0.00444617 0.000715834 0.00106602 0.0102147 0.000653422 -0.00809591 -0.0185971 -0.0280128 -0.00109183 -0.00499088 -0.00479852 -0.00368668 0.000225019 0.0201068 -0.00509748 -0.0341521 -0.0102852 -0.0116781 -0.0432077 -0.0133824 -0.0356685 -0.0611429
internal_weight=4045.1 3755.59 172.401 110.052 14.0467 96.005 3583.19 3446.24 148.715 3297.52 136.955 62.3497 40.5427 21.807 123.093 289.503 278.937 175.122 36.9813 138.141 10.5654 103.815 100.642 9.34394 3.50887 13.8619 5.83507
internal_count=33604 30291 1286 811 84 727 29005 27342 1083 26259 1663 475 284 191 1473 3313 3142 2162 265 1897 171 980 966 162 69 190 93
is_linear=0
shrinkage=0.05


Tree=252
num_leaves=24
num_cat=0
split_feature=8 11 0 1 4 9 4 7 6 6 0 10 1 8 5 4 4 11 0 7 2 6 3
split_gain=2.81189 4.93459 4.51588 8.09612 4.98742 7.32156 4.64634 4.65426 4.48044 4.07645 3.69436 3.65254 5.63112 8.23021 4.38058 5.51197 5.16845 3.87642 3.31312 3.0152 2.00454 1.55909 0.640011
threshold=0.23821860350357763 31.711447368421066 35.500000000000007 10.860389610389612 4.5173619483964318 0.065615168074184479 3.312815656565657 0.078471884621617263 0.047690120824449185 0.16333199946645327 20.500000000000004 0.013015245623941277 11.660919540229886 0.062940140845070436 0.052982456140350888 4.5457769181173449 5.2076149425287364 107.08483436853005 11.500000000000002 0.041615729421352894 13.558842866535178 0.06170120193615055 0.98888888888888904
decision_type=2 2 2 2 2 2 2 2 2 2 2 2 2 2 2 2 2 2 2 2 2 2 2
left_child=1 10 6 20 8 -6 -2 9 -5 -8 22 14 17 -14 16 -16 -3 -13 -9 21 -4 -12 -1
right_child=2 11 3 4 5 -7 7 18 -10 -11 19 12 13 -15 15 -17 -18 -19 -20 -21 -22 -23 -24
leaf_value=0.074571557510994091 -0.055171792182696369 0.00091623407605267515 -0.048815032398272139 0.014879124783742271 -0.055311167596604593 0.044369656212929882 0.0041104829148174982 -0.059834302512082417 -0.03264817324421921 -0.013540268981514045 0.072023430480391865 -0.0053886999848373231 0.07090025435065346 -0.034047664192102145 -0.036162750202066232 0.036351143875414924 -0.019337735438278256 0.024963645786149069 -0.012780285790333371 -0.052806237721546814 -0.11840289781622274 -1.9088725307443396e-05 0.042842491827026416
leaf_weight=3.1531821340322477 4.0685861576348534 3509.9659358011559 1.9443768216297019 6.2863770681433406 2.4791813306510431 7.1689442321658134 194.67789748148061 4.3020812114700666 23.480478035635315 39.317558110458776 1.285610147751868 116.01331309229136 2.0046594589948681 27.426258135121316 15.259736045263709 3.1639887392520896 31.783005565637723 11.56821348890662 28.682182945311069 1.7098258067853747 2.2123956519644707 1.8059021246153859 3.2045360244810581
leaf_count=21 35 29694 37 71 33 108 1237 60 255 259 19 726 13 298 98 20 226 71 208 38 25 33 19
internal_value=-4.55063e-06 0.000378498 -0.0045438 -0.0194844 -0.0124851 0.0187557 -0.00214205 -0.00133392 -0.022611 0.00114468 0.0335779 0.000278833 -0.00718443 -0.0268992 0.000607982 -0.0237096 0.000734479 -0.00263656 -0.0189175 0.000472808 -0.0858524 0.0299399 0.0585789
internal_weight=4042.96 3728.34 314.62 43.5718 39.415 9.64813 271.048 266.98 29.7669 233.995 11.1591 3717.19 157.012 29.4309 3560.17 18.4237 3541.75 127.582 32.9843 4.80134 4.15677 3.09151 6.35772
internal_count=33604 31276 2328 529 467 141 1799 1764 326 1496 130 31146 1108 311 30038 118 29920 797 268 90 62 52 40
is_linear=0
shrinkage=0.05


Tree=253
num_leaves=20
num_cat=0
split_feature=1 8 1 1 8 1 7 6 4 0 9 2 3 1 0 4 2 2 11
split_gain=2.87915 3.57998 3.73122 8.3134 6.75732 6.70451 5.47995 4.96219 4.61837 3.18172 3.66763 5.69364 1.94281 1.44328 1.24775 1.81412 1.9406 5.38605 1.98661
threshold=5.0769230769230775 0.30094339622641514 6.2590299277605785 6.8090909090909095 0.087082912032355922 8.4868421052631593 0.058745098039215689 0.11713596441629916 4.4004405286343617 30.500000000000004 0.10519881611118261 12.247448979591839 0.83889506859473506 15.184659090909092 8.5000000000000018 5.534959349593497 1.0200000000000002 0.2678571428571429 76.340498106060636
decision_type=2 2 2 2 2 2 2 2 2 2 2 2 2 2 2 2 2 2 2
left_child=14 2 4 8 7 -5 -6 -2 -4 10 12 -12 -3 -11 -1 16 17 -16 -18
right_child=1 9 3 5 6 -7 -8 -9 -10 13 11 -13 -14 -15 15 -17 18 -19 -20
leaf_value=-0.013975760722273928 -0.076651692223580106 0.0038691992391206771 0.019375118589338446 -0.0069937659337194246 -0.016312257305714759 0.00050628185245428189 0.0091328306689946685 -0.017204455329984256 -0.0019694690413056223 -0.080566467668164082 -0.0043231475069176566 0.070971184302045839 -0.024730388454153238 -0.019522793866874135 -0.012703747292208484 -0.021161564282682437 -0.0072367198688463863 0.050777466792719807 0.019861746638622124
leaf_weight=4.3181707449257365 5.8383194978814563 7.5838621426373711 86.254529994737823 326.71502617094666 44.179112649988383 3387.2992461578106 40.609757229569368 8.8035744114313257 35.886687409132719 2.3777792733162633 12.833314875140784 3.1214581914246073 27.364151701331139 1.6335043155122546 4.8538397969678035 3.384470395743846 11.2861413161736 10.72281035222113 16.877289948053658
leaf_count=23 39 51 678 2086 302 29253 242 53 206 23 98 20 197 29 28 18 73 65 120
internal_value=-4.62393e-06 -0.000156139 2.07636e-05 0.000268621 -0.00954188 -0.000153484 -0.00412529 -0.0409085 0.0131038 -0.0128344 -0.00945585 0.0104077 -0.0185242 -0.0557078 0.0117487 0.0141059 0.0168347 0.0309961 0.00900238
internal_weight=4041.94 3990.5 3935.59 3836.16 99.4308 3714.01 84.7889 14.6419 122.141 54.9141 50.9028 15.9548 34.948 4.01128 51.4427 47.1246 43.7401 15.5767 28.1634
internal_count=33604 33277 32859 32223 636 31339 544 92 884 418 366 118 248 52 327 304 286 93 193
is_linear=0
shrinkage=0.05


Tree=254
num_leaves=22
num_cat=0
split_feature=7 0 10 6 3 1 1 1 0 1 6 1 3 4 10 0 0 9 6 4 4
split_gain=2.79689 3.0594 10.2986 8.07814 8.69072 6.92028 22.5139 16.4327 14.2865 11.906 10.0218 4.42081 4.26289 2.64939 2.04348 2.61636 2.48119 5.14212 2.55374 1.57006 0.660003
threshold=0.17445652173913045 20.500000000000004 0.027100470035252646 0.026385407964355335 0.96609195402298864 8.4868421052631593 10.327956989247314 7.3484848484848486 16.500000000000004 14.489130434782611 0.099714868278892962 20.788888888888895 0.84178433889602056 3.4483647351581945 0.010537419498112372 10.500000000000002 13.500000000000002 0.065615168074184479 0.056845109866436885 3.9584566074950698 4.5932768361581937
decision_type=2 2 2 2 2 2 2 2 2 2 2 2 2 2 2 2 2 2 2 2 2
left_child=1 5 3 11 -5 7 8 12 -7 -8 -9 -3 -1 -4 15 20 17 -17 -18 -15 -2
right_child=14 2 13 4 -6 6 9 10 -10 -11 -12 -13 -14 19 -16 16 18 -19 -20 -21 -22
leaf_value=0.019758728000664534 -0.06722451814680791 -0.017091595527935561 0.010025594876199147 0.00029742664526945906 -0.02690334804236566 0.0053959852846496292 -0.0099644929758858549 -0.0051296813982618407 0.026153665337531586 0.0056814588481501607 -0.034711008553739993 0.012066708843160282 0.00098368080488220105 -0.079152193144516506 -0.042852634438187598 0.056216611758701254 0.0070564036347625985 -0.011365733376316446 -0.021744556645313422 -0.037975448060374284 -0.022660196301000787
leaf_weight=34.172197032952681 2.1452033831737931 102.7560385519173 1.6039290763437737 2596.399468460877 29.701145289465785 181.67227333877236 238.54277110099792 60.501380041241646 152.44879331346601 248.00770975602791 54.35549595579505 14.88187723548617 262.27198020741343 4.8671157918870431 4.6796086002141228 4.562884181737898 11.656843236647545 7.3458274928852916 22.655378959607333 4.4149196513462812 1.3560035945847628
leaf_count=339 33 825 11 24111 271 1118 1551 311 1257 1316 295 154 1540 37 33 24 75 62 160 63 18
internal_value=-4.34854e-06 0.000149314 -0.000776996 -0.000584426 -1.02136e-05 0.00222049 0.00487343 -0.00307292 0.0148671 -0.00198934 -0.0191289 -0.0134029 0.00314795 -0.0493131 -0.0112649 -0.00829196 -0.00513526 0.0145288 -0.01196 -0.0595668 -0.0499649
internal_weight=4041 3986.6 2754.62 2743.74 2626.1 1231.97 820.672 411.301 334.121 486.55 114.857 117.638 296.444 10.886 54.4017 49.7221 46.2209 11.9087 34.3122 9.28204 3.50121
internal_count=33604 33199 25472 25361 24382 7727 5242 2485 2375 2867 606 979 1879 111 405 372 321 86 235 100 51
is_linear=0
shrinkage=0.05


Tree=255
num_leaves=29
num_cat=0
split_feature=0 3 10 7 7 6 8 0 3 1 8 0 7 1 3 7 3 0 9 7 4 8 5 0 3 8 7 4
split_gain=2.79118 12.1637 5.00366 12.5472 7.03406 7.49283 5.54832 5.46738 4.7253 5.76689 4.32086 4.80876 3.53105 3.15291 3.78814 3.44695 3.06152 10.5279 7.35285 2.41694 3.94915 3.39145 2.19702 2.43118 1.76348 1.22686 0.510785 0.0124531
threshold=171.50000000000003 0.55889894419306196 1.0000000180025095e-35 0.064243767835664267 0.069013145361021169 0.044473531122745789 0.11434624697336564 224.50000000000003 0.52393684746625935 12.674242424242426 0.16133299197815329 23.500000000000004 0.030803117587258563 26.552380952380958 0.60496913580246925 0.029895433014567884 0.91723744292237452 28.500000000000004 0.15221152399578761 0.060646038218597591 4.0135594778451926 0.13957263666565994 0.0044543650793650797 168.50000000000003 0.50584815321477439 0.071599453178400566 0.072615108905431505 4.0380349608197719
decision_type=2 2 2 2 2 2 2 2 2 2 2 2 2 2 2 2 2 2 2 2 2 2 2 2 2 2 2 2
left_child=1 10 4 19 8 -6 26 -8 12 -10 11 -1 -2 16 -15 -16 18 -18 -3 20 -4 -21 23 -12 -7 -13 -5 -24
right_child=2 13 3 6 5 24 7 -9 9 -11 22 25 -14 14 15 -17 17 -19 -20 21 -22 -23 27 -25 -26 -27 -28 -29
leaf_value=-0.096578815235172533 0.054670867795318205 0.0021797633996088646 0.014333681376769153 -0.014786857375405839 0.097610030772199166 -0.009774839915652974 0.064571776862043698 0.018238240639942026 -0.080290392719816542 -0.0097954366068316312 0.0060369385940630292 -0.018987134764861691 0.0041215267398485326 0.031842236556984836 0.0007501834176556842 -0.02337404574813674 -0.0012799758040598357 -0.031518868835884943 -0.0048557927238183675 0.027218561549170801 -0.017450743244762746 -0.059338476629508467 0.053127907556470622 -0.10161637445819945 -0.048025269766994561 0.05112984722515878 -0.060921576967124351 0.060892624875072514
leaf_weight=0.58553106768522667 4.1214895654702586 2333.4484321125783 14.625354993797371 1.0334946941584378 1.0006211863365049 3.5612860464025315 10.652139513986187 15.826681055827065 3.032420825213193 67.001129576005042 12.287230022775471 0.64503192622214811 21.354431452054996 4.8531814794987431 24.186686452943832 38.181817300850525 930.77437066147104 29.702534823678434 441.65096658142284 1.4641974994447071 29.453910792828538 4.9830345211084932 1.0345199171570123 0.54783156258054155 19.581677217967808 19.008462379861157 1.43023112823721 1.0309987388318402
leaf_count=15 233 17984 431 23 19 126 128 214 19 900 669 58 712 39 213 571 5627 372 3184 24 421 55 70 16 255 1178 27 21
internal_value=-4.04035e-06 0.000295422 -0.00577597 0.00394965 -0.0122353 -0.0363474 0.0302 0.0368777 -0.00614014 -0.0128478 0.0295778 0.0446218 0.0122994 2.48391e-05 -0.0107076 -0.0140186 0.000217969 -0.00221511 0.00106007 -0.011087 -0.00690478 -0.039681 0.00914399 0.00144203 -0.0421392 0.0488286 -0.0415688 0.0570036
internal_weight=4037.06 3837.94 199.122 79.469 119.653 24.1436 28.9425 26.4788 95.5095 70.0336 35.1396 20.239 25.4759 3802.8 67.2217 62.3685 3735.58 960.477 2775.1 50.5265 44.0793 6.44723 14.9006 12.8351 23.143 19.6535 2.46373 2.06552
internal_count=33604 30017 3587 1323 2264 400 392 342 1864 919 2027 1251 945 27990 823 784 27167 5999 21168 931 852 79 776 685 381 1236 50 91
is_linear=0
shrinkage=0.05


Tree=256
num_leaves=20
num_cat=0
split_feature=2 0 3 3 0 1 0 3 0 11 0 1 11 2 0 9 3 0 8
split_gain=2.76799 4.8683 3.19622 3.03111 2.99424 4.79073 5.79522 4.0493 7.39901 6.85659 2.86737 2.31358 1.78808 1.54429 0.739481 0.706312 0.587546 0.00473969 0.000175537
threshold=214.72722222222225 51.500000000000007 0.74298820445609448 0.42226648959716695 287.50000000000006 15.902380952380954 355.50000000000006 0.64524074368345785 175.50000000000003 66.214572368421088 343.50000000000006 22.341666666666672 55.180329131652677 304.08875000000006 324.50000000000006 0.11829471452370137 0.57243878060969522 298.50000000000006 0.41421568627450983
decision_type=2 2 2 2 2 2 2 2 2 2 2 2 2 2 2 2 2 2 2
left_child=3 2 -2 14 7 15 -7 9 -9 -5 11 16 -13 -4 17 -6 -3 18 -1
right_child=1 10 13 4 5 6 -8 8 -10 -11 -12 12 -14 -15 -16 -17 -18 -19 -20
leaf_value=0.050292779963255131 0.070521647206682511 -0.016270635035942289 -0.02907936495844736 0.020960416829559469 -0.032389708714161879 -0.015742004742114731 0.040624930125744814 -0.00022512737877068657 -0.04516775175744836 0.0023230652166167753 0.051368451252460083 0.004181184638074013 -0.026781887494263093 0.032274168663522278 -0.061532661676843507 -0.061725563151248143 -0.054975348086225756 0.055881602189068652 0.052691742222782202
leaf_weight=2.8792809074511756 2.4538801459129891 1.1572669865563572 2.2800716571509838 57.015849136514589 3.9184848228469473 22.69895358057693 5.7062859013676634 3523.5334510598332 9.1817777873948199 367.00249441270716 1.2726811124011863 6.8377663849387345 14.658266327809541 1.8641836680471895 0.15229587256908406 4.3071524794213474 6.4198492686264217 0.44676212593913067 0.078328303992748149
leaf_count=935 19 31 24 507 47 404 32 24685 140 6075 13 178 329 22 1 48 106 6 2
internal_value=-4.34764e-06 -0.0136277 0.0252971 0.000121574 8.04818e-05 -0.014149 -0.00441854 0.000212216 -0.000341936 0.00482915 -0.0220911 -0.0253068 -0.0169327 -0.0014811 0.0462593 -0.0477507 -0.0490639 0.0510814 0.0503563
internal_weight=4033.87 36.944 6.59814 3996.92 3993.36 36.6309 28.4052 3956.73 3532.72 424.018 30.3458 29.0731 21.496 4.14426 3.55667 8.22564 7.57712 3.40437 2.95761
internal_count=33604 722 65 32882 31938 531 436 31407 24825 6582 657 644 507 46 944 95 137 943 937
is_linear=0
shrinkage=0.05


Tree=257
num_leaves=23
num_cat=0
split_feature=4 11 11 8 0 0 3 8 1 3 9 11 6 9 0 11 1 6 5 2 2 9
split_gain=2.74944 4.89579 4.9943 5.15508 6.18888 4.66235 13.3898 9.62646 8.13559 6.65249 6.06618 6.03719 4.43281 3.15812 3.51756 3.24917 3.54316 3.3632 2.5315 1.85639 1.3276 1.27294
threshold=3.4005813953488375 91.823367461272397 114.70708333333336 0.17025922140667102 62.500000000000007 28.500000000000004 0.8239268680445152 0.11342372000346532 7.506756756756757 0.92380261248185791 0.15912105136243068 90.95864774933581 0.030395417590539545 0.23132664437012265 16.500000000000004 87.038159870250269 18.433035714285719 0.17124060150375944 0.0033167587071791607 12.942122781065091 6.2249770431588622 0.099536788831464065
decision_type=2 2 2 2 2 2 2 2 2 2 2 2 2 2 2 2 2 2 2 2 2 2
left_child=13 5 3 12 -5 9 7 -7 -8 10 -2 -11 -3 15 -15 16 19 18 -17 -1 -19 -18
right_child=1 2 -4 4 -6 6 8 -9 -10 11 -12 -13 -14 14 -16 17 21 20 -20 -21 -22 -23
leaf_value=-0.059687642372146514 0.0082724506800025636 -0.015740157208020578 0.048102152406712249 -0.0085963840841007354 -0.055064456808479913 -0.010815062915857107 0.0365482606996008 0.0021625198280433582 -0.013268028956304065 -0.00044208684722965629 -0.0041305007699621457 -0.045751281335579284 0.00019050368162360775 -0.077664801560159438 0.0056715271211044771 0.0055405810402693835 0.029217911570466659 0.073874633010785576 0.029930184140301547 -0.0060848716258506104 0.020460914435756337 -0.0091238758093182756
leaf_weight=4.764772244263443 579.98484343616292 48.122440841980278 4.599016548425424 251.5308200889267 7.3755526384338728 160.59171535342466 8.474314028862862 1296.7746619124664 249.28469439456239 596.65261632297188 118.77219368750229 7.4436650052666655 471.6152726226137 2.4003527648746958 2.6799645669525489 194.17363217839738 3.4643366392701846 2.5679465560242525 11.255935026798396 2.4435931029729545 2.1268151183612645 5.7704009711742401
leaf_count=36 3545 315 27 1672 151 1543 51 13294 2512 3630 723 48 3802 16 24 1901 26 28 170 22 29 39
internal_value=-4.48028e-06 -0.000326763 -0.00384909 -0.00415594 -0.00992014 0.000587371 -0.00112546 0.00073248 -0.0116302 0.00284221 0.00616424 -0.00100039 -0.00128451 0.00528402 -0.0337033 0.00615823 -0.0152462 0.00783322 0.00687694 -0.0415166 0.0496772 0.00525973
internal_weight=4032.87 3801.22 783.243 778.644 258.906 3017.98 1715.13 1457.37 257.759 1302.85 698.757 604.096 519.738 231.648 5.08032 226.567 16.4431 210.124 205.43 7.20837 4.69476 9.23474
internal_count=33604 31313 5967 5940 1823 25346 17400 14837 2563 7946 4268 3678 4117 2291 40 2251 123 2128 2071 58 57 65
is_linear=0
shrinkage=0.05


Tree=258
num_leaves=29
num_cat=0
split_feature=1 2 1 4 6 8 10 2 0 3 2 2 0 8 0 3 7 9 9 9 9 1 6 6 3 7 7 3
split_gain=2.70003 4.10322 4.91428 15.7933 5.70639 5.60136 3.8482 4.0491 6.83503 4.7802 4.50716 3.74952 6.40631 3.74384 11.3747 4.26013 3.28605 2.55147 2.32173 4.52036 2.21461 2.01807 4.14727 1.26943 1.61285 0.692787 0.250733 0.161673
threshold=21.468627450980396 151.94572284315876 21.021739130434785 4.3128156565656575 0.04855755894590847 0.17146626460610634 0.0037819102401209074 38.257653061224495 64.500000000000014 0.76967285587975254 254.07636485966938 27.448531855955686 120.50000000000001 0.20020449897750514 31.500000000000004 0.67574992574992587 0.029895433014567884 0.047394429469901175 0.12966123119706738 0.12126782531194298 0.10207389276618266 25.958333333333339 0.06056618819776715 0.062101652255104951 0.68691260430390877 0.048415001674294016 0.016713221601489761 0.59666186916755659
decision_type=2 2 2 2 2 2 2 2 2 2 2 2 2 2 2 2 2 2 2 2 2 2 2 2 2 2 2 2
left_child=1 2 13 4 -4 -5 7 11 9 -9 -10 16 -13 15 -15 -1 -2 -8 19 20 -3 26 -23 27 -25 -21 -19 -20
right_child=6 18 3 5 -6 -7 17 8 10 -11 -12 12 -14 14 -16 -17 -18 21 23 25 -22 22 -24 24 -26 -27 -28 -29
leaf_value=0.0055688963889380036 0.0034215964168064321 -0.0082860631994957148 0.075693605001064396 0.042595557764708622 -0.025281686890531792 0.14357605990937361 0.033966023568898863 0.043137818775711531 0.00094711683015116148 -4.2413020926499088e-05 -0.027637274114228429 -0.066579275374047134 0.0050790388574375126 0.0011727297283479054 -0.012806825560379749 0.0003585302116535878 -0.013353768572071021 -0.083707941793134358 -0.086812010244056007 0.06924834707245997 -0.042477411508631421 0.058034864304276283 -0.055332120117516016 0.010247384417255196 -0.059011944774165541 0.022147229049600127 -0.056024623412241958 -0.061130208661605616
leaf_weight=464.80521436396521 46.759575629141182 15.592078349320227 1.6763731292448927 2.571192178875207 8.4614708709996176 2.9475881988182664 1.2165008299052704 15.496233010897415 105.94334801705554 10.930217727553098 15.854446473647839 7.2066741087473911 5.4988600355572999 502.53336400655098 204.81607283046469 2515.2118597817607 77.70351268351078 0.9784597670659404 0.87282739579677526 1.551125738769769 6.801944966427981 1.2978781992569568 2.1318331924267113 1.7118257852271201 1.6515523293055592 1.5717610316351054 4.9854301926679909 2.0570739388931543
leaf_count=7537 314 193 22 22 100 30 9 121 1409 163 400 75 46 3210 2005 16837 683 9 10 18 113 22 47 21 34 22 90 42
internal_value=-4.21879e-06 0.00036009 0.000513693 0.0284669 -0.00858462 0.0965294 -0.0046009 -0.00350167 0.00222755 0.0252781 -0.00277372 -0.00969266 -0.0355661 0.000395004 -0.00287511 0.00117121 -0.00705143 -0.0341683 -0.0175209 -0.0108126 -0.0186713 -0.0429919 -0.0124316 -0.0447209 -0.0237617 0.0455422 -0.0605665 -0.0687809
internal_weight=4030.84 3734.83 3703.02 15.6566 10.1378 5.51878 296.003 285.393 148.224 26.4265 121.798 137.169 12.7055 3687.37 707.349 2980.02 124.463 10.6101 31.8102 25.5169 22.394 9.3936 3.42971 6.29328 3.36338 3.12289 5.96389 2.9299
internal_count=33604 30216 29763 174 122 52 3388 3211 2093 284 1809 1118 121 29589 5215 24374 997 177 453 346 306 168 69 107 55 40 99 52
is_linear=0
shrinkage=0.05


Tree=259
num_leaves=29
num_cat=0
split_feature=0 3 6 8 8 4 3 0 11 4 4 8 4 1 11 4 6 3 0 0 1 7 10 0 8 9 3 8
split_gain=2.75671 9.24928 5.66857 8.412 12.6214 11.1091 6.88332 8.35126 5.794 4.91846 4.51456 4.4084 4.15342 3.62314 3.73857 4.55351 3.69338 3.37189 9.51461 7.22427 3.27569 3.25339 3.17917 2.90981 4.00749 2.65925 1.36944 1.23921
threshold=150.50000000000003 0.56553015627017966 0.063648420544972287 0.17504208754208758 0.13517763046064937 4.3439680232558144 0.53069073783359511 229.50000000000003 72.615760088535367 4.216271373414231 4.614133648728564 0.19153907337442835 4.1994623655913985 26.552380952380958 59.161545892169464 3.7495247148288979 0.12275320202346358 0.68691260430390877 48.500000000000007 90.500000000000014 27.445054945054945 0.07062020460358058 0.0039318547223481893 21.500000000000004 0.14637945444875011 0.12246368287949187 0.52707940498638184 0.071599453178400566
decision_type=2 2 2 2 2 2 2 2 2 2 2 2 2 2 2 2 2 2 2 2 2 2 2 2 2 2 2 2
left_child=1 23 3 4 22 -6 7 20 10 26 -8 -11 -10 17 16 -16 -15 19 -19 -3 -4 -9 -2 -1 27 -26 -5 -25
right_child=2 13 6 9 5 -7 8 21 12 11 -12 -13 -14 14 15 -17 -18 18 -20 -21 -22 -23 -24 24 25 -27 -28 -29
leaf_value=-0.058241777612682101 -0.030498891948238255 0.010742461399828061 0.033359907536070703 -0.016941813149369756 0.034667352809237863 -0.040023970204487572 -0.0019611115584288567 -0.0005721195300068102 -0.021795206863545056 0.033941072302976737 -0.03447283610338725 -0.026342494565543398 -0.057689706524364649 0.014387081463578309 2.6502379843309138e-05 -0.033952968354095413 -0.041000308797760718 0.00087783256112540357 -0.0067743885843146627 -0.002219813126538735 0.15955873859369832 -0.0478506214389227 0.041235882150508774 -0.015477196480181921 0.0024006193935037132 0.040780189493559806 -0.0523713960713105 0.054367657132990889
leaf_weight=0.99036172695923497 15.295648601138966 221.91874256636947 14.161940015619617 3.9351732650538933 45.402531548752449 5.5913416454568496 66.692966387607157 15.923387839284262 42.973226271569729 5.8909094429109228 12.713003429118542 6.2503449483774602 9.9194584395736438 17.927494235336784 16.241209554485977 25.09175880625844 3.6171000418253234 2764.8503307083156 476.17519380711019 208.46523313131183 0.53357364097610194 4.7165131863439447 1.7180026257410634 0.67022255872143333 13.736707886622755 6.7219212126219636 8.8865863159298879 12.104570284544023
leaf_count=23 243 2831 814 105 577 70 761 628 503 77 180 98 137 258 126 327 56 17587 4448 1686 10 106 35 57 777 209 129 746
internal_value=-4.87219e-06 0.000339055 -0.00497829 0.00492374 0.0140358 0.0264776 -0.01047 0.00913472 -0.0157062 -0.0199006 -0.00716628 0.00290696 -0.0285268 0.000101918 -0.0117989 -0.0206012 0.00508815 0.000305735 -0.000246441 0.00446392 0.037942 -0.0113759 -0.0232553 0.026214 0.0287308 0.0150107 -0.0414976 0.0507033
internal_weight=4029.12 3768.51 260.605 92.9705 68.0075 50.9939 167.634 35.3354 132.299 24.963 79.406 12.1413 52.8927 3734.29 62.8776 41.333 21.5446 3671.41 3241.03 430.384 14.6955 20.6399 17.0137 34.2238 33.2334 20.4586 12.8218 12.7748
internal_count=33604 29131 4473 1334 925 647 3139 1558 1581 409 941 175 640 27319 767 453 314 26552 22035 4517 824 734 278 1812 1789 986 234 803
is_linear=0
shrinkage=0.05


Tree=260
num_leaves=14
num_cat=0
split_feature=8 1 0 11 8 9 8 8 9 8 9 6 2
split_gain=2.71567 2.80212 3.79537 3.08497 5.10428 3.40028 3.15472 5.30271 4.18436 1.5313 2.87642 0.287138 0.211139
threshold=0.41421568627450983 41.125000000000007 33.500000000000007 31.711447368421066 0.24345262580556701 0.073968855218855226 0.04819976771196284 0.062940140845070436 0.22886904761904764 0.1515593250287128 0.070894063773943167 0.13034344172451592 344.27551020408174
decision_type=2 2 2 2 2 2 2 2 2 2 2 2 2
left_child=1 3 -3 4 5 -1 8 -8 -5 10 -4 -6 -11
right_child=-2 2 9 6 11 -7 7 -9 -10 12 -12 -13 -14
leaf_value=0.066393423205226204 -0.054243592672148969 0.063801870273007835 0.074453381374504413 -0.0066597550438791805 -0.011606733550017245 0.0037372070817832167 0.012146830977598156 -7.9038392777504556e-05 -0.050300345481832369 -0.062386971313592644 -0.040567549354427371 -0.039769943274281822 -0.038053098007526077
leaf_weight=6.0120204687118513 2.3065059799700967 0.99389442801475336 0.73583817214239422 69.987641001993325 1.7664323879871511 3.3842351511120796 90.791410785051994 3833.2160760056868 5.960514005739241 3.796886486466974 2.0800211455207318 1.8559282794594762 1.1649238700047133
leaf_count=45 29 17 17 452 26 38 609 32156 49 61 49 14 42
internal_value=-5.23552e-06 2.58706e-05 -0.0282035 8.75744e-05 0.0243877 0.0438266 8.48515e-06 0.000203837 -0.0100847 -0.0399607 -0.0105104 -0.0260362 -0.0566739
internal_weight=4024.05 4021.75 8.77156 4012.97 13.0186 9.39626 3999.96 3924.01 75.9482 7.77767 2.81586 3.62236 4.96181
internal_count=33604 33575 186 33389 123 83 33266 32765 501 169 66 40 103
is_linear=0
shrinkage=0.05


Tree=261
num_leaves=22
num_cat=0
split_feature=7 0 3 10 7 7 8 3 8 9 8 10 9 0 5 11 11 4 8 6 1
split_gain=2.61514 2.67628 10.3338 4.6817 11.2848 6.60338 4.85314 4.83822 4.03714 4.45865 2.68834 4.33028 3.5136 2.34403 2.11683 2.05077 2.5032 2.9711 2.69443 1.8147 1.39477
threshold=0.17445652173913045 171.50000000000003 0.55889894419306196 1.0000000180025095e-35 0.064243767835664267 0.075030266343825688 0.11434624697336564 0.52707940498638184 0.16133299197815329 0.17249008239243213 0.23821860350357763 0.010537419498112372 0.10310889175257733 173.50000000000003 0.0044543650793650797 101.36775724637684 92.384384057971047 3.6658914728682173 0.052982456140350888 0.062589031339031362 8.2638888888888911
decision_type=2 2 2 2 2 2 2 2 2 2 2 2 2 2 2 2 2 2 2 2 2
left_child=1 2 8 5 13 7 -6 -3 9 -1 12 -12 -4 -5 -10 16 17 -2 -19 -7 -18
right_child=15 3 10 4 6 19 -8 -9 14 -11 11 -13 -14 -15 -16 -17 20 18 -20 -21 -22
leaf_value=0.048596489678902927 -0.056540016324733336 0.0096603083325545649 0.0024584314871812646 -0.068212754470799122 -0.039919672556451097 -0.017261296902497975 0.034547173300322823 -0.014287305682903853 0.00078698172668358155 -0.066795168916497769 -0.0061686977543631595 0.014266483185147297 -0.00077931858111651567 -0.0085865310975797773 0.056620728019946526 -0.042321394789680347 0.039667440569216263 -0.045678482056220104 -0.0039963230704327867 -0.05559187329025389 2.7227170529282564e-05
leaf_weight=18.101318474131407 3.62128663342446 29.529093734745402 1455.4531069796067 1.7069026383105654 2.3815957700135213 4.491205677855759 26.908347873715684 73.810391400009394 12.638063261983914 0.87772455625235934 280.0896914228797 28.567904400639236 1974.9181165250484 47.98757484316593 1.9609989383025084 4.7446019258350125 3.6228138259612006 4.4120731847360721 31.975246677175164 9.8820724665420112 5.727007913403213
leaf_count=1215 21 1020 10683 19 50 64 342 981 684 34 2005 175 14727 912 91 32 22 29 262 197 39
internal_value=-5.04476e-06 0.00014378 0.000440234 -0.00554214 0.00387488 -0.0118609 0.0284922 -0.00744431 0.0280543 0.04326 0.000192247 -0.00427731 0.000594408 -0.0106346 0.00828677 -0.0109236 -0.00790552 -0.0133488 -0.00905041 -0.0436148 0.0153868
internal_weight=4023.41 3969.3 3772.61 196.697 78.9844 117.713 29.2899 103.339 33.5781 18.979 3739.03 308.658 3430.37 49.6945 14.5991 54.103 49.3584 40.0086 36.3873 14.3733 9.34982
internal_count=33604 33199 29614 3585 1323 2262 392 2001 2024 1249 27590 2180 25410 931 775 405 373 312 291 261 61
is_linear=0
shrinkage=0.05


Tree=262
num_leaves=19
num_cat=0
split_feature=1 4 5 8 4 8 4 9 0 3 1 4 3 9 4 4 4 8
split_gain=2.60181 3.26378 3.51634 4.71418 3.73201 3.33428 4.02565 3.60833 2.82814 2.23168 4.54499 3.03219 1.22205 2.27059 2.2601 3.89392 2.89195 0.276961
threshold=5.0769230769230775 5.1012195121951232 0.050641025641025648 0.062940140845070436 3.6431878306878311 0.30094339622641514 5.0645833333333341 0.10519881611118261 9.5000000000000018 0.93405797101449284 6.0357142857142865 5.1489511899959668 0.84178433889602056 0.061925832279814588 3.7495247148288979 3.9334498834498839 4.2118435334390929 0.13277793141592922
decision_type=2 2 2 2 2 2 2 2 2 2 2 2 2 2 2 2 2 2
left_child=12 2 5 -4 -5 6 -2 -7 -3 10 -10 -11 13 -1 -14 -16 -17 -15
right_child=1 8 3 4 -6 7 -8 -9 9 11 -12 -13 14 17 15 16 -18 -19
leaf_value=-0.012830642829145976 0.00024622768651809737 0.024937749716168536 0.04151370614288296 -0.062267132959521437 -0.014766381899139584 -0.022263249619321301 0.032932203449538809 0.0075054527830916975 0.079704893672545116 -0.069544392535126079 -0.0093234286421951026 -0.018526147041841686 0.044048505580625737 0.040110727922570401 -0.047364543391282661 0.041955779158881185 0.0034921010454941979 0.065827770209894054
leaf_weight=1.9198329856153566 3820.6952281336708 4.9361711591482154 3.0545378215611008 5.150778763927522 20.969120804686099 32.722073047887534 9.4433232303708774 14.776245856657622 1.5115409269928957 3.2820199467241791 27.788269023760222 25.857466578483582 4.0374668389558783 2.1157743607182056 3.2855114303529254 5.7730033993720999 31.836548209190369 2.072388656437397
leaf_count=31 32130 37 19 39 134 245 66 108 8 28 244 219 27 22 22 33 172 20
internal_value=-4.9559e-06 -0.000149161 3.34278e-05 -0.0172602 -0.0241334 0.000163541 0.000326816 -0.0130025 -0.0114049 -0.0144747 -0.00473057 -0.0242724 0.011212 0.032196 0.00835953 0.00483605 0.00939621 0.052836
internal_weight=4021.23 3970.19 3906.81 29.1744 26.1199 3877.64 3830.14 47.4983 63.3755 58.4393 29.2998 29.1395 51.0405 6.108 44.9325 40.8951 37.6096 4.18816
internal_count=33604 33277 32741 192 173 32549 32196 353 536 499 252 247 327 73 254 227 205 42
is_linear=0
shrinkage=0.05


Tree=263
num_leaves=28
num_cat=0
split_feature=0 3 6 8 11 11 7 0 3 1 3 0 7 6 6 0 3 8 8 2 8 1 0 7 2 3 8
split_gain=2.51868 4.95649 4.47135 3.92585 5.6823 4.471 2.60343 5.13634 6.01417 5.97663 3.73071 11.5551 6.56401 2.42173 5.18915 2.44104 1.89778 1.14552 1.826 0.823762 0.608971 0.504782 0.0147978 0.0134695 0.000643782 0.000791571 0.000191909
threshold=285.50000000000006 0.46035674996071041 0.067821608919554036 0.18608319272247087 74.618727688664549 64.437973148713567 0.075030266343825688 24.500000000000004 0.73710792131844771 6.3611111111111116 0.88029850746268667 30.500000000000004 0.073790007806401256 0.08891883797544177 0.097602036626426886 329.50000000000006 0.5133894728215217 0.15471908187735531 0.14547859547859551 1.0000000180025095e-35 0.20020449897750514 18.433035714285719 329.50000000000006 0.064243767835664267 67.737947530864218 0.44916643512086701 0.37668918918918926
decision_type=2 2 2 2 2 2 2 2 2 2 2 2 2 2 2 2 2 2 2 2 2 2 2 2 2 2 2
left_child=1 19 3 4 5 -2 10 8 -8 -9 12 -12 -3 17 15 -15 -6 18 -4 -1 -19 -5 -23 -16 26 -26 -21
right_child=2 6 13 21 16 -7 7 9 -10 -11 11 -13 -14 14 23 -17 -18 20 -20 24 -22 22 -24 -25 25 -27 -28
leaf_value=-0.02048405420628677 -0.035476598810566772 0.0016201266668721195 -0.05506171436534283 -0.011870915783768261 -0.0038943534300641966 0.047031613993765237 -0.040868828968105397 0.073298277549160171 0.002032147563987684 -0.0062288614402333277 -0.00052743380400142479 -0.026007310321861838 0.02245966290547359 0.0026961917212777551 -0.052941003283434734 0.091296823198242727 -0.055479584322526435 -0.058509475007952706 0.011953219876315258 0.050301710554240348 -0.019168930324799258 -0.053342488573688646 -0.06079053210020742 -0.060157622500865808 0.0507434618729685 0.053434110566166315 0.052943688163625616
leaf_weight=0.43925816938280959 1.9735527522862018 1975.8404464658815 2.0035365450894487 0.82007800787687246 5.1649270148482165 9.7709381040185672 8.3038217490538937 2.3740731775760642 504.03792662965134 483.20590742793866 914.02862898912281 46.772570975124836 38.522882427088916 1.92512021632865 1.5069516233634206 1.3039512038230894 2.7228629356250167 7.4211072972975654 2.0632588900625706 4.2837722459516954 1.1339993937872348 1.4957543062046172 1.2034486457705496 1.1325030159205196 0.8210941854631526 0.40976030845195055 0.069855548441409954
leaf_count=22 31 17476 49 13 61 102 87 14 3195 4386 5416 548 302 45 33 17 52 140 39 1351 28 39 13 16 112 15 2
internal_value=-4.71256e-06 0.000123307 -0.0122376 0.00240459 0.011122 0.0331669 5.45946e-05 -0.00215537 0.00133683 -0.00584004 0.000795857 -0.00176781 0.00201866 -0.0305709 -0.00403357 0.0384746 -0.0217016 -0.0429094 -0.0210622 0.0454439 -0.0532948 -0.0462255 -0.0566632 -0.0560374 0.0506295 0.0516392 0.0503441
internal_weight=4020.75 3979.11 41.642 23.1516 19.6323 11.7445 3973.09 997.922 512.342 485.58 2975.16 960.801 2014.36 18.4904 5.86853 3.22907 7.88779 12.6219 4.0668 6.02374 8.55511 3.51928 2.6992 2.63945 5.58448 1.23085 4.35363
internal_count=33604 32926 678 311 246 133 31424 7682 3282 4400 23742 5964 17778 367 111 62 113 256 88 1502 168 65 52 49 1480 127 1353
is_linear=0
shrinkage=0.05


Tree=264
num_leaves=19
num_cat=0
split_feature=1 0 3 0 3 9 3 10 0 8 8 9 3 2 1 9 2 0
split_gain=2.49192 3.48285 2.65625 2.72765 7.89677 5.73642 4.8965 3.99837 2.84841 1.612 1.31839 2.49413 0.605481 0.303267 0.194721 0.0819064 0.0253206 0.00161443
threshold=41.125000000000007 33.500000000000007 0.39734808570425012 199.50000000000003 0.55364521841794578 0.084362767525799409 0.61663372859025045 0.0012292567643121151 117.50000000000001 0.1993975577152354 0.1515593250287128 0.077071577071577094 0.73141238253178564 529.45918367346951 32.690476190476197 0.06064283612827303 846.40500000000009 300.50000000000006
decision_type=2 2 2 2 2 2 2 2 2 2 2 2 2 2 2 2 2 2
left_child=2 -2 14 4 7 9 -7 -4 -6 -5 11 -3 -13 15 16 -12 17 -1
right_child=1 10 3 5 8 6 -8 -9 -10 -11 13 12 -14 -15 -16 -17 -18 -19
leaf_value=0.050448398301441745 0.062894301711149667 0.067477723559648803 0.015092943727323553 -0.053734713065313244 0.00037753673447274362 -0.0010771303185764427 -0.03654874966338699 0.056811989996317404 -0.0053359469902904098 -0.0020360253588008969 -0.073487957858391365 -0.064096633198121047 -0.0086277364288220165 -0.030095167835157862 -0.02777979562190664 -0.056322210370166929 0.067836105354874707 0.054373681239563001
leaf_weight=2.0128161711909347 0.95816558180376699 0.7459074015496302 33.487974809657317 7.9040896365186182 3600.0291139762849 114.60381653672084 10.631410167552529 6.9320568876573807 232.21351481042802 1.86324220825918 0.91376733826473389 1.1176056494005022 0.8788419747725128 1.0505411555059252 0.077670056372880825 2.9014830598607659 0.2458580657839774 0.30114055052399624
leaf_count=643 17 19 1588 154 26218 1931 177 399 2255 36 10 25 22 35 4 62 4 5
internal_value=-4.87061e-06 -0.0269436 5.26725e-05 1.9661e-05 0.000263209 -0.00696672 -0.00408837 0.0222478 3.133e-05 -0.0438725 -0.0382577 -0.0105329 -0.0396791 -0.0538833 0.0502137 -0.0604335 0.0525802 0.0509592
internal_weight=4018.87 8.56631 4010.3 4007.67 3872.66 135.003 125.235 40.42 3832.24 9.76733 7.60815 2.74236 1.99645 4.86579 2.63748 3.81525 2.55981 2.31396
internal_count=33604 190 33414 32758 30460 2298 2108 1987 28473 190 173 66 47 107 656 72 652 648
is_linear=0
shrinkage=0.05


Tree=265
num_leaves=25
num_cat=0
split_feature=8 8 2 8 0 3 8 9 6 11 4 6 2 4 5 6 0 1 1 3 2 2 6 0
split_gain=2.43017 4.88294 5.53602 5.0543 6.90004 8.83203 6.7154 4.35492 6.01416 7.26935 4.61569 4.32996 5.71402 4.31948 4.04142 5.49467 4.06505 3.45081 5.08251 3.64916 3.0674 1.67662 2.14005 0.731449
threshold=0.04819976771196284 0.062940140845070436 41.104739416427734 0.083527131782945754 12.500000000000002 0.98888888888888904 0.075171232876712332 0.11756669881067182 0.047386242129024599 99.523408114256867 3.3892720306513415 0.14322344322344324 26.361748977665936 4.1662062615101298 0.044949494949494954 0.15821566110397947 10.500000000000002 8.8660714285714306 14.324561403508774 0.84877072612921689 0.87301587301587313 12.579861111111112 0.033389074693422525 12.500000000000002
decision_type=2 2 2 2 2 2 2 2 2 2 2 2 2 2 2 2 2 2 2 2 2 2 2 2
left_child=7 2 11 4 6 -6 -3 8 23 13 21 12 -2 -10 16 -16 -5 19 -19 -12 -13 22 -9 -1
right_child=1 3 -4 14 5 -7 -8 10 9 -11 17 20 -14 -15 15 -17 -18 18 -20 -21 -22 -23 -24 -25
leaf_value=0.081469185740272482 0.0040314348821368284 0.033350076349965466 -0.046790085128639775 -0.01393914409590136 -0.010510066767318541 -0.063871403862913526 -0.013063715341180775 -0.012749342869536551 0.028730267826483892 -0.065804963325165264 -0.0092332331207333907 0.070056087320652355 0.061786940974812334 -0.02158104826130678 -0.0050406427328781372 -0.047935360169869982 0.00064263655992382609 -0.0025777269594317023 -0.056825630611793812 -0.063480142605885068 0.023859317418514204 -0.025163412070990432 0.038682844902190816 0.040395811962938594
leaf_weight=2.2259186580777195 61.714901386527345 17.090446647256616 3.8810294757131478 48.438345032278448 119.88697753724409 8.2906240983866137 14.325790836475788 3.1043650854844582 11.551218664855702 3.8045384410070247 4.6402572242077431 4.6469140398548943 4.601798969320952 6.7645210293121627 31.014940492343158 9.8326133014634234 3600.1387776331103 19.649850881425667 5.5336130051873615 9.3406130066141468 15.847165841085369 2.5583926443941882 5.8036741688847542 2.1127720683580264
leaf_count=15 389 92 37 431 835 56 125 24 71 26 30 31 37 41 203 58 30665 125 48 60 121 16 37 31
internal_value=-4.71789e-06 0.000167316 0.0116348 -0.000102885 -0.00881446 -0.0139615 0.0121854 -0.0087966 0.00764268 -0.00291467 -0.0173875 0.0142468 0.00803916 0.0101489 0.000273952 -0.015366 0.000449049 -0.0255562 -0.0144977 -0.0454756 0.0343342 0.010513 0.0207592 0.0614681
internal_weight=4016.8 3939.71 90.6918 3849.02 159.594 128.178 31.4162 77.0897 26.459 22.1203 50.6308 86.8108 66.3167 18.3157 3689.42 40.8476 3648.58 39.1643 25.1835 13.9809 20.4941 11.4664 8.90804 4.33869
internal_count=33604 33080 615 32465 1108 891 217 524 184 138 340 578 426 112 31357 261 31096 263 173 90 152 77 61 46
is_linear=0
shrinkage=0.05


Tree=266
num_leaves=29
num_cat=0
split_feature=7 2 10 1 1 4 6 2 8 7 0 3 10 8 11 3 3 0 11 1 8 6 1 8 1 8 9 4
split_gain=2.39844 5.36149 5.99186 5.66687 6.24718 6.36868 4.16595 4.48192 3.92127 3.03801 2.95828 14.2278 7.8171 7.99315 7.32967 12.5514 5.49862 13.0612 6.83491 5.017 4.56974 6.01782 3.78075 2.68055 2.60989 2.36618 0.947268 0.89308
threshold=0.13367697594501721 18.688750000000002 0.0036122830672871997 9.9479578392621892 12.628289473684212 3.883824750830565 0.037113559840832575 8.5153061224489814 0.16646291768541158 0.15849282296650721 43.500000000000007 0.79674258474576287 0.015414315414315417 0.17463783184307205 56.980480769230809 0.81861471861471868 0.88284313725490204 29.500000000000004 87.556394251089714 15.256578947368423 0.075171232876712332 0.18808962264150947 10.604347826086958 0.13752323420074353 14.212406015037596 0.1210564291401274 0.096729638210657651 3.9731662826420897
decision_type=2 2 2 2 2 2 2 2 2 2 2 2 2 2 2 2 2 2 2 2 2 2 2 2 2 2 2 2
left_child=10 2 6 9 5 -5 25 -8 26 -3 16 12 13 -12 15 -13 20 18 -18 -19 21 -1 -22 -6 -16 -2 -4 -14
right_child=1 3 8 4 23 -7 7 -9 -10 -11 11 14 27 -15 24 -17 17 19 -20 -21 22 -23 -24 -25 -26 -27 -28 -29
leaf_value=-0.010017392890614617 -0.044380753275849907 -0.078952042900371999 -0.030591536648502372 0.054143505392653626 -0.054264350628169859 -0.014251750719057158 -0.00031537940574720354 0.022564284784655376 0.013040053479318046 -0.026703065676238109 0.0028041150199043748 0.12855087284783509 -0.074561069480149691 -0.005980945603994774 -0.015953060716372983 -0.034258463433660576 0.003386652250642449 -0.033291887666533709 -0.0043169715781415053 -0.00093522238771200647 0.00063772452516944222 0.053322861795057547 0.0064179598030018829 -0.0067147026412725233 -0.033230725694184553 -0.0042735116430474727 -0.059539789025281599 -0.034308716657128049
leaf_weight=87.273861930822022 6.670309219043701 5.4663866218179447 5.4548763837665302 5.618717702105644 7.6124083506874722 8.6332986066117865 77.897201380867045 29.514457051642239 3.8126728720962992 5.6656121471896768 824.68984931983869 2.1718187946826211 3.4415425937622777 377.41607104733703 48.11906053731218 2.6021213300991803 655.57839859649539 42.241803065873682 513.41864225082099 16.722631591605023 445.58065733144758 3.9182562595233312 774.82910415937658 4.8537890150910243 40.048011326696724 8.1959284786134941 5.8637957461178303 2.2981929425150156
leaf_count=583 54 35 35 37 75 66 559 197 27 36 10092 38 24 4261 558 75 3989 437 3010 226 3340 37 4937 47 683 63 50 33
internal_value=-4.59609e-06 -0.00572469 -0.00113484 -0.0223874 -0.00989949 0.0127124 0.00253804 0.00597147 -0.0308158 -0.05236 0.000256448 -0.00168257 -0.000232011 4.59362e-05 -0.0205337 0.0398087 0.00124963 -0.00115488 3.25268e-06 -0.0241154 0.0035008 -0.00729585 0.00430755 -0.0357506 -0.0238011 -0.0222692 -0.0455886 -0.058444
internal_weight=4015.61 175.259 137.409 37.8502 26.7182 14.252 122.278 107.412 15.1313 11.132 3840.35 1300.79 1207.85 1202.11 92.941 4.77394 2539.56 1227.96 1169 58.9644 1311.6 91.1921 1220.41 12.4662 88.1671 14.8662 11.3187 5.73974
internal_count=33604 1281 985 296 225 103 873 756 112 71 32323 15764 14410 14353 1354 113 16559 7662 6999 663 8897 620 8277 122 1241 117 85 57
is_linear=0
shrinkage=0.05


Tree=267
num_leaves=30
num_cat=0
split_feature=4 11 4 0 4 7 4 7 1 2 2 5 8 4 11 8 6 2 4 11 4 6 2 2 1 6 2 11 8
split_gain=2.4401 4.40475 4.58275 4.56341 5.11869 4.07006 4.54121 6.45004 5.36755 3.87979 3.50002 5.77494 4.89437 3.13673 4.42441 4.001 2.91911 3.91648 5.84867 4.56288 6.38792 4.23614 3.70702 3.63333 6.9134 5.98061 4.50246 4.32621 3.82152
threshold=3.4005813953488375 91.823367461272397 3.6876990445859876 31.500000000000004 3.8948474126492707 0.01590463542654778 4.6007117437722433 0.058745098039215689 6.6742424242424248 54.425361570247944 3.5694444444444451 0.048003072196620589 0.04819976771196284 3.5137868112930208 84.780756045199254 0.18294606447641767 0.068211643999045585 8.6743827160493847 3.0074626865671648 95.422671232876723 3.264883061658399 0.090289390561129709 6.6894290123456797 6.1664197530864202 10.672619047619049 0.055309344053338573 4.0312213039485778 102.85168659420292 0.043797953964194385
decision_type=2 2 2 2 2 2 2 2 2 2 2 2 2 2 2 2 2 2 2 2 2 2 2 2 2 2 2 2 2
left_child=16 5 10 9 -5 13 8 -8 -7 -4 12 -12 -3 14 -2 -15 23 18 -18 20 -19 -21 -20 26 25 -25 28 -26 -1
right_child=1 2 3 4 -6 6 7 -9 -10 -11 11 -13 -14 15 -16 -17 17 19 22 21 -22 -23 -24 24 27 -27 -28 -29 -30
leaf_value=0.052921002931908337 -0.077249250528382774 -0.065080257074737899 -0.0038581205512818306 -0.010316385253643583 -0.03801471352177882 0.013376535839537913 -0.015770879544532011 -0.00025732502611460671 5.1729276608515493e-06 -0.047092127886525718 0.0036541179660747334 -0.070383043624873048 -0.005956359420204089 0.00988937603182115 -0.0052101869760437999 0.0010480076134952554 -0.052331255694366322 -0.065203657105726107 0.010356913349546675 0.05230892902843879 0.013503060944267035 0.017620218640970166 -0.040547521425641248 -0.010326160862260621 -0.0027473162191909337 -0.05775690790935966 0.058169250145320997 0.0405228498536516 0.0010330192667178423
leaf_weight=3.8202868744265279 2.636357572162523 3.6513052564114323 312.22519495524466 64.120687138085486 22.544327874376904 77.816683638026007 109.23322900850326 173.29560342221521 2112.8471440579742 5.2768692895770064 286.26984528050525 2.6582908687414593 84.664803121966543 240.12327022562386 11.12713134579826 273.93512904073577 4.6406149188987902 3.2047936212620725 45.669590953650186 13.415346159075851 13.180197006207889 25.587556111917365 3.8803365094354367 20.037147830473263 25.123346984095406 9.9445830574259144 4.2529271185630924 7.5013572787283911 49.874501150217839
leaf_count=31 25 23 1857 575 192 524 1042 1418 18825 30 2678 22 590 1565 89 1858 38 41 397 153 206 353 55 190 286 81 36 68 356
internal_value=-5.16176e-06 -0.000309297 -0.00365309 -0.00735243 -0.0175216 0.000561368 -0.000289282 -0.00625528 0.00048015 -0.00457667 0.000310259 0.00297294 -0.00840075 0.00454722 -0.0190091 0.00517792 0.00499356 0.0109001 0.00134357 0.0202501 -0.00189144 0.0295517 0.0063705 -0.000375236 -0.00872627 -0.0260584 0.00864718 0.00720174 0.00472476
internal_weight=4012.56 3782.43 781.411 404.167 86.665 3001.01 2473.19 282.529 2190.66 317.502 377.244 288.928 88.3161 527.822 13.7635 514.058 230.133 109.578 54.1905 55.3879 16.385 39.0029 49.5499 120.554 62.6064 29.9817 57.9477 32.6247 53.6948
internal_count=33604 31313 5967 2654 767 25346 21809 2460 19349 1887 3313 2700 613 3537 114 3423 2291 1243 490 753 247 506 452 1048 625 271 423 354 387
is_linear=0
shrinkage=0.05


Tree=268
num_leaves=25
num_cat=0
split_feature=1 1 1 4 8 10 2 1 2 10 4 2 11 8 7 2 2 11 4 10 11 8 0 7
split_gain=2.34549 3.2341 7.07578 6.13296 7.93524 6.99756 5.97929 5.48954 10.8 7.55243 5.11653 4.74256 4.0244 3.80288 3.45678 1.19241 2.2383 2.06193 4.93549 3.37319 2.2604 1.41884 2.22914 1.07076
threshold=5.0769230769230775 6.2590299277605785 6.8090909090909095 3.6318814277071998 0.12483766233766234 0.027100470035252646 5.3738775510204091 8.4868421052631593 34.478298611111121 0.0050955496702497797 4.4004405286343617 2.0123456790123462 66.738557885484695 0.083020050125313286 0.15438786565547133 1.0200000000000002 0.87301587301587313 76.340498106060636 4.6479660083405472 0.010389680483592402 93.4731666666667 0.13037696577243296 10.500000000000002 0.062411473087818699
decision_type=2 2 2 2 2 2 2 2 2 2 2 2 2 2 2 2 2 2 2 2 2 2 2 2
left_child=15 3 10 4 13 6 -5 8 -4 -9 14 -6 -12 -2 -3 16 21 18 -17 20 -19 -1 -23 -20
right_child=1 2 7 5 11 -7 -8 9 -10 -11 12 -13 -14 -15 -16 17 -18 19 23 -21 -22 22 -24 -25
leaf_value=-0.013504078970109976 -0.041565849788971251 0.021221241899413341 -0.0079195866523709742 -0.012078589476455587 0.043181841238013149 -0.060539154462999047 0.015027602645179867 0.0010487048419620417 0.047964879668008671 -0.0071137292683112214 0.017276403777477422 -0.038296554199563973 -0.016090854681217525 -0.11954757157315626 -0.018849616418992323 -0.044424272074493822 0.050666670422726982 0.052198954382005884 -0.0056372223526578889 -0.0203539334854741 0.0092743508397634036 -0.0077547878152299729 0.038683148055546492 0.031034069479125584
leaf_weight=4.2579300734214511 3.0489057004451734 80.664726025890559 323.97805348515976 48.079401555645745 3.0173096535727382 5.1729868389666072 35.268704452668317 3088.3003623592958 8.8823526898631808 312.0242776327068 14.584193069487808 4.3762462385348044 23.755841035977937 3.2087360192090273 5.7669095910969181 5.8996764561161426 4.6376937478780738 5.927968628471719 3.437959985341875 4.5632454287260762 6.354839987703599 4.2396544516086561 6.6183782764710486 4.7282485663890839
leaf_count=28 15 644 2086 316 18 32 223 27136 56 2430 83 30 140 25 43 37 24 51 25 30 41 22 42 27
internal_value=-4.48964e-06 -0.000141254 9.12764e-05 -0.00892145 -0.0401158 -0.00411083 -0.000608619 -0.000300192 -0.00642831 0.000299695 0.0118041 -0.00504523 -0.00339826 -0.0815526 0.0185476 0.0106853 0.0202808 0.00455352 -0.00957868 0.0163534 0.0299908 0.0109581 0.0205509 0.0155955
internal_weight=4010.79 3960.13 3857.96 102.172 13.6512 88.5211 83.3481 3733.19 332.86 3400.32 124.772 7.39356 38.34 6.25764 86.4316 50.6656 19.7537 30.9119 14.0659 16.8461 12.2828 15.116 10.858 8.16621
internal_count=33604 33277 32618 659 88 571 539 31708 2142 29566 910 48 223 40 687 327 116 211 89 122 92 92 64 52
is_linear=0
shrinkage=0.05


Tree=269
num_leaves=18
num_cat=0
split_feature=1 0 11 8 9 4 0 8 3 11 4 4 2 9 4 0 7
split_gain=2.35027 4.68797 2.47786 5.10749 2.97442 2.63643 6.52109 6.57292 5.15784 4.79209 11.2023 5.54523 1.35122 0.75486 0.210007 0.105738 0.0184103
threshold=43.20000000000001 37.500000000000007 31.711447368421066 0.24345262580556701 0.073968855218855226 4.7226495726495736 17.500000000000004 0.12824250579352622 0.88029850746268667 61.326500000000038 4.1112880396319893 4.3253724959007629 2.6770833333333335 0.041745880861850444 5.7638888888888902 45.500000000000007 0.017291209886386289
decision_type=2 2 2 2 2 2 2 2 2 2 2 2 2 2 2 2 2
left_child=2 -2 3 4 12 9 8 -8 -7 10 -4 -11 -1 -3 -5 -15 -17
right_child=1 13 5 14 -6 6 7 -9 -10 11 -12 -13 -14 15 -16 16 -18
leaf_value=0.085676737079061094 0.055482724716624049 -0.0022995239334411052 -0.040289252352567854 -0.015414080955630361 0.0040627210235408863 0.02759529224541751 -0.045983154663133075 -0.0092212160399258291 -0.0013241707778731461 0.00076603833068024374 0.013434597373660512 -0.004735902466092172 0.038054744363554868 -0.066985380558813812 -0.038978493113769275 -0.042410986236551651 -0.053706090421244385
leaf_weight=3.1005220357328636 1.2806008721236128 0.68038900522515167 10.492636737064457 1.8767101247794917 3.3742626383900642 18.112019522115588 13.78347427700646 103.17559417698067 103.65530428383499 3073.8605882459378 128.95893396867905 538.13477208907716 2.866757801733911 2.1040069465525448 1.9054978862404823 0.44306323281489346 1.9421417552512137
leaf_count=20 24 23 92 28 39 112 140 1042 634 25842 1201 4252 26 32 15 14 68
internal_value=-4.00365e-06 -0.0301613 4.45865e-05 0.0217349 0.0415825 -2.67534e-05 -0.00512161 -0.0135536 0.00297739 0.000297462 0.0093923 -5.36708e-05 0.0627985 -0.0513769 -0.027286 -0.0588151 -0.051608
internal_weight=4009.75 6.4502 4003.3 13.1238 9.34154 3990.17 238.726 116.959 121.767 3751.45 139.452 3612 5.96728 5.1696 3.78221 4.48921 2.3852
internal_count=33604 161 33443 128 85 33315 1928 1182 746 31387 1293 30094 46 137 43 114 82
is_linear=0
shrinkage=0.05


Tree=270
num_leaves=20
num_cat=0
split_feature=2 0 3 0 3 0 1 0 3 11 0 11 0 3 3 0 9 0 8
split_gain=2.32188 4.1289 2.90262 2.66544 2.61676 2.54077 4.3077 4.99254 3.18489 6.78187 6.56607 2.28358 3.16264 2.13016 1.01697 0.709705 0.703663 0.00344639 0.000167352
threshold=214.72722222222225 51.500000000000007 0.73931311655096832 343.50000000000006 0.42226648959716695 287.50000000000006 15.902380952380954 355.50000000000006 0.64524074368345785 66.214572368421088 175.50000000000003 55.180329131652677 133.50000000000003 0.63339264531435358 0.79674258474576287 324.50000000000006 0.11829471452370137 298.50000000000006 0.4363694065376072
decision_type=2 2 2 2 2 2 2 2 2 2 2 2 2 2 2 2 2 2 2
left_child=4 2 -2 11 15 8 16 -8 9 -6 -10 12 -3 -13 -4 17 -7 18 -1
right_child=1 3 14 -5 5 6 7 -9 10 -11 -12 13 -14 -15 -16 -17 -18 -19 -20
leaf_value=0.050276199269025351 0.072482993855148725 0.025960258171076681 0.023266673262714876 0.050195764560281519 0.020361926104597309 -0.030303853420539359 -0.014713510000792254 0.038046600716905028 -0.00019058374549578194 0.0017936760059483272 -0.043973185774525053 -0.016842128478432222 -0.036713729406028628 -0.049669907222744752 -0.025080487240292239 -0.06105531700741515 -0.060325375089452342 0.055292515018670552 0.05307464422625268
leaf_weight=2.534040913014906 2.0607179601211092 4.5655791006283888 2.3082963433116674 1.2683342960663129 56.890318419551477 3.7327918214723459 22.043842476792637 5.6287624537944785 3505.9376780253369 362.62055100256111 8.5842875391244871 9.9762939438223857 3.6000573132187128 9.7918780511245114 2.0569447097368538 0.14828400313854206 4.0908649628981948 0.40552332252264012 0.054574608802795299
leaf_count=936 17 79 19 13 507 47 404 32 24685 6075 140 227 117 221 29 1 48 6 1
internal_value=-4.02564e-06 -0.0127114 0.0235738 -0.020696 0.000109938 7.38322e-05 -0.0132433 -0.00398181 0.000193991 0.00431174 -0.000297524 -0.0239148 -0.00167138 -0.0331029 0.000485014 0.0457187 -0.0460016 0.0510066 0.0503352
internal_weight=4008.3 35.6281 6.42596 29.2021 3972.67 3969.53 35.4963 27.6726 3934.03 419.511 3514.52 27.9338 8.16564 19.7682 4.36524 3.14242 7.82366 2.99414 2.58862
internal_count=33604 722 65 657 32882 31938 531 436 31407 6582 24825 644 196 448 48 944 95 943 937
is_linear=0
shrinkage=0.05


Tree=271
num_leaves=28
num_cat=0
split_feature=0 10 2 6 9 4 6 9 3 3 9 2 6 0 9 2 1 6 9 3 11 8 8 2 4 4 6
split_gain=2.29103 9.59144 8.05712 12.4593 7.46836 13.0175 7.01112 9.46849 11.4743 9.25156 7.18079 6.67776 6.48882 6.27419 6.01049 6.04256 5.91759 5.75957 5.43114 7.04048 5.25125 5.05194 4.06525 3.69943 2.45042 1.47185 1.71232
threshold=20.500000000000004 0.027100470035252646 7.6676528599605538 0.11987055016181231 0.058997563522450405 4.5253577788036674 0.17287356321839084 0.11323027960900206 0.95916666666666683 0.82637681159420306 0.071516754850088196 4.2311111111111126 0.10478269910584322 15.500000000000002 0.086881038647343006 36.37079861111112 13.468627450980394 0.11433842909857671 0.18780940594059409 0.82167318982387483 97.65538690476194 0.1993975577152354 0.075171232876712332 42.115911989795926 3.4483647351581945 3.9778594771241838 0.11433842909857671
decision_type=2 2 2 2 2 2 2 2 2 2 2 2 2 2 2 2 2 2 2 2 2 2 2 2 2 2 2
left_child=2 6 3 11 5 23 9 8 -8 17 -11 13 -13 -1 20 -16 -9 -2 19 -5 -6 -7 -20 -4 -3 -26 -27
right_child=1 24 4 18 14 21 7 16 -10 10 -12 12 -14 -15 15 -17 -18 -19 22 -21 -22 -23 -24 -25 25 26 -28
leaf_value=-0.00068446717228875999 -0.00043183822838533515 0.0091134153537910413 0.032838098110865389 -0.036968555848819883 -0.0094891487901054249 -0.037490970983140651 0.023295708514360906 -0.036960721433389819 -0.06701802511364531 -0.016780253381787902 -0.0036363190823858675 -0.020658983312823547 0.017743590427203301 0.011030536439700766 0.0078371846906542218 -0.018241934034238721 0.035137655796853878 0.007238368229877605 0.0034887111469790082 -0.0054420927531734446 -0.070629569552462801 0.0090787874651310756 -0.0532522427929982 -0.0053997044786769357 -0.076725691663038678 -0.05820561804301666 0.010603729620196161
leaf_weight=209.19574035936967 1588.1884854825039 1.5903658266179252 69.22996937436983 18.896709566470236 23.221294321119789 11.231291931122543 79.499442174652359 13.394921813160183 3.6796538382768622 124.53444576449692 627.46415145252831 47.563101169653237 14.309031914919613 251.92904137138976 276.54664517426863 24.151103291660547 3.6138172205537549 289.33376135368599 4.3662412837147704 281.73263619281352 4.1377094499766818 12.094996916130183 11.395264744758604 6.9614790193736544 4.9077555425465089 2.8428942845202982 1.3257606709375975
leaf_count=1370 16413 11 579 190 129 61 597 84 36 751 4737 280 91 1565 1723 141 25 2817 31 1656 23 68 76 49 39 46 16
internal_value=-4.18248e-06 -0.000817078 0.00175407 -0.00109172 0.00734075 0.0193385 -0.000632166 0.0123497 0.0193004 -0.00112679 -0.00581302 0.00364632 -0.0117777 0.00571586 0.00370116 0.00574259 -0.0216421 0.000750172 -0.00892374 -0.00742376 -0.0187359 -0.0133439 -0.0375339 0.0293444 -0.0481375 -0.058169 -0.0363221
internal_weight=4007.34 2740.38 1266.96 839.388 427.574 99.5177 2729.71 100.188 83.1791 2629.52 751.999 522.997 61.8721 461.125 328.057 300.698 17.0087 1877.52 316.391 300.629 27.359 23.3263 15.7615 76.1914 10.6668 9.07641 4.16865
internal_count=33604 25572 8032 5259 2773 757 25460 742 633 24718 5488 3306 371 2935 2016 1864 109 19230 1953 1846 152 129 107 628 112 101 62
is_linear=0
shrinkage=0.05


Tree=272
num_leaves=29
num_cat=0
split_feature=1 1 0 0 6 11 7 7 8 5 8 8 11 8 4 4 5 4 5 2 2 6 2 4 9 2 8 9
split_gain=2.30436 6.9319 9.02999 7.70903 7.63051 5.8245 6.06731 6.0549 6.53777 5.93458 5.72805 5.63783 15.735 5.01818 4.16322 3.98166 3.78971 3.82222 3.60091 3.88771 6.14453 3.41221 5.81192 4.34684 2.80011 2.53405 2.50367 1.95737
threshold=20.027777777777782 19.976190476190478 19.500000000000004 16.500000000000004 0.066574330563250253 74.983321342925692 0.085145784081954307 0.10021834061135372 0.13711981566820278 0.023952954675846246 0.13644750083864479 0.12704250547338072 92.573398213554484 0.21041337248701156 3.7920083329639644 3.8637708445400758 0.0077822189922480628 4.0334264432029805 0.031414473684210534 29.431082589285719 10.24244897959184 0.044473531122745789 5.9921875000000009 4.2006493506493516 0.068215538171027795 18.65333333333334 0.13628813047417701 0.057197382769901862
decision_type=2 2 2 2 2 2 2 2 2 2 2 2 2 2 2 2 2 2 2 2 2 2 2 2 2 2 2 2
left_child=1 18 3 -3 14 6 9 27 -9 10 -2 12 15 -5 -4 -7 17 -13 21 20 -20 22 -1 -23 -6 -18 -21 -8
right_child=5 2 4 13 24 11 7 8 -10 -11 -12 16 -14 -15 -16 -17 25 -19 19 26 -22 23 -24 -25 -26 -27 -28 -29
leaf_value=0.0041122570158543632 -0.016447182161166068 -0.023720532533620775 -0.017189869862418838 0.046270033723509504 0.013818141118838268 0.026347602323296079 0.016112624148351431 0.041024818106436253 -0.028611439874956707 0.067009734092431161 0.0057520361235914646 -0.010186662261776162 -0.077633945694829953 0.0030998165539906073 0.056141592524516254 -0.013822125065549832 -0.0053099716144882755 -0.038094399642882665 -0.0054301054089078496 -0.019805584104005125 -0.039174586912846227 0.0022340578236158108 -0.0074356275972872476 -0.0018981771914496728 -0.035832077544722868 -0.061235538805629278 0.034650305681108266 -0.046694571147556541
leaf_weight=164.04031317465706 34.19626666023396 6.0074009187519541 2.9351016529835778 31.43221930693835 3.5353134144097593 25.148297128616832 1.3548594117164672 6.3408964492846263 7.1951636429876089 3.6124078100547186 193.40378501405939 68.410674237296917 5.1223729818593702 8.5661243349313718 5.68296361528337 8.1739522616844607 2.7237542830407602 14.950096084736286 47.110522494826 3.0166830290108901 18.90345747070387 2049.8448310398671 324.47710236848798 922.97976581944386 14.432316854828967 7.9012941983528435 7.0281204811763018 14.696042381227015
leaf_count=1120 392 32 18 182 27 203 7 69 92 25 2290 640 31 44 50 111 18 192 300 19 130 17638 2518 7016 115 76 52 197
internal_value=-3.80545e-06 0.000392117 0.0156869 0.0290926 -0.00751125 -0.00363852 0.000697758 -0.0206214 0.0040093 0.00342585 0.00241667 -0.0121781 0.00395233 0.0370246 0.0311667 0.016494 -0.0187762 -0.0151917 7.82515e-05 -0.0106835 -0.015093 0.000314727 -0.00355794 0.000951113 -0.0260629 -0.0468989 0.018296 -0.041393
internal_weight=4003.22 3609.99 72.5914 46.0057 26.5857 393.23 260.799 29.587 13.5361 231.212 227.6 132.43 38.4446 39.9983 8.61807 33.3222 93.9858 83.3608 3537.4 76.0588 66.014 3461.34 488.517 2972.82 17.9676 10.625 10.0448 16.0509
internal_count=33604 29261 468 258 210 4343 3072 365 161 2707 2682 1271 345 226 68 314 926 832 28793 501 430 28292 3638 24654 142 94 71 204
is_linear=0
shrinkage=0.05


Tree=273
num_leaves=25
num_cat=0
split_feature=7 0 11 3 10 1 8 5 3 2 2 8 0 1 3 11 2 3 6 7 9 1 7 6
split_gain=2.28357 2.49948 8.3854 14.6742 11.8153 11.3081 10.7745 7.75838 5.97601 10.1988 9.55732 5.37695 4.51739 6.18461 4.28997 3.45092 1.87719 6.87446 4.39939 2.73496 2.31867 2.41149 2.51196 1.11891
threshold=0.17445652173913045 57.500000000000007 73.100744907469689 0.76967285587975254 0.0031670645348953843 17.204166666666669 0.18171626579698333 0.0059970149790509082 0.72427368992669028 23.944058641975314 23.252200000000006 0.13037696577243296 42.500000000000007 14.16954022988506 0.88029850746268667 91.688553030303069 8.2161111111111129 0.89699381078691431 0.067821608919554036 0.19292803970223329 0.17655864741106028 5.3500000000000005 0.18301435406698566 0.13269821202817414
decision_type=2 2 2 2 2 2 2 2 2 2 2 2 2 2 2 2 2 2 2 2 2 2 2 2
left_child=1 8 4 5 7 -4 -6 -3 9 10 -1 -11 14 -14 -10 -5 20 18 -18 -19 21 -2 -23 -21
right_child=16 2 3 15 6 -7 -8 -9 12 11 -12 -13 13 -15 -16 -17 17 19 -20 23 -22 22 -24 -25
leaf_value=0.0014381366517849693 0.02584358011251453 -0.0025355306103261709 0.00045878002605495599 -0.043737576563442043 0.05014477228140523 -0.015215447782336239 -0.022152553846479309 0.016816904084744594 0.0030970647087767717 0.0036130639336230696 -0.12232163931586063 0.031551647805777315 0.00043572113389604038 -0.015077971281945319 -0.001037524087568109 0.017414479294909749 0.01126182348139361 0.0016681041593265052 -0.063038623343244046 0.03105977971895419 -0.062852793026282758 -0.047763707569334034 -0.010834536692536027 0.075147210107677137
leaf_weight=113.37762371110148 3.4668953493237522 263.71177728869952 421.02800544613274 28.986744639463726 23.242420135764409 158.34568520070752 6.6215117850806555 64.445476441527717 1187.6077823094092 24.913624305860139 1.5817355941981066 55.776193338097073 156.15162291517481 109.14644689625129 1329.9548456848133 2.506521549075841 3.4078944334760326 5.0589776160195452 4.7961046847049147 3.0254052001982927 2.5747719570063046 5.775830737315121 22.712880774401128 2.7448196448385715
leaf_count=1684 21 3021 6454 460 194 1951 71 627 7328 255 19 585 1075 1028 8424 23 21 29 39 26 39 47 168 15
internal_value=-3.96633e-06 0.000135181 -0.0020708 -0.00563183 0.00400514 -0.00382506 0.0341148 0.00126502 0.000852771 0.00929939 -0.000264685 0.0229254 0.000258931 -0.00594678 0.000912882 -0.0388705 -0.0102585 0.00234916 -0.0321746 0.0285037 -0.0172078 -0.0135301 -0.0183216 0.0520316
internal_weight=4000.96 3947.4 968.888 610.867 358.021 579.374 29.8639 328.157 2978.51 195.649 114.959 80.6898 2782.86 265.298 2517.56 31.4933 53.5636 19.0332 8.204 10.8292 34.5304 31.9556 28.4887 5.77022
internal_count=33604 33199 12801 8888 3913 8405 265 3648 20398 2543 1703 840 17855 2103 15752 483 405 130 60 70 275 236 215 41
is_linear=0
shrinkage=0.05


Tree=274
num_leaves=22
num_cat=0
split_feature=9 1 0 4 11 8 7 8 8 10 8 2 9 11 1 9 4 11 9 4 0
split_gain=2.26538 2.9443 3.34991 2.82646 4.23475 4.63785 3.81133 2.73244 3.65223 3.75046 3.24821 5.76296 2.5431 3.20551 2.31486 2.14556 1.81776 1.60246 1.12106 1.85064 0.0774978
threshold=0.23132664437012265 41.125000000000007 33.500000000000007 3.4005813953488375 91.823367461272397 0.17025922140667102 0.01590463542654778 0.04819976771196284 0.098126750700280124 0.010958986368822437 0.071599453178400566 4.0312213039485778 0.20864427860696519 87.038159870250269 9.9479578392621892 0.27888888888888896 3.871316078976319 83.749028956943633 0.070894063773943167 4.216271373414231 45.500000000000007
decision_type=2 2 2 2 2 2 2 2 2 2 2 2 2 2 2 2 2 2 2 2 2
left_child=1 3 -3 12 6 -6 -5 16 10 15 17 -12 13 -1 -14 -10 -2 -9 19 -4 -20
right_child=7 2 18 4 5 -7 -8 8 9 -11 11 -13 14 -15 -16 -17 -18 -19 20 -21 -22
leaf_value=-0.01732098164867428 -0.015384494904499509 0.061129493719958128 0.043972718904842695 0.0046495893336551443 -0.0006723156232374941 -0.0089102860281035836 -9.9822246314271843e-05 -0.038085537303104211 -0.018056198074328105 0.02837552752849988 -0.00065731307253400948 0.10026839565088851 0.0080596393011073721 0.006428643305176231 0.06964082311459166 -0.061901911938916289 -0.076582744760632454 0.0081301936073002092 -0.064143546373235855 -0.048590574538942916 -0.051015012311415545
leaf_weight=15.282288313494062 2.4142420263960949 0.88088799407705565 0.86133780167438123 510.84494695748435 505.84586232266156 257.98554893076653 2440.1262834481313 2.5990678519010526 24.098976731300361 4.060585828498005 3.269549597054719 2.4928640611469746 3.197665572166442 202.05428599790321 2.9192146705463529 3.1554816295392802 2.4394304007291794 6.7385331587865949 2.0161183327436447 1.4473739165114237 2.540558879962191
leaf_count=112 21 17 16 3405 4049 1821 21549 18 152 25 29 15 30 2079 22 29 22 38 36 30 89
internal_value=-4.2545e-06 0.000131423 -0.0306641 0.000191995 -0.000136528 -0.00345471 0.000722352 -0.0104469 -0.0067142 -0.0164536 0.0134838 0.0430039 0.00565352 0.00475866 0.0374486 -0.0231326 -0.0461424 -0.00473369 -0.042442 -0.0140569 -0.0568238
internal_weight=3997.27 3946 7.74628 3938.26 3714.8 763.831 2950.97 51.2687 46.4151 31.315 15.1 5.76241 223.453 217.337 6.11688 27.2545 4.85367 9.3376 6.86539 2.30871 4.55668
internal_count=33604 33255 188 33067 30824 5870 24954 349 306 206 100 44 2243 2191 52 181 43 56 171 46 125
is_linear=0
shrinkage=0.05


Tree=275
num_leaves=21
num_cat=0
split_feature=1 8 1 1 11 8 0 1 8 0 9 2 3 3 4 4 4 9 1 8
split_gain=2.22144 2.88383 3.12878 6.69459 6.03687 6.55473 5.43861 4.74114 4.66029 2.97232 3.09029 5.01284 1.7307 1.17281 2.09868 2.89838 2.50838 2.05182 1.11409 0.281705
threshold=5.0769230769230775 0.30094339622641514 6.2590299277605785 6.8090909090909095 79.765882352941219 0.17386397094906272 22.500000000000004 8.4868421052631593 0.26719160104986883 30.500000000000004 0.10519881611118261 12.247448979591839 0.83889506859473506 0.84178433889602056 3.7495247148288979 3.9926738943752689 4.2118435334390929 0.061925832279814588 11.924501424501427 0.14262598243180771
decision_type=2 2 2 2 2 2 2 2 2 2 2 2 2 2 2 2 2 2 2 2
left_child=13 2 4 8 5 -2 -6 -5 -4 10 12 -12 -3 17 -15 -16 -17 -1 -11 -19
right_child=1 9 3 7 6 -7 -8 -9 -10 18 11 -13 -14 14 15 16 -18 19 -20 -21
leaf_value=-0.011237553658930905 -0.014357189444755112 0.0043494072016780063 0.010204223769456778 -0.0058984641625657421 -0.023153644956296845 0.028785358736163905 0.023403782386736387 0.00043011313369180056 0.070008329677825484 -0.083774987623094752 -0.0040015476132634646 0.066824292985774941 -0.022757935492718331 0.042359136475323786 -0.039780806916873274 0.039605931130083011 0.0029083150430415186 0.039065810829579078 -0.029754067439962586 0.065576010390037714
leaf_weight=1.9199391943402577 17.121007564011961 7.5506333671510211 116.57966715254588 324.63265414480702 56.426177661633119 18.123780833906494 7.0571398661122648 3348.9210295848898 3.3511914685368529 1.7249050848186009 12.702832564711569 3.1099042184650889 26.745415954850614 3.9640482403337947 3.4233590252697459 5.4581517651677123 31.703055508434772 2.1207953986013308 2.1366613560821861 1.8997362609952686
leaf_count=31 109 51 866 2086 334 108 85 29253 18 15 98 20 197 27 23 32 172 23 37 19
internal_value=-4.14918e-06 -0.000137485 2.1679e-05 0.000250376 -0.00876567 0.00782782 -0.0179781 -0.000129144 0.0118753 -0.011616 -0.00835868 0.00992783 -0.01679 0.0104173 0.00763452 0.00424284 0.00829838 0.0312858 -0.0538844 0.0515921
internal_weight=3996.67 3946.18 3892.21 3793.48 98.7281 35.2448 63.4833 3673.55 119.931 53.9704 50.1088 15.8127 34.296 50.4891 44.5486 40.5846 37.1612 5.94047 3.86157 4.02053
internal_count=33604 33277 32859 32223 636 217 419 31339 884 418 366 118 248 327 254 227 204 73 52 42
is_linear=0
shrinkage=0.05


Tree=276
num_leaves=20
num_cat=0
split_feature=3 0 3 2 11 6 10 1 11 8 9 3 9 0 1 0 9 0 8
split_gain=2.22228 2.57651 7.13994 5.95586 6.00412 11.2958 6.51867 3.23697 3.38314 2.86488 5.12015 2.84617 2.65479 1.64606 0.0335153 0.0228314 0.00850335 0.000355466 0.000183113
threshold=0.41534258091635151 150.50000000000003 0.56553015627017966 254.07636485966938 79.936833333333368 0.055309344053338573 0.006259796238244515 26.552380952380958 59.161545892169464 0.14637945444875011 0.17249008239243213 0.68691260430390877 0.12246368287949187 324.50000000000006 21.207142857142859 308.50000000000006 0.135619954018072 300.50000000000006 0.41421568627450983
decision_type=2 2 2 2 2 2 2 2 2 2 2 2 2 2 2 2 2 2 2
left_child=13 2 9 4 5 -3 -6 11 -9 10 -2 -4 -11 15 -5 17 -16 18 -1
right_child=1 3 7 14 6 -7 -8 8 -10 12 -12 -13 -14 -15 16 -17 -18 -19 -20
leaf_value=0.050358142878152747 0.050550588622050044 0.025650493656431652 0.0041139707064428979 -0.039876336890080237 -0.01887388206601812 -0.0053158914691319248 0.10999294636257345 0.0049993636348554943 -0.019747787867313391 -0.00061030651799485612 -0.098087997179494596 -0.00022778149686577545 0.038687319360564243 -0.060278918346311029 -0.052017158140020371 0.064512978019688777 -0.058674597450628474 0.052987288455063841 0.05217706322645848
leaf_weight=2.4496981641859756 11.485292981175007 36.93853134708479 427.59665872133337 0.56654325546696682 62.805049360496923 145.25088077201508 0.99691032757982512 20.975211119046435 40.431349233724177 13.27073013019981 0.61015402525663454 3219.1663121157326 6.3561445343075311 0.36455170810222615 5.5884235156700015 0.33018672093749035 0.52467124164104451 0.14711892046034325 0.14665004145354021
leaf_count=870 721 397 4517 21 1395 1754 36 314 453 648 13 22035 183 3 217 3 16 3 5
internal_value=-3.87229e-06 -3.8474e-05 0.000291674 -0.00492513 -0.00366016 0.00096248 -0.0168603 8.96093e-05 -0.0112947 0.0239119 0.0430525 0.000281305 0.0121162 0.0401768 -0.0515103 0.0520914 -0.0525885 0.0505964 0.0504609
internal_weight=3996 3992.56 3739.89 252.671 245.991 182.189 63.802 3708.17 61.4066 31.7223 12.0954 3646.76 19.6269 3.43821 6.67964 3.07365 6.11309 2.74347 2.59635
internal_count=33604 32720 28884 3836 3582 2151 1431 27319 767 1565 734 26552 831 884 254 881 233 878 875
is_linear=0
shrinkage=0.05


Tree=277
num_leaves=31
num_cat=0
split_feature=8 0 11 9 11 6 4 3 1 11 1 9 6 3 9 6 11 4 0 0 8 3 2 1 9 10 9 4 1 7
split_gain=2.14696 5.65615 8.02928 7.70981 7.98434 5.62517 4.70911 4.33147 9.64125 10.7867 7.18933 6.53835 5.57094 4.03917 3.84272 3.38856 8.67976 9.82788 8.66608 6.37781 3.8366 7.17375 6.1527 4.65681 7.89472 5.9916 3.51578 2.71806 4.94575 1.44669
threshold=0.21313632441760141 29.500000000000004 60.415304347826101 0.061925832279814588 46.929816176470602 0.15821566110397947 3.9584566074950698 0.91723744292237452 10.327956989247314 98.557500000000019 9.9479578392621892 0.17619825708061007 0.18808962264150947 0.88029850746268667 0.045603089720736782 0.14322344322344324 105.64104151031897 3.8890753169276664 13.500000000000002 52.500000000000007 0.083020050125313286 0.93405797101449284 39.688750000000006 8.4868421052631593 0.079948453608247441 0.013015245623941277 0.11756669881067182 3.4005813953488375 7.3484848484848486 0.0078432578740157497
decision_type=2 2 2 2 2 2 2 2 2 2 2 2 2 2 2 2 2 2 2 2 2 2 2 2 2 2 2 2 2 2
left_child=15 7 3 14 -5 6 -4 11 10 -10 -9 12 -2 -13 -3 20 17 18 -17 -19 21 22 -1 24 -22 -25 -23 -18 -29 -7
right_child=1 2 5 4 -6 29 -8 8 9 -11 -12 13 -14 -15 -16 16 27 19 -20 -21 23 26 -24 25 -26 -27 -28 28 -30 -31
leaf_value=-0.0079774933621174302 0.0093760095694916876 0.02436048505241319 -0.0004295547048935441 0.088211793738468575 0.013081995635245348 -0.10095457106496478 -0.019768700358269484 -0.00093118666018699402 -0.01335365039297419 -0.083302962589140758 0.034995718731124809 -0.052760910741341274 -0.018866503702671174 0.012968762617626934 -0.056986955881546501 -0.020947487218507661 0.0073408797356900105 0.0024334406438279972 0.022030793037771845 -0.034189746389284827 -0.023715886802177007 0.026567430675803111 -0.03693225748754763 0.0014775598436333548 -0.0018188286673771167 -0.015071372886250557 0.00034188305976113768 -0.014882341904209812 -0.085369026841358914 -0.046479191757251757
leaf_weight=151.18010578578105 199.17308376915753 2.1182626981753883 47.971435826795641 4.606717680348086 15.219848794862626 1.8443349446752098 91.552773318369873 106.97171023115516 73.609373396262527 5.9574767900630823 16.008677611127496 7.6256433259695751 19.138493417529389 3.3702669329941273 4.6138224366586655 13.107730061747132 2.7876294399611643 331.01499906246318 111.51821106305579 12.330574079940559 50.022316722461255 18.820005198009312 20.881115307798609 2341.1822833674378 232.41249337868067 56.00273436261341 39.815957611659542 5.2171019337256421 4.7584494578186423 3.593094083131291
leaf_count=1039 1250 31 441 68 181 19 971 630 556 35 97 44 127 25 39 78 30 2038 1082 162 358 109 193 21609 1533 469 271 35 43 41
internal_value=-3.7728e-06 -0.00275185 -0.0104334 0.0148406 0.0305385 -0.0150639 -0.0131195 0.000299035 -0.00502897 -0.018591 0.00374551 0.00500526 0.0069001 -0.0326146 -0.0313908 0.000485197 0.0043741 0.00548364 0.0175105 0.00111819 -0.000157184 -0.00634431 -0.0114914 0.000375485 -0.00569704 0.00109095 0.00875933 -0.0363078 -0.0485053 -0.0649568
internal_weight=3994.43 603.375 171.52 26.5587 19.8266 144.962 139.524 431.855 202.547 79.5669 122.98 229.307 218.312 10.9959 6.73209 3391.05 480.735 467.972 124.626 343.346 2910.32 230.697 172.061 2679.62 282.435 2397.19 58.636 12.7632 9.97555 5.43743
internal_count=33604 4555 1791 319 249 1472 1412 2764 1318 591 727 1446 1377 69 70 29049 3468 3360 1160 2200 25581 1612 1232 23969 1891 22078 380 108 78 60
is_linear=0
shrinkage=0.05


Tree=278
num_leaves=31
num_cat=0
split_feature=0 11 4 6 3 3 8 10 8 4 2 6 7 3 6 8 7 0 6 3 8 4 11 2 6 11 0 7 1 7
split_gain=2.20398 9.43105 11.6503 10.9738 9.39136 8.46403 8.4606 9.6824 7.81878 7.25064 8.93528 6.55234 5.41666 7.66504 4.80398 6.10332 4.78178 4.39262 3.86098 3.23468 3.20757 2.93937 15.7348 9.73223 9.49885 8.92626 6.02131 3.63457 2.85189 2.24078
threshold=77.500000000000014 79.55976515151518 3.5387112887112893 0.11778579356270812 0.68069758023691418 0.66425964546402516 0.11726266496381439 0.0029225530557975598 0.12652461698646442 3.702749952749953 22.670068027210888 0.055620005155968037 0.025586470267321335 0.65863337204800632 0.046308911090927447 0.087082912032355922 0.078168645251396662 60.500000000000007 0.040066889632107035 0.72982836851450006 0.16646291768541158 4.1112880396319893 63.614162679425853 12.257800000000001 0.13343224530168155 60.956064987857694 15.500000000000002 0.039619053368751517 16.341666666666672 0.060452338359315107
decision_type=2 2 2 2 2 2 2 2 2 2 2 2 2 2 2 2 2 2 2 2 2 2 2 2 2 2 2 2 2 2
left_child=5 6 18 4 -4 9 14 11 -9 12 16 -8 13 -1 29 -16 -11 -14 -3 -5 -20 22 27 24 -23 -25 -24 -7 -12 -2
right_child=1 2 3 19 -6 21 7 8 -10 10 28 -13 17 -15 15 -17 -18 -19 20 -21 -22 23 26 25 -26 -27 -28 -29 -30 -31
leaf_value=-0.026584026868536559 -0.0035999815474606471 -0.038720384153769688 -0.011054376806648425 0.043441795094789452 -0.038246150813284391 -0.018703864481254068 0.014866747874147414 0.12344818109107086 0.021512921095110826 -0.0081467839817838759 0.05395132022812979 -0.0022149514546299584 0.033721103727049805 -0.22000775916845111 0.041838851332166034 -0.050720672396262961 0.041346923175349659 -0.013322128964153713 0.043847165557065207 -0.056698156792067869 -0.022201582131969998 0.0059538181885322476 -0.0054873317640740764 0.010456126158118377 -0.0059462090130067641 -0.010746660503066184 0.0026590959649888252 -0.068142186958610212 0.0256006579642509 0.08651079197189504
leaf_weight=7.830249402177289 1.9291168501367821 1.956562213134023 183.17964062953251 10.100972388201622 38.412302470533177 6.1109007038176051 68.462995279114693 1.9763452280312765 39.067111222655512 20.943281901389131 19.931276498478837 311.90537802915787 9.3208913490234426 0.54804364964365948 2.0168260168284204 15.231359822617376 6.3627292214659965 10.611224402120568 14.582451507158114 0.87637824937701303 2.1033044190262435 459.99190029664896 259.93072987347841 57.333911983994767 263.89913684455678 369.85736601031385 1781.1048157699406 9.4924176333006454 15.984346620156428 1.0739842364564536
leaf_count=321 38 51 3199 264 439 47 829 24 369 529 245 3547 327 10 31 199 168 289 716 10 81 3053 1532 541 1627 3098 11786 87 126 21
internal_value=-3.67402e-06 -0.00256728 -0.0103021 -0.0133506 -0.015768 0.000534709 0.00183215 0.0033492 0.0264214 0.0155268 0.0249438 0.000859606 -0.00550281 -0.0392363 -0.0297362 -0.0398977 0.00338603 0.00867678 0.0277296 0.0354471 0.0355215 0.00010691 0.00123924 -0.00191622 0.00161559 -0.00790101 0.00162163 -0.0487801 0.0413338 0.0286259
internal_weight=3992.13 692.875 251.212 232.569 221.592 3299.25 441.663 421.412 41.0435 91.532 63.2216 380.368 28.3104 8.37829 20.2513 17.2482 27.306 19.9321 18.6423 10.9774 16.6858 3207.72 2056.64 1151.08 723.891 427.191 2041.04 15.6033 35.9156 3.0031
internal_count=33604 9818 4760 3912 3638 23786 5058 4769 393 2015 1068 4376 947 331 289 230 697 616 848 274 797 21771 13452 8319 4680 3639 13318 134 371 59
is_linear=0
shrinkage=0.05


Tree=279
num_leaves=27
num_cat=0
split_feature=0 10 2 6 1 1 0 7 1 3 6 7 2 2 2 8 4 10 9 3 9 8 4 8 4 6
split_gain=2.25009 8.89577 7.4405 10.806 6.98684 16.032 11.4447 6.77563 8.13436 6.6206 6.99087 6.16648 5.88712 5.80239 5.50357 5.23959 7.89122 6.35451 5.05961 6.37677 4.01142 3.75981 2.34833 2.30908 1.37593 1.61431
threshold=20.500000000000004 0.027100470035252646 7.6676528599605538 0.11987055016181231 9.4316770186335415 10.327956989247314 18.500000000000004 0.093806407942238282 6.6742424242424248 0.967204301075269 0.026385407964355335 0.16774891774891779 0.2678571428571429 42.115911989795926 4.2311111111111126 0.10478269910584322 3.2958754208754213 0.0092236795462601936 0.18780940594059409 0.82167318982387483 0.088922972051806423 0.075171232876712332 3.4483647351581945 0.16646291768541158 3.9778594771241838 0.11433842909857671
decision_type=2 2 2 2 2 2 2 2 2 2 2 2 2 2 2 2 2 2 2 2 2 2 2 2 2 2
left_child=2 7 3 11 15 13 -7 9 -9 10 -2 14 -11 -6 -1 16 -4 -17 19 -5 -10 -20 -3 -13 -24 -26
right_child=1 22 4 18 5 6 -8 8 20 12 -12 23 -14 -15 -16 17 -18 -19 21 -21 -22 -23 24 -25 25 -27
leaf_value=0.0063887733306617067 -0.012251268862336712 0.008825382156651131 -0.048736539327711825 -0.034767486834362926 0.028619317866265523 -0.023530506449555417 0.011146335647665859 0.056337839363353417 -0.00089184104961340062 0.03469989826327783 0.0010408817124147212 -0.014729957589837106 -0.037887358352332971 -0.016655203726214485 -0.0097729840559450231 -0.010070800338416695 0.022943657763270054 0.012206893568447888 0.0033668411027244112 -0.0049557456857651852 -0.013407044167125643 -0.051544236328803873 -0.075584088745663053 -0.055554821046938409 -0.057852013833089078 0.0096441209237980666
leaf_weight=442.79265768703772 103.35215345938923 1.5880004076752801 4.2613002695143214 19.161908763227984 111.59595149056986 36.7989521920681 67.327267129905522 4.8426513837184748 98.585093406785745 3.2825946931261596 2306.2956724214891 13.654904824215921 18.74105992843397 7.5559958741068831 59.78784552263096 114.03986049070954 38.799066629260778 44.500495415180922 4.3282288815826169 280.76568046491593 182.6512770348927 11.142819765955208 4.7199495639651996 4.6407581362873307 2.7110925139859319 1.3158178818412123
leaf_count=2789 852 11 25 190 949 220 392 33 762 32 21935 117 165 50 357 658 223 256 31 1656 1681 76 39 43 46 16
internal_value=-3.6466e-06 -0.00081103 0.00174286 -0.000994585 0.00713088 0.0132235 -0.00110871 -0.000634962 -0.00791359 0.000221347 0.000470768 0.00342815 -0.0270683 0.0257482 0.00446614 0.000383191 0.0158501 -0.0038177 -0.00829867 -0.00686037 -0.00901994 -0.0361821 -0.0471115 -0.0250853 -0.0572669 -0.0357972
internal_weight=3989.24 2728.09 1261.15 836.275 424.879 223.278 104.126 2717.75 286.079 2431.67 2409.65 520.876 22.0237 119.152 502.581 201.601 43.0604 158.54 315.399 299.928 281.236 15.471 10.3349 18.2957 8.74686 4.02691
internal_count=33604 25572 8032 5259 2773 1611 612 25460 2476 22984 22787 3306 197 999 3146 1162 248 914 1953 1846 2443 107 112 160 101 62
is_linear=0
shrinkage=0.05


Tree=280
num_leaves=28
num_cat=0
split_feature=11 0 3 6 4 9 8 8 10 3 11 3 1 4 4 0 1 11 3 0 1 1 0 8 0 4 0
split_gain=2.22567 10.098 13.0671 8.93865 9.84137 9.00742 6.5332 5.96687 7.62944 5.905 5.88142 5.51839 5.28147 5.28407 4.97074 5.27564 7.2956 5.98033 4.62828 7.94131 6.80051 4.53564 4.22575 4.01261 3.88628 3.26267 1.43986
threshold=81.241947850035572 98.500000000000014 0.62521477663230252 0.0587372779023633 3.919447534297368 0.11415183156453271 0.13464775964775968 0.26344707923655297 0.013194162362908374 0.93683510638297884 103.42424331103682 0.62970031099802104 23.027777777777782 3.8065407235786854 3.5756485720514504 82.500000000000014 17.976190476190478 80.898618824265199 0.6567895815042436 66.500000000000014 19.781746031746035 4.3397435897435903 19.500000000000004 0.13852082602082605 28.500000000000004 3.6431878306878311 43.500000000000007
decision_type=2 2 2 2 2 2 2 2 2 2 2 2 2 2 2 2 2 2 2 2 2 2 2 2 2 2 2
left_child=6 7 3 5 -5 -3 14 18 10 12 -9 -4 13 -8 24 16 -16 -17 20 -20 -2 -11 -23 -14 -1 -13 -26
right_child=1 2 11 4 -6 -7 9 8 -10 21 -12 25 23 -15 15 17 -18 -19 19 -21 -22 22 -24 -25 26 -27 -28
leaf_value=-0.063569729070869607 0.016260088563925478 -0.074876741813961811 -0.11154063686862321 0.017293243974819805 -0.02664881884882736 -0.011953540516265633 -0.011169065430157202 -0.014623585573122065 0.044602380876407166 0.054972688817022219 -0.067332081946824759 0.010100474919601019 0.044685846258673105 0.0065874492940051713 -0.0043815786344138024 -0.018374366185430351 0.013834321846876768 0.076053882264172479 0.00051351096691740834 -0.014754997808435678 -0.043513695718746047 -0.0017438329694336693 -0.019003180293899673 -0.0065655477821951348 0.019692482839258944 -0.039764510468421194 -0.034110836083137551
leaf_weight=6.1713197422213835 71.977798064588569 7.3700121350120744 2.489147030748426 48.682617401063908 17.259264245978557 24.912659127323423 43.862398655037396 56.997794741648249 5.0090450234711161 3.1777300387620917 5.8342414051294318 3.67162643931806 3.9399552969261995 935.53391985379858 270.16999085218413 65.888919806457125 69.00615620543249 1.7205065391026426 1866.1606191610917 89.23274027206935 5.095226972247473 177.69006094522774 44.307926983805373 124.45535817486234 2.7815244048833847 30.782764615491033 2.2488394384272397
leaf_count=38 2009 128 17 1985 311 381 381 387 32 16 43 25 49 7930 1881 822 587 20 12218 725 55 1031 465 1697 20 323 28
internal_value=-3.3721e-06 -0.00104896 -0.0142956 -0.00476149 0.00579209 -0.0263187 0.00133155 -0.000196452 -0.0147835 0.00304183 -0.0195178 -0.0396448 0.00454221 0.00579222 -0.00412256 -0.00321775 -0.000675512 -0.0159714 0.000290444 -0.000183255 0.0123085 -0.00433957 -0.00518858 -0.00499284 -0.0369805 -0.0344507 -0.00436045
internal_weight=3986.43 2235.48 135.168 98.2246 65.9419 32.2827 1750.95 2100.31 67.8411 1332.97 62.832 36.9435 1107.79 979.396 417.987 406.786 339.176 67.6094 2032.47 1955.39 77.073 225.176 221.998 128.395 11.2017 34.4544 5.03036
internal_count=33604 18639 3170 2805 2296 509 14965 15469 462 11569 430 365 10057 8311 3396 3310 2468 842 15007 12943 2064 1512 1496 1746 86 348 48
is_linear=0
shrinkage=0.05


Tree=281
num_leaves=30
num_cat=0
split_feature=0 9 1 8 1 3 2 7 8 4 9 4 3 1 11 4 6 11 0 4 4 8 8 11 8 4 11 11 0
split_gain=2.16973 6.56081 7.11195 6.87731 5.7873 4.734 3.84201 4.97627 5.2597 3.2831 4.3084 6.61617 3.52705 2.41049 3.68016 3.9742 3.5598 3.01448 12.53 6.51546 2.22805 2.64569 1.81963 1.37644 1.08392 1.03739 0.61283 0.320114 0.293734
threshold=258.50000000000006 0.13412856431771317 18.510000000000002 0.17146626460610634 22.207142857142859 0.520369083249408 31.252218934911244 0.037768268170913576 0.21061432846329872 4.1732051282051286 0.12384611014855003 4.2927230423620033 0.44916643512086701 26.552380952380958 59.161545892169464 3.7495247148288979 0.12275320202346358 81.241947850035572 99.500000000000014 3.8003831417624525 4.0135594778451926 0.13517763046064937 0.15349857201142394 62.352505175918523 0.18608319272247087 4.909545454545456 64.83780719123051 74.618727688664549 256.50000000000006
decision_type=2 2 2 2 2 2 2 2 2 2 2 2 2 2 2 2 2 2 2 2 2 2 2 2 2 2 2 2 2
left_child=5 9 20 4 -4 6 25 23 -9 12 11 -11 24 17 16 -16 -15 19 -19 -7 21 -3 -14 -8 -2 28 -12 -22 -1
right_child=1 2 3 -5 -6 13 7 8 -10 10 26 -13 22 14 15 -17 -18 18 -20 -21 27 -23 -24 -25 -26 -27 -28 -29 -30
leaf_value=0.051607477553685402 0.055583008192990072 -0.040736493027276076 0.13823501660472159 -0.027006085496191115 0.029818783266523714 -0.01079898174545737 -0.02508886584814677 -0.0010951816222804134 -0.15592594901576412 0.041277163631181266 -0.021061270475562867 -0.015317656335948296 -0.019414025449664724 0.012834686432822387 0.0022839131107233717 -0.028344258888303459 -0.040609062009777291 -0.00018878641871912437 -0.017856540198976239 0.0026078725019729027 -0.026972364316369263 0.061350223866553977 -0.048939564937138469 0.053451700232360448 -0.036583133826655775 -0.042317355356400688 -0.060856256155877024 -0.057310493803203327 0.10263015605996473
leaf_weight=7.3331753466918626 1.4443775236140961 1.0891497830161809 2.6840581833384931 1.7407169761136172 2.2735838573426008 96.365462948102504 0.6177149720024343 13.764445659820918 0.57127806241624135 7.666520298458642 1.3630776624195267 15.820798131870104 8.9365615388378519 23.36222482286394 16.375530288554728 29.98435144382529 3.5953264073468736 2096.4117776217172 105.39753819524776 1520.3515685528982 1.7135555595159533 1.5209019164321942 12.541739675682036 5.7549283331027254 0.40942734689451743 0.29290331550873805 3.3330773338675499 1.7651914805173872 0.29336166381835926
leaf_count=1411 202 25 25 26 27 648 29 588 12 108 19 294 147 387 130 448 61 15174 1272 11872 13 22 210 337 14 17 41 28 17
internal_value=-3.5461e-06 -0.0091137 0.0229428 0.0584944 0.0885151 0.000145877 0.020404 0.00907659 -0.00726518 -0.0170707 -0.00558597 0.00315552 -0.0309435 -3.13867e-06 -0.0089834 -0.0175256 0.0057069 0.000169286 -0.00103452 0.00180875 -0.0161679 0.0187504 -0.0366548 0.0458386 0.0352274 0.0500237 -0.0493056 -0.0423666 0.0535701
internal_weight=3984.77 64.3027 12.7872 6.69836 4.95764 3920.47 28.6278 20.7084 14.3357 51.5156 28.1835 23.4873 23.3321 3891.84 73.3174 46.3599 26.9576 3818.53 2201.81 1616.72 6.0888 2.61005 21.4783 6.37264 1.8538 7.91944 4.69615 3.47875 7.62654
internal_count=33604 1201 166 78 52 32403 2411 966 600 1035 462 402 573 29992 1026 578 448 28966 16446 12520 88 47 357 366 216 1445 60 41 1428
is_linear=0
shrinkage=0.05


Tree=282
num_leaves=30
num_cat=0
split_feature=4 11 11 2 1 6 11 1 0 11 2 5 4 3 3 10 0 2 7 8 7 3 4 3 9 9 7 7 8
split_gain=2.10089 7.94855 7.63042 9.39015 7.46841 7.68287 6.81004 7.81068 10.0343 6.79913 6.735 6.35226 6.18255 5.48526 5.03518 5.03382 8.58153 9.67458 5.13004 8.417 5.11973 4.71207 4.1299 4.50326 4.03229 3.89489 3.70996 2.02757 1.83875
threshold=4.1933517495395956 63.614162679425853 66.738557885484695 12.67061143984221 20.408333333333335 0.13343224530168155 76.503031135531174 16.341666666666672 60.500000000000007 83.38062816608506 1.0000000180025095e-35 0.033615819209039555 4.4618037135278525 0.62521477663230252 0.78805704099821761 0.00060114352785063457 49.500000000000007 90.277777777777786 1.0000000180025095e-35 0.22194854953475646 0.014527930209652458 0.86602564102564117 4.1172672764851539 0.63676171860028374 0.066790582403965307 0.098920514114860414 0.039619053368751517 0.094761785981541544 0.14262598243180771
decision_type=2 2 2 2 2 2 2 2 2 2 2 2 2 2 2 2 2 2 2 2 2 2 2 2 2 2 2 2 2
left_child=1 22 15 4 5 -4 11 10 -9 12 -8 13 -5 -3 -11 18 21 -18 19 -2 -20 -17 23 25 -24 -1 -25 -6 -26
right_child=2 6 3 9 27 -7 7 8 -10 14 -12 -13 -14 -15 -16 16 17 -19 20 -21 -22 -23 24 26 28 -27 -28 -29 -30
leaf_value=0.058413035307971366 0.027649689403548373 0.0203918198324008 0.0064189231525325066 -0.0041133381188530284 -0.047789710333760338 -0.007589765708920654 -0.011585654842015269 -0.00081591902409561788 -0.017361435772289793 -0.059866249951336881 0.0021128272507842604 -0.053426399881373557 -0.020477797644243172 0.0050237563215703831 -0.019769926839179618 -0.036578307637615666 0.043360375263442656 -0.0018266680902493287 -0.047528464594548576 -0.0082639153188276398 -0.00092514142177014939 0.0059839739525208296 0.044143314257865718 -0.017445492093590701 0.024667225705232689 -0.049614305601382303 -0.064925130651774687 0.001208632441800802 -0.037600296887503749
leaf_weight=2.0804204145679317 40.939747462514788 74.578145390900318 269.85566061717691 231.08570832258556 10.068896965589373 153.57423204850056 94.30448828660883 290.1671312560793 133.93172196863452 10.349940729327498 1849.4057102745574 4.202688413206487 76.931903380842414 262.19565364532173 32.15463508432731 8.8799673677422089 33.106121225981042 18.444696644553915 6.0117658972740164 27.123590055038221 298.89350700937212 24.291719350032508 3.6305930374655855 6.5626169331371811 1.5822467678226528 1.3931227580178527 11.028081874363123 2.6714934427291146 4.7295084204524755
leaf_count=37 253 844 1834 2319 82 967 652 1850 1766 85 15852 24 777 1978 257 72 236 236 60 182 2729 195 25 54 14 26 115 22 61
internal_value=-3.752e-06 0.000770035 -0.00170742 -0.00469384 0.000203199 0.0013381 0.00105817 0.000106806 -0.00604104 -0.0107874 0.00144821 0.00766462 -0.0082006 0.008427 -0.0295335 0.00342572 0.0144277 0.0271926 0.000926554 0.0133379 -0.00184401 -0.00540983 -0.0244018 -0.0369386 0.00215896 0.0150869 -0.0472118 -0.0375154 -0.0219909
internal_weight=3984.18 2739.79 1244.38 786.692 436.17 423.43 2708.79 2367.81 424.099 350.522 1943.71 340.976 308.018 336.774 42.5046 457.691 84.7225 51.5508 372.969 68.0633 304.905 33.1717 31.0066 21.0642 9.94235 3.47354 17.5907 12.7404 6.31176
internal_count=33604 23298 10306 6343 2905 2801 22966 20120 3616 3438 16504 2846 3096 2822 342 3963 739 472 3224 435 2789 267 332 232 100 63 169 104 75
is_linear=0
shrinkage=0.05


Tree=283
num_leaves=19
num_cat=0
split_feature=1 4 5 8 11 4 11 8 0 6 3 0 3 4 3 2 2 11
split_gain=2.08947 2.85185 2.78403 4.42958 2.83233 2.70054 3.41141 2.61483 2.60452 2.26613 3.22197 2.51076 1.15705 2.05201 2.00867 2.06693 3.56124 0.381638
threshold=5.0769230769230775 5.1012195121951232 0.050641025641025648 0.056079664570230614 103.42424331103682 5.0645833333333341 59.161545892169464 0.04819976771196284 9.5000000000000018 0.1101306173223449 0.79674258474576287 16.500000000000004 0.84178433889602056 3.6819943622269204 0.88029850746268667 0.2678571428571429 1.0200000000000002 74.618727688664549
decision_type=2 2 2 2 2 2 2 2 2 2 2 2 2 2 2 2 2 2
left_child=12 2 5 -4 -5 7 -7 -2 -3 10 -10 -11 13 -1 -14 -16 -17 -15
right_child=1 8 3 4 -6 6 -8 -9 9 11 -12 -13 14 17 15 16 -18 -19
leaf_value=-0.01658354118295707 -0.0094864515717892062 0.024220766401144386 0.046870821043067015 -0.015336741553672015 -0.065112192222793061 -0.005223595185799435 0.051052654643657151 0.00026185543341130079 0.015603141245957084 0.005554867175895037 -0.03583611046557806 -0.020859640360050315 -0.028586495661660234 0.027799107081736343 -0.016111142729163846 0.038746755961882269 0.004334706946391256 0.059721508869593112
leaf_weight=1.6393687385134388 70.072117802046705 4.9077778477221718 2.6067550703883198 23.374166818568487 3.2560593597590914 5.0009903088211995 5.8348470153287053 3759.153952547058 3.6929234497947645 20.241937290877104 17.329188979696482 16.192949614487588 3.5748041644692412 1.3923100089887155 6.1941445618867865 11.007219254970549 23.719705283641815 2.8584657724713907
leaf_count=16 475 37 15 152 25 39 39 31996 52 121 171 155 29 19 33 59 133 38
internal_value=-4.3275e-06 -0.000133986 3.69753e-05 -0.0153337 -0.0214228 0.000154003 0.0250799 8.34683e-05 -0.010741 -0.0137273 -0.0267999 -0.00618467 0.0101131 0.0309382 0.00735633 0.0104962 0.0152421 0.0492656
internal_weight=3982.05 3931.66 3869.3 29.237 26.6302 3840.06 10.8358 3829.23 62.3648 57.457 21.0221 36.4349 50.386 5.89014 44.4959 40.9211 34.7269 4.25078
internal_count=33604 33277 32741 192 177 32549 78 32471 536 499 223 276 327 73 254 225 192 57
is_linear=0
shrinkage=0.05


Tree=284
num_leaves=23
num_cat=0
split_feature=0 3 1 5 7 8 6 9 8 8 9 1 7 7 0 4 9 9 2 6 0 2
split_gain=2.08562 4.57558 3.71091 4.73364 6.39673 3.73697 2.20161 5.00214 4.76202 4.21331 3.8351 3.49564 2.13253 8.42826 1.16631 0.851064 1.28996 0.861314 0.666766 0.144931 0.00231302 0.000649554
threshold=287.50000000000006 0.46035674996071041 15.902380952380954 0.0024968827930174566 0.079565114815979873 0.1622329135418141 0.046308911090927447 0.10519881611118261 0.056079664570230614 0.39009661835748799 0.18780940594059409 8.6201923076923084 0.063144603934077628 0.067834956668456181 298.50000000000006 4.1601526717557258 0.12181114148119225 0.10172465060957479 1.0000000180025095e-35 0.065007739938080511 285.50000000000006 67.737947530864218
decision_type=2 2 2 2 2 2 2 2 2 2 2 2 2 2 2 2 2 2 2 2 2 2
left_child=1 18 15 4 5 -4 7 8 -3 10 -8 -9 14 -14 -5 16 17 -2 -1 -18 21 -20
right_child=2 6 3 12 -6 -7 9 11 -10 -11 -12 -13 13 -15 -16 -17 19 -19 20 -21 -22 -23
leaf_value=-0.016670741643088981 -0.036948337058674036 0.042591102820325522 0.024449382536173597 0.0067164096300129927 0.11299887498101897 -0.021583445366013684 0.00094461869852180066 0.0089074430998576214 -0.013953582350977215 -0.060687802778476199 -0.0077116054673261221 -0.0024263307440690069 0.085620893515938032 -0.055060974011016228 -0.053541796449461831 -0.062908122779260597 -0.040739645830500576 0.027978833381667869 0.050322695296630707 -0.064274670385112614 0.057253336993359938 0.051682349892605617
leaf_weight=0.39458594564348359 0.89167636795900707 3.8514830791391423 9.5903758080676287 0.92131061060353925 1.4360867701470841 8.160211584530769 3201.5233537181048 81.88599329162389 112.02572812046856 2.8067251322790971 133.28274247888476 402.13966597965918 1.70949100703001 2.8223307854495943 6.2538825855590403 3.0710742082446814 1.3140939343720677 1.1958288804162291 3.7660099945205729 1.3025203980505464 0.13586437294725318 1.1456253190990535
leaf_count=22 16 29 119 27 16 150 26027 488 802 31 909 3157 20 58 142 38 22 25 1353 20 6 127
internal_value=-4.13439e-06 0.000109191 -0.0115596 -0.00378909 0.0114991 0.0032874 4.58692e-05 -0.00274286 -0.0120742 0.000547116 0.000598654 -0.000508917 -0.028845 -0.00199305 -0.0458045 -0.0424347 -0.0290687 0.000245239 0.0459245 -0.0524551 0.0508178 0.0506398
internal_weight=3981.63 3942.96 38.6689 30.8937 19.1867 17.7506 3937.52 599.903 115.877 3337.61 3334.81 484.026 11.707 4.53182 7.17519 7.77519 4.70412 2.08751 5.44209 2.61661 5.0475 4.91164
internal_count=33604 32951 653 532 285 269 31443 4476 831 26967 26936 3645 247 78 169 121 83 41 1508 42 1486 1480
is_linear=0
shrinkage=0.05


Tree=285
num_leaves=26
num_cat=0
split_feature=0 3 3 9 6 5 4 3 8 0 6 9 2 8 2 11 4 9 0 10 11 8 2 6 1
split_gain=2.04836 6.75488 5.51512 4.53559 5.51373 4.26299 4.07944 2.89314 2.80061 3.47613 2.76915 2.45753 5.11227 8.46972 8.25688 4.16304 9.21039 5.05445 1.91643 2.92902 1.66497 1.452 0.00522214 0.00276436 0.000173428
threshold=179.50000000000003 0.55889894419306196 0.64938796835348567 0.08112025068546809 0.12776421346355077 0.01208470244614823 4.5350474942679346 0.49009890205646572 0.16646291768541158 23.500000000000004 0.06056618819776715 0.12866572067423462 16.005000000000003 0.088704939359603857 15.936725206611571 73.798436752749907 4.1304992904141402 0.10535885167464117 168.50000000000003 0.0010045205949425846 62.352505175918523 0.16810440990555517 107.49218750000001 0.086284463023788213 24.516666666666669
decision_type=2 2 2 2 2 2 2 2 2 2 2 2 2 2 2 2 2 2 2 2 2 2 2 2 2
left_child=1 8 3 4 7 6 -5 -2 9 -1 -11 15 14 -14 -13 17 -17 -3 21 -20 -6 -10 23 -4 -24
right_child=2 11 22 5 20 -7 -8 -9 18 10 -12 12 13 -15 -16 16 -18 -19 19 -21 -22 -23 24 -25 -26
leaf_value=-0.08592795240846636 0.020187475031283004 0.0018061491396115889 -0.054161954339629795 -0.00057145652425876577 0.1448007902729129 0.058777274081615295 -0.034629221633145461 -0.058340784356958768 -0.087881019249961279 0.0098449091987335546 0.048053299520302871 -0.00030359606778508375 -0.023984909295072625 -0.0034086330629974739 0.02666327257925102 0.0015237909929420135 -0.0070788691901291882 0.011745164510415991 0.019866939506218446 -0.10495307321248865 0.017014174236560396 0.014402018050046464 -0.052359126578171614 -0.056981646300179468 -0.051380658390602789
leaf_weight=0.60192085680319252 1.3681829316483334 530.38319501187652 2.3918246198445554 142.19255391659681 0.46422618301585206 2.875457090092822 9.3719234594609571 8.2170275426469725 0.35747663426445697 6.9610510860220556 14.876155340403782 728.52295763790607 56.796193744521588 418.70467786490917 29.536221615038812 1444.4231213189196 396.5588648323901 168.57267636992037 0.93549200525740051 0.94453725055791438 0.56531548243947327 11.812671865627633 1.0654644472524522 1.36544494330883 0.78763422276824702
leaf_count=15 145 3726 39 2688 5 29 158 108 35 267 1135 4848 397 3788 185 10930 2820 1463 43 12 38 645 30 17 38
internal_value=-4.25388e-06 0.000235799 -0.00536328 -0.00370615 -0.0353215 -0.0015332 -0.0026774 -0.0471317 0.0216453 0.0326063 0.0358736 2.87715e-05 -0.00180219 -0.00586637 0.000747113 0.000918005 -0.000329275 0.00420322 0.00413975 -0.0428433 0.0746339 0.0113976 -0.0541154 -0.0551867 -0.0519432
internal_weight=3980.65 3809.99 170.665 165.055 10.6148 154.44 151.564 9.58521 36.4893 22.4391 21.8372 3773.5 1233.56 475.501 758.059 2539.94 1840.98 698.956 14.0502 1.88003 1.02954 12.1701 5.61037 3.75727 1.8531
internal_count=33604 30309 3295 3171 296 2875 2846 253 2152 1417 1402 28157 9218 4185 5033 18939 13750 5189 735 55 43 680 124 56 68
is_linear=0
shrinkage=0.05


Tree=286
num_leaves=18
num_cat=0
split_feature=1 0 11 8 9 4 0 8 3 0 10 6 2 9 0 0 7
split_gain=2.08239 3.9439 2.09818 4.58958 2.70377 2.4299 6.10278 5.93686 4.86432 4.32971 5.45954 4.97078 1.33039 0.618701 0.277654 0.0806227 0.0167462
threshold=43.20000000000001 37.500000000000007 31.711447368421066 0.24345262580556701 0.073968855218855226 4.7226495726495736 17.500000000000004 0.12824250579352622 0.88029850746268667 10.500000000000002 0.030457637600494747 0.14322344322344324 2.6770833333333335 0.041745880861850444 16.500000000000004 45.500000000000007 0.019854409755072012
decision_type=2 2 2 2 2 2 2 2 2 2 2 2 2 2 2 2 2
left_child=2 -2 3 4 12 9 8 -8 -7 10 -4 -11 -1 -3 -5 -15 -17
right_child=1 13 5 14 -6 6 7 -9 -10 11 -12 -13 -14 15 -16 16 -18
leaf_value=0.082657958722649624 0.052384328024362284 -0.004708803212518319 -0.020475967291827862 -0.014085514534198261 0.0033178789978014767 0.02694320932213904 -0.044550929852401083 -0.0090616350227459546 -0.0012662989932315787 -0.00024204060824871627 0.046938229453814082 0.0052050735550706259 0.035106778395642989 -0.064988696219283479 -0.041527027164689263 -0.042575869135992019 -0.053222656542286279
leaf_weight=3.0046985950320941 1.1683649399783451 0.64228595758322615 40.089517699088901 1.9646340552717441 3.3889247393235564 17.937526452587917 13.314726701937614 102.51948566373903 103.21234848629683 3197.8081576613185 3.2464660182595244 481.94572895250167 2.8816504762507975 1.9125176675152031 1.7365492361132053 0.47537452960386906 1.6557126855477688
leaf_count=20 24 23 379 15 39 112 140 1042 634 27473 26 3509 26 32 28 16 66
internal_value=-4.27095e-06 -0.0298028 3.9637e-05 0.0201122 0.0388961 -2.61373e-05 -0.00493527 -0.013141 0.00291042 0.000286342 -0.0154257 0.00047138 0.0593794 -0.0502951 -0.0269607 -0.057536 -0.0508477
internal_weight=3978.9 5.85426 3973.05 12.9765 9.27527 3960.07 236.984 115.834 121.15 3723.09 43.336 3679.75 5.88635 4.68589 3.70118 4.0436 2.13109
internal_count=33604 161 33443 128 85 33315 1928 1182 746 31387 405 30982 46 137 43 114 82
is_linear=0
shrinkage=0.05


Tree=287
num_leaves=20
num_cat=0
split_feature=4 11 11 8 0 9 8 0 8 6 0 1 7 7 7 7 0 8 1
split_gain=2.03556 4.05421 4.45569 4.1146 5.45161 3.87205 3.49621 6.77223 5.59574 2.66139 2.65341 10.2474 7.6616 7.63509 2.39106 10.5043 5.49707 1.62474 0.543234
threshold=3.4005813953488375 114.70708333333336 91.823367461272397 0.17025922140667102 62.500000000000007 0.20050251256281412 0.13517763046064937 17.500000000000004 0.13798392214935482 0.17124060150375944 28.500000000000004 10.258333333333335 0.017291209886386289 0.039011769480519487 0.02936863895118165 0.041615729421352894 10.500000000000002 0.071599453178400566 11.660919540229886
decision_type=2 2 2 2 2 2 2 2 2 2 2 2 2 2 2 2 2 2 2
left_child=9 2 6 5 -5 -4 7 -2 -8 10 14 13 -13 -12 16 -16 -1 -11 -19
right_child=1 -3 3 4 -6 -7 8 -9 -10 17 11 12 -14 -15 15 -17 -18 18 -20
leaf_value=-0.050077061611659493 0.005965063441718127 0.046833720692101531 2.9301692711895409e-05 -0.007644211091417683 -0.051329576825132985 -0.017196360840389776 0.016371561227458527 -0.0045628126047443296 0.0011841908916216662 -0.00028109407328358191 0.012139145164242736 -0.021828217759151902 0.027882493594579838 -0.080031049657166994 -0.043992861528058438 0.0024325795608531459 0.010891226361663241 0.041841476819097029 0.081266871438275975
leaf_weight=3.9274735101498655 198.33026401349343 4.5600606001680708 478.72823453781893 249.59629708618741 7.3519169240607871 35.009148359997198 62.500511462334543 664.70844818933983 2048.635290598264 1.7136661894619454 4.1821906558470783 9.2346432347840146 48.245798227144405 4.8553281229687855 14.582197638228534 74.09069920424372 63.033587400685064 2.0090191434137528 1.5461479648947714
leaf_count=30 1167 27 3895 1672 151 222 555 5969 17655 14 91 148 712 60 114 552 522 31 17
internal_value=-4.23532e-06 -0.000282832 -0.000340205 -0.00372829 -0.00889416 -0.00114456 0.000537735 -0.00214346 0.00163382 0.00458891 0.00375592 0.0121145 0.0198961 -0.0373785 0.00018348 -0.00520205 0.00731525 0.0397107 0.0589876
internal_weight=3976.84 3749.42 3744.86 770.686 256.948 513.737 2974.17 863.039 2111.14 227.421 222.152 66.518 57.4804 9.03752 155.634 88.6729 66.9611 5.26883 3.55517
internal_count=33604 31313 31286 5940 1823 4117 25346 7136 18210 2291 2229 1011 860 151 1218 666 552 62 48
is_linear=0
shrinkage=0.05


Tree=288
num_leaves=27
num_cat=0
split_feature=1 0 6 2 8 8 6 11 9 2 1 7 0 9 4 5 1 3 9 8 8 3 7 4 11 8
split_gain=2.07809 8.83948 12.4195 8.08344 7.48484 8.78652 7.55444 10.1149 6.22389 5.82877 5.15583 5.81084 5.21321 7.04638 5.65213 4.8047 6.49731 4.64376 4.3346 4.04796 3.94858 7.24765 3.77065 1.87381 1.21374 1.05743
threshold=13.804761904761907 12.500000000000002 0.19069264069264072 1.0000000180025095e-35 0.16984155781325597 0.14774226433197413 0.15643825301204822 62.841323529411781 0.086881038647343006 87.27000000000001 7.9687500000000009 0.055204764560592791 15.500000000000002 0.090586022319850537 4.0968367091772953 1.0000000180025095e-35 12.806250000000002 0.59247112122643542 0.13301622452207715 0.071599453178400566 0.14262598243180771 0.75773524720893148 0.079565114815979873 3.6993429298492164 82.943463242974062 0.10912291933418695
decision_type=2 2 2 2 2 2 2 2 2 2 2 2 2 2 2 2 2 2 2 2 2 2 2 2 2 2
left_child=3 2 18 10 5 19 7 -6 -7 15 11 -1 14 -14 -12 17 -17 -5 23 -3 25 -22 -8 -2 -20 -11
right_child=1 4 -4 9 6 8 22 -9 -10 20 12 -13 13 -15 -16 16 -18 -19 24 -21 21 -23 -24 -25 -26 -27
leaf_value=0.06021089242862937 0.048273975990702545 -0.01587068910543785 0.098619289898597778 0.018923648547028868 0.0092263563367128206 -0.004755975684349734 -0.021971221443096049 -0.0076734705745310763 0.011685991644921333 -0.035533369430726311 -0.043538059043289744 -0.018611112870019198 -0.035358867757705248 0.021449940633211071 -0.011068045073729806 -0.012402413427375839 0.014516764928744997 0.001964750886952262 -0.044106176833542822 -0.001307318116073477 0.041457517206268633 -0.03870192467373558 -0.071484517897852776 0.012562374423322418 -0.003592965966552183 -0.080202472458126062
leaf_weight=4.700355237349866 5.9915752317756477 52.470542141702026 4.9073147475719443 41.149467215058394 107.63410529331304 75.71789511066163 33.918040215532528 499.08442718157312 239.96274512523087 2.2238037423230734 26.220048013608903 4.6527379546314478 8.4860711134970206 15.29991850722581 27.41680443380028 115.33823379897512 27.822874530742411 2119.7905248496681 3.0288027003407469 526.43808544822969 4.2813781697768709 8.2605362916365248 4.3367873027455053 9.4931614212691766 4.7449365705251694 3.2775819783564657
leaf_count=33 30 382 28 2101 1185 633 216 4468 2372 22 249 34 59 104 300 1134 341 14593 26 5029 42 78 28 54 33 30
internal_value=-3.65153e-06 -0.00142049 0.0263374 0.000918426 -0.00192831 0.0010319 -0.00603416 -0.00467538 0.00774229 0.00147833 -0.0140647 0.0210005 -0.0183007 0.0011824 -0.0269408 0.00170001 -0.00717076 0.00228769 0.0110866 -0.0026273 -0.0268295 -0.0113382 -0.0275843 0.0263804 -0.0193777 -0.0621461
internal_weight=3976.65 1567.73 28.1658 2408.92 1539.56 894.589 644.973 606.719 315.681 2322.14 86.7759 9.35309 77.4228 23.786 53.6369 2304.1 143.161 2160.94 23.2585 578.909 18.0433 12.5419 38.2548 15.4847 7.77374 5.50139
internal_count=33604 14484 171 19120 14313 8416 5897 5653 3005 18341 779 67 712 163 549 18169 1475 16694 143 5411 172 120 244 84 59 52
is_linear=0
shrinkage=0.05


Tree=289
num_leaves=26
num_cat=0
split_feature=0 3 2 2 11 3 1 10 3 3 6 6 0 1 1 1 0 11 4 2 4 3 3 6 3
split_gain=2.12009 8.19464 5.92462 5.85393 10.4805 7.97577 5.68421 5.95103 5.66056 4.83169 4.98137 3.83585 6.41178 4.66237 3.18062 5.16947 10.2928 4.66005 7.67355 4.92588 3.13584 3.07377 1.219 1.06225 0.4401
threshold=117.50000000000001 0.62970031099802104 54.425361570247944 254.07636485966938 44.010675675675706 0.64524074368345785 12.256578947368423 0.0020093779945519349 0.55364521841794578 0.61500264512095426 0.062101652255104951 0.096733152753837329 27.500000000000004 17.674242424242429 20.027777777777782 19.976190476190478 19.500000000000004 74.983321342925692 3.8637708445400758 40.223537146614071 3.8003831417624525 0.67574992574992587 0.36911311461243779 0.11531312553617389 0.52393684746625935
decision_type=2 2 2 2 2 2 2 2 2 2 2 2 2 2 2 2 2 2 2 2 2 2 2 2 2
left_child=1 2 11 4 5 -2 8 -8 -6 10 -4 13 -13 -1 15 21 -17 19 -19 -16 -11 -3 -5 24 -24
right_child=3 14 9 22 6 -7 7 -9 -10 20 -12 12 -14 -15 17 16 -18 18 -20 -21 -22 -23 23 -25 -26
leaf_value=0.0080675170348374989 0.017771452079488659 0.0069886775138970642 -0.014387908935614363 0.029071768861890571 0.012513409908651803 0.19357631294912225 -0.0041938235858491315 0.013934688713802363 -0.040418071152696869 0.021438371743214391 0.035962958329710831 -0.073027885142767354 0.035597498111047655 -0.024320107717056151 -0.0067539147109587005 0.027704581230220376 -0.013796217888339585 -0.0048004162649263509 -0.034778199588783025 0.012758904724482864 0.081382505006781139 -0.0002812420375393242 -0.023996305117402108 0.017734922593843992 -0.051712395925130029
leaf_weight=48.307006450166227 1.4214699212461703 152.78922195266932 7.4193007620051565 0.62358086975291271 6.9504941888735656 1.1812433106824753 302.85785251922789 53.225673871638719 18.48131992854178 3.2881018761545402 14.536659115925429 1.4792159043718154 16.644805640215054 14.431549542583523 88.684606201946735 45.373831235803664 22.274676839821041 72.053096319548786 30.334032443352044 50.910211839713156 6.4839886054396629 3004.801150549436 1.7307220271322847 0.67791029252111989 8.3059616535902006
leaf_count=1314 28 1514 79 20 773 16 4285 682 154 29 173 39 864 172 792 258 162 493 333 680 39 20373 41 13 278
internal_value=-3.96888e-06 0.000379812 0.0136551 -0.00347809 -0.00243293 0.0975606 -0.00311509 -0.00148406 -0.0259519 0.0319657 0.0189485 0.00647061 0.0267319 0.000617495 -5.12753e-05 0.000363531 0.0140396 -0.00557999 -0.0136819 0.000362408 0.0612126 7.05342e-05 -0.0388864 -0.0428415 -0.046933
internal_weight=3975.27 3579.81 112.591 395.456 384.118 2.60271 381.515 356.084 25.4318 31.7281 21.956 80.8626 18.124 62.7386 3467.22 3225.24 67.6485 241.982 102.387 139.595 9.77209 3157.59 11.3382 10.7146 10.0367
internal_count=33604 27314 2709 6290 5938 44 5894 4967 927 320 252 2389 903 1486 24605 22307 420 2298 826 1472 68 21887 352 332 319
is_linear=0
shrinkage=0.05


Tree=290
num_leaves=31
num_cat=0
split_feature=0 4 11 9 3 7 6 3 3 7 2 8 2 0 3 1 4 1 10 7 4 6 6 11 3 8 11 4 7 0
split_gain=2.02481 7.28602 9.68158 10.6279 10.3036 9.74683 8.84295 7.09956 5.68992 9.75582 11.1218 9.06629 7.12925 6.7815 6.9094 8.20243 5.91095 5.67209 6.21874 6.06591 4.75055 4.68327 4.64102 4.49458 4.31206 7.17551 4.43712 4.25799 3.21464 1.68401
threshold=57.500000000000007 3.5265507518796997 79.55976515151518 0.057197382769901862 0.75446570972886773 0.064958507196774359 0.13034344172451592 0.61297335203366077 0.75773524720893148 0.019267894267894273 59.838367346938782 0.13752323420074353 6.901234567901235 34.500000000000007 0.86996779388083745 14.16954022988506 3.6658914728682173 16.677083333333339 0.0055701687856807977 0.058745098039215689 3.6672955974842769 0.039499687955065539 0.11547008547008548 103.20663137181414 0.85391260162601634 0.093121797398502182 88.725182169493593 3.6252853881278546 0.097652668256005881 76.500000000000014
decision_type=2 2 2 2 2 2 2 2 2 2 2 2 2 2 2 2 2 2 2 2 2 2 2 2 2 2 2 2 2 2
left_child=8 17 3 7 5 -4 -5 -3 9 10 16 12 -11 24 15 -15 -1 18 28 21 -12 -19 -16 -13 25 -10 -26 -6 -2 -21
right_child=1 2 4 6 27 -7 -8 -9 13 11 20 23 -14 14 22 -17 -18 19 -20 29 -22 -23 -24 -25 26 -27 -28 -29 -30 -31
leaf_value=0.0061341859966341028 0.042631743878718042 0.026680520828023468 -0.0013983312712416819 0.0037648797656968493 0.03724171544464612 -0.02050452466819631 -0.030512369962658312 -0.051175562516865017 -0.008804177238180973 -0.023833383400715915 -0.02076240690087949 0.018135102159469101 0.0059699584444475821 0.001844337783310804 -0.041626156195897171 -0.013215055167360166 -0.024827927790159882 -0.068534995430106507 -0.051324733282616344 -0.10664260278015136 0.060232386387751725 0.033759153009146725 0.0009682512867529629 -0.043946564396192905 0.0016757915269264346 0.0066680328845060161 -0.0036847485040185975 -0.041856347167611163 -0.033906999409831211 -0.034403516932581341
leaf_weight=21.970821920287563 23.908090594370158 3.6413686343294129 240.62973791579134 520.46423640841385 1.8093543993309165 92.3754445038212 19.521664902800694 14.948513817973433 87.443954616785049 25.611255703726783 2.382079587550832 186.26482997569838 92.66958052557311 222.11225228244439 21.543692667502913 152.5042848624289 51.658142771892017 1.3906555742723847 2.0984136889455831 1.540592455188744 7.5432663091924042 5.7255139112239704 9.0948762034531665 2.9617879476863882 960.0805472722277 523.85992644354701 645.62951529305428 28.522994307801127 1.4553673149785016 1.6936645274399778
leaf_count=369 926 131 3790 5830 12 1198 204 108 515 253 26 1737 861 1394 429 1270 477 17 39 13 60 122 136 61 6096 3218 3898 361 22 31
internal_value=-4.10181e-06 -0.00200419 -0.00288649 0.001246 -0.00923956 -0.00669838 0.00252568 -0.0359252 0.000632914 0.00625912 -0.00889123 0.0103757 -0.000483336 -0.000206128 -0.00615335 -0.00428626 -0.0155889 0.0195073 0.0313961 -0.0120363 0.0407937 0.0137686 -0.0289823 0.0171634 0.000880985 0.00445481 -0.000479593 -0.0371381 0.0382399 -0.0688136
internal_weight=3973.06 959.726 921.913 558.576 363.338 333.005 539.986 18.5899 3013.33 391.062 83.5543 307.507 118.281 2622.27 405.255 374.617 73.629 37.8123 27.4619 10.3504 9.92535 7.11617 30.6386 189.227 2217.01 611.304 1605.71 30.3323 25.3635 3.23426
internal_count=33604 12804 11634 6273 5361 4988 6034 239 20800 3844 932 2912 1114 16956 3229 2664 846 1170 987 183 86 139 565 1798 13727 3733 9994 373 948 44
is_linear=0
shrinkage=0.05


Tree=291
num_leaves=31
num_cat=0
split_feature=4 11 11 2 1 6 11 11 1 0 2 7 4 10 11 4 10 0 8 6 6 6 3 4 3 9 9 7 7 8
split_gain=2.13244 7.46695 6.65327 8.37201 6.44661 7.1306 6.09808 6.01868 6.53645 7.30895 6.40664 6.0945 5.79906 5.38917 5.02536 4.82115 4.46577 7.65238 8.99857 4.68688 5.94473 5.04001 4.29012 3.80781 4.11749 3.68402 3.52724 3.51882 1.9121 1.72327
threshold=4.1933517495395956 63.614162679425853 66.738557885484695 12.67061143984221 20.408333333333335 0.13343224530168155 83.38062816608506 78.776190150478826 15.510869565217392 34.500000000000007 1.0000000180025095e-35 0.085145784081954307 4.614133648728564 0.0024183832216256684 72.831866925064631 4.5932768361581937 0.00060114352785063457 49.500000000000007 0.17504208754208758 0.070986829547623601 0.066131781200758924 0.076133349726871954 0.86602564102564117 4.1172672764851539 0.63676171860028374 0.066790582403965307 0.098920514114860414 0.041615729421352894 0.094761785981541544 0.14262598243180771
decision_type=2 2 2 2 2 2 2 2 2 2 2 2 2 2 2 2 2 2 2 2 2 2 2 2 2 2 2 2 2 2
left_child=1 23 16 4 5 -4 12 11 10 -10 -9 13 -5 -3 -13 -8 19 22 -19 20 -2 -21 -18 24 26 -25 -1 -26 -6 -27
right_child=2 7 3 6 28 -7 15 8 9 -11 -12 14 -14 -15 -16 -17 17 18 -20 21 -22 -23 -24 25 27 29 -28 -29 -30 -31
leaf_value=0.055812147897474476 -0.0040000025437833715 0.010586583320512884 0.0060405050556641832 -0.0057630723536358005 -0.045650279077023605 -0.0074694219818398095 -0.032749571639999635 -0.013204532491664797 0.0011847675523102494 -0.01162229157126287 0.0019385119095731741 0.011041903593040107 -0.030600583812016614 -0.0082858663423219132 -0.015040216875901319 0.033953904087970978 -0.035416604061199307 0.044475722734535462 0.0028129986403611536 0.031052400118457103 -0.04105733506477257 0.0023474658623534633 0.0053912584117688763 0.042282488014419882 -0.017752110377840028 0.023317836716489879 -0.04851941073178432 -0.064036361866571009 0.002326230983334978 -0.036876054093767867
leaf_weight=2.0402134356554664 84.871800158638507 362.20168280391954 269.62402260949602 280.55528000969207 9.7562174303457123 153.1460582013824 39.19054508919362 72.853244903963059 214.72531823581085 231.51762967195828 1692.3190660591063 27.81508363422472 25.649223536485806 42.238554880372249 54.957628198200837 2.9100537183694533 8.764314901782198 28.186383857391775 23.992316497140564 16.254438799340278 12.404124476015566 258.20496596046723 24.291006073355675 3.5727349976077658 6.7432006113231209 1.6001584585756061 1.3436252980027346 10.502076636999844 2.6384382247924796 4.6276548500172794
leaf_count=37 804 3016 1834 2809 82 967 317 545 1216 2547 14537 240 287 394 471 25 72 235 237 185 146 2089 195 25 56 14 26 113 22 61
internal_value=-3.94978e-06 0.000777359 -0.00172289 -0.0045195 0.000104596 0.00114661 -0.0102967 0.00105508 -5.32592e-05 -0.00545973 0.00131352 0.00608574 -0.00784359 0.0086156 -0.00627554 -0.0281389 0.00307188 0.0133944 0.0253188 0.000705069 -0.00872536 0.00404747 -0.00542857 -0.0238523 -0.0360434 0.00180875 0.0143851 -0.0459384 -0.0354376 -0.02141
internal_weight=3969.5 2729.06 1240.44 783.47 435.165 422.77 348.305 2698.63 2211.42 446.243 1765.17 487.213 306.205 404.44 82.7727 42.1006 456.969 85.234 52.1787 371.735 97.2759 274.459 33.0553 30.4297 20.6291 9.80055 3.38384 17.2453 12.3947 6.22781
internal_count=33604 23298 10306 6343 2905 2801 3438 22966 18845 3763 15082 4121 3096 3410 711 342 3963 739 472 3224 950 2274 267 332 232 100 63 169 104 75
is_linear=0
shrinkage=0.05


Tree=292
num_leaves=30
num_cat=0
split_feature=0 3 6 8 9 4 3 0 11 4 4 7 11 7 8 1 1 3 9 0 3 11 9 9 2 8 7 3 5
split_gain=2.08992 6.55591 4.64573 7.18376 10.7078 9.82908 5.62924 6.75809 5.5273 7.28811 6.3632 3.02247 2.82666 2.71557 2.70367 4.68397 2.58824 3.35495 2.49435 8.08016 4.5628 2.459 2.35665 5.74954 3.44698 1.43501 1.32013 0.980632 0.563565
threshold=150.50000000000003 0.56553015627017966 0.063648420544972287 0.19153907337442835 0.098920514114860414 3.8637708445400758 0.53069073783359511 229.50000000000003 64.83780719123051 4.614133648728564 4.1994623655913985 0.040053475935828885 56.248500000000014 0.07062020460358058 0.14637945444875011 7.2613636363636376 26.552380952380958 0.9294019933554819 0.12966123119706738 125.50000000000001 0.91723744292237452 59.161545892169464 0.12246368287949187 0.12007067137809188 75.849628945658509 0.14774226433197413 0.1154812524159258 0.48540850508147398 0.0054719664645557315
decision_type=2 2 2 2 2 2 2 2 2 2 2 2 2 2 2 2 2 2 2 2 2 2 2 2 2 2 2 2 2
left_child=1 14 3 4 28 -6 7 11 9 -8 -10 -4 -5 -9 15 -1 18 21 20 -20 -3 -18 23 -16 -24 -19 -17 -14 -2
right_child=2 16 6 12 5 -7 8 13 10 -11 -12 -13 27 -15 22 26 17 25 19 -21 -22 -23 24 -25 -26 -27 -28 -29 -30
leaf_value=-0.20077120351815034 -0.054522816929688959 0.0024182184802745751 0.071920360250143991 0.041400218951019294 -0.020577582808506495 0.024636316368532318 0.016685048766542268 -0.00017267415173921261 -0.010126551300373876 -0.03149372607245382 -0.037134768741829485 0.020503186467646654 0.0085100840799039942 -0.045273251376900289 0.0058655290315797722 0.049404002919091111 0.0012705871297291737 0.0084498458262494483 -0.0011328177495577242 -0.03655039429479378 -0.0025706853825461567 -0.020411984770137032 0.05755159192042434 -0.18382912318553171 -0.031531004485830787 0.080823797602012512 -0.057738008320464752 -0.047532192216265923 -0.017142742870348324
leaf_weight=0.19464549617260019 6.0451397849246851 1844.259379722178 4.0577699309505979 1.1191142338793714 15.118081823398823 58.65848020859994 25.765459472779185 15.063368287374034 54.658749730326235 11.288646202068774 36.2863724748604 9.6678758935304341 0.85673194460105051 4.2876483591389833 12.87967905937694 11.012282994895937 20.183248271699995 1.4003311030101024 1153.2964073987678 16.33161933766678 609.8686639026273 37.133824300020933 4.7846835802192791 0.41223537770565677 1.4047138174064455 1.3405939778313039 0.29520707286428738 8.7810900779440981 1.2101927045732734
leaf_count=13 113 14252 284 25 296 704 337 628 636 169 439 540 49 106 766 795 298 22 8358 196 3746 421 199 19 11 26 9 131 16
internal_value=-4.55763e-06 0.000294837 -0.00440292 0.00457495 0.00967139 0.0153712 -0.00951895 0.00886854 -0.0142705 0.00200724 -0.0209026 0.0357039 -0.0338165 -0.0101657 0.0231984 0.0424206 0.000102202 -0.0101926 0.000272822 -0.00162736 0.00117844 -0.0127768 0.0118493 -1.76601e-05 0.0373339 0.0438481 0.0466068 -0.0425504 -0.0482878
internal_weight=3967.66 3714.8 252.865 91.7888 81.0319 73.7766 161.076 33.0767 127.999 37.0541 90.9451 13.7256 10.7569 19.351 30.9834 11.5021 3683.81 60.058 3623.76 1169.63 2454.13 57.3171 19.4813 13.2919 6.1894 2.74093 11.3075 9.63782 7.25533
internal_count=33604 29131 4473 1334 1129 1000 3139 1558 1581 506 1075 824 205 734 1812 817 27319 767 26552 8554 17998 719 995 785 210 48 804 180 129
is_linear=0
shrinkage=0.05


Tree=293
num_leaves=28
num_cat=0
split_feature=0 10 2 6 9 4 1 7 4 7 1 2 8 8 8 9 6 3 11 2 6 11 4 4 3 11 9
split_gain=2.04959 8.36699 6.82688 9.82711 6.7672 11.6135 6.37684 6.42432 6.40736 5.66276 5.21293 5.17507 5.12684 5.56643 5.47989 4.97397 5.89255 4.79284 4.39929 3.41238 2.94343 2.27917 2.26496 1.3067 1.53326 1.16665 0.765429
threshold=20.500000000000004 0.027100470035252646 7.6676528599605538 0.11987055016181231 0.058997563522450405 4.5253577788036674 5.9761904761904772 0.093806407942238282 4.4618037135278525 0.16774891774891779 8.7638888888888911 4.2311111111111126 0.062940140845070436 0.099848942598187329 0.04819976771196284 0.086881038647343006 0.14261501210653757 0.88799283154121877 97.65538690476194 42.115911989795926 0.14261501210653757 94.872969585161584 3.4483647351581945 3.9778594771241838 0.80712322976115003 87.855974080267586 0.11098008385744236
decision_type=2 2 2 2 2 2 2 2 2 2 2 2 2 2 2 2 2 2 2 2 2 2 2 2 2 2 2
left_child=2 6 3 9 5 19 20 8 -8 11 -9 -1 14 -14 -5 18 -17 -7 -6 -4 25 -11 -3 -24 -25 -2 -22
right_child=1 22 4 12 15 17 7 10 -10 21 -12 -13 13 -15 -16 16 -18 -19 -20 -21 26 -23 23 24 -26 -27 -28
leaf_value=0.0061340744597829649 0.035656311177144552 0.0082936601046250478 0.031523018179710753 -0.012122654315986775 -0.0084995962916107962 0.02935562614031962 0.00095611678470783985 0.0095226604953030473 -0.0074714627588747242 -0.014867459693578375 -0.010561947236241501 -0.0095431504427551141 -0.030552138199586104 -0.0075237067132297181 0.03406096012815954 0.0014119448610521285 0.018141930911305788 -0.024845966941572956 -0.064178411517249928 -0.0053100385085381495 0.05400773137312781 -0.057906396610755688 -0.074912004092910461 0.0093402055156443439 -0.057377274839910869 -0.0079785634055769775 0.097700949709232765
leaf_weight=440.53518418094609 3.4033530368469638 1.5953261498361815 67.167259838897735 11.650161113590004 22.982814859598879 5.2835908820852664 2156.2607595308509 37.228517954441486 251.8802089036908 14.117203132249417 244.37709380954038 59.783950906246901 29.201459813863039 258.8817713491153 14.315251527354119 229.36621593497694 68.306420693174005 17.883274894207716 4.1952533312141886 6.9376370869576922 2.8006793196836952 3.9330415194854131 4.5385422911494953 1.2824971216032284 2.6211293986998498 2.7856655683135614 1.5610254183411596
leaf_count=2789 21 11 579 70 129 40 20285 291 2609 126 2172 357 178 1608 97 1412 452 89 23 49 50 34 39 12 50 22 10
internal_value=-4.75583e-06 -0.000778183 0.00166617 -0.000960388 0.0068457 0.0184149 -0.000608808 -0.000760986 7.46316e-05 0.00326816 -0.00790674 0.00426078 -0.00794003 -0.00985798 0.0133393 0.00338147 0.00525095 -0.0124844 -0.0170943 0.0280747 0.0381867 -0.0242454 -0.0463437 -0.0566686 -0.0354579 0.0160163 0.0696452
internal_weight=3964.88 2710.33 1254.54 832.418 422.122 97.2718 2700.3 2689.75 2408.14 518.369 281.606 500.319 314.049 288.083 25.9654 324.851 297.673 23.1669 27.1781 74.1049 10.5507 18.0502 10.0375 8.44217 3.90363 6.18902 4.3617
internal_count=33604 25572 8032 5259 2773 757 25460 25357 22894 3306 2463 3146 1953 1786 167 2016 1864 129 152 628 103 160 112 101 62 43 60
is_linear=0
shrinkage=0.05


Tree=294
num_leaves=26
num_cat=0
split_feature=6 8 2 9 8 10 2 9 8 8 4 10 11 0 9 11 0 6 4 1 1 3 4 4 8
split_gain=2.00939 4.23838 3.97683 5.87216 6.32047 4.59445 4.93247 3.97518 3.10595 2.9575 2.7698 8.40547 7.2493 8.60103 5.2862 4.66397 7.93408 11.553 7.15105 6.10339 6.03076 5.84512 2.95609 2.12633 1.15918
threshold=0.20185185185185187 0.062940140845070436 2.8894444444444449 0.049844720496894417 0.086072953645109862 0.004020104563121703 0.92444444444444451 0.041745880861850444 0.086072953645109862 0.052982456140350888 4.3439680232558144 0.021015826278984177 64.437973148713567 25.500000000000004 0.14065470532319393 81.241947850035572 66.500000000000014 0.058914870295944471 3.8003831417624525 17.433035714285719 20.878676470588239 0.74478940512375169 5.1012195121951232 4.1994623655913985 0.22194854953475646
decision_type=2 2 2 2 2 2 2 2 2 2 2 2 2 2 2 2 2 2 2 2 2 2 2 2 2
left_child=10 9 5 7 -5 8 -7 -4 -3 23 15 12 14 -14 -12 18 21 -18 19 -1 -20 -17 24 -2 -13
right_child=1 2 3 4 -6 6 -8 -9 -10 -11 11 22 13 -15 -16 16 17 -19 20 -21 -22 -23 -24 -25 -26
leaf_value=-0.022494921299031148 0.043730803763066116 0.022423825387851391 0.0014109215697814333 -0.038300971535372964 0.025435439493033993 0.063526422204936081 -0.0082069607541839281 -0.04656727125828157 -0.015242424185154164 0.076336679396504459 0.006783941103763254 -0.054389035156978016 -0.00019526066177544794 -0.014144966472797324 -0.012717387232049357 0.0075851610477696329 -0.025060363997570997 -0.0022098043107385366 0.0067151912028235996 0.0012018753280193461 -0.0041714732824311073 -0.00083558686890163297 0.013919081000246018 -0.007815942972217698 -0.018932667183313736
leaf_weight=46.449201719311532 4.1898834500461799 6.1357900053262702 20.927140886109559 4.2253876226022831 48.957644858863205 4.608223505318163 4.9928389696869999 5.4394222665578118 50.671403306419961 3.1436409449670455 247.46148879278917 11.124377246946098 260.90710516646504 191.67984278104268 40.427022997289896 237.48364150890848 78.643882862757891 186.4707510517037 719.63285681506386 65.475665351201314 154.52613295905758 1558.3435767185874 2.3169964430853716 3.8289282531477511 2.907687369734048
leaf_count=363 36 33 159 28 327 27 30 37 327 20 2200 99 1615 2058 399 2905 1065 3886 5850 529 1887 9662 17 24 21
internal_value=-4.42422e-06 0.00553669 0.00326568 0.0108065 0.0203716 -0.00576734 0.0262229 -0.00848698 -0.0111741 0.035232 -0.000233303 -0.00294052 -0.00215755 -0.00610325 0.00404545 0.000439118 -0.000913994 -0.00898822 0.00326716 -0.00863238 0.00479074 0.000277989 -0.0384024 0.0191176 -0.0470419
internal_weight=3960.97 157.12 145.958 79.5496 53.183 66.4083 9.60106 26.3666 56.8072 11.1625 3803.85 756.825 740.475 452.587 287.889 3047.03 2060.94 265.115 986.084 111.925 874.159 1795.83 16.3491 8.01881 14.0321
internal_count=33604 1048 968 551 355 417 57 196 360 80 32556 6409 6272 3673 2599 26147 17518 4951 8629 892 7737 12567 137 60 120
is_linear=0
shrinkage=0.05


Tree=295
num_leaves=31
num_cat=0
split_feature=8 0 9 11 11 5 1 3 1 1 8 11 11 4 3 6 9 4 6 8 1 7 2 1 6 7 3 0 0 7
split_gain=1.9783 6.46442 4.43283 4.54603 6.45241 4.21169 4.7441 11.2418 9.93274 4.29642 3.83408 3.76977 6.0065 3.43867 3.27001 2.93558 6.58496 6.79452 7.09511 4.8497 10.8529 3.80922 3.71121 4.47751 6.43576 4.41068 3.69651 7.34172 4.3957 3.42579
threshold=0.19223925540651524 35.500000000000007 0.11630785171540411 60.415304347826101 59.161545892169464 0.029208929756375016 10.327956989247314 0.91723744292237452 9.9479578392621892 13.468627450980394 0.28140169902912626 68.200759441707746 81.792506471095805 3.954105036510017 0.78281378178835126 0.041010161810006024 0.10519881611118261 4.1601526717557258 0.031348270440251576 0.17396950875211747 12.674242424242426 0.052568772767240306 162.39875000000004 31.696969696969699 0.066131781200758924 0.10174566121993303 0.61120926580290547 27.500000000000004 170.50000000000003 0.094761785981541544
decision_type=2 2 2 2 2 2 2 2 2 2 2 2 2 2 2 2 2 2 2 2 2 2 2 2 2 2 2 2 2 2
left_child=15 5 3 4 -3 6 8 -8 -2 -7 -5 14 -13 -11 -4 16 17 21 -19 29 -21 -1 26 25 -25 -24 27 -17 -28 -18
right_child=1 2 11 10 -6 9 7 -9 -10 13 -12 12 -14 -15 -16 22 19 18 -20 20 -22 -23 23 24 -26 -27 28 -29 -30 -31
leaf_value=-0.045760077502178448 0.0013861029293178039 0.0023787831267565109 -0.054091685366579059 -0.0070541952827566619 0.060455469733789007 -0.038378485524385914 0.0033824220950311457 -0.015914195565899177 0.023313936053024575 -0.026952155108324379 -0.059883764836552777 0.0023327013241083308 -0.030606457260576592 0.042664852798927691 0.011695167921661727 -0.12007973974704492 -0.00072016706597062942 0.035453549399518655 -0.042999693009745876 0.041314024670862017 -0.0111322797222057 -0.013091077831198806 -0.022576683934978161 -0.038320234154596136 0.085357074564770541 0.062464054021113026 0.0011038478315141182 0.0082417126198347877 -0.019394025272224735 -0.015843370987529106
leaf_weight=20.711504090111703 271.27564810798503 32.498514395265374 11.218007281422613 177.24386875901837 5.6077892258763304 13.382015185430648 236.37531029316597 110.8822965240106 63.787126083858311 3.3684529550373545 3.5022312834626055 28.718865910544991 26.71368916996289 3.7467816174030304 2.271365186199545 1.1202611587941635 216.15537874522852 8.9495993333403003 4.2506547663360825 20.012849722756073 19.451281995163299 15.676606808323411 36.283910162514076 1.7845739191398013 2.5619059227174148 1.5916072102263559 2325.8303160429932 222.5973687536316 26.452197027392685 45.293244676664472
leaf_count=163 1708 377 159 1886 49 92 1482 809 513 19 46 381 259 24 68 17 1646 80 42 149 179 116 654 36 85 26 16782 5067 319 371
internal_value=-4.42568e-06 -0.00193926 -0.00825149 -0.00476902 0.0109254 0.000645332 0.00131619 -0.00277915 0.00556058 -0.0216865 -0.00807785 -0.0193096 -0.0135411 0.00970717 -0.0430144 0.000641183 -0.00365607 -0.0205384 0.0101906 -0.000873979 0.015464 -0.0316857 0.00121646 -0.0134873 0.0345778 -0.0190031 0.00145746 0.00759915 0.000873342 -0.0033401
internal_weight=3959.32 990.592 287.774 218.852 38.1063 702.818 682.32 347.258 335.063 20.4972 180.746 68.9219 55.4326 7.11523 13.4894 2968.72 350.501 49.5884 13.2003 300.913 39.4641 36.3881 2618.22 42.222 4.34648 37.8755 2576 223.718 2352.28 261.449
internal_count=33604 7872 3225 2358 426 4647 4512 2291 2221 135 1932 867 640 43 227 25732 2746 401 122 2345 328 279 22986 801 121 680 22185 5084 17101 2017
is_linear=0
shrinkage=0.05


Tree=296
num_leaves=30
num_cat=0
split_feature=0 9 1 8 1 3 2 7 8 4 9 4 3 4 4 8 0 1 7 11 0 10 4 11 8 4 11 11 0
split_gain=1.98724 5.694 6.0967 4.06296 5.65311 3.76008 3.77785 4.56453 4.5192 3.35537 4.2005 5.7844 3.14899 2.17038 2.24718 2.01572 3.8259 8.01774 4.76637 2.89651 3.19351 2.65831 1.90271 1.34547 1.03729 0.95658 0.581536 0.317657 0.231001
threshold=258.50000000000006 0.13412856431771317 18.510000000000002 0.16420634055997388 22.026315789473689 0.520369083249408 31.252218934911244 0.037768268170913576 0.21061432846329872 4.1732051282051286 0.12384611014855003 4.2927230423620033 0.44916643512086701 4.0135594778451926 3.8637708445400758 0.23821860350357763 24.500000000000004 11.203448275862071 0.068715406206552837 31.711447368421066 20.500000000000004 0.0059413367456123906 3.8451871449692638 62.352505175918523 0.18608319272247087 4.909545454545456 64.83780719123051 74.618727688664549 256.50000000000006
decision_type=2 2 2 2 2 2 2 2 2 2 2 2 2 2 2 2 2 2 2 2 2 2 2 2 2 2 2 2 2
left_child=5 9 13 4 -4 6 25 23 -9 12 11 -11 24 14 -3 19 18 -18 -17 20 -7 -21 -14 -8 -2 28 -12 -15 -1
right_child=1 2 3 -5 -6 15 7 8 -10 10 26 -13 22 27 -16 16 17 -19 -20 21 -22 -23 -24 -25 -26 -27 -28 -29 -30
leaf_value=0.051571541334680095 0.055044432033241511 -0.035940956860548594 0.13076041408110275 -0.0011919386224788974 0.018684993869062774 0.050684198488143317 -0.027053471341267229 -0.0021818842076060346 -0.14443296562953342 0.039129451228867324 -0.021390493448218886 -0.013876832374564843 -0.0037002223209571202 -0.0268351454292141 0.058474880200666116 0.0031484001306293988 -0.038285358301252223 -0.0041901472430563328 -0.017797167392415766 0.00073627360631479022 -0.0056593547517081689 -0.0037060304676882028 -0.042985696228106135 0.052020714295417693 -0.037179757059403316 -0.040403207573608838 -0.060508668514786861 -0.057401408557978144 0.097183969370505108
leaf_weight=6.6042582678492208 1.3421796415350424 1.0903169752564266 2.5103830303996801 2.284821311943233 2.0390150183811784 5.9371991604566556 0.59778763767099263 13.433709887962319 0.58254068344831544 7.7631538393907311 1.3587606311775733 15.272077314322813 3.7530225855298367 1.6951897926628592 1.4934410941787062 176.23764015315101 22.465379829518497 74.169611196732149 32.109429059550166 3174.3854151151609 4.3629824568051845 376.73439569654875 17.240968089085072 5.3745462411898188 0.39451274042949069 0.28238383709685866 3.1587647777050734 1.7047966979444025 0.28975790296681214
leaf_count=1411 202 28 23 33 22 39 29 588 12 108 19 294 48 13 19 1112 168 677 268 24976 71 2681 309 337 14 17 41 28 17
internal_value=-4.70609e-06 -0.00880678 0.0209415 0.0532079 0.0805288 0.000137945 0.0186751 0.00750261 -0.0080941 -0.01639 -0.0046586 0.00398693 -0.0306102 -0.0159109 0.0186325 7.70499e-06 -0.00389356 -0.0121165 -7.96281e-05 0.00034179 0.026818 0.000264994 -0.0359628 0.044106 0.0340945 0.0497941 -0.0487429 -0.0421615 0.0534886
internal_weight=3956.67 63.1014 12.818 6.83422 4.5494 3893.57 27.165 19.9886 14.0163 50.2834 27.5528 23.0352 22.7307 5.98374 2.58376 3866.4 304.982 96.635 208.347 3561.42 10.3002 3551.12 20.994 5.97233 1.73669 7.1764 4.51753 3.39999 6.89402
internal_count=33604 1201 166 78 45 32403 2411 966 600 1035 462 402 573 88 47 29992 2225 845 1380 27767 110 27657 357 366 216 1445 60 41 1428
is_linear=0
shrinkage=0.05


Tree=297
num_leaves=24
num_cat=0
split_feature=4 11 6 0 11 11 1 4 2 6 4 1 11 1 1 1 11 8 9 3 3 1 7
split_gain=1.93015 6.316 6.41429 13.1386 8.94503 5.76967 11.0979 8.47483 7.72986 8.91492 6.45088 4.94928 7.80011 6.35233 4.77263 9.13164 6.42027 4.69101 3.33448 3.33815 3.09414 2.18956 2.5849
threshold=4.0549201960537902 63.288729167668627 0.13807120829828992 13.500000000000002 108.66551470588239 71.797017408742178 18.341666666666672 4.0607378129117269 12.257800000000001 0.13343224530168155 4.3253724959007629 23.027777777777782 58.433576845298312 22.522727272727277 9.6733333333333338 10.020833333333334 107.08483436853005 0.15349857201142394 0.18524993524993527 0.54308730466227573 0.63676171860028374 24.81666666666667 0.039619053368751517
decision_type=2 2 2 2 2 2 2 2 2 2 2 2 2 2 2 2 2 2 2 2 2 2 2
left_child=1 20 14 17 -5 7 8 -2 9 -7 -10 13 -13 -9 16 -16 -3 -4 19 -8 -1 -22 -23
right_child=5 2 3 4 -6 6 18 11 10 -11 -12 12 -14 -15 15 -17 -18 -19 -20 -21 21 22 -24
leaf_value=0.021961418506239543 -0.074954946498042005 -0.0067696382433305074 -0.0059346020851697616 0.01392124038910727 -0.064855426283766698 0.0067093161841570229 0.023405030308682566 0.0031609400890771871 -0.0035805454121668186 -0.0076504936713973227 -0.017844883821595259 0.0075623659164688901 -0.022219321984899766 0.038086473622240019 0.016443040946777267 0.00045883898840902275 0.01321503037469629 -0.043658694251136818 0.023227718622725976 -0.027548992010306885 -0.066030295046078838 0.016363921714729904 -0.059851981899447071
leaf_weight=2.0112278721644534 3.5597751447930923 369.55035460126237 21.938440693542361 230.07370697171427 3.6608556558494447 325.76001744513633 3.3792446091538286 648.67143065098207 295.17894729680847 161.7508110414492 108.35543131956365 40.227128775441088 48.484713620506227 13.285948508884756 95.238622915756423 1445.7525591186131 45.091962866397807 13.198606776073573 3.7694432800635687 65.860511513892561 5.8277498167008144 2.3642153888940811 2.1011951209511608
leaf_count=35 26 2668 121 1992 34 2158 60 5082 2631 1039 985 660 691 129 964 13058 320 78 30 738 38 25 42
internal_value=-4.72056e-06 0.000963378 0.00116098 0.00840198 0.0126874 -0.00126496 -0.00382767 0.00201069 -0.00229207 0.00194489 -0.00741075 0.00237567 -0.00871457 0.00386192 0.000165445 0.00144672 -0.00459632 -0.020105 -0.022569 -0.0250622 -0.0347609 -0.0458441 -0.0194994
internal_weight=3955.09 2236.81 2224.51 268.872 233.735 1718.28 964.054 754.229 891.045 487.511 403.534 750.669 88.7118 661.957 1955.63 1540.99 414.642 35.137 73.0092 69.2398 12.3044 10.2932 4.46541
internal_count=33604 19375 19235 2225 2026 14229 7641 6588 6813 3197 3616 6562 1351 5211 17010 14022 2988 199 828 798 140 105 67
is_linear=0
shrinkage=0.05


Tree=298
num_leaves=20
num_cat=0
split_feature=1 4 5 1 11 9 8 4 9 0 6 3 6 3 4 11 11 9 6
split_gain=1.90229 2.84508 2.40152 3.64045 6.57123 2.96021 2.48884 3.21313 2.86915 2.31307 2.08662 2.9085 2.22894 1.10642 1.98707 2.4002 2.63489 1.95784 0.209529
threshold=5.0769230769230775 5.1012195121951232 0.050641025641025648 9.9479578392621892 95.586810483870991 0.10251880039865907 0.30094339622641514 5.0645833333333341 0.10519881611118261 9.5000000000000018 0.1101306173223449 0.79674258474576287 0.21444879321591651 0.84178433889602056 3.7495247148288979 95.586810483870991 83.184701704545489 0.061925832279814588 0.15345368916797492
decision_type=2 2 2 2 2 2 2 2 2 2 2 2 2 2 2 2 2 2 2
left_child=13 2 6 4 -4 -5 7 -2 -8 -3 11 -11 -12 17 -15 16 -16 -1 -19
right_child=1 9 3 5 -6 -7 8 -9 -10 10 12 -13 -14 14 15 -17 -18 18 -20
leaf_value=-0.011136395136796689 0.00021999208743109347 0.022018388802056574 -0.0066385625216167869 -0.010654609929165686 -0.076944672063272088 0.039322256419581474 -0.019811990645729961 0.029362446584772186 0.0070358194854029214 0.013988635901563656 0.00013945185396878207 -0.035073943254460581 -0.029910251747372857 0.04116052073152951 0.0020637744235593777 -0.026387857869341436 0.037457173917100503 0.039884077964776596 0.063359208817593202
leaf_weight=1.8934889169759106 3755.5459346496209 4.9478870406746855 9.1490074060857314 10.737792126135899 5.2196780759841195 4.0921128690242758 31.69489978835918 9.4822452403604967 14.505493840202687 3.6762856505811241 28.354682991281152 16.939117389731109 7.8877013521268955 3.8873516507446757 28.16954992711544 5.6830677017569533 6.4653561897575846 1.9951288588345053 1.8154831901192663
leaf_count=31 32130 37 58 70 37 27 245 66 108 52 223 171 53 27 155 30 42 25 17
internal_value=-4.80281e-06 -0.000128861 4.24101e-05 -0.0142424 -0.0321785 0.00313583 0.000151849 0.000293388 -0.0113826 -0.0107712 -0.0136246 -0.0263248 -0.00640049 0.00969488 0.00702067 0.003729 0.00867072 0.0304193 0.0510683
internal_weight=3952.14 3902.23 3840.43 29.1986 14.3687 14.8299 3811.23 3765.03 46.2004 61.8057 56.8578 20.6154 36.2424 49.9094 44.2053 40.318 34.6349 5.7041 3.81061
internal_count=33604 33277 32741 192 95 97 32549 32196 353 536 499 223 276 327 254 227 197 73 42
is_linear=0
shrinkage=0.05


Tree=299
num_leaves=20
num_cat=0
split_feature=1 0 7 9 0 0 10 11 4 11 11 9 6 9 8 3 7 9 2
split_gain=1.9 2.73405 2.56544 2.08399 4.05985 2.8603 4.06757 3.4556 2.3928 3.82017 4.21507 3.77534 2.41248 2.48781 1.65842 0.602447 0.430749 0.145488 0.0548341
threshold=39.055555555555564 41.500000000000007 0.023294573643410855 0.23132664437012265 30.500000000000004 17.500000000000004 0.010958986368822437 96.024683233433265 3.4005813953488375 91.823367461272397 114.70708333333336 0.20864427860696519 0.17124060150375944 0.20864427860696519 0.071599453178400566 0.55364521841794578 0.019854409755072012 0.05411036036036037 529.45918367346951
decision_type=2 2 2 2 2 2 2 2 2 2 2 2 2 2 2 2 2 2 2
left_child=3 2 -2 8 5 6 -5 -7 12 11 -11 -10 13 -1 -14 16 -3 -17 -19
right_child=1 15 -4 4 -6 7 -8 -9 9 10 -12 -13 14 -15 -16 17 -18 18 -20
leaf_value=0.0035287104936521478 0.036278267358126642 0.026994379371731388 -0.043137732733799679 -0.024168539432298353 -0.069986837266665256 0.021709213178674566 0.023902318586445242 -0.032818623290763717 0.00049233531123333879 -0.0035803766502513208 0.044850463185765403 0.016505601850988452 -0.0010920129124888276 0.036199725955142432 0.059548467944549627 -0.089306600918064444 -0.046691443852126514 -0.055935337613585295 -0.040244059515870678
leaf_weight=208.93831233630772 2.6981745138764364 0.41458073182729993 1.6320056065451352 25.326189120300118 2.676111781212966 13.263093477115037 5.3260246589779845 3.7206189930438986 2878.7134099601826 751.70801341786864 4.5196485848864532 37.28422435419634 1.691596284508704 5.9939917391166082 3.3809550534933805 0.30027781426906575 0.38023721287027001 3.1527289508376275 0.67618004302494217
leaf_count=2130 32 28 30 179 27 85 32 24 24659 5843 27 262 13 52 48 2 14 85 32
internal_value=-4.54665e-06 -0.0226337 0.0063471 4.85699e-05 -0.0100624 -0.00669593 -0.0158159 0.00976381 0.000179267 -0.000124175 -0.00329093 0.000697082 0.00524419 0.00443983 0.0393261 -0.0481195 -0.00825658 -0.0557926 -0.0531643
internal_weight=3951.8 9.25418 4.33018 3942.54 50.312 47.6359 30.6522 16.9837 3892.23 3672.23 756.228 2916 220.005 214.932 5.07255 4.924 0.794818 4.12919 3.82891
internal_count=33604 223 62 33381 347 320 211 109 33034 30791 5870 24921 2243 2182 61 161 42 119 117
is_linear=0
shrinkage=0.05


end of trees

feature_importances:
n_words=1394
type_token_ratio=1209
sentence_length_mean=795
avg_word_length=636
sentence_length_variance=627
flesch_reading_ease=592
verb_ratio=561
noun_ratio=546
adj_ratio=515
adv_ratio=434
exclamation_density=294
superlative_density=115

parameters:
[boosting: gbdt]
[objective: binary]
[metric: binary_logloss]
[tree_learner: serial]
[device_type: cpu]
[data_sample_strategy: bagging]
[data: ]
[valid: ]
[num_iterations: 300]
[learning_rate: 0.05]
[num_leaves: 31]
[num_threads: 12]
[seed: 0]
[deterministic: 0]
[force_col_wise: 0]
[force_row_wise: 0]
[histogram_pool_size: -1]
[max_depth: 5]
[min_data_in_leaf: 20]
[min_sum_hessian_in_leaf: 0.001]
[bagging_fraction: 1]
[pos_bagging_fraction: 1]
[neg_bagging_fraction: 1]
[bagging_freq: 0]
[bagging_seed: 7719]
[bagging_by_query: 0]
[feature_fraction: 1]
[feature_fraction_bynode: 1]
[feature_fraction_seed: 2437]
[extra_trees: 0]
[extra_seed: 11797]
[early_stopping_round: 0]
[early_stopping_min_delta: 0]
[first_metric_only: 0]
[max_delta_step: 0]
[lambda_l1: 0]
[lambda_l2: 0]
[linear_lambda: 0]
[min_gain_to_split: 0]
[drop_rate: 0.1]
[max_drop: 50]
[skip_drop: 0.5]
[xgboost_dart_mode: 0]
[uniform_drop: 0]
[drop_seed: 21238]
[top_rate: 0.2]
[other_rate: 0.1]
[min_data_per_group: 100]
[max_cat_threshold: 32]
[cat_l2: 10]
[cat_smooth: 10]
[max_cat_to_onehot: 4]
[top_k: 20]
[monotone_constraints: ]
[monotone_constraints_method: basic]
[monotone_penalty: 0]
[feature_contri: ]
[forcedsplits_filename: ]
[refit_decay_rate: 0.9]
[cegb_tradeoff: 1]
[cegb_penalty_split: 0]
[cegb_penalty_feature_lazy: ]
[cegb_penalty_feature_coupled: ]
[path_smooth: 0]
[interaction_constraints: ]
[verbosity: 1]
[saved_feature_importance_type: 0]
[use_quantized_grad: 0]
[num_grad_quant_bins: 4]
[quant_train_renew_leaf: 0]
[stochastic_rounding: 1]
[linear_tree: 0]
[max_bin: 255]
[max_bin_by_feature: ]
[min_data_in_bin: 3]
[bin_construct_sample_cnt: 200000]
[data_random_seed: 38]
[is_enable_sparse: 1]
[enable_bundle: 1]
[use_missing: 1]
[zero_as_missing: 0]
[feature_pre_filter: 1]
[pre_partition: 0]
[two_round: 0]
[header: 0]
[label_column: ]
[weight_column: ]
[group_column: ]
[ignore_column: ]
[categorical_feature: ]
[forcedbins_filename: ]
[precise_float_parser: 0]
[parser_config_file: ]
[objective_seed: 8855]
[num_class: 1]
[is_unbalance: 0]
[scale_pos_weight: 1]
[sigmoid: 1]
[boost_from_average: 1]
[reg_sqrt: 0]
[alpha: 0.9]
[fair_c: 1]
[poisson_max_delta_step: 0.7]
[tweedie_variance_power: 1.5]
[lambdarank_truncation_level: 30]
[lambdarank_norm: 1]
[label_gain: ]
[lambdarank_position_bias_regularization: 0]
[eval_at: ]
[multi_error_top_k: 1]
[auc_mu_weights: ]
[num_machines: 1]
[local_listen_port: 12400]
[time_out: 120]
[machine_list_filename: ]
[machines: ]
[gpu_platform_id: -1]
[gpu_device_id: -1]
[gpu_device_id_list: ]
[gpu_use_dp: 0]
[num_gpu: 1]

end of parameters

pandas_categorical:[]
