text,is_fake,source_dataset,binoculars_score
"We got an outstanding rate by signing up for the hotels' website newsletter. Affinia has a great location just off Michigan Avenue near the Water Tower. Beware however: parking is expensive in the Gold Coast....$48/night. Right from the start, Victor greeted us and made us feel welcome. Check-in was easy and our room was gorgeous. However, it was a handicapped acessible room and I wanted a tub, so one call to the front desk and we had another room. All rooms have been renovated and they are beautiful, comfortable and well appointed. The rooftop bar is a must-do. The outside patio has heaters and candles, a high table for big groups and little groupings of chairs and sofas to get comfy on and enjoy the views. We didn't sit inside the bar area. Pedro and Quentin were excellent bellmen, and Christopher (concierge) was very helpful. As we left, we shook Victor's hand (he's always there!) and told him we've found our new Chicago hotel!",False,ott_2013,0.93359375
"I travel to chicago quite often, and have stayed at a bunch of hotels. I stayed at Conrad a couple of times. My impression was not too good. Both times the receptionist was quite cold and I didn't feel welcome at all. The room was noisy. Thin walls, and you could hear exactly what the next room is talking about. One time the tv was broken too, and a guy came in and took like an hour to fix it... Anyway, given that this is a 4.5 star hotel, it really didnt live up to my expectations. After the 1st time at this hotel, I thought I might give it a second try. After the 2nd time, I decided I am really not coming back, especially given that there are so many other hotels close by. The other attendees of our conferences were also complaining about the hotel. So I guess I am not alone in this...",False,ott_2013,0.67578125
"The Hard Rock is glossy and sexy, but an absolutely fantastic hotel.... I was in town for business and stayed here because of it's location, but I absolutely understand why tourists would like it...right on the river, cool art deco building and Millenium Park is just down the street. Regardless- the room was clean, the staff was friendly, but NOT annoying and the bar was fun. I was comfortable having a couple of drinks alone at the end of the day - they were GOOD! I'll definitely try it again!",False,ott_2013,0.8046875
"I stayed at the Omni for one night following a business meeting at another downtown Chicago hotel. I was completely impressed by the service; all personnel during my stay were absolutely outstanding. I checked in quite early (no problem) and was efficiently checked in. My room had a somewhat heavy scent of air freshener (the ONLY negative from the entire stay), which was managed reasonably well by opening the windows. I don't generally require much during my hotel stays, but suffice to say the doorman, housekeeping, the night manager and bartender at 676, the day waiter at 676, and the concierge were amazing - I never waited more than about 30 seconds for anything. The room was very comfy and the amenities were superior. One very tiny complaint - there was no wastebasket near the sink or near the wet bar - had to walk to the other end of the bathroom or sitting room to dispose of kleenex/coffee paraphernalia. One wastebasket would make all the difference. All that said - what a great hotel!! Thanks, Omni - I had a great stay!",False,ott_2013,1.1015625
"We have just returned from 4 nights at the Conrad Chicago, everthing about the hotel was excellent. Wonderful room and service from all the staff was first class. Great view from our room. The hotels location is great, right in the centre of the magnificent mile. A wonderful stay in an amazing city was made perfect by our stay at the Conrad.",False,ott_2013,1.03125
"Sometimes you just can't find fault with a hotel, even if you tried. Such was the case with Sofitel, where we'd never stayed before. It's a sleek, modern, sophisticated hotel with European touches. We spent three days there on a leisure weekend, we had a 29th floor king room looking directly at the Hancock Building, at a total cost including taxes and lugs of about $165 a night. The room was average sized, well-appointed, everything in it worked, and it had a fabulous view of the Chicago high-rise jungle, including snippets of the lake. The public areas were wonderfully decorated. The restaurant served a good breakfast at, for Chicago, reasonable prices. The staff was excellent. My wife broke her ankle several weeks before we visited and was on crutches. The staff loaned us a wheelchair and was very helpful in assisting her.",False,ott_2013,1.0625
"We stayed 2 nights over spring break in what was called a Jr Suite but resembled a wide hallway with a window at one end. Bad cheap furniture, carpet that stops short of reaching the wall, a TV that sticks out into the middle of the room and a window that whistled when the wind blew. BAD BAD experience. Find aother hotel plenty in the area.",False,ott_2013,1.3828125
"I stayed at the Swissotel for a business trip the first week of Aug 2007. I arrived late the first night and got shoved into a hospitality room the first night. However, this was more than made up when after a strong talk they assigned me a corner room on the 28th floor. EXCELLENT view of the city, river and Lake Michigan. In fact, I would say the corner room of the Swissotel has a better view than any other hotel in the vicinity. The room was huge, and everything was clean and the bathroom was nice. The hotel is very convieniently located to the Magnificient Mile and Millenium Park. Would very much recommend this hotel, and would suggest trying every method possible to get a corner room in a higher floor.",False,ott_2013,0.89453125
"went to chicago for a week in may, decided to be good to ourselves and stay in the hilton, we were not disapointed. perhaps it was becuse there were quite a few conventions going on and a lot of people were only staying 1 or 2 nights but we got upgraged to exceutive level. we had 2 double beds with a bathroom each. they beds and pillows were too die for, so so comfy ant the end of a day when we seemed to have walked for miles. all the staff were very helpful. a lot of guests seemed to ignore the staff especially the chamber maids who they seemed to think they were in their way so perhaps that why some people felt these people were rude or unhelpful. about 2 blocks away on Harrison is a cafe called ""Orange"" which you have to make the only place you will have breakfast, the cafe and the staff are suberb. expect a 15 min wait on a sat & sun morning.",False,ott_2013,0.81640625
"Recently returned from a two-night stay at Ambassador East Hotel. Was looking for a comfortable hotel to stay at while visiting family now located in Chicago. Mission was accomplished. If you would like a quiet, comfortable hotel in a great area - this is it. While some of the furnishings show some signs of their age, it does not detract from the elegant style of the rooms and adds to the comfortable and home-like feeling. Found staff to be friendly and helpful. We will be return guests many times in the future for sure.",False,ott_2013,1.03125
"My husband & I stayed at the Fitzpatrick in early June 2004 for my birthday-great hotel! Location provides easy walking to Navy Pier, Marshall Field, Michigan Avenue & John Hancock. Room seemed spacious even though its only about 300 sq ft. Lots of room in bathroom; comfortable bed; very quiet, upscale hotel. We would definitely stay here again!",False,ott_2013,1.015625
"If you asked me two years ago, I would have recommended the Talbott Hotel without hesitation to anyone who asked. Now, I have definitely changed my mind. While this hotel is located in a nice area of Chicago, surrounded by great restaurants, shops and affluent people, it has really begun to slowly downgrade. As noted by my reviews, I am incredibly serious about customer service. If you're in the hospitality industry, there is really no excuse for falling short in this category--- but alas, the Talbott really has. The door staff don't say a word, the desk people acknowledge you only when they are not doing a million other things (which they always are) and the staff have an air of snobbishness. Inexcusable since we, the customers, are paying to stay at their over-priced hotel. Perhaps the most annoying aspect of my latest stay was that I had to walk down 11 flights of stairs to get to the lobby of the hotel because I waited a solid 15 minutes for the elevator, which, when it arrived, was packed to the brim. I get that it's an old hotel, but it is incredibly annoying that they only have two elevators for the entire place and when one is down for construction, the other one overflows with people and I am forced to walk ELEVEN flights to simply get to my dinner reservation on time (which I didn't.) I will not continue giving this hotel my business and have other better recommendations to give to friends who plan on visiting.",False,ott_2013,1.015625
"Simply a nice place to stay... I had a great deal for the room, and was impressed with the quality. Hotel staff was very helpful; they were able to let me check out and helped me print boarding passes. Negative: It is frustrating that nowadays you do not have free internet in most hotels and it's the same here; you have to pay for the internet. Negative: Loud on the phone you may hear your neighbors on the phone, or them shower.",False,ott_2013,0.94921875
"I stay in Chicago all the time on business and had my first stay at the Chicago Hilton. I pretty much only stay at Hilton properties and have stayed at tons from Hawaii all the way to Budapest. This Hilton is not up to par. It's clean and the front desk staff is nice, but in Chicago, The Drake, Doubletree Guest Suites, and even the Hilton Garden Inn are all superior to the Chicago Hilton (and less expensive). Compared to other Hilton properties in Chicago, the rooms were not as well appointed, the bathrooms in the rooms were smaller and not as nice, the TV was tiny, the hallways on the executive floor were very noisy all night long, and the breakfast you get was more like a Hampton Inn than a 4 star hotel. If you're going to Chicago and you like Hilton brand hotels, you can do far better than this place.",False,ott_2013,0.78125
"Complete disappointment. Problems: 1. The alarm clock/stereo thing was broken in my room. It was constantly emitting low, changing hissing noises. Sooo annoying. And there was no off switch on the damn thing. I had to move the bed to unplug it (the outlet was wayyy back, buried behind the big bed). I kept hearing it, and didn't realize what it was, until it had kept me awake for a few hours. 2. The shower was ONLY incredibly hot. Turn it all the way cold...very hot. Turn it to hot, and you get boiling hot. Grrrrreat. So how do I get water that won't scald me? This is very inconvenient early in the morning when you need a shower and are in a hurry, and have to dance into and out of painfully hot water. Good job Omni! 3. Hallway carpets are disgusting and old. Walking around, you'd think you're in a motel 6. And my floor had been flooded or something, and they had box fans running in the hallway, 24/7, to try to dry it out. Talk about an overpriced dump.",False,ott_2013,0.91015625
"We were disappointed with this hotel. The staff seems hurried and unhelpful. Our room was not made up until after 5 PM despite several requests. The blower in the hallway blew freezing air, but the staff told us that there was nothing that could be done about it. The lobby is not inviting and there is no where comfortable to sit. The room and bed was comfortable, but the cream and and modern art work are not our style. The room lacked many of the amenities other hotels in this price range offer. Certainly not worth the rate compared to other hotels I have stayed at in Chicago.",False,ott_2013,0.953125
"Firtly they took $372 off my card, even though they also took the same amount off of one of my friends for staying an extra night. They had no business taking the money off of my card. So on the 28th Sep I contacted them and they admited to the mistake. It is not a month later and I have called them about 6 times in all and they have still not paid it back. Secondly I booked 8 rooms at buy 2 get 3rd room free direct with hotel. When I looked a week later, they had only booked 7 and refused to offer me the rate 3rd room free rate, so two of my friends didn't come to the trip away. Thirdly I asked if the initial money for all rooms could be taken ASAP as the dollar was weak against the pound. After about 8 phone calls over 5 months (each saying they would) they eventually took the money and the whole trip cost an additional PS150. Overall, the hotel was nice and in a nice location, but I will never be staying there again due to all my problems.",False,ott_2013,1.1953125
"I thought the Swissotel was a great hotel. The rooms were very spacious and clean, especially for downtown Chicago standards. Most importantly, the rooms were quiet. I never heard people in the hallways when I was trying to sleep. The only downside was that the beds were not anything special. Sure, like all hotels in Chicago, this hotel caters to wealthy and/or business clients with ridiculous minibar and parking price. However, if you are aware of that prior to arrival, its not a big deal (ie finding a different place to park the car, bringing our own snacks for the room). It would be nice though if hotels such as the Swissotel had a microfridge in the room for guest use. Staff was very helpful. Bellmen instantly got cabs upon request, and the front desk was efficient and helpful. Overall, if I can get a good rate again, I'll stay at the Swissotel the next time I am in Chicago.",False,ott_2013,1.1953125
"This was a refreshing change from the ordinary. I loved the location, the service and the amenities offered by this hotel. The room was charming with a window seat and a water view. The decor was unique but cheerful. Free wireless internet services were a plus here. The staff was helpful and attentive. We loved having goldfish share our room! I would definitely stay here again.",False,ott_2013,0.6953125
"My boyfriend and I decided to stay at the Conrad Chicago for our anniversary. The second we walked in, we were immediately won over by the look and feel of the room. White luxurous bedding on the King bed, plasma t.v./ subroofer/ surround sound speakers (my boyfriend was more impressed than me, as I reminded him that we didn't come to Chicago for the hotel room) very large bathroom w/ tub and separate stand-in shower, granite countertops, his/ her robes and slippers. The view wasn't great, but we were on the 6th floor and not really high enough to see anything but the side of the building next to us. Not a large room by any means, but again . . . we didn't go to the city for the hotel room. It was the prefect size for the amount of time we were actually in the room. We got a great rate on it ($140 at hotels.com) but I think the going rate is usually closer to mid $200's. I've stayed in quite a few hotels in the downtown area and none have ever impressed me more than this one. We will definitely be staying there again on our next trip into the city.",False,ott_2013,0.90625
"Ideal location right in the heart of the Near North side but good grief, they need more than two elevators. You can wait 10 minutes for an elevator and if you happen to be on the first floor (registration desk on 6th floor), you can face a long line just to catch one. Rooms are from the same cookie cutter as all Homewood Suites - very utilitarian; unlike many locations however, this one does not include a DVD player in the rooms. The pool is OK but there's no jacuzzi. Oh, and housekeeping is deficient when it comes to keeping the towels stocked in the pool area. Front desk service is pretty good.",False,ott_2013,1.1171875
"We have stayed at several high end places in Chicago and this is still our favorite. Location is superb, staff are particularly gracious and welcoming without being cloying. Cornell, at the front desk, is unfailingly helpful as is the concierge. We love the extra room that a suite provides and if you join the frequent guest program, high speed internet is gratis, as is a breakfast beverage delivered along with the newspaper each morning at the time of your choosing. Bedding is of excellent quality and they offer truly amazing blackout curtains! We have never had a bad stay at this hotel.",False,ott_2013,0.96875
"My wife and I had to stay downtown for event that we were attending at the Drake Hotel. I have stayed at the Drake before and while it is nice, it is bit stuffy and a little outdated for the price. We opted to walk across the street and stay at the Millenium instead. I know this property has under gone many renovations in past year and I have to say they have done a great job. This place used to be the hotel you would crash in when you came to Chicago on a college roadtrip (I did). But that is not the case any more. This property is directly across from the Drake Hotel and for 1/2 the price you get their great location with a newer (albeit smaller) room and every ammenity you would expect from a 4* hotel. The rooms are tastefully decorated (Asian influence w/flat screen tv) and the bed is very comfortable. The bath is small (no tub), but very clean and the shower is great. You are not going to be spending a bunch of time in your room when visting Chicago, so the room's size is not a big deal. (It works well with a couple, but a family of four may be a bit cramped.) The service was attentive and friendly and the location can't be beat. I would definitely stay here again, but the next time I would leave the car at home ($49/night parking is a bit steep).",False,ott_2013,0.7421875
"We booked directly with the Intercontinental--a special room for our wedding night. After our wedding, we went to the Hotel excited and happy. When we got there, the night changed. We were treated rudely and with no respect. They told us there was ""no room"" even though we had a confirmation number. Instead of showing any empathy, they told us to go sit down while they figured out ""what to do with us"". My husband was in his tux and I was in my wedding gown! No apology! No concern! We were given $20 and told to go find a cab and take it to a hotel where they'd ""found"" a room. The Intercontinental RUINED our wedding night. We are telling anyone and everyone of our experience. This place was supposed to be elegant. We've never been treated so poorly. We will never stay in another Intercontinental Hotel and highly recommend you do not contribute to a place that would do this to a newly married couple!!! STEER clear of this place.",False,ott_2013,0.74609375
"Just spent three nights at the Amalfi Hotel, while in Chicago on business. Booked a king-corner room and loved it. Largest room I've ever had in a hotel in Chicago, incredibly comfortable, very clean. The breakfast and evening cocktails were a nice bonus too. And the location couldn't be beat. Walking distance to the the River, the Loop, Michigan Ave shopping and convenient to public transportation. I noticed a number of reviews commented on the noise; yes there is some street noise, and the building across the street is under construction (the noise from that was usually between 730-4, if you want to sleep late during the week ask for a room on the back side) but really, in downtown Chicago it's not going to be silent, if you want silence stay in the suburbs. If you want a great hotel (at a great price) right in the thick of everything, stay at the Amalfi.",False,ott_2013,1.1875
"I was attending a conference at the Mariott. They were booked up and I shared a room at the Hard Rock for a week by default. What a lucky break. This is a beautiful hotel. I am not a fan of all that black/grey vibe and find it a little cheesy. What I loved was the way the Hard Rock left the beautiful old hotel features intact, and decorated around the basic stucture. My room was CLEAN, CLEAN, CLEAN. I want to comment on the staff. What an upbeat group of people. This included the doormen, the front desk, the consierge. They were wonderful! Every morning one of the bell men would find my TV morning news show for me in the bar, while I drank their courtesy coffee. They brought us a refrigerator, IPOD dock, and extra suitcase stand within minutes of check-in. I had a hard time contacting the airport transport. The consierge took care of it for me. While I was waiting for the 4:50 am airport shuttle, one of the bell men found me a cup of coffee in the back. I just couldn't get over how nice and friendly everyone was....great place to stay. I hope to go back with my husband.",False,ott_2013,1.03125
"This is a superb hotel. The rooms are huge, including a luxurious bathroom. It is clean and service is first rate. Breakfast was excellent (and complimentary for Hilton Honors members). Hotel is in a good location, and is connected to a mall, which I imagine would be a great asset in the Chicago winter. Next time I go to Chicago, I will stay here for sure.",False,ott_2013,0.81640625
"Spent three nights at the hotel for a girls weekend. The staff was wonderful, room was beautiful and location great. You can take the train directly from Midway and walk one block to the hotel. Very close to museums and restaurants. I have stayed here before and it always proves to be a great choice for a trip to Chicago.",False,ott_2013,0.78125
"This hotel does not belong in the same league as The Peninsula, Four Seasons, or Ritz Carlton. It was more like staying at an overpriced W Hotel. Staff was very nice and attentive, but the lobby is cramped, and only two small elevators for 17 floors!! Several times the elevator was full by the time it reached our floor, and we were forced to take the stairs. The hotel must be flooding the travel websites itself with high reviews.",False,ott_2013,1.0703125
"Before booking this hotel, I did read the reviews, and I was concerned. I ended up booking it based on my sisters recommendation. BIG MISTAKE!! The temperature in Chicago was a balmy 99 degrees, and the temp in the room that they gave us was about 85 degrees. When we called to complain at 11:00 am, they told us to turn the temp down to 40degrees. We went back at 7:30pm. it was still humid, the beds were moist & the room very stuffy. Called again, they sent somone to fix it, & he recommended getting a new room, because the room will not cool down. They told us they were booked, yet, after the maintenance man called, they suddenly had a room available, go figure? So they move us to another room, guess what, it is 85 degrees. Again, they told us to turn it down to 40, needless to say, it never cooled down & we should have just slept on the street. We travel a lot, and we stayed here one night, and it was awful!!. At check out, I had to re-tell our entire room issue, they actually ended up not charging us for the night, thank god they did not offer us anothers nights stay, because we would never go back. Also, the room decor is very old and stuffy. If your going to Chicago, don't stay at the Millenium Knickerbocker!!",False,ott_2013,1.0859375
"Just back from spending Memorial Day weekend in Chicago. We decided to stay at the Talbott, and we reserved a room there over a month ago. I must say that we found the staff to be wonderful, but the accommodations to be quite disappointing. We were given room #1605. Avoid this room at all costs! The adjacent elevator is so noisy that it will keep you awake most of the night (and then awaken you at 6 AM). In addition, we had requested a king bed, and #1605 has two doubles. We were also surprised that there was no coffee maker in the room. Despite the very friendly staff and its super location, the Talbott was less than what we expected, and we would probably not stay there again.",False,ott_2013,0.96484375
"In the 100 degree heat of a Chicago summer, it sucks if your air conditioner does not work. After 2 maintenance men attempted to rectify the issue I was offered a portable fan which on low speed sound as if a helicopter was hoovering over my room. I requested a room change and a not so polite, unsympathetic night front desk attendant stated that was not possible because the hotel was at capacity. Maybe a manager could help me in the morning. The next day went by and no call was received. At 7pm, I called the front desk. No one was aware of my problem. Approximately 45 minutes later, a manager returned my call and stated a double room was available. I accepted it was glee. Anything was better than a room that does not cool below 78 degrees in the middle of summer. I was paritally correct. The bathroom door of the new room did not close. Thank god my boyfriend and I are past the shy part of the relationship. As for room 1618, I believe I was not the first guest to complain about the air conditioner. What's unfortunate is they continued to place guests into this room. And did not offer any reufunds or perks for my sleepless night in the sauna! This hotel need a major overhaul!!",False,ott_2013,0.8671875
"The Chicago Hyatt Regency deceptively alters the cancellation policy by charging the full room rate upon cancellation--ie the room cannot be cancelled. I recently booked over the phone a one night stay directly with the hotel. The reservation specialist mentioned over the phone there was a 72-hour cancellation policy. However, when I tried to cancel the reservation within that timeframe, Robert, the reservation supervisor, said that the room could not be cancelled at any time without charging full price for the room. He said that I should refer to the confirmation e-mail that states at the bottom that prepayment is required at time of booking / non-refunable. This clearly was not what was agreed to over the phone. I told him to cancel without being charged. In response, he threatened to cancel and charge me for the full stay. Why would someone cancel if they are going to be charged full price? The bottom line is the hotel deceptively changed the terms of the agreement, and Robert should go back to customer service school!",False,ott_2013,1.1171875
"My husband and I stayed at the Hotel Monaco for 5 days in October, 2007. I cannot begain to tell you how great this place is. The service was impecable and the room was fantastic. Huge window seat to look over Chicago. It was great. The wine reception in the evening was a special treat as was the morning coffee service in the lobby. This was our first trip to Chicago and I hope not our last. I will definately stay at Hotel Monaco again when we return. We booked our room through a safety convention web site.",False,ott_2013,0.8671875
"I stayed at the hotel during the Dave Matthews Caravan tour and would come home each night rather dusty/dirty from being at an outdoor concert with 200,000 of my closest friends. I used half a bottle of shampoo the first night. The second night, the staff had not refreshed my bar soap or shampoo. I informed the front desk who made apologies and said they would take care of it immediately. I got home that night with a tiny tiny bar of soap (hand soap) for the bath/shower and they had replaced the shampoo in its original place, nicely displayed, but with the EXACT SAME bottle of shampoo that was now 1/8 full. Yeah!! The hotel is in a great location to Navy Pier and Michigan Ave....I'll grant them that....but that's where their ""pros"" end. I'd rather stay at a Hampton Inn. I would not recommend this hotel to anyone.",False,ott_2013,0.91015625
"Got a great deal through Hotwire for $70 a night but if I ever return to Chicago I would definitely stay again, even at full price. We really liked the rooms muted modern decor, we had John Lennon and Bono for company. Comfortable bed, mini coffe maker, plenty storage space and a lovely, clean bathroom stocked full of Aveda products (so I was sold straight away...it doesn't take much, I know!). If you're a product junkie, tip the maid and request some extra bottles and you will leave with lots of goodies :) We liked the location and had a great view down N Michigan Ave, found the staff to be really friendly and relaxed (reception, gift shop and bar). The bar area is very trendy, I liked the chilled atmosphere which surprised me cause I normally find these types of bars a bit too pretentious for my liking...the lack of memorabilia didn't bother me but I was more interested in the art deco features of the building itself anyway. The only fault was that the speakers in the room were crackling a bit oh, and my boyfriend thinks he was propositioned by a ""friendly lady looking for business"" when he was at the bar. I think it's a place you will either love or hate, if you like laid back, contemporary hotels without the intimidating factor then this is the place for you!",False,ott_2013,1.0625
"My husband, teenage son and myself stayed at this hotel last August. We were transferred there by tour operator who had sent us to a terrible hotel on the other side of Chicago. When I complained I asked for us to be transferred to the Sheraton which they arranged for us. I have stayed at many hotels in my life and this has been the best. The room (although I know it was not the largest) was beautiful and very clean with every amenity you needed. It also had superb views of the river and the lake. The entrance hall to the Sheraton is so imressive as is the leisure centre. In fact all areas are fantastic. The best thing about the hotel though was the staff! From the bellboy, to the receptionists, the dining staff to the concierge - each one was courteous and so very helpful. One of the conciergies spent fifteen minutes on the phone trying to locate a specific pair of trainers for my son! Above and beyond the call I would say! I cannot reccomend this hotel highly enough. The breakfast buffet cost about 10 dollars each but you could eat as much as you like and take as long as you like which we did!! It lasted us all day. If you have the choice of where to stay I think you will enjoy the Sheraton! We did!!",False,ott_2013,1.015625
"First let me say, I try not to be too critical, but in some cases the truth is warranted! We checked in and things seemed fine. Location was excellent. Woke up the first morning, to a slightly rumpled bed covered in ""stains"", I hope-filthy and not 4 star hotel quality. Requested a linen change and heard a knock on the door- a gentleman was there to let me know if I wanted it done to take off the privacy sign, I did and no one even came until later in the day. The room was big enough, had no drawers, suposedly remodeled but carpet didn't reach the wall, toilet paper holder fell off constantly and shower head was broken. The mirrors were great and the water was always hot! The walls were paper thin, I heard every conversation the guests next door had. They were not noisy but you could hear everything including the t.v. through the walls and vents. Internet was $13.00, worked for a bit and then not again, I called customer service and spent 25 minutes on the phone and they asked if they could work on resetting the system and call back later. The hotel did give us a credit for the charges. At this point, enough was enough, we packed our bags and checked out. The front desk was very helpful- kudos to Rocco for caring and being the only friendly staff we saw other than the bell hops!!",False,ott_2013,0.8828125
"While the parking service was great - the front desk was terrible. We had a huge problem getting ice one night - we had none in our room so we went twice to get some - no one was there to help, called the front desk they promised to deliver some - none arrived so we called again - they said we had to come and get it and would not listen to what we had to say about what had already happened. ...read more",False,ott_2013,0.8671875
"My Husband and I did not enjoy stay at Hotel Allegro! The room was so small. The bathroom was ridiculously stupid, everytime you use the sink you would splash water on yourself. Truly one person at time in the bathroom, it was like being in an airplane's bathroom. The walls are so thin, we heard the people across hall having sex. The some staff were really rude. I did not appreciate it when we had a sign on the door saying do not disturb the day of our check out. Check out time is 11am or 12 and we got a know on the door at 8AM with the sign stating "" do not disturb. "" The hotel did not have any microwaves in their rooms, no mini fridge, and no coffee maker either. NO DRAWERS to put your clothes in and the closet was very very very tiny. We were there for four days and three nights, so we had three suit cases full of clothes and no places to store them at. I also hated the fact that we had to pay almost fifty to park our car. My Husand and I will never stay at Hotel Allegro again!!!",False,ott_2013,0.9375
"From the moment I stepped up to the front entrance my luxury service began! I enjoyed every minute @ the fairmont! The King room was spacious and the decor chic! The coffee maker was the coolest and the bathroom is huge! I really like the separate shower, tub, and separate door for the toilet. The desserts and cheese spread at ENO so yummy. Before the fairmont the W hotel was my favorite chain of hotels to stay at.",False,ott_2013,0.953125
"The thing that makes this such an enjoyable place to stay is the staff who were all excellent and polite and the service was impeccable. The room was very clean, the beds were comfortable but it was a little small and the water in the bathroom was not very hot. Other than that it was a great place to stay.",False,ott_2013,0.5625
I used to stay at the Homewood Suites all the time on business but have not stayed there on business since 2005 - since that time my company has been doing business in the suburbs instead of downtown. During December of 2007 and this year 2008 I did stay there a few days with my family and was greeted as if I never left. There is a lady named Connie who works the breakfast shift and she greets everyone and always remembers you from years before. A wonderful lady indeed - my wife even commented to me on the way to Chicago if that lady would still be there and would still remember and yes she does! Its a great place to stay.,False,ott_2013,0.87109375
"We didn't stay in the hotel a lot because we went for the sites not the room. Saying that, we picked this hotel because it was the cheapest but the hotel not having any parking we spent money on parking our car than what we could have spent on a better more expensive hotel with parking. Hotel is great for guys getaway weekend that won't have a car. Not a family frienly hotel. Dining tip: Long walk from hotel Gino's pizza is a must have!! Worth the walk. Many things in between hotel and Gino's to do so you can break up the walk.",False,ott_2013,0.765625
"This comes a little late as I'm finally catching up on my reviews from the past several months:) A dear friend and I stayed at the Hyatt Regency in late October 2007 for one night while visiting a friend and her husband from out of town. This hotel is perfect, IMO. Easy check in and check out. Lovely, clean, comfortable rooms with great views of the city. I know this area pretty well and it's very convenient to many downtown Chicago attractions. We had dinner and went clubing with our friends around Division St.. We had no problems getting cabs back and forth to the Hyatt and there's even public transportation right near by but we didn't bother since we only needed cabs from and to the hotel. Parking, as is usual for Chicago, was expensive but we were able to get our car out quickly (however, we left on a Sunday morning, not exactly a high traffic time although it was a Bears homegame day, so a bit busier than usual I would think). No problems at all and the best part is that we got a rate of $100 through Hotwire, a downright steal for this area of Chicago and the quality of the hotel.",False,ott_2013,0.9375
"Thank god I got this hotel through priceline. I can't imagine paying full price for this place. The tub was moldy and dingy. The toilet didn't flush. Their selection of TV channels was limited to say the least. Unless you wanted to pay $5 for a rerun of an NBC show. Oh, and internet? Why that will set you back about $15 for the day. And breakfast? That's about $16 for a cup of coffee, a croissant and two slices of honeydew. This hotel is the pits. The customer service is....absent! When you walk in to the ridiculous lobby (decked out like some bad late 80's prom) there's no one to direct you upstairs to the check in. And once you're there, check in is very fast, i'll grant them that. This hotel is a big, crummy rip-off. I will never stay here (and will steer clear of Hyatts in general I believe).",False,ott_2013,1.1796875
"Excellent location, feels like a boutique hotel. Right next to Neiman Marcus (V.expensive dept store) and 2 mins walk to John Hancock tower. As most American ,medium to high end, hotels service was excellent from the bellhop to reception. Upgrade to a suite if you are staying longer than a couple of days as walking around the windy city can be tiring and a suite feels like a small apartment. The pub in the basement is good for a sandwich and a Beer. They will be refurbing so take adavantage of lower rates now as I feel they will be going for very high end clients after the remodelling",False,ott_2013,0.96875
"great expectations from the hotel of THE FUGITIVE! Wonderful lobby! AND THAT'S IT! The room was old in style and furnitures, the tv was from the other century, no minibar, no wireless internet, no wireless adapter enough for the number of the room, those guys ignore that we are in the era of IPAD without cable connections. small room, small bathroom, rude service room. they have lost my credit card number and want CASH ON DELIVERY for a breakfast of 20 dollars. Robbery in the business center, 0,59 cents a MINUTE for internet connection, you have to pay to use word, or excel. NEVER AGAIN!",False,ott_2013,0.7890625
"I visited Chicago with my two teenage daughters. Homewood Suites is amazing. The complimentary breakfast and receptions offer so much variety. The hotel was within walking distance to many places to eat and shop. We got caught in a thunderstorm, and got soaking wet. I dried all our clothes in the dryer right in the hotel! The Homewood Suites was so much like home. The suite was very spacious and had everything we needed. The hotel had lots of brochures and suggestions for dining and activities. The staff was so friendly and helpful. Chicago is an amazing place and the Homewood Suites is the place to stay. I would definitely stay there again.",False,ott_2013,0.6875
"Location is excellent, but don't valet your car there,(53.00 a day). Bed was to soft, pillows were flat, we couldn't open up the mini bar cabinet because the bed was in the way. All in all not what you'd expect from a hotel in that area.",False,ott_2013,1.203125
"This was the 2nd time that we have stayed at the Hyatt Regency Chicago. The first time was far above our expectations for a $69/per night room. The rooms are very nice, and the beds are comfortable. This time we got a great rate through travelzoo @ $104/ night for a room with a view. We were aware of the $41 parking per night. The first night we got there the valet was yelling at us and said that we couldn't park they were full. We had no clue where to park at this point and had to drive around for over 45 minutes looking at closed parking garages. (It was a Saturday evening) Finally found a spot and were told that it would be $38. This was 6 blocks from the hotel. Mind you its -6 outside and we have luggage to carry too. Not very good service for a 5-star hotel. We got inside and apparently they were running a nightclub out of thier lobby, its called the harddrive. That's cool and all, yes it was very noisy but once we got to our room, it wasn't an issue. The HVAC controls to our room were broken. The first night we were ok, but by the second night it was blazing hot in there, 86 degrees. So hot we couldn't sleep. It was miserable. They sent up the ""engineer"" and he determined that there was definately a problem and opened our window, 24 floors up. It never did cool down enough in there we kept that window open all night. It was 5 below that night and the window being open 8"" didn't help. They would not put us in another room either. At checkout, Monday morning, our bill came to $240.43 after taxes for the room. We then had a second bill in which our internet and parking was billed on for $56.65. Cool, I got my reciepts and went on our way. On Wednesday I was on my online banking checking my account, to find that Hyatt charged me $289.03 and another charge of $103.63!!! That is almost $100 more than what the reciepts from checkout say. I was furious, so I called the hotel. Nothing was resolved by my phone call, they treated me as if $100 isn't but something you wipe with. She said give it another day or two and see if the additional authorization falls off. That didn't settle well with me, but what could I do. I waited. Its Friday now. I check on my account again and the charges cleared as they should have with the correct original amounts, and they still have ""authorizations"" on the two incorrect amounts as well. They have charged me an additional $300!!!!!! Im so furious! and guess what... Hyatt doesn't care. They gave me the same [--] line as they did Wednesday. SAVE YOURSELF SOME HASSLE AND DON'T STAY AT THIS HOTEL UNLESS YOU HAVE EXTRA MONEY FOR THEM TO PLAY WITH.",False,ott_2013,0.9375
"The heating in our room didn't work and wasn't repaired depite numerous requests, the rooms were very small, the litter in the bin remained in the bin for the whole stay, the cleaner made the bed but nothing else, when we returned home my credit card statement showed that the hotel had charged me for the 5 night stay despite my having pre-paid through a travel agent, it took the hotel 2 months to re-credit my card without an apology or offer to pay for my numerous trans-Atlantic phone calls to them.",False,ott_2013,0.84375
"I stayed at the Hilton Chicago last week and was very disappointed. The highlight of the stay was waiting 20 minutes for a bellman to come and get our luggage. Finally, my 72 year old mother, 8 year old son, and myself gave up and dragged it all down to valet parking ourselves - no easy task. The security guard was kind enough to hold the door for me. The valet parking attendants looked over and then ignored us. As far as I could tell, he was just standing there doing nothing. I couldn't let go of the bags without everything falling so I gave my son the parking receipt. The attendant pointed to where our car was parked - no short distance away. My 8 year old had to tell him to pull it up. They should have been ashamed. Less significant, but irritating issues. The pool is part of the Hilton Athletic club. Two lanes are reserved for adults wanting to lap swim. Basically, two adults can take up 2/3rds of the pool while everyone else is consigned to the leftover 1/3rd. This is ridiculous and very family unfriendly. In addition, the pool closes at 9 p.m. What pool closes at 9? We stayed for 3 nights. Not one single additional bar of soap, bottle of shampoo, or coffee stirrers.",False,ott_2013,1.03125
"The best service!!! The staff here was incredible. You never had to lift a finger. The room was huge as hotel rooms go. The view was phenomenal. Location great. What a great weekend. We did stop for a drink at the Palm Restaurant and unfortunately, it closes at 11 p.m. Too bad!!! The Lobby Lounge is open later but drinks costs twice as much as the bar at the Palm.",False,ott_2013,1.09375
"I stayed for just one nite at the Sheraton Hotel and Towers and was a little nervous after reading a few negative reviews from other TA posters but I was not let down. I got the room via PL @ $70 and was first placed in a room on the 8th floor with a fabulous view of the roof of the lobby and a parking lot. Since I had nothing to lose, I asked to be moved to a ""room with a view"". The front desk attendant( Rasheeda) wanted to make sure that the room I had at first was clean and was in order and I assured her that it was. She then moved me up to the 24th floor with ease and it took about 1 minute. I was quite surprised as I have heard that they treat PL and Hotwire folks with a little less love than full price customers. The new room was very clean and spacious and overlooked the Navy Pier, a few other skyrise condos and the beautiful infinity of Lake Michigan. All this for $70? Yep! I skipped room service and walked to the local gourmet market as suggested by others and it was pricey but all food there was delicious! The room was comfy, had an ample closet and room to breathe as well as a convenient internet connection location. I didnt use it since I wasnt staying that long but at least it was on the desk. The bed and pillows were very comfy, but I awoke at about 330 in the morning sweating from the comfy but VERY WARM and somewhat weighty duvet on the bed. This was a great deal for the price and I would absolutely stay here again.",False,ott_2013,0.80078125
"The Talbott Hotel itself is a bit worn around the edges. No - not a bit worn - very much so I'm sorry to say. Although the location a block and a half from the best part of Michigan Ave. can't be beat, and the level of service is on par with many Four Seasons, there were quite a few bumps in the road. Number one, the rooms are quite dreary - brown on brown is just so not pleasing. The desk chair was so badly worn that the ""lift"" button simply swirled down when you sat in it and no we're not grossly obese. The back of the chair leaned so much it was uncomfortable. My husband had to use 2 couch pillows to use it - one to get him up to desk heighth, one up against his back to scoot him up to the desk. The bathroom was oddly arranged so that the door swung up right next to the sink, so if you were using the far sink and someone needed to enter the bathroom you got hit with the door. The towels were very well worn and thin, although bath sized, which was a plus. The restaurant downstairs is practically another posting - suffice to say, it was horrific. We had some appetizers outside on the nice streetside tables, and they (appetizers) were awful and looked as though a child had tossed them together in the kitchen. A room service sandwich ordered later in our visit was totally wet on the side, served on a large white plate, and was one slice of meat and one slice of plastic American cheese on a grocery store-like roll - very very sad. Even the menu, as limited as it was, looked as though someone's child had written it out. The good news is that Chicago is a fairly well-read restaurant town so there are plenty of other places to go. Unfortunately for us, the 3 days we stayed there was a large convention and jazz festival in town so we paid $325/nt for our disappointments. The good news is that the mini bars' wares were incredibly well-priced - when's the last time you had a $4 beer anywhere in a hotel? (even if it was Bud and Bud lite - lol!~) The front desk and curbside staff could not have been more accommodating. The water out of the shower was hot and plentiful, and the bed comfortable. The A/C was not noisy nor uncomfortable whatsoever, and we had it going the entire time as it was in the 90's our entire stay. Free wi-fi - YES! And it wasn't horribly grindingly slow! No need for the advertised ""upgrade"" for faster wi-fi. Talbott - please update your rooms and get a new restaurant concept and you will be ahead of the game. Apparently there are enough folks getting deals on rooms here so they are pleased, but we were sadly not.",False,ott_2013,1.03125
We experienced bed bugs in our room while staying at the Omni Chicago Hotel on the Magnificent Mile. We never received a return call from General Manager Sanjay Mahajan after several voicemails. We will never return to the hotel and will work to spread the word. We also heard from several employees from the cleaning staff that this is common in the hotel.,False,ott_2013,0.953125
"My wife and I travelled to Chicago and really were treated like royalty by the hotel staff! (My brother and his wife also stayed during this period.) The front desk staff, the concierge, the Star Bucks server, the restaurant, the lounge servers . . . all were wonderful! The rooms were spacious and the flat screen tv was really great! The bath room was a real plus ... it was huge and had everything one desires. Great view from 20th floor to Michigan Avenue below! Overall, great stay and highly recommended!",False,ott_2013,0.96875
"We booked our hotel stay thru Yahoo and requested a room for 4 with 2 beds. When we got to the hotel, not only did they not have a room for us (we pre-paid!), but they said they could not guarantee what we had requested online, they could only give us what was available. The hotel staff was rude and condescending and only after I got upset did they finally tell me they did have a room for us. If you book online - beware! You may not get what you paid for. They did not stand by their promise they advertise in each room.",False,ott_2013,0.6953125
"My significant other and I recently spent 3 nights at The James and on the last day I said, ""I wish we could stay longer"". That good! The room was immaculate and a very pleasant surprise from the moment you open the door. Everything is high tech. Plasma TV, CD/Radio, Projection alarm clock (love that so much bought one today). If you wanted room service you got it from David Burke and the mini bar and liquor selection was plentiful. They even have a four legged friend menu. The bathroom was pleasant with bathrobes/slippers and upscale products provided. The bed was the best in a hotel ever. Linens were crip, white and fresh. Maid service twice daily with turn down service. Safe in room, ice delivered, iron, hairdryer all top of the line. The filtered window shades blacked out the light and matched the modern decor. Mid-century style with funky chair/ottman, cubes and a table with nightstands gave us plenty of room and felt like comforts of home. The staff was courteous and accommodating. The library, free internet access, in room wifi were extras we didn't expect . Bar/lounge areas seems to be frequented by locals enjoying cocktails and appetizers in the lobby. Funky artwork. Location, location, location. The best place we've ever stayed not only in Chicago. Highly recommend.",False,ott_2013,1.15625
"My husband and I were in the Fairmont Chicago recently for a conference. We stayed in a spacious suite. All amenities appeared recently updated and in excellent shape. The bed was very comfortable. Views were great. I love their products in the bathroom and used them in the pristine tub two out of three nights. The room was so quiet, it was very relaxing. We ate in the restaurant downstairs (Aria) and although pricey, it was excellent. The staff were consistently attentive and responsive. It is evident that everyone is very well-trained. I would love to stay here again.",False,ott_2013,0.765625
"We stayed at the Conrad for 2 nights for a friends reunion. The room was clean and new feeling, nice city view, free bottled water in room upon arrival. Check in was a breeze, and our room was ready even though we were several hours early. All staff was friendly and helpful, excellent breakfast.",False,ott_2013,1.203125
"This was a weekend trip for my friends and I. We booked a couple of rooms and asked in advanced for the reservations to be connected in some way. Our rooms were right next to one another as requested. As it was almost everyone's first time to Chicago, we had to do a bit of cold-searching for a hotel. And, our choice was next to perfect. I had an amazing time during my first visit to Chicago and it was largely due to this hotel. The customer service was AMAZING. Everyone was extremely nice and helpful. One of our rooms ordered late night room service and raved about how they felt they had ordered a 5 star lunch because it was as fresh as having ordered food at 2 pm, and delicious. My friend suggested they had a full-staff at 3 am because the food came up quickly too. In another of our rooms, housekeeping had accidentally discarded a CD when replacing the CD player with an iPod dock. The concierge had the exact CD purchased and ready at check-out from the neighboring record store. Our rate included complimentary breakfast which was fantastic! Everything was freshly made in their kitchen too. An added bonus was that the hotel is attached to a mall. Therefore, you don't need to leave the building to get a pair of shoes, a coffee, or a some other type of trinket. I was beyond pleased with this hotel and would stay here again without hesitation.",False,ott_2013,1.0703125
"My wife and I stayed at this hotel at the end of May, 2009. She came for the weekend for a function and we extended the trip to take in the city. We got a deal on this hotel through TravelZoos. $249/night stay for $99/night plus we got the full buffet breakfast. The room was wonderful. Extremely large King size bed with expansive sitting area. We are used to smaller hotels with little room to move. The bed was extremely comfortable with lots of pillows. No wear or damage in room at all except sink tap dripped a bit (poor taps). We could have upgraded to river view for $20/night but chose not to. We enjoyed the room for what it was. 22nd floor looking south. The buffet breakfast was great. Lots to choose from and very fresh with made to order eggs, non stop coffee and juice and the servers were so eager to please. Great to have breakfast included in night stay. Might be a bit dear to pay at $22/person. It was nice to sit and relax with good breakfast, coffee and newspaper and not have to figure where to catch a morning meal. Concierge desk was most helpful in suggesting places to eat, always informative and ready to provide maps, directions, multiple suggestions and even make the reservations. Cards included to admit without paying cover charges at some jazz clubs. Location was great. Blocks from El and other transportation and easy walking distance to the parks and right on the river. If in Chicago again, would not hesitate to stay here again. A swimming pool would have been nice but we did not miss it.",False,ott_2013,1.1328125
"WOW!! Where do I start? Booked this hotel through Hotels.com for less than I paid for the Travellodge Downtown. Check in was a breeze, the entire staff was friendly and helpful. Our room was huge. The king bed was very comfortable. Our room also had 2 nightstands, 2 chairs with a small table, a desk, and walk-in closet. Even with all the furniture, the room was very spacious. The room did show some signs of wear, but I think this adds to the charm and the rich history of this hotel. The hotel is located in a neighborhood, so it felt like we were staying in a condo or a home rather than a hotel. There is very little noise, however, you are only about 2 blocks from Rush and Division streets, with all the nightlife, and the Red Line at Clark and Division is only 3 blocks away. We decided to walk to Michigan Ave and the next thing we knew, we were at the Hancock building. By staying here, you are away from the noise, but not away from the action. Had breakfast at the Pump Room, which is a story in itself. We had our photo taken in booth 1. Take some time and research who has sat in this booth. It is impressive. Some 1400 photos of celebrity guests adorn the walls of the Pump Room. Didn't have a chance to have dinner here, but I will return for dinner someday. Breakfast was not anything fancy, and a bit pricy, but the history and experience was worth it in my opinion. The waitstaff was friendly as was everyone who worked at this hotel was. I can't wait to return here!",False,ott_2013,0.7890625
"Any traveler who is loyal to a favorite hotel has experienced this sad truth: eventually the lodging deteriorates. But you do not expect the price to double and triple at the same time! I have been staying at the Talbott for several decades. Yes, changes have been made, like the updated heating and cooling systems and the front entrance, most recently. But other things have gone downhill. For the last several stays I have experienced very dirty carpets and slow service. Rates have skyrocketed and now they are asking for 3 night minimum stays on many occasions. This is the kind of rate structure one might expect from the 5 star hotels within spitting distance of The Talbott, but not this less-than-maintained lodging. I, personally, am shopping for a new home away from home.",False,ott_2013,0.953125
"I stayed @ Affinia for one night on a purpose not to drive all the way from NW suburbs to Women's hospital oir my surgery. Few things I really didn't enjoy - I could hear noise from outside all night long as well as inside noise from slamming doors.No noise insulation at all! Very dusty between window frames(I understand - cars,pollution) but it looked like it wasn't cleaned for a very long time.One more thing really made me upset - broken blinds on a right side. I was unable to pull them down to enjoy my sleep time...We didn't notice the problem until very-very late.The Affinia hotel serving tourists and guests of Chicago as well as Northwestern Hospital patients and their families - which really need extra privacy and comfort ! Strange but every hotel I stayed @ was supplied with the SEALED roll of toilet paper.Affinia didn't even offer that.Looked like someone used a bathroom right after it was taking care of by a cleaning lady! Neither toilet paper nor toilet seat were sealed for us to use!!!!!!!!!!!! Hopefully,no more surgeries for me...Won't stay @ this place for leisure - even with discount!",False,ott_2013,0.8515625
"The elevator system was impossible. It seems they were trying to improve it but only made it worse. Many people waited 15+ minutes and some bailed out to the stair wells. It happened several times. I had read about it before booking but guess I didn't take it seriously. It'd be a deal breaker for any future return unless I heard clearly it was improved. Also, I always think it's lame that you have to pay extra for WiFi. Area recommendations North Michigan Avenue and Lake front areas are best.",False,ott_2013,1.34375
"This was a gorgeous hotel from the outside and in the lobby. However, when we reached the elevator things started to look quite dingy. Our bathrooms in our room had grout that was in need of a deep scrubbing and had an overall appearance of dirty. Wireless internet is available, but that's an additional fee. Are you kidding? Even the roach motel offers wireless for free! Also, the fitness room was available for only $15 per day. Wow, I thought the room rate was enough to cover that. When I used the coffee supplies in the room, they were not replenished. I called the next morning requesting more and was told that wasn't housekeeping's area but they would send some up. No kidding, nearly 90 minutes later I got the cream and sugar! Glad I wasn't in a big hurry. I'll definitely be staying next door for half the cost and a lot better accommodations the next time I'm in Chicago!",False,ott_2013,1.046875
Very friendly staff - and helpfull with whatever ? you may have. Don't miss the wine bar and the hot chocolate bar. Spacious rooms. Perfect for business and for theatre guests. A little quiet area during weekends.,False,ott_2013,0.8046875
"My wife and I spent several nights here on a getaway excursion. I didn't choose it -- Priceline gave it to me for $70. If I'd paid the book rate, $175, I'd have been less pleased. No troubles with checkin. Very small room but bed was clean and comfortable. Starbucks in the lobby was a godsend. I'd read horror stories about the staff but they seemed friendly enough. For $70, it's a steal. For its online face value, not so much. Will definitely return if can get similar price.",False,ott_2013,0.94140625
"Didn't get the room we were promised. Kind of room we had reserved (2 queens) ""wasn't available. they then squeezed 3 adult ladies into 2 singles and a blow-up bed. Had to pile furniture on top of tables to get it in! Very unsatisfactory!! Will not return, will not recommend. Will tell people going to Chicago to NOT stay in your hotel. When I next visit Paris nextspring, I intend to stop at your world headquarters to tell them what I think of the Chicago facility.",False,ott_2013,1.3046875
"I booked this via Priceline, and was not sure I'd like it, as some Sheratons have fallen off the cliff. This hotel absolutely surpassed my expectations. Despite booking with Priceline, I was treated like a king. They let me check in early, gave me a beautiful room, and even went so far as to look up my Starwood number so I could get some credit for the stay. The staff was unfailingly pleasant, the property immaculate, and the room very comfortable. I highly recommend this hotel.",False,ott_2013,0.8046875
"When you check into a hotel after being stuck in a airport, you areusually not in the best of mood. I, working in a upscale hotel, do encounter many guests checking in who this has happened to. All they want is a friendly face and a smooth check in. The desk clerk who checked me in at this property, did neither. She was short, rude, handed me my keys and walked away. I would never go back to this property due to this.",False,ott_2013,0.84375
"Generally speaking, nothing bad about that place if there would not be the cleaning issue. We checked the closed with the mini bar (picture uploaded), so much dust, nobody cleaned here for at least 3 years. We called in housekeeping, giving them the opportunity to check and do something about it. Still the same situation when returning to the room 4 hrs. later. Next day moved to a renovated room, much better but not 5 star clean at all. In addition, there was never a time when there was no waiting line at the reception, no wonder when just 1/3 of the counters is actually open. Please do something about these issues its ruining everything!",False,ott_2013,1.140625
"The Conrad Hotel is a beautiful hotel. Our room was perfect and beautiful in every way. I was very impressed (and I am hard to please and have high standards). It was so clean, aesthetically pleasing, up to date, just gorgeous! I would definitely stay there again. I loved it. The location is superb too, attached to Nordstrom and Northbridge mall. Can't wait to go back!",False,ott_2013,1.15625
"Even though the reviews of this hotel are very good, the only good thing about it is the Location, which is excelent. aside from that, there are only 2 elevators, so there is ALWAYS a wait to get in. they also seem to have insufficient staff so getting your luggage, room service, etc takes forever. even if you arrive in a cab, there is no space to load/unload so you have to block the street while you arrive/depart, the rooms seem a bit dated and in need of a refresh. all in all, there are much better options in Chicago",False,ott_2013,0.97265625
"Having had a great stay at the Monaco last Fall with friends, I was disappointed (initially) to arrive on Saturday with husband and find that they didn't have our Quikbook made reservation in their system and they had no rooms available for Sat. eve. BUT they immediately took responsibility for their mistake by doing the following: found us a nice room at the neighboring Swissotel and paid for it! Gave us cab fare to get the 4 blocks over there. Paid for our valet parking $33 that eve. So naturally when they asked if we were interested in returning for Sunday eve (when they did have room), we said yes. When we returned, they gave us a corner suite with jacuzzi tub for our $139 quikbook rate! Now that's what I call a recovery!!",False,ott_2013,1.1171875
"The hotel is almost always very helpful. This stay caused me to re-think if I like the Palmer House. I had dirty covers for the bed. It was also the smallest room in the hotel I am sure. My husband and I usually come 8 times each year. He is there doing Business and CTA work. We are not pleased with the size of the room at all now. Rooms have always had two chairs, desk, and usually 22 by 25 feet. Not this room on the 11th floor. It was only 15 X 17 approx. The service men at the doors have always said a welcome but not this time. In the past we had a bell man steal a $300. pair of sun glasses and the hotel did nothing about our loss financially.",False,ott_2013,1.3203125
"our stay was absolutely perfect. its a cool hotel to look at, the design and feel is very trendy and hip. all the staff are terrific, especially the consierge staff-great info and attitude. our room was on the top floor, with great views. super comfy bed, and neat bathroom. fantastic, choose this with no hesitation!",False,ott_2013,1.25
"Great, awesome service. Seriously, the people are amazing. That, and the nice bartender who serves after last call (at least, that's what I was told - I of course don't drink) save this place from one star. But seriously blah, small, non-luxury rooms with beds that are just really uncomfortable - and for a card rate of $725/night, even in a major city, the rooms better be awesome. I've had waaaay better rooms in NYC for $350/night. (Good thing I had a corporate rate.) And my room was not especially big, despite what the below reviews say. But here's the main problem. Even on the 10th floor, the guy blowing the whistle to summon cabs downstairs woke me up at 6, and 6:15, and 6:30, and 6:45, and 6:50, and 6:55, and...and, well, I finally got up and said screw it, let's greet the day. Maybe everyone else was already up, but somehow I doubt it. Am now safely ensconced in the Four Seasons.",False,ott_2013,0.85546875
"This is a great hotel! From the doorman who greeted us as we arrived, to the young man at the reservation desk to the young woman serving complimentarily wine, everyone was very friendly and helpful. We were ""strangers but for a minute!"" The room was extremely clean, well appointed and we had a pretty view of the Chicago River, especially enjoyed from the large window seats. Loved the purple polka-dot paper on the toilet paper roll! Hallways were large and quiet. The restaurant next door, South Water Kitchen is very nice too. The location is in walking distance of the theatres, parks, the river (take a cruise), Michigan Ave. It's ideal. The only negative is that the concierges were not nearly as friendly or inviting as the rest of the staff nor were they very helpful. For a self-sufficient traveler, you wouldn't really need their services (although it is nice) but for someone coming to Chicago for the first time, a concierge can be very helpful. I would definately stay at this hotel again and would recommend it.",False,ott_2013,1.0625
"The location of this hotel was excellent as it is just beside the subway and the bus stop for the free trolley bus to Navy Pier is just beside the hotel. The room was very spacious. Kind of too big for a solo traveler. The view from the room was excellent and it was a great view to sleep at night. The bathroom was spacious too and the room has a big wardrobe. The kitchen has microwave oven and cooking utensils. Some of the cooking utensils were a bit dirty, probably because they had not been used for sometime. However, the microwave oven was very useful as I can heat up food to eat at night. You can easily walk to the magnificent mile by cutting across the shopping mall across the road. Do check out Pizzeria Uno which is near the hotel that serves the delicious deep dish pizza. For cheaper food, do check out the foodcourt at the shopping mall. The hotel also serves breakfast and dinner from Mon to Thur. I did not find the food that fantastic but it was pretty decent. I will strongly recommend this hotel to everyone going to Chicago.",False,ott_2013,0.70703125
"The lobby of the Homewood is right down the hall from the kitchen and dining room(actually more of a grade school cafeteria type set up). The odors from the kitchen were disgusting, and indeed reminded my of that of a institutional kitchen(I.e. hospital). The free breakfast and free dinner were not at all palatable. I suppose that if you are traveling with a young family as many guests were, that makes this hotel a good value. But i would not stay here again.",False,ott_2013,0.82421875
"Stayed over Memorial Weekend for 2 nites, 2 rooms. Great Hotel, we always love breakfast in morning,and drinks in even when applicable. Around the corner from magnificent Mile,and close to lots of restaurants. Staff was great, we even checked in early before noon,and other room available less than hour later. Fresh fruit was available to us,and bell guys are cool. Suites are on small side compared to other homewoods but no complaints here, house cleaning kept our room clean,and we felt safe!",False,ott_2013,1.4140625
"We just returned from 4 nights at the Ambassador East. What a gem! The location in the Gold Coast neighborhood is perfect for finding restaurants and walking the Magnificent Mile. There is a train station about 2 blocks away. The room was very comfortable, with nice amenities, and there is free Internet service on the 2nd floor. Best of all was the bell and lobby staff! They really went out of their way to be helpful and greeted us warmly each time we left and arrived. I would say that this was the nicest hotel staff I've encountered in all my travels.",False,ott_2013,0.8828125
"This place is a dump. I booked on Priceline, because the last time I booked a Priceline hotel in Chicago, I got the Westin and loved it. Despite having paid for Priceline, I ate the money I had already spent and called for a reservation at the Westin and went there for the weekend, instead. I didn't regret it for a second. You will be disappointed if you stay at the Millenium Knickerbocker because you are paying for a Holiday Inn at the price of a Westin when you could have the real deal for just a little more. The location is not worth the place being old and so unimpressive. There are enough hotels near the loop (and near a train/bus stop if you need to move around the city inexpensively) that you should not spend the money on the Millenium. Do not waste your time and stay here--this is a trap because of its location, but it's not worth it. Really.",False,ott_2013,0.81640625
"The location of this hotel is excellent. The hotel itself is not a 4 star like they say - in my opinion. The room decor is horrible (probably more European than I am used to) and the room is small and furnished like an old apartment. On the upside, if you want to stay in a great location, feel safe, and can put up with some aesthetic issues and can get a great deal then this will work. I prefer Westin or Marriott...something that you can count on.",False,ott_2013,0.8984375
"this is my letter to the management..... Sir or Madam: I am writing to give feedback about our recent stay the Amalfi. We were a guest from 11/20 to 11/23. During our stay we used the ""Valet"" Service operated through Standard Parking. Our vehicle was returned with stolen items from the glove compartments. Much to my chagrin, $44/day valet service did not include proper security/monitoring, despite the premium over ""self park"". I understand that these parking services are sub-contracted by the hotel, but I would think that any worthy hotel would remedy the situation. This was not the case. I hope that your staff will be able to take measures to rectify the situation for future guests",False,ott_2013,0.97265625
"We booked our stay through Priceline.com and got a great deal. We were only staying one night and we had our 2 year old with us. At check-in, we were upgraded to a suite with a lake view of Lake Michigan. It was beautiful. The suite had a king bed with a living room and a bar and mini-fridge which we didn't need, but if we were staying longer, it would have been a godsend. This hotel is in close proximity with Grant Park which has the beautiful Buckingham Fountain. We walked around the park and even saw a movie being filmed....but if you are looking for a hotel with a lot of restaurants around it, this isn't the one. We ended up eating at the Irish Pub inside the hotel (Kitty O'Shea's) which has great food. (We have stayed here before and always end up eating here.) There are a lot of attractions within a mile including the Field Museum, Shedd Aquarium, Soldier Field, and Navy Pier. They may not be walking distance but we could see them from our hotel window. Overall, we had another wonderful stay at the Chicago Hilton. (Our 4th stay) The only downside is the expensive parking within the hotel.....41 dollars a night is kind of ridiculous.",False,ott_2013,0.8203125
"Overall I had a VERY Bad experience when hosting a meeting for company, but when my parents came in from out of town and wanted to stay at the Swissotel, I thought we should give them another try. Turns out my first impression was correct, this is the LEAST friendly hotel I've ever been in! Even the concierge was rude and disagreeable. I could go on and on, but instead I'll just say GO SOMEWHERE ELSE!",False,ott_2013,0.77734375
"As a frequent traveler to Chicago, I generally stay at the Sutton Court, but thought I would try a different boutique hotel. I will never stay at this hotel again. The first room they brought me to -- their standard room -- was a glorified closet, leaving me absolutely claustrophobic! Actually the smallest hotel room I've been in in the U.S! I complained to the front desk, who then moved me to a ""premium"" room -- still quite small, but manageably so. The bathroom was tiny, without a vanity, making it difficult to put your toiletries in the room. The location leaves much to be desired, as my room looked out directly onto the El (elevated subway - background noise), and the street was pretty deserted on a Sunday evening. I will say that the free wi-fi was great. If you can find a chain or other hotel closer to Michigan Avene, I'd highly recommend you take that. If you want a nice room in a great location, check out Sutton Place hotel instead.",False,ott_2013,0.95703125
"The reviews we read were a bit mixed, but I thought it was excellent. I've stayed in The Splendido, Villa D'Este and others and it doesn't compare, but nor should it. It doesn't claim to be in that space. I expected it to be a notch off the Four Seasons and so it proved. A only a small notch too!. Lovely clean and bright room. Superb views, very quiet, comfy bed etc. Excellent service all round and nice staff. For the money and quality it stacked up very well indeed. Couldn't really fault it any way given it was half the cost of the Four Seasons but pretty close in terms of overall experience. We will go there again when in Chicago. Great location too.",False,ott_2013,1.21875
"a great hotel, we used the CTA the 2 days we were in Chicago and it is great, that the Line 6 stops nearly in front of the hotel. So we did not need any taxi and traveled from Midway to the city and to Ohare for 9$ and we used the buses alot (freezing cold). The hotel itself is great, very clean rooms, realy on of the best bathrooms i ever had. Staff very friendly, they even found me out were i can get Timerland shoes.... and she was right i got them in one place she told me... thats service...I also was having a look to the gym room and the swimming pool area, did not use it and I do not know if it would have been included in the room price....but realy a nice view makes running easyer....",False,ott_2013,1.34375
Move beyond the rock theme and it's an average hotel with a good location. Room was unbearably hot and the controls on the wall did nothing. Thank goodness the window opened or we'd have been cooked alive. That of course let in all the noise from Michigan Ave. This combined with our neighbors door slamming against their thrown door lock every 30 seconds made for a lively setting. Room was stuffy too. Burn marks on carpet lead me to believe nasty smokers had occupied room on many occasions. Wife happy w/ Aveda in bath. Base bar was good with great service and well made drinks tho pricey.,False,ott_2013,1.9609375
"We just returned from a girls shopping /sight-seeing trip.The Palmer House was like home away from home.The hotel is undergoing renovations but we did not notice any inconveniences or hear any noise from the work.The lobby was breathtaking, all dressed up for Christmas.The staff from check-in to housekeeping was very welcoming and friendly.Our room was updated with two beds and two separate baths which was great for everyone to have their own personal space.I would not hesitate to recommend this hotel to anyone.Chicago is a great town.",False,ott_2013,1.0859375
"I booked this hotel on Priceline for 4/13, and a week later called the hotel directly to add 4/12 to our stay. The receptionist confirmed my reservation confirmation# and gave me a lower rate for both nights for the same king suite. When we arrived at check-in, there was no record of my 4/12 reservation whatsoever. The hotel was also fully booked, leaving my tired, hungry family and I high and dry with nowhere to go. The only decent thing that happened with this whole debacle was that Lisa at the check-in desk called around to several other hotels close-by to find us a room, and seemed to be the only employee working at a very busy time of evening. We ended up at Embassy Suites for both nights and had a very pleasant experience there.",False,ott_2013,1.015625
"The hotel is just ok. Stayed there for 5 days when visiting friends. They had a renovation going so there was no lobby, bar or anything. Just a decently furnished room for 200 usd. The renovation was not annoying but i think they ahould charge... much less untill its done. You cant beat the location! Very convenient especially if u like chicqgo nightlife!",False,ott_2013,2.0
"What can I say... this USED to be our FAVORITE hotel in Chicago because of its location, its historic and gorgeous pool, it amazing Sunday brunch, it's relatively low price compared to comparable hotels, its exclusive benefits of the ambassador membership... All of the above has fallen disappointingly by the wayside with a resounding THUD. Let's break it down: Location: I'll concede that it's still great. Get a corner room in the Historic tower higher than the 20th floor with a view of Michigan Ave and/or the river. Its historic and gorgeous pool: Closed indefinitely! When asked when it will re-open, the hotel staff actually said, ""Maybe never."" Its amazing Sunday brunch: Zest is gone, and his been replaced by a very dark Michael Jordan restaurant that takes up much of the lobby and second entrance. (The lobby, by the way, used to be beautiful and open with lots of places to sit. Also no longer...). The food is very bad. Very. Bad. There are so many restaurants in this city. Do yourself a favor and go somewhere else to eat. Its relatively low price compared to comparable hotels: Based on my review of everything else. Go to the Drake, or the Peninsula. Completely worth the extra money... That, or downgrade to the Hilton and get what you expect and pay for... The InterContinental has fallen so low that you pay a higher price than the Hilton, but you get a worse experience! Its exclusive benefits of the ambassador membership: I canceled our membership after this disaster. Part of the membership includes early check-in (granted, when available)... but our room wasn't ready until 6pm. This is obviously after normal check-in. The staff was overwhelmed, and not effective or helpful. I tried to speak with the manager about our room, waited in long line to speak with someone, only to be told that my husband needed to be with me because the membership was in his name. In a nutshell. Go somewhere else. ps: Go to Argo tea next door instead of the Starbucks in the hotel. Way better food and coffee.",False,ott_2013,0.87109375
"I would NOT recommend staying at the Swissotel in Chicago. I was travelling with a friend and we arrived at different times. She had booked the hotel but had added my name to the reservation since I would be arriving first. The ""night manager"" at the hotel was extremely rude and told me I could not check in since they could not find the note about my name being on the reservation. (this was THEIR mistake) They told me I could sit in the lobby for 4 hours until my friend arrived. They did nothing to try and help me until I stood there and complained for twenty minutes. I can't believe that a ""manager"" would treat a customer this way. There are other great hotels in Chicago. This hotel is not worth the aggravation!",False,ott_2013,0.70703125
"It's not a bad hotel. It's just so...disappointing. As a Diamond member, I expect slightly more than a room with two double beds with no view. I'm not distraught over this, but come on. Ditto the continental breakfast in the executive lounge, which has nothing but fattening pastries, bagels and cereal. Low-level Hampton Inns have a free breakfast that puts this to shame. And what's with the lounge not opening until 6:30am? Business travelers often need to be GONE by 6:30, not sitting down to their meager breakfast. The in-room wifi is a pain to access, and I somehow got stuck with the $19.99 plan even though I selected the basic plan. (Don't get me started on how a $89/night Hampton Inn can offer free wifi and a full-service Hilton & Towers seemingly can't...). Finally, what's with the two bathrooms per one hotel room? It's an unseemly waste of space, especially when the rooms are so meager. And the gold-plated bathroom fixtures scream 1992, not 2009, as does the picture-tube TV (vs. flat panel). Overall, this is a huge disappointment over which Conrad should be ashamed.",False,ott_2013,0.828125
"After staying at the Sheraton Royal Orchid Hotel in Bangkok, I was expecting a similar experience at the Chicago Sheraton. I had a wonderful stay at this property seven years ago and was looking forward to a repeat experience. Unfortunately, my expectations were not met. For the past 3 years I stayed at the Palmer House in the Loop, but thought I'd try a more modern hotel. PROS - location by the Chicago River, two blocks from Michigan Avenue - restful lobby with river view and free wifi provides a pleasant work environment - buffet breakfast offering custom omelettes, crepes and french toast CONS - check-in assigned me to a city view room when I had prepaid for a river view room - river view was good, but the windows to see it were filthy - dirty towel used by the previous guest was still hanging on the back of the bathroom door - bathroom was unimpressive: bathtub-shower combination; worn plumbing fixtures; only 2 sets of towels provided - guest room was small: only one soft chair provided - guest room doors slammed noisily throughout the floor hallway - 7 to 8 block walk to nearest L-station - concierge couldn't explain how to get to the Mercury Theatre, nor print a map of the area - guest services told me to go out of the hotel one block to get Starbucks coffee when it was available downstairs on the Link Cafe - no complimentary newspaper delivered to the room - no final billing folio delivered to the room on the night before check-out - not all computers were operational at the Link Cafe where boarding passes can be printed",False,ott_2013,1.15625
"I decided to book at the Amalfi after cancelling a reservation for a different hotel after reading their reviews on TA. I was blown away by the reviews for the Amalfi on TA and decided to check it out. I was able to secure a great price on the hotel room and I was not disappointed. I asked to be put in a quiet room because I was having an interview the next day. The room was very quiet and in a great location, but my only complaint was that it was right next to the fitness center and I could hear people running on the treadmill during the day. However, it quieted down at night and I could not hear anything. The rooms were enormous for Chicago and I was pleased!!! The hotel provided free breakfast which was good, free internet, and free gym access. The hotel is only a few blocks from the Magnificient Mile and I walked there everyday to do shopping. I have to say that the doorman is truly a gem and is very friendly. I wish that their front desk staff were as friendly as he was. All in all, I plan to stay at the Amalfi anytime I visit Chicago in the future.",False,ott_2013,0.78125
"I want to recognize so many people who were exemplary in their service. 1) Sylvia Rollins, Head Concierge. I wanted a fairly last minute reservation at MK restaurant. I spoke with Sylvia on the phone just a few days prior to arrival and within 15 minutes had the desired reservation. 2) Ryan Lettier, Concierge, provided us detailed information on the architectural cruises. Our morning cruise ended up being cancelled by the tour operator and Ryan provided a late check out time to cover us until we could get back to the Monaco. 3) Turndown service was provided as requested and housekeeping in general seemed to be at a high standard 4) Even the bellman went out of their way to ask if we knew how to get the train etc when leaving the hotel. The rooms are tastfully furnished in that whimiscal Hotel Monaco feel. Beds and bedding both very comfortable. The complimentary happy hour and morning coffee/tea service were both very utililzed by the hotel guests.",False,ott_2013,1.265625
"I LOVED this hotel. The room was so chic and trendy, the bed was comfortable, great slippers and robes. I love the Keihl's bath products in the bathroom. We went during my birthday weekend, and they had a card and plate with pastries waiting in the room. We got a great deal on a junior suite from Travelzoo, but when we tried to take another trip to Chicago, the deal was gone. I really recommend the hotel. I LOVED it. The ONLY problem we had was with the David Burke Steakhouse. The service was horrible, they switched our order with the table next to our's and the only compensation was they took off a $7 side dish we ordered (and they were nice enough to NOT charge us for the other side dish we DIDN'T get). DON'T go there. Go to the Lawry's accross the street. But stay at the James. (BTW- its not a 3-star hotel like the website lists- its at least 4-star)",False,ott_2013,0.96484375
"We've just returned from a two night stay at the Affinia Chicago and our visit was delightful. Thanks to tripadvisor reviews we were prepared for the major construction work on the facade and entrance..it was a mess. And the hotel restaurant and bar remain incomplete and unavailable. Even parts of the lobby had ""wet paint"" stickers. All these things could have made for a disappointing stay. Not so!! Although we arrived very early in the day our suite was ready along with a most warm and gracious greeting from the front desk staff. After just a few minutes we felt like we were ""at home."" The suite on the 25th floor, with a fab view along a wall of windows, was sparkling fresh and clean. The bathroom lighting was outstanding and led to my bride of nearly 50 years saying that it made her look younger...she was right! Everything in and about the room was ""like-new"" and very stylish. As a visitor we appreciated the very convenient location just a few steps from the Magnificient Mile and all of its ambiance. Thanks to a dedicated and gracious staff, a fantastic location, and chic decorating elements, this hotel can and will be our future hotel of choice in Chicago. The stay was short..but sweet.",False,ott_2013,0.98828125
"I booked this hotel for my family of 4 to stay overnight to see the Magnificent Mile Christmas Lights Parade. I chose it because it had a sofa sleeper and one bed. We arrived at our hotel around 3:30 PM to check in. We came at this time because the front desk worker said that we could not check in until 3:00 PM. After giving him our name, the manager said,""OK, we have your king smoking suite available"". We quickly corrected him to let him know that we were traveling with two very young kids and we reserved a non-smoking room. He insisted that his computer said that we reserved a smoking room. We went back and forth, then he asked us if we had a copy of our reservation. Luckily, we were able to pull the reservation up on our phone. It clearly said non-smoking. After showing him our reservation, he explained that there was nothing that he could do to correct the situation because they had no other rooms available. So why in the world did he need to see our reservation!! We decided to see if we could handle the smoking room. It turns out that the entire floor was smoking and for a non smoker there was no way that we could sleep in a smoking room on a smoking floor with our two young children. The manager eventually called around and found a hampton inn near by with one bed. We canceled our room reservation. We live about an hour away from downtown so we made the late night trip back home. My family was very disappointed. My husband is a gold member with Hilton. Let's just say we will be switching back to Marriott. The hotel lobby was dated. The smoking room that I saw looked very dated as well. They made an error and never owned up to it, nor did they do anything to compensate us for such a huge inconvenience.",False,ott_2013,0.91015625
"The service was reasonably well...they seemed to have my reservation and checked me in fairly easily. The location was fine being that it was central to the city but I found out that it was also a tremendous drawback. It was interesting that the survey I took at the hotel in order to obtain internet access at the hotel asked what my most important quality was in a hotel visit and my response ""Quiet"". My visit was anything but, mainly attributed to the fact that they put me on the second floor, facing the street. I awoke at 4 a.m. and never did return to sleep because of the constant street noise and screeching of the L train that sounded as though it was just outside my window. Not the most conducive for a restful sleep prior to an important meeting. At check-out when I informed the hotel clerk of my dissatisfation he chuckled and said, "" Ah, city noise.""",False,ott_2013,1.0
"This hotel has a great location, and very friendly staff. However, the physical condition of the property has certainly fallen behind the competition. I use to be a regular at this hotel . . . but have not been back for 15 years. Rooms have not been well maintained (old carpets frayed at doors), wall paper peeling off of the walls, TV's from the 80's. There is currently construction going on in the lobby area, making it impossible to get to the restaurant without leaving the hotel and walking to an outside door.",False,ott_2013,0.7421875
"My wife and I stayed here for a long weekend and it was great. The check-in staff changed our room to a single bed without question, and the bar served the best martini I have had in a while. The rooms were well decorated and spacious, although it did get a little tight through the bathroom door. The bell staff was very accomodating and walked my wife up to our room when she arrived late. I would definitely stay here again!",False,ott_2013,0.92578125
"Here are my experiences: - Had three rooms reserved, when checked in we were charged 2 different rates for the rooms - screwed up initial room assignments, gave us a room that was not even cleaned yet when we checked in - Could not get us new keys to a different room without great difficulty (we had to go to the front desk because bell staff went to the wrong room to give us new keys) - In room guide says pool in on the 8th floor and signs say it is on the 7th - could not get to the pool from the 14th floor without going all the way down to the lobby and then had to go to the 7th floor and take the stairs to the 8th - When we checked in we had the front desk staff go over which credit cards were assigned to which room. - When we received our bills, the credit card assignments were still wrong. I stay at ""economy"" hotels a lot and I have not even come close to having this many problems with a hotel until this one. This hotel should do Chicago a service and just close its doors. Due to this experience, I will never stay downtown again to deal with overpriced hotels with poor service and surrounding business that are just as bad.",False,ott_2013,0.953125
"We got a great deal on this hotel, just $91 found through travelzoo. We only stayed one night, but were very impressed. The sevice was fantastic from the moment we stepped up to the property. The hotel smelled wonderful and was immaculate. Our room, while not enormous was perfect. We had a great view of the city and lake. The bed was extremely comfortable. We never heard any noise outside of our room. The bathroom was nice sized considering we must have had one of the smaller rooms in the hotel, two could get ready very comfortably. Location was perfect, just off Michigan Ave and steps away from Millenium Park. We would definetly stay here again, especially if we could get this great deal!",False,ott_2013,1.03125
"My stay at the Ambassador East was great! The hotel is in a great location in the charming Gold Coast neighborhood of downtown Chicago. Gave me the feeling of staying in a Chicago neighborhood vs. the concrete jungle of downtown, but the Magnificent Mile and Rush Street are just a few blocks from the front door. The staff was very friendly. Also, really enjoyed having drinks in the historic Pump Room. They had a live band on Saturday, and I really enjoyed looking at the pictures of the celebrities throughout the lounge that visited from years gone by. Definitely recommend it.",False,ott_2013,0.97265625
"My husband and I were there for a conference and had booked the room thru their website, when called to confirm had us down for only 1 night instead of 4, easily changed. First morning cold,cold shower, didn't complain,next day fine. Phone did not work, called every day to complain, and every day said it would be fixed when got back to room, never was. No dial tone, unable to call restaurant, or call for car or call for room service. Finally, on last night someone came to our room while we were there and did fix it. The hotel is beautiful, rooms great and everyone was so nice, even when I was complaining they were nice. Great gym area also, and love the restaurant. BUT, for the money I could easily find another hotel just as nice with a working phone.",False,ott_2013,0.7890625
"Nice big rooms but stinky mildew hallways, fair room service menu and weird elevator set up really hurt my review on the Omni. Location was great but there are a lot of other options. If you get a really good deal on the room, I wouldn't say no.",False,ott_2013,0.73046875
This hotel was very beautiful. I went with a group of 4 friends and we had a blast. It was very centrally located and was close to all sorts of transportation. The Continental breakfast was magnificent! I didn't see much of the staff but all of the men at the front door were extremely helpful.,False,ott_2013,0.85546875
"We stayed at the Sheraton by Navy Pier the first weekend of November and were very pleased with the accommodations and the service. We were upgraded to club level rooms and stayed in 3114 and 3115 adjoining. The view from both rooms was spectacular (as you can tell from the picture attached). They also left a plate of cookies and treats in the kids room upon check-in which made us all feel very special. The hotel is central to both Navy Pier and Michigan Ave. so we walked, trolleyed, and cabbed all around the area. We ate the breakfast buffet both mornings and thought it was pretty good. The eggs were a little runny, but they happily made a different batch for us at the omelet station. Our six year old ate free and our two eleven year olds were $14 (instead of the adult $20) The rooms were clean, the concierge & reception staff were both friendly and helpful...we will definitely visit this Sheraton again when we're in Chicago next time.",False,ott_2013,1.0625
"My husband and I were very excited to be staying at the Conrad, unfortunately, we would never stay in this hotel again. The rooms looked nice, but the closer you look there was mold in the bathroom and red stains that looked like dried blood near the sink. The room service cost was super high - costing us over $100 for 1 burger, 1 order of french toast, 2 pops and 2 desserts. In the middle of the night the pipes in our room made a very loud vibrating noise which kept us awake. We called the front desk and it took almost 40 minutes for someone to walk over to our room (we were on the 5th floor, same as the reception desk). They did nothing to fix it and the same thing continued the following night and anytime the room above us or to the right used their shower. The staff was friendly enough, but NOT helpful and they did nothing to try and make our stay better with all of the problems. There was not even a coffee pot in the room. Definitely would NOT stay here again for the price. NOT worth it!",False,ott_2013,0.96875
"Elegant lobby, comfy beds, nice sheets but, we were given a (not fancy, a little dated) room on the 5th floor which had a view of the monstrous venting structure, and was located off the lobby so we heard the elevator all night. At the Hilton, one is charged for Internet access on each device per hour. (We stayed in the middle of Ohio and received total access for free.) We didn't drink the $6.00 water or try the $28. Breakfast buffet. The staff was friendly, but of course you tip for a smile. They did give us a cot for free as we had asked for a room with a fold-out couch as we were a party of 5. Didn't use the gym or pool on the 8th floor, but looked nice (small pool.) No view of the water possible, though we were right at Grant Park. We tried to view the fireworks from a higher story, no such luck. ...read more",False,ott_2013,0.92578125
How about this had reservation confirmation in hand and still had to argue with the registration desk about price on reservation. She tried to charge me price on bill they slide under your door. Sorry not on my watch! Then about this room you gave me I understand this place is old but for the price you charge how about some indoor plumbing! You take a shower and the tub fills with water will not drain this is absolutely redickulas for this being a Hilton I think you should step back and take a look at how this place is operating. Registration: Fail Parking price: Fail Plumbing: Fail Thank you Hilton for for my super 8 experience in Chicago.,False,ott_2013,1.0
"I stayed in this hotel during a business trip, and while conducting a business meeting in the hotel bar, a customer grabbed all of the cash out of my wallet. Security was informed, but I was told that I had to wait to talk to them. After about twenty minutes of waiting I was informed that if I did not continue to wait l would never be able to report the incident, despite the fact that I was a hotel guest. Unfortunately I had to go to a business dinner and could no longer wait. Long story short, I no longer felt comfortable in this hotel and wish that someone, anyone would have talked to me about it. I've since been on the phone with a manager, who promised to call me back once she researched the incident, and have yet to hear back, despite the promise that she would call me back two days ago. I expected more from this hotel.",False,ott_2013,0.83984375
"I loved it here! My boyfriend and I booked this hotel online and were a little worried what it would be like since we paid next to nothing for our 3 nights here. (I've paid more to stay at the Santa Barbara Motel 6!!) Gorgeous hotel, great staff, fun bar/lounge area and we were most impressed with the room. The large windows in the bathroom were the best--I took a bubble bath one night while looking at the views of Navy Pier and the skyline. I remember thinking, ""This is really living..."" The room was comfortable and quiet, again with great views just like in the bathroom. Chicago is a wonderful town--I have nothing but good things to say about it. CAn't wait to come back!",False,ott_2013,0.71875
"On our visit to Chicago, we chose the Hyatt due to its location in downtown, within walking distance to most major attractions, such as Sears Tower, Magnificent Mile, Grant/Millenium Parks, etc. Subway & bus stops very close by to travel to other locations in the city . Overall the hotel was very nice, clean, and at a great location. Was in a safe area. Went to beautiful Wrigley Field and Soldier Field and saw both teams play. I love Chicago and would defenitely stay here again!",False,ott_2013,1.1328125
"We just returned from our first trip to Chicago and stayed at the Omni. I read many reviews on trip advisor and picked the Omni based on its wonderful reviews and they were right on. The location, staff, rooms, amenities, etc were all wonderful. Huge thank you to TA members who suggested signing up for the preferred member program. We did that before we left and received complimentary beverages in the morning and newspapers among other perks. I loved being woken up to fresh orange juice and the Chicago Tribune newspaper. We were in room 816 which was perfect. Corner suite with two out of the 3 sides of the rooms being windows with a great view. The room was huge with a gorgeous king bed and great living area with plasma TV. The bathroom amenities were wonderful. I loved soaking in the tub with the mineral salts that were provided. The turn down service was great as well. We would come back to our room with relaxing music playing and our bed ready for us. We ate at their restaurant twice and the breakfast buffet was delicious. The blueberry muffins were the best I have ever had. Everything was so fresh and prepared perfectly. The staff at the Omni is so accomodating. Everyone is always smiling and asking you how your stay is. Have to thank the concierge Melissa and Curtis. They were both so helpful with great dining suggestions and maps for everything we wanted to do. I also used the gym during my stay and it was great. All the machines were top notch and each treadmill has a lcd TV attached. And the gym itself had two plasmas. They also had cold lemon water for you after your workout. I am a stickler for cleanliness and it was sparkling every morning. It really was a fantastic stay at the Omni and we would never stay anywhere else. I also wanted to mention we never heard any construction while we were there. Everything was quiet and we both slept wonderfully on the big comfy bed. Thank you Trip Advisor for another great trip suggestion!",False,ott_2013,0.96484375
"We stayed at the Swissotel for a three day weekend, and were disappointed to see the construction when we arrived. Is it just me, or is this information not clearly stated on their website? A giant tarp where a lobby should have been was pretty weird and unwelcoming. The room itself was fine. More bland and generic than the ""European elegance"" claimed on their website. The lack of hot water, was definitely not fine though. There were a couple pluses to our stay at Swissotel. The location is good, the bed was comfortable and the room was clean. These few good points certainly did not redeem our experience, and I wouldn't pick this place again, even post-construction.",False,ott_2013,0.8984375
"Staying here currently. Had aspired to sleep. The paper thin walls allow even the slightest peep from your neighbor to feel like you're right in bed with them. Couldn't sleep anyway because of the cheap, giant fluffy pillows. Called housekeeping, asked for any help...was simply and accomodatingly told, after my plea for help, could they, would they have any ability to supply me with a reasonable pillow? Complete answer before hanging up: ""We do not."" Hyatt, may your well executed service lead to your demise. Happy",False,ott_2013,1.0
"took a weekend trip with my wife. got a great rate with valet included, paid a couple extra bucks for the larger room. staff was nice, workout facility was great. room has current decor, but was starting to show some wear. watch the concierge, she suggested a pretty bad restaurant to us.",False,ott_2013,1.2421875
"We booked the Amalfi looking for a great boutique hotel in Chicago. The hotel is a nice property with clean rooms and nice amenities in a good location. However, when i booked the hotel I was offered an upgraded room from a king room to a corner king room for only $10 more. That was great until I checked in. The corner room looked at two brick walls and an alley. During the night there were several homeless individuals fighting in the alley. It would seem that this is a place for them to congregate. On top of this, the dumpsters in the alley were being emptied by the waste department between 5 and 6 am in the morning. The noise was crazy loud. I think this is a nice hotel with some unfortunate aspects due to its location. The staff is extremely friendly and very helpful.",False,ott_2013,0.92578125
"I booked this hotel for $75 on Hotwire with mid-level expectations for one night. Totally blown away. Arrived on a Sunday night. Gave car to valet ($51/night). Lobby was a social people watching scene with swank music. Check-in was smooth and easy. I asked for an upgrade and was told no free upgrades to 3rd party bookings. Upgrade to suite was available at a cost. I passed since only 1 night stay. I asked for a nice, quiet room away from noisy housekeeping and ice machine. Received room 10-120. Room was huge with 2 beds. Felt like 400 square feet. Newly renovated last year. Bell hop told me some rooms are very small so I totally lucked out! Service from start to finish was top notch. Everyone had a smile on their face. Always spoke with great respect and made us feel welcome. Ordered room service at 10:45 PM. Arrived in 1/2 hour. food was so-so. Had pancakes in Lockwood for breakfast. Very good food and very good service. Strong coffee. Hotel is right on State Street shopping. FYI - Rooms on floors 15 and below were renovated last year. Rest were done 5 years ago. For the price, it was a great bargain! Only complaint is bathroom is small.",False,ott_2013,0.96875
"The hotel is very impressive upon entering and the staff was very friendly, however we felt our room was very dated and worn looking. Our air conditioning didn't seem to be working well, but we turned it down and thought that it would eventually... cool off. Our first night was interrupted by a phone call at one A.M. That was a fax, it happened 4 times. By this time we realized that the air was not working again, so after fussing with the controls it did kick on. The next morning I mentioned to the concierge the issues with the phone, but didn't think to mention the issues with the air because it appeared to be working. After being out seeing the sites of Chicago for several hours and being very hot we were looking forward to resting in a cool room before going to a show . Our room was 78 degrees, I called and maintenience did come to check. After determining that the unit needed a motor it was another hour so we did not get to rest in a cool room before going out. I feel an offer should have been made to us by the hotel. Also was very surprised that WiFi was not a free service !! We will not be staying at the Hilton on our next trip to Chicago.",False,ott_2013,1.1171875
"We booked this hotel using points on our credit card. When we arrived, we were immediately greeted by a friendly face. We arrived several hours before check-in. However, they let us check-in early. They also gave us a free room upgrade. The hotel is absolutely stunning! In addition, it is off of State Street. There are many things to do - shopping, dinning, theater. It is also close to public transportation if you would like to go to the United Center or the airport. The hotel also allowed us to have a late check-out at no additional charge. The room was so dark and quiet we slept in.",False,ott_2013,0.8984375
"My fiance and I traveled to Chicago for the first time this December and we were not happy with this hotel. The friendliest people on the staff were the bell boys. They greeted us with a smile and gave us lots of great advice throughout our stay. The rest of the staff however was terrible. When we first checked in, I was instantly discouraged. The front desk person was not in a good mood and I couldn't wait to leave the lobby. Having not traveled here before we were looking for exciting places to eat and to go sightseeing. We asked multiple staff members at the front desk of places to go and see and never got any good recommendations. We felt as if we were an inconvenience to the staff. At one point, the front desk person was on the phone while we were waiting to talk to her, as she was on the phone a family of four came up behind us waiting to talk to her as well. Even though she saw us standing there, after she finished with the phone call she ignored us and helped the family first. Yes, we are in our mid 20's, but we are still paying guests and there is no reason to be treated like we are invisible. For how much money we paid for each night, I would have rather stayed somewhere else. We decided to go with this hotel because of the location and the great reviews, but we did not experience any of this during our stay. The rooms were alright, but nothing special. I would not stay in this hotel again.",False,ott_2013,0.65625
"We booked 2 rooms for 2 nights on Hotwire over Labor Day weekend. We arrived at the Hard Rock at around 10:00 a.m., and they were able to give us our rooms early. Hooray! We were on the 5th floor (Beatles theme). The rooms were very comfortable. One of our rooms was on a corner, and had lots of windows. The other was was a bit larger with fewer windows. Not a great view from our side of the hotel, but we didn't pay for a room with a view. The beds and pillows were EXTREMELY comfortable, the bathroom was full of Aveda products, and there was a bathrobe in the closet. The tv/dvd/stereo combo was nice, but we weren't in the room a lot to use it. We were warned by the front desk not to even touch the snacks/drinks as they were weighted and we'd be charged. No problems there. We did not make use of the free fitness center, because the weather was perfect. My husband was able to go for a run through Grant Park along the waterfront instead. He said it was wonderful. We did use the free internet in our rooms. It was 'wired' internet, but my stepdad said that was better for him anyway. The room was a bit dim at night, but we were able to read just fine using the bedside lamps. There was virtually no hall / elevator noise. The location of the Hard Rock is ideal. It is easy to get breakfast at the Corner Bakery, just blocks to either Grant Park, The Art Institute, State Street Shopping, or Michigan Ave. To sum up, there was absolutely NOTHING to complain about. We would be glad to stay here again any time.",False,ott_2013,1.0
"My wife and I decided to spend three days in Chicago last summer, and booked via Expedia. When we first walked into the lobby we almost fell over at its' beauty. It's like something out of Europe. We were able to get a free room upgrade, even though the rooms are still a bit small, but its' an old hotel in an old city. It's there for sleeping and showering. The restaurants, lounges, and shops were all wonderfull. The next time we travel to Chicago, I'll be affraid to stay anywhere other than the Palmer House Hilton",False,ott_2013,0.96875
"Stayed here for two days while attending Lollopalooza music festival. One of the best locations in Chicago, on Michigan Ave near the Tribune and Sun-Times buildings. An easy walk or bus ride to many attractions. The King sized room was very nice, not large, but with a generous bathroom. Service was excellent throughout. Check out the awesome swimming pool, straight out of twenties.",False,ott_2013,1.2109375
"We booked this hotel for the second leg of our Chicago stay..it was great!!!! The Lion King package was pricey but reasonable, given the ticket costs and the Suite. Room was great....classical music greeted us when we entered our room after a long day of sightseeing and shopping. NYTimes and Chicago Tribune at your door every morning. One block from the Washington El train station. We never saw the small rooms that every one apparently doesn't like, but the Suite rooms were fun and our kids loved it. Dunkin Doughnuts and Corner Bakery down the block. City Hall, Picasso structure....this was a great place. Book it and also use the Golden Touch Limo service...reasonable. Omar is a super guy.",False,ott_2013,1.4765625
"Was slated for two nights in Chicago, June 12 - 14, 2007. I could onyl get the Intercon for both nights. I booked a handicapped room since that was they had left. After reading other reviews of the property, I decided to move it from two nights to one, and stay the second night at the Hotel Monaco. Of course, upon check-in, I was given a suite. Nice room, great linens, clean bathroom, and very quiet. Parking is really high ($48). I understand some peopel saying the rooms need to be updated, but everything was clean and worked well. At ,ost, the rooms were a bit dark. I had a late night drink at the bar, which was reasonably priced. i did not eat there, but the menu seemed pretty good, albeit with the typical hotel mark-ups to be expected. In all, I thought the place was everything I needed, and was very happy with the room, the staff, the linens, and the housekeeping. Much better than others have indicated.",False,ott_2013,0.85546875
"This hotel is trading on the Hilton name and although adequate the decor is dated and depressing. Although classed as a three star the prices do not reflect this. It was more expensive than other four star hotels in the neighbourhood, The breakfast is poor quality and the room very crowded. All in all the worst hotel we stayed at in a 14 day tour of Canada and the USA. Would not stay there again.",False,ott_2013,0.828125
"Stayed here for two days in the first week in January, when hotel was very quiet. Got a big corner room. Staff are friendly, decor is modern, and there's a huge choice of pastries and cakes and breads for breakfast, which you take back to your room. The free hors d'oevres with the drinks are great antipasti - olives, breads, cheeses and meats, marinated vegetables. This was a really easy hotel to stay in, fairly central - a couple of blocks away from the 'L', and quiet, despite the building work opposite. If you're in Chicago, stay here.",False,ott_2013,0.8984375
"I stayed at the Allegro in July for 4 nights for a business trip. The room was spotlessly clean and the bed was great. I had read reviews that said the bathrooms were tiny, but ours was perfectly fine, with funky, fun doors. The decor is a lot of fun. We were on the 15th floor and there was absolutely no street noise. The front desk staff was very friendly, and before we even made it to the desk, a lovely man took our bags and brought them up to our room within moments of our arrival. We were within walking distance to all the theaters and even walked one night all the way to Navy Pier. For people who were upset about no free coffee - there's a Dunkin Donuts about a block away. I definitely recommend this hotel!",False,ott_2013,0.94921875
"What a fabulous hotel! From its location directly on the Magnificant Mile and surrounded by the finest shopping, to the curtious staff and excellent restaurants and bars, this hotel is one of the best in Chicago. Our room was very clean and fresh, the public areas comfortable and the staff at the concierge and front desk very extremely helpful. This is the only place to stay to be in the cnetre of the action in Chicago. HIGHLY RECOMMENDED!",False,ott_2013,0.76953125
"Check ins went smoothly. But be advised.... Walls are super thin, the building is old and the rooms are very very very small. The downside of them allowing pets was that we could hear the poor dog barking in the morning probably because it needed to go out. For the price it wasn't bad. It was walking distance to most major attractions. Overall ... it's ok at best. Another plus is the CTA is close by.",False,ott_2013,1.1875
"My stay was quick but awesome. After a long day, seeing a substantial line at check-in was a bit of a groaner, but then i saw the self-serve kiosks. i was checked in with keys in hand in under 3 minutes. in the morning i was able to check out on the TV in my room. the hotel is a beautiful historic landmark with all the amenities of a modern hotel and all the charm of its 1927 origins. The bed was FABULOUSLY comfortable. i wish i could live there. they have many rooms wtih 2 bathrooms. i stayed in a room like that once with a friend and we didn't know ahead of time that we had two bathrooms. talk about squeals of delight. that was about 7 years ago in virginia beach. i was by myself at the hilton and had no need for a room with two bathrooms, but it's the first time i've seen this since. what a great feature!",False,ott_2013,0.828125
"We arrived and thought for $350 a night, it would be a decent place. Good reviews,etc... We arrived to find that the website pictures were misleading. The hotel lounge was a ""room"", it was really odd and very dark. The first night there I noticed that the blanket on the bed was nasty looking. Resembled something you'd find on a street. To top it all off we woke up after night #2 to find that bed bugs had attacked us. My husband and I were both bitten. I was bitten WAY more than my husband. My legs were covered with bites. I was on ointments and Benadryl for over a week. I immediately came home and scalded all our clothes. There was also mold around the tub both inside it and on the floor by it. The bathroom floor was also curling up by the tub. The view in room #607 is of a roof. Not good. The stay was VERY disappointing. The only good thing there is the free breakfast on every floor.",False,ott_2013,0.953125
"I never write these reviews, but felt that it was important to state that this hotel should not be the #1 2008 travelers choice. Terrible Service, Lazy Doormen/bellmen/concierge/valet, Lack of Respect, allow dogs to bark all morning after multiple complaints, Phantom charges to room, front dest at checkout and checkin were pompus. The icing on the cake was me watching the doormen stand and watch while a father tried to open a door to push his stroller through with his infant son, and the doorman watched on doing nothing. Me and my girlfriend are young, look young in how we dress, but in all honesty make more money than most...and we were treated like cheap poor kids. I had dinner reservations at Spaiggia and wanted to order a car to pick us up, the concierge exclaimed that, ""You know its not jeans and running shoes right Mr. Blank?"" Assuming I was too dumb to realize that a 5 star $200/person restraunt wont allow tennis shoes because I am young? Very Dissapointed. Very nice looking, comfortable beds, great room service, contemporary, younger crowd, but service was terrible.",False,ott_2013,1.15625
"I reserved the ""Rock star"" suite for my boyfriend's birthday months and months in advanced. When we arrived at the Hotel Monaco, they told us that they doubled booked the room. This was after many emails to the hotel inquiring about the room and if it was available. They tried to make up for it by providing us with a room with a wonderful view of the river and giving us a ten dollar gift certificate to their resturant - which we didn't even use. I felt we were taken advantage of because we were young. The doorman didn't make us feel any better when he told us that it wasn't the first time they did this for the ""rock star"" suite. However, the conceirge was incredible with providing us with a bottle of champagne for his birthday and delivered the birthday cake I ordered. If it wasn't for the room confusion - It would have been a wonderful stay.",False,ott_2013,0.796875
"Stayed for a week last month. Can't beat the location - close to the Magnificent Mile, Attractions, Tours, Great Restaurants & Night Life. Have spent a lot of nights in other Homewood suites hotels and other suite hotels. Thought the room was ok, not great. Overpriced in my opinion. Found staff to be uninterested and not very helpful. Had to wait in the lobby on the 6th floor for room to be ready and the front desk staff could care less. Watched during the week as other guests were made to wait as well. Breakfast was the same stuff day after day. As the week went on, they actually started to run out of the more popular food items and these were not replenished (weekly delivery I guess). Also, the room was was so busy that the staff made people wait for a table and treated you as you were waiting for a 5 star restaurant. Travel for work (sales) and frequently stay in hotels. Travel with family every year and also stay in hotels. This is roughing it for me...not a camper. Would come to Chicago again, but would not stay here. There are too many other options worth investigating.",False,ott_2013,0.67578125
"Be prepared the hotel is old. It is on the historic list. The is updating to be done no doubt.. So just be forewarned. It is clean and the staff is phenomenal. Having said that, you can not beat the location. Right in the heart of the Gold coast. Take a train from O'hare right into the city. It drops you off only 4 blocks from the hotel. One block from the beach and public transportation is right there. Incredible area to explore. I highly recommend the Ambassador East",False,ott_2013,0.96484375
"has gone downhill so much we almost checked out. We stayed in the Dean Martin Celebrity Suite for 3 nights while entertaining customers in Chicago. We've stayed there for many years and while not up to date like the Four Seasons or the Peninsula, it has always been a comfortable and clean, service oriented hotel. Not only has room service been eliminated (if you want room service it comes from Marios Italian restaurant down the street, so is ONLY Italian), complimentary morning coffee is no longer available, mini bars have been removed from the rooms, etc. etc. The only restaurant, the Pump Room was closed for a private function on Saturday night, the bar also, so we weren't even able to have an after dinner drink with our guests. Surely the function was planned before we made our reservations, but we weren't told of it. We also learned that the bell staff (who have been there for 13 and 8 years) is being eliminated. So, in other words, anyting to do with ""service"" is gone from this hotel. I hear they are going to begin renovations in December, but that is no excuse to let an old glory ""go to pot"" in the meantime. We won't be staying here when we go back in July or for Thanksgiving. We even had to pay for internet. Mind you, our bill for 3 nights was 900.00+, no room service, no restaurant/bar charges. Highway robbery for what you get ow at the Ambassador East. Sad.",False,ott_2013,1.0
"My in-laws booked a one night stay for New Years Eve for the two of us to stay at the James. To be brief there were a few things wrong with our stay which will prevent us from returning and advising our friends not to stay there. 1) Shoddy construction of room fixtures: ceiling light was missing leaving a fist-sized hole with wires exposed, BOTH towel racks fell off the wall without being touched, and bathroom door often came off it's sliding mechanism with gentle use. 2) When we reported these problems, employees simply put the towel racks back on the wall without properly adhering them to the wall. 3) Upon check-out, they did not have record of my in-laws paying for our stay, though it was noted on our reservation that they had made it for us. We had to pay for our ($300) gift and the in-laws were extremely upset. When we wrote a letter to management (as a manager was not available to speak with us when we left) we did not receive an adequate apology.",False,ott_2013,0.87890625
"I checked in at the Affinia Hotel in Chicago shortly after dinner on Tuesday, I was greeted by very frendly staff from the valet service to front desk. You can tell people were happy at the hotel. I was pleasantly surprised when I got to my room. The room was very well decorated and well thought out. The furniture was in the right location and there was lots of space. Plus it was convenient with lots of power outlets The bedroom and washroom was very clean and I had a great sleep in their very comfortable bed. I was told by front desk i could choose from 6 different pillows, although i did not take advantage of this offer i thought what a great idea. Once in a while you come across hotels with great service, well thought out rooms in a perfect location (right off Magnificent Mile). When visiting Chicago again I will definitely try and stay at Affinia again",False,ott_2013,0.94140625
"Very disappointed in our stay in Chicago Monoco. We have stayed many times elsewhere, primarily in washington DC and are accustomed to great customer service, beverages like water or soda at the wine bar, coffee and papers in the morning, help with bags. Not only did the Chicago monoco do none of these things, the staff was not helpful, either. Requests were not honored and the staff did not seem happy to be there. YOu got the feeling you were ""bothering"" people if you asked a question. No bellman, the doorman did not open the door or help with bags. Even though we were traveling with a child, I had to request a fish when they did not bring it. Really baffling.. as we love the Monoco in Washington.",False,ott_2013,0.984375
"We went to Chicago for my 2nd wedding anniversary and stayed at Homewood. My first impression was great, very helpful valet employees and VERY nice. That is one perk of my stay here. Otherwise, we had no problems checking in other than the hotel has 19 floors and when we booked the room we asked that we have the highest room avalible due to the fact that it was my husband first time there and the higher up, the more beautiful the view is. So we got the 9th floor. Not what I call ""high up"" when the rooms started on floor 6. Then the following morning, we went to breakfast of which was ok, nothing great. My husband and I went down in jeans and a sweatshirt but had not really thought about shoes as we thought it would just be a few bagles, some fruit, and that was it. So, we got our food and sat down. After getting stared at for the first 15-20 minutes, an employee came and told us that we wernt allowed to eat breakfast without our shoes on. Remind you, it was about 15-20 minutes after we had even entered the room. So she asked that we go get shoes while sitting down and eating our breakfast. Pretty pointless AFTER we already had gotten our food. I am sure it is because very few employees could speak understandable english that it took so long. Last but not least, dont come with a clean car. I had washed my car one day prior to arriving there and when it was returned, it was filthy dirty.",False,ott_2013,0.95703125
"My family and I stayed at this hotel during an extended weekend trip in July, 08. We had (3) 1 bedroom suites. Great Location in downtown Chicago. Within walking distance to shopping and most downtown tourist attractions. The service was excellent and the hotel staff was friendly. The breakfast buffet was very good but the eating area can get crowded. I recommend going early. The rooms were quiet and clean. I highly recommend this hotel for families and for travelers staying >2-3 days. We would stay here again. Parking is expensive, about $28/day. It is valet. The cheapest self parking I could find in the area was $24/days so we did valet parking. The valet and bell staff were very helpful and friendly. This is my 3rd experience with Homewood Suites (3 different cities). I have had a great experience each time.",False,ott_2013,1.015625
"Over all, my trip was great; I got to spend time with my best friend. We did some shopping and site seeing. Trip was overall great. The only thing was our hotel stay was not up to speed with other luxury hotels I have stayed at. Some of the walls had wall paper missing, most of the faucets leaked, there was water stains on the ceiling in the bathrooms, some of the furniture had very visible stains, the fire alarm was coming off the wall in the main bedroom. we stayed in the corner suite on the 37 floor room 3711. Considering what ones pays for the room you would think the pool would be free and they would not charge for every single small amenity. I do not plan on staying there again. Apart from the trip was great![]",False,ott_2013,0.92578125
"i was in chicago from september 17-22 for a convention.. my company booked this hotel for me. the hotel is centrally located , michican ave is less than a block away. perfect location! the suites are huge with comfy beds and a beautiful kitchenette. breakfast is the best... bountiful.. not just muffins and toast... i mean everything you can imagine...waffles, bacon, sausage , hash browns, toast, danishes, omelets, burritos, all freshly made... not artifical... really good. and clean .. also they have a free dinner... buffet.. excellent... mexican night, chinese night, american fare.. all included.. wine and beer also.. well worth the expensive price of $279 a night. a very classy and clean hotel.. i love chicago... will come again!",False,ott_2013,1.0625
"My son & I joined my husband on a work trip. We planned to swim while he was working. We overheard a lady asking when the pool would open as as we were checking in. Though my son was eager to swim as soon as we checked in the pool was still closed at 630 pm. We gave up & went out for the evening. We had a very noisy sleepless night. We weren't facing MI ave, but still heard sirens and I'm not sure what the other noise was, but it sounded like a malfunctioning hand dryer in our ceiling that would sound off about 20x an hour throughout the entire night. I called the front desk the next morning and was told the pool was open, so my (very excited) son got his bathing suit on and we got to the fitness center only to be told by housekeeping that the pool was closed for construction. Upon calling the front desk again the lady claimed she was unaware of the maintenance crew's actions & on my insistence she said she'd look into it. A gentleman called back an hour later & said the pool should open at 5pm...it was 9am. It is now 6pm & we still haven't even seen the pool. We check out tomorrow. We passed up time with grandparents who are in for the holiday to ""swim in Chicago."" Needless to say we are VERY disappointed.",False,ott_2013,0.8828125
"Room: I stayed in the 16thz floor. 2 double bed room. The room has a decent size. Equipment is state of the art. The Furniture are stylish. Room Size was very nice. I could have left my big suitcase opened throughout the stay (which rarely happens in most hotels ;)) 42"" LCD Screen Complimentary WiFi in the room The bed and pillows are of extrodinary quality which provided an excellent deep sleep to me. Location Located quite central. Shopping streets are in reach of 5 minutes by feet. Midway Airport is in reach by cab within 30 minutes (~30 USD). Service - Spa and Fitness exists - though I did not use. - Restuarant (not used) - Business Center - Very friendly and helpful staff. (even printed our boarding passes at the reception) I do travel frquently, and do recommend this hotel for a business stay, as also for an overnight with friends going shopping, partying whatever in the city center of Chicago. Pricing was very moderate for teh standard being provided at a downtown hotel.",False,ott_2013,1.5234375
"After reading the Trip Advisor reviews, I was expecting an exceptional stay. I was not impressed overall. The concierge, the view, and the hotel resturant were the highlights. The bed, although not horrible, was not nearly as comfortable as mine at home, and I do not consider myself and extremely fussy person. I was traveling for business, and although not dressed in formalwear, was also not dressed down, but all in all, it felt a bit pretentious to me. There are better options for the money, and would gladly stay at the Sutton Place, Sheraton Towers, or Trump for the similar price and better stay. I would ask Trip Advisor to move it down in the ratings......not #1 in Chicago, in my book.",False,ott_2013,1.015625
"The hotel is in a good location. It is very contemporary in decoration. Beautiful flowers in lobby. The room service was very good. Concierge services were also very good. We were treated well. The shower water pressure was very poor. Also, at checkout our room bill was conveniently not available so they mailed it to us, which we were charged for the 3rd night when our room was actually prepaid. It was courteously taken care of after contacting hotel. Bar was very small and uninviting and there was very poor selection for appetizers/food. read more",False,ott_2013,1.6796875
The only minus for this hotel is they do not provide the free morning coffee at all the other Kimpton hotels. It was a great place to stay for the theater but our rate did say morning coffee. The robes were not in the room and it took a long time (hours) but other than that a great place. The concierge was excellent.,False,ott_2013,0.96875
I am staying here now and actually am compelled to write this review before I fall asleep. The front desk staff were brief and one of them was chatting with her friend (gossiping) as I checked in (VERY unprofessional). The room she offered me was on a 'high' floor (5th.... HA) and when I checked in there was a big bag of grapes left behind by the previous guest on the window sill and some of the previous guests hair in the bathtub....I was DONE. Called down and had them re-clean the room; they made no offer to compensate or upgrade...not even a bottle of wine. The front desk clerk suggested I come down and get a key to another room (like I have time for that). Disappointing as I do like Kimpton hotels and am a Kimpton In Touch member (btw they've done away with the amenities...you just get a free item from the mini bar).,False,ott_2013,0.83203125
"I travelled to Illinois from the UK on business, and booked Friday and Saturday night at the Homewood Suites so that I could have a weekend in the city. The location was perfect, walking distance to Michigan Ave for all the shopping and touristy stuff, and literally 100 yards to the L (red line) for getting out to the surrounding areas. The room was great: not exactly 'wow' decor but clean and really well stocked. I was expecting a 'suite' to be a larger than average hotel room with seperate sitting area. It was actually a 3-room mini-apartment, with an open lounge/kitchen, bedroom, and bathroom. Two flatscreen TVs and a huge bed. Breakfast buffet eggs and bacon were great for the hangover(!), and the kitchen meant that I could cook up some lunch rather than eat out if needed.",False,ott_2013,0.8828125
"We absolutely loved the Knickerbocker. Now, if you expect your hotels to be cookie cutter comfortable, forget this place. If Holiday Inns are like the rows of housing developments in the suburbs, the Knickerbocker is like those beautiful old houses in the center of the city. The location is great, the hotel bar is cozy and classy, and the rooms feel like guest bedrooms in Victorian mansions. For the price, you simply can't do any better than this in downtown Chicago.",False,ott_2013,0.7421875
"Our room was on the third floor so there was some street noise - but it certainly didn't spoil our 4 nights in this lovely hotel. Wine tasting evening went down extremely well after a day seeing the sights of the city!! Our goldish was called Oliver - nobody could believe we had our very own goldfish in our room!! All the staff were really helpful and welcoming, making our stay here very relaxing and comfortable. Would certainly recommend this hotel.",False,ott_2013,1.078125
"My husband and I stayed here for three nights while visiting Chicago as tourists. What a beautiful hotel! Our room was lovely, the staff was super helpful and the location was convenient. They don't have an in house gym, but each day you can get a day pass to a cushy gym down the street. The restaurant in the hotel has a very yummy breakfast. The concierge helped us to make dinner reservations at the last minute our first night there. We were able to walk down the Magnificent Mile from our hotel, as well as through the Gold Coast and Old Towne neighborhoods. There are tons of great restaurants in the area (including the famous Gibsons and the Signature Room in the Hancock tower) as well as lots of shopping. There is currently a lot of construction going on near the Talbott (they are building condos right behind it), but regardless we had a wonderful stay and would definitely stay there again when visiting Chicago.",False,ott_2013,0.921875
"My first trip back to Chicago in about 7 years was perfect! I chose the Knickerbocker as I had read that their rooms were recently renovated on top of being a great location to Michigan Avenue, Rush Street and downtown Chicago. I must say I was very impressed with the guestrooms! I had not stayed there prior but it definitely is a refresh from what I've seen in photo's posted on the reviews. The guestrooms are nicely decorated with a modern feel and they are good sized for a historical hotel! The beds are wonderful -- I need to get a pillow top mattress at home! I used the Internet access with no issue and I LOVED the larger screen TV's. The shower is fun with the different types of shower heads you can choose. And the bathrooms are fresh with all new granite and tile. I'm anxious to get back to Chicago and it won't be 7 years from now! I would highly recommend this hotel -- fantastic guestrooms, location and staff! I've added some digital pictures of my room as they are completely different from the one's I saw on previous reviews with the new renovation.",False,ott_2013,0.765625
"I just returned from a 2 night stay at the hotel. I had requested a high floor, quiet room. Neither request was honored. The windows are not well insulated, because the traffic, car horns and sirens continued all night long. On the first night two drunk parties woke us up in the hallway. The safe in our room did not work. Someone had locked it before our arrival. One of the pictures under the tv had been removed, leaving a screw sticking out of the wall. The lights are so dim, that is next to impossible to read. A small alcove with a stained bench had a ""reading light"" that was about 50 watts. Our room key cards didn't work, so we returned to the lobby where they recoded them. Upon returning to our room, they didn't work again and we stood there trying over and over again until finally we succeeded with no help from the staff. The bathroom is small and has no fan, so the steam covers the mirrors, and unless you leave the bathroom door open, it does not clear. On Friday night one small cookie was left in our room. What about a second guest. Are we supposed to split a 2 inch diameter cookie???!!!! On Sunday the phone rang with a 7 am wakeup call. We had not requested to be woken up!!!! The concierge did not know the way to get to O'Hare by train, and gave us a longer route than was necessary. I have stayed in much better hotels in Chicago...quieter and more spacious, more elegant and worth the money. This is definitely not worth $400 a month. (By the way, I live in Washington, DC and am used to city noise. This was unacceptable!)",False,ott_2013,0.921875
"Stayed in old tower. Room was nice and room service was very good. Room Wi-Fi was expensive as was the bottled water. For the price of the room, at least there should at least have been water. I would rate the value as sub-par. The restaurant menu was not great, food mediocre by comparison to other downtown Chicago restaurants and the service was below average especially since there were only three tables in use in the entire restaurant.. In summary, I will go to the M... or H... next time. Some of the above comments are based on a previous week resort stay on the outer banks of North Carolina and earlier this year in Northern California. P.S. If you are a fitness room user, the $16 per stay per person is a good deal at this hotel.",False,ott_2013,0.90625
"We planned to stay for 5 nights on a family trip. I booked this hotel because of the expected value for a suite as well as the free breakfast - get a quick bite, then head out for the day to do normal tourist stuff. Well, our stay here lasted 1 night and we quickly, and thankfully, switched to a different hotel for our last 4 nights. The room was dirty. When we opened the sofabed, the sheets were filthy and there was a mess of dirt and crumbs that fell out. Ridiculous considering this is a suite hotel where the sofabeds are likely used, and theoretically cleaned, a lot. Extra blankets were also dirty and bathrooms weren't much better. Temperature control in the room was imprecise - minor inconvenience but without clean blankets on our only night, it made for a cold stay. If you like to eat for free (they have free breakfasts and dinner on certain nights) and don't care to eat the great food Chicago has to offer, I guess some may find this place tolerable. But we found the buffet no better than average and felt like we were at a Golden Corral. The only thing this hotel really has going for it is location but there are other options in this area (we switched to The James and had a great experience). I couldn't be paid to stay here again. I'm shocked by the high overall rating given our experience.",False,ott_2013,1.015625
"My wife and I just returned from a 3 night stay at the Amalfi Hotel in Chicago and enjoyed everything about the Hotel. Most importantly our room was perfect with plenty of space, great jazz CD's in the room, wonderful bathroom and one of the most comfortable beds I've ever slept in. The staff was very helpful with every request. The Amalfi offers a great continential breakfast on every floor each morning with good coffee and a great selection of pastry's, fruit's and jucie's. We also enjoyed the managers receptions one evening where they offer a great choice of complementary cocktails and antipasta's for their guests. Would highly recommend this hotel.",False,ott_2013,0.90625
"The Good LOCATION Views Decor Room Service Friendly Staff The Bad Shower curtain in replacement room was too short and leaked Bed was just Ok The Ugly Had to pack our bags again and change rooms after loud noises from the elevator kept us up. I am a heavy sleeper but even with my white noise app cranked on the hotel's iPod dock it was still loud enough to keep me up. Also our toilet leaked into a puddle by the shower. The staff did however provide a replacement room although not immediately. Also, they mentioned that they had AREADY been aware of the noise problem with that room from past customers.",False,ott_2013,1.03125
I recently stayed here for the Chicago triathlon. This was my third stay at this hotel. I have not had any issues until this visit. After the 3rd day of my stay I requested my room to be serviced and returned to what I thought was a clean room. While getting out of bed I was cut by a piece of glass in the carpet. I must not have been the first person to be cut in the room because I found dried blood on the bathroom floor afterwards. I had not noticed it before so I was very disgusted. We notified the staff and asked that the room be vacuumed and the bathroom mopped. We returned to the room after 5pm to find that the dried blood was still on the floor. After making a complaint to the customer service I have gotten no reply from the hotel. Considering the price point of this downtown hotel I would think that they would try to live up the 5 star rating but instead they have failed miserably. Luckily there are many hotels to choose from in downtown Chicago.,False,ott_2013,0.73046875
"I can't recall another time I've had to deal with such rude front desk help. While pleasant initially, as soon as I demonstrated the slightest bit of frustration that I was still waiting to claim my luggage for check-in (I arrived prior to check-in time, so they were holding a few bags), the true quality of this establishment surfaced. Never mind that the luggage wasn't sent up to our room in the afternoon or that i waited in the lobby for 15 minutes at 7:30pm still looking for my luggage or at least a bellhop. While that was a bit annoying, the worst part was witnessing the poor attitude of Donna, the very attractive but aloof front desk employee. Her lack of initiative was only matched by her pettiness, as I noticed she refused to make eye contact with me for the remainder of my stay, including when my family came down to the lobby the following morning. I also booked a rate that included parking, which Donna acknowledged at check-in but at check out billed me separately; I assume after I got on her bad side. Even with my last polite good bye to the front desk, I felt a phony, uppity attitude from Donna, and I really can't convey the extent of how insulting it felt. I can honestly say it was the worst part of my first trip to Chicago. The hotel is well appointed and the lobby was small but cozy. Great location as well. To be fair, most of the staff seemed very friendly, and I am not so obtuse as to not recognize my rating of this hotel is a statistical outlier. But I think most travelers, like me, would trade a few amenities for consistent and reliable service, so as to not have a ""situation"" that could single-handedly ruin a travel experience. Unfortunately, that was the case here.",False,ott_2013,0.7578125
"We had reservations (guaranteed by credit card) for 2 nights this past weekend. When we checked in the clerk told us that they could not accommodate us for both nights because they were overbooked due to a conference in town. I asked them to relocate us for both nights so that we would not have to move in the morning. They sent us over to another location that they assured could accommodate us. The night manager gave us the address to a different hotel and sent us on our way. Eventually we arrived at the correct second hotel where the staff were expecting a letter from the Sheraton for the transfer - something we were never given. Eventually we checked into this second property and the next afternoon when our keys didn't work we found out that the night manager of the Sheraton had not assured that we could stay both nights at the second hotel. So once again we had no place to stay despite having a guaranteed reservation with the Sheraton. In addition to all of this, we had to pay $24 for parking at the Sheraton to find out that they would not accommodate us despite a guaranteed reservation. I am still shocked by this bad experience.",False,ott_2013,0.85546875
"Maybe it was because we booked thru priceline that we were treated like second rate guest - couldn't get a room thru Fairmont website as busy weekend with Ryder Cup.....but never have had this experience in using priceline before. The night time check in girl was rude and unhelpful. We were told no options to pay for upgrade or king bed and that we were stuck with two tiny beds and a ugly room. We had comforter with dirt in several places - and a bathroom for handicap with no counter space - had to use ironing board for toiletries. This hotel is huge and not at capacity - may have had a renovation but the good look of this hotel stops at the lobby. Hallways, rooms, carpet run down - just not what you come to expect of a fairmont. I have stayed in many all over the world and this is by far the worst. Maybe because we were on a low floor it was not updated...we paid as much as other guest and I'm a Fairmont Gold member. Positives - great location, daytime staff helpful at desk - they have two bikes to borrow which is handy. Views could be great if you get a higher room. Checked out the Raddison Blu across street - looked much nicer!!!",False,ott_2013,1.046875
"Rude, rude, rude! We stayed here on July 4th weekend. We drove from Michigan, we called customer service to get directions from I-95 w/c is a major highway to Chicago-- calling them from a cellphone, telling them we're in a middle of a storm and that we're lost....we were put on hold, forwarded to another person who did not know how to get to the hotel and we were on hold again. Giving up we decided to just exit the highway and try our luck at a 7-11 store. When we finally arrived at the hotel at 2 am no one was there to take care of our car so we looked for parking ourselves. Checking in we were not greeted by anyone, even the receptionist did not greet us!! no welcome to the knickerbocker, nothing! The man at the reception was rude, which makes me think what kind of customer service training this hotel has. The guy could not find our reservation and he seemed frustrated that we are checking-in at 2 am!! Well if they were able to give us directions maybe we would have been there 2 hours earlier. The room is not even spectacular, very small, probably a little bigger than a walk-in closet. Stay here at your own risk.",False,ott_2013,0.765625
"This is an older hotel, and the age shows. Rooms are small, and a bit drab. Bathroom in my room was in urgent need of upgrade. Bed was comfortable, though, and the room was quiet, Hotel staff was polite, but not really interested in the guest. Even the concierge was disinterested. Check-in was irritatingly slow for the few number of people in line. Really, a hotel tjhat promises so much in its promotional material should deliver better. The hotel really didnt seem to be trying.",False,ott_2013,0.76953125
"My husband and I had a wonderful stay at the Omni Chicago Hotel. I had contacted the customer service representative prior to our stay to request a quiet suite. When we arrived, she greeted us and confirmed that we were getting exactly what I had requested--and more. Our suite had a partial view of the lake!!! And, we were able to check in early. The service at this hotel is incredible. Everyone made us feel welcome and took care to respond to any question or request that we had. The suite was very quiet even though we were on the east side of the hotel, very near to Michigan Avenue. Housekeeping was prompt and thorough. We really couldn't have asked for a better hotel. We will definitely stay there on future trips to Chicago and will recommend this hotel to anyone who travels there.",False,ott_2013,1.015625
"This hotel does not live up to the reviews. The room was larger than I expected. However, the decor was a bit dated. The bedding was ripped, carpet was stained, and the shower door was broken. There was a long wait to the elevators, and if you're on floors 2-6 you need to take a second elevator to get to the roof bar and gym. The main issue I had was the attitude I received from the staff. There was literally only ONE nice person at the front desk. There are no ice machines in this building, so you have to request it from the front desk. One day I requested it by going down to the desk and asking in person. 20 minutes later I made a follow up call because I did not receive my ice. I was nastily told that ice takes 10 minutes and I should just wait. I finally got the ice 10 minutes later. Two days later I requested ice again. Waited 30 minutes and just gave up. While I was leaving, I mentioned this to the woman at the front desk and she just said ""I didn't get a call for ice."" Well I obviously wasn't making it up, lady! I called and spoke with someone. She didn't even apologize or offer me anything. Overall, I would not recommend this hotel. There are so many hotels in the Chicago area. Choose a different one.",False,ott_2013,0.765625
"Stayed here for 5 nights while visiting Chicago for the first time. The location is great, the hotel has been recently renovated and our room was very spacious with two bathrooms. The lobby is a great place to chill and have a drink. Didn't eat in the restaurant but there are a few good ones nearby and we were beside The Art Institute, Cultural Centre & Macys. Staff were friendly. Would recommend it as a base to tour the city.",False,ott_2013,0.8046875
"My initial thought of the hotel was, this place is just ok, I didnt look up any reviews as I was staying there with 2 other friends. I was truly impressed from ceiling to floor with the room. Views were good, its just the surrounding buildings unless your towards the front where the river is located. I'm crazy about huge bathrooms and this one is HUGE. I love all the space they have. Flat tv, traditional seating and I admired the fabric-based headboards. Those are very nice! Walking distance to restaurants were convenient. I'm a highly frequent traveler to Chicago almost 20 years now and always stay with relatives. In any event, I'd recommend staying at the Monaco again!",False,ott_2013,1.171875
"We usually stay at the Sofitel but thought we would try the Conrad for a change. I don't think I would rate this hotel over the Sofitel but it was still 1st class. But I do think the service was better at the Conrad. We arrived at the hotel just before the restaurant closed and soon we were the only table left. Normally service goes down hill then but our waiter Eric was the best. Even when I kept ordering my after dinner ports. The meal may not have been The Chop House but it was still very good. The bar was ok, no Crown Reserve. They did have the Cask 16 at $24 a drink, ouch. The room service was very quick. Our room was very clean and the maids replace everything including the ashtrays during their visits. The only fault we could find was the temperature on the 14th floor. It was so hot that we had our window open the whole time with the heat turned completely off. Which wasn't so bad since my wife smokes. The temp on the 5th where the lobby, bar, and restaurant was fine. We enjoyed the hotel enough that we will be back in Sept. One last thing, if you like a cheap fantastic breakfast. Go to the West Egg, only a few blocks away.",False,ott_2013,0.92578125
"beautiful place with European charm. No complaints, great location, (never like parking in Chicago, though). It was $35 a night next door. Large beautiful lobby, a touch of class. Fantastic location for downtown, Navy Pier, and the great Grant Park(Millenium Park, too)...Loved it.",False,ott_2013,1.171875
"It has been a couple of years since I stayed here, and got it for a night last weekend on Hotwire. I paid only $100 and stayed a Saturday night. I was very impressed with the redecorating done to the hotel. The lobby has always been great, but the rooms were a little shabby in the past. Not any more, as the hotel has been redecorated in the last few years. The location is still amazing, and with the Berghoff open again, there is a great restaurant within walking distance.",False,ott_2013,0.69921875
"Dispite what other are saying, this was one, if not the best Hotel stay in Chicago I have had. I travel to the Big City about three times a year for pleasure and The James rates up with the best. I was upgraded and the staff made the stay worth my special weekend visit. I don't believe you will be disapointed.",False,ott_2013,1.328125
"My wife and I stayed at the Amalfi on a trip to visit our son and some friends from Norway who were vacationing in the City. We were excited about staying at the Amalfi after reading the reviews here, but really disappointed in the accommodations. The web site has a photo of the 18 story building that houses the hotel. It doesn't state that the hotel only occupies the first 6 floors of the building. The rest are offices. Our room was on the 4th floor with a view of a blank brick wall about 16 feet distant. The room itself was unremarkable, with standard furnishings equivalent to a Holiday Inn. Although it is close to the best part of the City, it is tucked behind the new Trump Tower and opens on a surprisingly sketchy stretch of road/sidewalk. Our Norwegian friends, by contrast, stayed on the 33rd floor of Swissotel and had views of the Lake and Navy Pier.",False,ott_2013,0.8671875
"I stayed at the Talbott twice in the last few weeks. I was very pleased with every facet of my stays. The staff, from doormen to front desk, to concierge, to housekeeping, were wonderful. The rooms were nicely sized and clean, and well stocked. I will return to the Talbott anytime!",False,ott_2013,0.7109375
"My husband and I and our 10 month old took a quick trip to Chicago. We stayed one night at The Palmer house after reading that they were a four star hotel. I guess I am just confused as to why they are a four star hotel. Yes the lounge area is nice but the rooms were so small I couldn't set up a pack and play for my son. I had to call and ""upgrade"" my room just so my son could have someplace to sleep. The lower levels have been updated which makes them slightly better than a Holiday Inn. The wall paper is peeling away from the walls and the shower was dirty. I will NEVER stay there again.",False,ott_2013,0.67578125
"We stayed at Omni Chicago for 2 nights in early July (July 1-3). The reason we chose this hotel was simply because of a great deal we got on TravelZoo. We got pretty good rate that included a valet parking and vouchers for food&beverages. I also signed up for their loyalty program, which was so worth it. I was concerned at first that we would be treated like a second-class guest because of the price we paid. But I was totally wrong! They treated us extremely well. Before our arrival, I got an email asking if we needed anything. So, I asked for a fridge to store the baby milk. And they arranged it for us without charge :) We arrived late on Thursday night. Our room was ready for us upon our arrival with the fridge I requested. We were given a corner suite on the 10th floor...very nice room...comfy bed. My husband was really wowwwww!!! The bed was made ready for us - both in the bedroom and the sofa-bed (we didn't use the sofa-bed though). We got a high-speed Internet as part of the loyalty program. All staff were friendly and helpful...front desk, valet parking, bell boy, room service, concierge,... everyone! We used the voucher for room-service breakfasts both morning. The first day was great. Food was great, and quick. We also got complimentary beverages as part of the loyalty program. We ordered OJ and hot chocolate. They both were so good that we ordered them again the next morning. But we were very disappointed that the hot chocolate tasted pretty horrible. It tasted like left-over coffee mixed with water and a bit of chocolate :( Also, we ordered Belgian waffle for our breakfast, which was supposed to come with whipped cream and strawberries...but we got a plain waffle. So, we had to call the restaurant and wait for a while to get those. This is why I didn't give ""5"" for service. However, I reported these issues to the front-desk when checking out, and the front-desk staff took care of it by not charging us for that meal. Another thing is that it's quite noisy at night even though we were on the high floor. We could hear siren going on & off during the night. But this is out of the hotel's control though. And I would say that it didn't bother us at all. My baby could sleep very well. Overall, we really enjoyed our stay, and would definitely consider Omni for our next trip to Chicago.",False,ott_2013,0.828125
We stayed at the Omni between Christmas and New Year's in 2008 just to get away for a few days. We found it through web deals and got a penthouse suite very cheap. So this year we checked online just a day or so after Christmas and the deal was there again. It also included parking at the great price. Huge suite overlooking downtown Chicago. Best location to walk EVERYWHERE. My 12 and 11 yr olds loved swimming at night and the chocolate cookies on their pillows. Can't wait to go back.,False,ott_2013,1.53125
I stayed here August 20 through 23rd with my sixteen year old son and we thoroughly enjoyed this hotel. The price was very reasonable for a hotel located right on Michigan Avenue. The front desk and concierge service was excellent and enhanced our stay by making it easy for us to plan fun activities. The John Entwistle theme on our floor was a nice touch. Any of you single fathers out there can appreciate how difficult it can be to take a fun affordable vacation with your children and The Hard Rock Hotel in Chicago really helped me accomplish just that!,False,ott_2013,1.265625
"Visiting during a busy 2day conference in Chicago. Most hotels booked solid. The full hotel allows you to meet a wide array of customers. Everyone is complaining about service, cleanliness, and overall experience. Location is good. Hotel is tired. Employees surly. Too many cool properties to choose from in this town, will never stay here again and will re-think Hilton in general",False,ott_2013,0.96875
"We had our hotel reservations at another hotel set and after we were reading all of the negative reviews we cancelled and made out reservation at the Hilton - I am so glad we did the hotel was clean, hotel staff was pleasant and helpful and the beds were amazing. We knew we were paying a little more than some other hotels but it was well worth every penny.",False,ott_2013,0.9375
"I just returned from a stay at this fabulous hotel - what a treat! The hotel website offers a great rate, and what I found was affordable luxury. I asked for a high floor & found myself with a fabulous view, in a room where there was an orchid spray in the bathroom, terrycloth robes and slippers, turndown service, Roger Gallet toiletries, a fluffy down conforter, and a wonderful pillowtop bed. The bathroom was so clean that it sparkled. The service was impeccable as well. Even my room service breakfast was way above average with an incredibly generous basket of excellent croissants, brioches, & pain au chocolat. The decor was unique & the location convenient. Check out the stunning flowers throughout the lobby. This is a topnotch hotel.",False,ott_2013,1.171875
"This hotel must have originally been an ordinary downtown hotel in a not very nice neighborhood. The owners have painted it over and fixed up the lobby to make it an ""upscale"" overpriced boutique hotel. But it's still just an ordinary hotel with a paint job. Stay here if you want to experience staying in a flophouse, but with all the sleaze removed. Definitely stay at the chain's other location, the Burnham, for a much, much nicer hotel.",False,ott_2013,0.765625
"Mostly great with a few islands of relatively minor problems. First the good: Outside of the hotel and lobby were decorated like a winter wonderland, as befitted the season. The restaurant service was absolutely flawless ( servers who don't write orders because they are expected to remember them, remember clients clearly from one day to the other, and go above and beyond consistently). Rooms are comfortable: yes the beds are great! The gym is well equipped. Second the slightly off putting: mmmhh...we got the ""I love chocolate package"" which advertized: bfast every day, dinner once, snack once and...a gift. And we have an A-Club favorite guest membership, which also advertized "" a gift"". So, no gift...either for the chocolate package or the favorite guest membership. Upon enquiry, ""the snack was the gift"". Not at all what the package suggested. That said, bfast was sublime and the chocolate dinner outstanding as well. Some problems at checkout though: we got charged for all dining despite having booked the package and it took quite a while for a polite but seemingly less than informed front desk staff to correct the problem. Would absolutely go back, but probably not on a special package.",False,ott_2013,1.03125
"What's not to like? --> Problems getting the room you actually reserved: I had to call this hotel three times and email four times in order to insure that we actually got the room we had reserved. --> Overcharging. They charge for everything here. Wireless. The Fitness Center. The Business Center. I've only run into one other hotel that ever charged for use of the fitness center. Note to the Intercontinental: If you're going to charge for something that is commonly included, you should advertise that fact. What's next? Charging for sheets on the bed? --> Very poor customer service. The staff does not communicate in full sentences, or wait to hear your answer. This is Chicago, not New York. How about a little Midwestern patience?",False,ott_2013,0.828125
"I've stayed at the Allegro a couple of times. Like the other Kimpton properties, it's a classic old hotel that's been beautifully updated. I found the staff to be cordial, and I really like their corporate culture. They're pet-friendly (although I wasn't travelling with the dog), I got a recycling bin in my room, Aveda products in the bath and they don't clean with toxic chemicals. The rooms aren't huge and the bathrooms aren't what you're going to get at a Hilton. What the Allegro lacks in square footage it more than makes up for in cool. OK, they may be a little pricey, but I'm willing to pay a bit more considering the higher cost of doing business responsibily.",False,ott_2013,1.390625
"I was apprehensive after reading some of the more negative reviews of the Hotel Allegro. However, our stay there was without problems and the staff could not have been more friendly and helpful. The room was not huge but there was plenty of room to move around without bumping into one another. The bathroom was small but well appointed. Overall, it was a clean and interestingly decorated room and we were pleased. Others have complained about being able to clearly hear people in adjacent rooms but we must have lucked out in that way and did not experience that although we could occasionaly hear people talking in the hallway. One other reviewer complained rather bitterly about the area and said that it was dangerous and I can't even begin to understand that as we found it to be extremely safe. The area is also very close to public transportation (we used the trains exclusively) and got around quite well without a car. We would most definetly stay here again and recommend it to others.",False,ott_2013,0.88671875
"While this is a good location for shopping and sightseeing, I would not recommend this hotel to anyone. The rooms are small and bathrooms are tiny, all of which is to be expected in an old urban hotel, but apparently care has not been given to updating the hotel (ever!). The crown molding and base boards are cracked and it appears to only have been painted over and over again. The newer tub liner in the bathroom is merely floating above the old tub and when you stand in the shower it bubbles under your feet. The shower tiles are old and the grout is not clean. This hotel has not been restored the updating that has been done are merely band-aides. There is no fan exhaust in the bathroom and the carpet is ontop of a very hard surface, probaly concrete with no pad in between. The lobby is smokey because of the large open bar in the small space. We were in town on business and supposed to stay 4 nights, we left after 2 and went to another hotel.",False,ott_2013,1.1171875
"Stayed here in November 2011 on a leisure trip to Chicago. Hotel is very dated, with some rooms that just aren't good enough. Front desk staff was rude. Will not be staying here again - prefer the Swissotel and the Hyatt properties (Regency is similarly priced, and Park Hyatt is 3x more) and a list of boutique hotels in the area as well (Kimpton, etc). Pros: -The only hotel that opens onto Michigan Avenue, very close to all of the excitement -Eno Wine Bar has a great selection of cheeses -Rooms are clean Cons: -Some hotel rooms just make no sense - our first room was tiny and had a window overlooking a ledge (effectively no view), and our second room had two windows that looked out onto a brick wall (actually no view) -You have to pay for everything - internet, gym, and the pool (which was not available due to renovation...) -Entire hotel was very old, not in a classical sense but in a ghost story one -Front desk staff was rude",False,ott_2013,0.9140625
"It's so frustrating when a hotel posts a deal prominently on its website, claiming said deal is available on certain dates. But, when you call to make a reservation based on that deal, they tell you it's not available. There are rooms available, but not the deal. Then they try to condescendingly tell you they can only sell so many rooms at such a deal. I get that. Then just SAY that on the website. ""Here's a great deal . . . but only a small number of people will actually get it."" So much for the great reviews about service . . . I couldn't even get past the first phone call without being frustrated and annoyed. Bad form, Conrad, bad form.",False,ott_2013,1.1328125
"For a supposed 4-star hotel, I was not very impressed at akk. The lobby was nice and modern-looking, but there were no bellhops outside to help with bags or open the doors (we didn't arrive that late at night). Additionally, when we walked into the hotel late one night, there was trash and flowers strewn on the lobby floor and, it seemed that there were always water bottles and glasses near the seating area as you walked in. Where was the staff to clean up? That's not a very welcoming sight. The rooms were nice and clean and provided a great view, but the actual location was farther than I would have preferred from Michigan Avenue, andi it was also a little too far south. Area recommendations Rush Street was a lot of fun at night!",False,ott_2013,1.078125
"I had a great time here! It is centerally located in Chicago so walking around is so easy and pleasent. The staff was amazing and very helpful! Parking was a bit steep, but to be expected. The room was very nice and the bed and linens were very confortable. The yoga mat rental was wonderful as well! Wonderful and relaxing experience overall.",False,ott_2013,1.2265625
Stayed in a Junior Suite which was beautiful and spacious. It had the largest flat screen tv I have ever seen in a hotel (great excuse to catch up on some movies) The breakfast buffet was great and was served in the hotels huge atrium which was nice. The service was top notch. Stayed in a lower floor in the East tower which was great as there was no waits for an elevator and they were always empty. The Shed aquarium was a complete waste of time and money but the Field musium was amazing. Chicago remains tied with London as my favourite city.,False,ott_2013,0.88671875
"We stayed at Hotel Monaco and upgraded to a suite. I was disappointed with the room layout, and shabby furniture. I bumped into the coffee table and the top almost crashed to the ground. The make up mirror in the bathroom didnt work, the TV reception was very poor and overall the room just wasnt worth the $450 we spent there. Next time, we will go back to Trump Tower across the street, which is far superior to Hotel Monaco.",False,ott_2013,0.953125
"I stayed at the Fairmont to attend a conference. I was very pleased with the hotel. The doorman offered me an umbrella as I headed out for a walk... and sure enough it started to rain very soon after- I would have been soaked with it. Upon my return, the doorman then asked about my walk, etc. This is reflective of all the staff I encountered. The front desk promptly checked me in. DEFINITELY register for their rewards program before you arrive... The complimentary gym access is excellent, plus you save on internet access fees which are waived for members. The bathroom and separate dressing areas were large and convenient. The only negative- no coffee maker! AND the Starbucks in the adjacent building is closed on weekends since the area corporate offices are closed those days!!! Otherwise my stay was perfect, considering the conference rate was $99 per night!",False,ott_2013,1.0859375
"My family and I have just had a two week holiday in Chicago, and we stayed for a week at the Hilton Towers. We had a fantastic time and enjoyed every minute of our stay at this incredible hotel. The sheer size of the place is breathtaking and the atmosphere is very friendly and hospitable. If you prefer discreet modern boutiquey-type hotels, maybe this wouldn't be your thing. However if you enjoy old style glamour and glitz, you will be bowled over by this hotel. The place literally sparkles thanks to the enormous chandeliers that are everywhere in the lobby. Tons of celebs have stayed here over the decades and the history of the hotel and past guests etc is fascinating. We got a very reasonable rate for our stay and could not fault anything about this very special place!",False,ott_2013,1.203125
"I disliked the Sofitel so much we changed our week stay to the Grand Hyatt after the first night. We checked into our suite and was blasted by the smell of body odor immediately. We were tired from our flight, but went downstairs to change rooms. The second suite smelled just as bad, but stayed anyway. I disliked the hotel lobby, the staff, the decorating, and especially the bed. HORRIBLE. Soft, flimsy mattress. We come to Chicago frequently. We have always stayed at the Grand Hyatt and never been disappointed. We just thought we'd try some place new. Never again. Back to the Hyatt or Four Season we go!",False,ott_2013,0.90625
The location is ideal. They have very high ceilings so the rooms appear much larger than they are. The views are great. There were fresh flowers in the bathroom. They had all white bedding. You feel like a princess there.,False,ott_2013,0.859375
"We stayed at this hotel with our two teenage daughters duing a part business, part family fun trip in July. We were very impressed with the location, within walking distance to great restraunts and shopping, inlcuding Water Tower Place (a great mall!). We were quite disappointed with the room cleanlinees and size. The bedspreads were filthy and so thin. The room decor is in dire need of an upgreade. The bathroom had no fan and it really smelled badly of mold and mildew. The shower actually had mold in the corners! This was a very tight squeese for 4 people. Especially the bathroom. The beds and pillows were quite uncomfortable. Even the elevators were tiny and could barely fit 6 people! Thank goodness there were a few elevators. Luckily we booked this room on priceline and would have never paid full price. The only upside was the great location. Also beware- its cheaper to take a taxi to the airport than the airport shuttle! Millenium promotes the airport shuttle but take a cab!",False,ott_2013,0.96484375
"Got a good deal on a weekend pacage in this Hotel and have to say it is the nicest stay I have had in more than a dozen business trips to Chicago. All rooms are Suites, staff is friendly and professional, Restaurant is out of this world and all the extras like a great health club, turn down service, complimentary morning beverages delivered to room and on and on. Room was very clean and every need was attended to without feeling intruded on. Will definately stay here again.",False,ott_2013,1.1328125
"After reading all the lukewarm reviews for this hotel, I went ahead and got an Ambassador membership just to hedge off any unpleasantness. I normally have a good experience with Intercontinental hotels, particularly the Mark Hopkins in SF. I called the hotel directly to confirm that my reservation was designated as Ambassador Club. When I arrived at the hotel, there was no separate check-in line (as advertised) and the manager on duty basically ignored me when I told him I was an ambassador club member and stuck me with a regular tiny room. I was nearly half an hour checking in the room and had to deal with the arrogant attitude of the manager on duty. They gave me a room in the ""modern"" tower, (built in the 60's) which was about 2/3 the size of a regular room at the Mark Hopkins (built in '29). I had to deal with torn sheets, cracked marble sinks, and the spare roll of toilet paper being located OUTSIDE the bathroom inside the closet - how convenient is that? The closet door, if you are not careful, may break the full length mirror attached to the bathroom door. I was not provided with a key to the minibar and I called for turndown service, which never happened. The next day, they finally got around to the fact that I was an Ambassador Club member and entitled to an upgraded room, but since I travel with a medical device which I already set up in the tiny room, I declined. To their credit, they did send some of the amenities I would otherwise be entitled to as an Ambassador Club member. I would not stay at this hotel next time I go to Chicago. There are other better places for the money including, the Omni, The James, The Fairmont, Hyatt, Sheraton, Monaco, Crowne Plaza, even the Holiday Inn and Marriotts located in the same general area.",False,ott_2013,1.0234375
"I am not much of a complainer, as you can see when reviewing my other posts on this site, but the Talbott provided such bad service that I feel the need to warn future travelers to Chicago: My girlfriend and I stayed at the Talbott for 2 nights in late July 2006. The first sign that something was wrong come during the initial booking of the room over the phone. The receptionist was outright rude, but took the reservation without a mistake. During our stay the hotel and restaurant staff was extraordinary incompetent, the waiters, the managers, nobody was friendly, nor tied to accommodate us. [------------------------] We and many others who stayed at the hotel attended a wedding reception close by and had arranged the hotel bar to remain open from 12-2 to have an after hour's party. The hotel manager had assured us that this was secured and done in the past upon such occasions. When we returned from the reception at 11:50pm the bar was closing and the night manager and hotel staff were very rude to me and my friends. ""Nobody told us, we can't do anything for you."" ""Are you sure that you arranged this?"" Two quotes so typical for this hotel's staff that I know that I will never stay at this hotel again. I understand that mistakes are made and that communication can be difficult across different shifts in a hotel, but blaming the customer so being confused and failing to arrange what I know had been arranged for and was later confirmed by the day staff is too rude even for my taste.[-----]",False,ott_2013,0.95703125
"Our trip was our annual anniversary trip. The hotel did not honor my choice of king size bed. Instead we received two double beds. This seriously decreased our enjoyment of our stay at the Hyatt. There were two cups of coffee complimentary in the room. No complimentary coffee anyplace else in the very large hotel. Location was more of a business district, not appropriate for pleasure trip. Employees of Hyatt were very friendly and helpful, other than the failure to deliver the reserved room.",False,ott_2013,1.3046875
"My wife and I stayed at the James recently and we had a great experience. The hotel as others have mentioned is in an ideal location. It's in a quiet location, yet so close to many neighborhoods that you want to go to. We upgraded to a studio room which was totally worth the additional cost. It didnt have all the midcentury furniture that the website photos have, but it was elegantly appointed, spacious, and as we were on the inside of the building very quiet. The service was amazing. Everyone was extremely friendly and helpful, as well as knowledgeable. This was true from the doormen at the front, to people at the desk and the servers in the restaurant. Both Concierges that we dealt with had great suggestions, and were able to understand our style and sensibilities when helping us out. The breakfast at Prime downstairs is among the best I have ever had in a hotel, this goes for the room service as well. Dinner there was good, but not great. I mentioned almost flawless, as there was a situation that occurred involving the Spa in the hotel. It involved scheduling and was aggravating, as the hotel actively encourages its use. However, Caroline who is one of the hotel managers did an amazingly competent job of making sure that we were satisfied, following up on progress and was a true pleasure to deal with. The experience could have left a very bad taste in my mouth but was resolved quickly. Overall, we left extremely satisfied with our stay and look forward to many future visits.",False,ott_2013,1.1875
"My husband and I stayed at the Hotel Allegro in March, 2006. We had a great time! We were upgraded to a suite, and enjoyed the jacuzzi tub with Mr. Bubbles, animal print robes, and a luxurious king- sized bed! THe suite was very nice, and we had no problem with noise from other rooms or from the street. It was very boutiquey, and the lobby was lovely. We enjoyed the complementary wine hour. The staff was attentive, and our stay in this Kimpton hotel made our first-time trip to Chicago memorable! We would return here!",False,ott_2013,0.7421875
"This morning, I checked out and left behind one of the worst hotel experiences I've ever had: Hard Rock Hotel, Chicago. I am in disbelief that this hotel is part of the ""Preferred Hotels"" group. Upon checking in, I was ""greeted"" by a front desk staff that had better things to be doing and let it show. My room was poorly lit and dirty. The desk/desk chair was covered in sticky, dried soda pop (or something else?) which I had to clean myself so I could work. The ""sound system"" was put to shame by my 10-year-old daughter's boombox. No one, rock star or otherwise, wants to reach more than an arm's length for toilet paper. Everything is possible. This includes hiring professional and courteous staff to answer customer calls that are directed to the ""everything is possible"" line. Great marketing fails with no follow through. The in-room mini-bar policy ranks in my personal top-five most ridiculous business practices of all time. Do you charge Steven Tyler $7.81 for opening his in-room 'fridge? Looking back, I would have much preferred enjoying cocktails in my dirty room rather than the dirty, drafty, overpriced bar (with a horrendous wine list) With the exception of the fact that I was leaving, check-out was no better than checking in. I wasn't even asked about my stay! The young woman who provided me with a copy of my bill could not have been more unpleasant. I, for one, will not bring my business back to that location. Next time I'm in Chicago, I'm staying at the Hyatt. Rock on, TripStarr",False,ott_2013,1.046875
"After reading good reviews about I booked a 5 night stay. Checked in late bit called early in the day to assure we'd have a roll away as well as the pull out sofa for 2 teens. They somehow had us booked for two rooms instead. Got that sorted out and arrived around 10 pm. Checked in and waited for our luggage... Finally went down and got it ourselves. The room was a little grungy, furniture shabby, and discovered a suspicious stain on the duvet cover. Ewww. Called for a new duvet cover which was delivered and unceremoniously handed to me. FYI it's kinda gross to have to change the duvet cover in a hotel. Next day tried to iron a dress for dinner and the iron didn't work. Called for a replacement, waited a while, called again and was brought another iron which also didn't work. Third time was a charm. Oh boy. Too bad we paid in advance. Won't be staying here again.",False,ott_2013,0.75390625
"We had a great experience at this hotel. The hotel is Huge! The rooms were very clean, well appointed, and our room was very roomy with a great view of the snow covered park. The Staff was so nice and very helpfull. Donald, at the the Concierge desk scored us tickets to WICKED the day of the performance, and on a Holiday weekend too. They were great seats and a reasonable price. He worked very hard for us to see that show. They truely topped off what was a Fun New Years Celebration. This will be my first pick when I return in the spring.",False,ott_2013,1.2265625
"I only stayed out with my boyfriend for one night, however enjoyed my stay. The staff was friendly, the room was nice and clean, the hallways and ballrooms etc were elegant. Room service was quick and had good options to choose from that actually tasted great. The staff was able to extend our check out time for an extra 1-2 hours without an extra charge to the room. Great location too! Walking distance from the Art Museum, Millennium Park, Grant Park (right across the street) and a quick cab ride to McCormick Place. If I were in the city again I would love to stay there again.",False,ott_2013,0.77734375
"This is a great hotel but there is no way that I would recommend it until the construction around it is complete. The elevator is the alley starts for the construction site behind at 5:30am and goes on into the night. Dumpster filling and emptying also seems to go on 24/7. Worst of all, the restaurant is open to the sidewalk cafe here and the rats go scampering from the construction next door to street to grating. Ugh!",False,ott_2013,1.2421875
"I arrived and my friends were already there and visiting a nearby art gallery. They put my name on the reservation and told me to get a key from the front desk when I arrived. The front desk staff gave me the key to my room and I put my stuff away and went to meet the group. We returned late that night and I soon realized the room that my friends were in was not the room that I placed my stuff in that afternoon. We went to speak with the front desk. We were met with ""We can't do anything about that right now due to the hour. We will not disrupt the guest staying in the room you say you left your stuff in."" Unacceptable!!! My $1500 laptop and all of the things I brought with me were in that room! Not my mistake! FINALLY, after arguing with the head of security for about 30 minutes, they knocked on the door of the room I had left my belongings in and a lady answered. She was upset and stated she had security take the items from her room in the afternoon. All of my belongings were recovered in the security room; however, all of this hullabaloo could have been avoided had they communicated about the situation! Terrible, terrible customer service. They sent up an apology letter, champagne, and chocolate covered strawberries to the room. Although I was appreciative of the gesture, it still does not excuse the fact that they argued and continued to say ""We can't do anything about it.""",False,ott_2013,0.85546875
"At the last minute, my son and I decided to take a quick trip to Chicago to see the Cubs. After checking Priceline I decided to book the Omni because of the great price for airfare and hotel. We arrived at the hotel around noon and our room was ready(I had called ahead and requested early arrival).The front desk treated us like we were there best customers-very friendly and accomodating. The room was wonderful with all the modern conviences you would expect in an upscale hotel. The room was spotless and the bed was VERY comfortable. There was not one sign of bed bugs as mentioned in a previous review-maybe those bed bugs were from their luggage and were transferred into their room!!!We then went to the hotel restaurant and had lunch. Our service was great as was the food. We also tried several restaurants around the Omni-all within walking distance. The service, cleanliness and location of the Omni were incredible. We will definitely go back.",False,ott_2013,0.8515625
"We ate at the Prime House restaurant last year, that is why we picked the hotel. Last year the food and service at the Prime House was outstanding. This year the service felt rushed. The waitress even asked why we were eating so early. It was 6:30pm. Our room in the hotel felt cramped. The beds were comfortable. The bathroom had maintenance problems. The maid service and turndown out night was good. All of the staff at the hotel were friendly and helpful. I just was not impressed by the quality of the hotel itself for what we were paying.",False,ott_2013,0.77734375
"This a great property, excellent location and wonderful staff. Everyone was very accommodating and polite. The room I had was on the 23rd floor and was like a suite, with a living area and a bedroom. The living room was spacious, with a plasma TV, a desk and a couch. The beds were very comfortable and the toiletries of very good quality. In the closed they placed an umbrella, which came in handy, it rained the whole time I was in Chicago. The internet connection is $9.95/24hrs. Great place, I will return for sure.",False,ott_2013,0.94140625
"I try to stay at the James every time I happen to be in Chicago. There are other good choices in town, but nobody has what the James offers: superior service - aka class meets efficiency -, metropolitan design and comfort with an attention to details I found only at the W in Seoul, and what always plays a role meaning a convenient location ... Then they get to you with small unexpected touches that make the difference ie: I was about to take off and drive North, it was a hot July day...one of the staff members handed me a bottle of water. A small gesture. Unexpected and appreciated. The management AND the staff understand what we expect and more importantly, what we need. AND they consistenly execute against that.",False,ott_2013,1.5
"First, several day s prior to my stay, I called and spoke at length with the concierge and made a breakfast order for room-service Saturday and Sunday. Saturday they didn't bring breakfast - and when I called room-service they stated they never got the advance order from the concierge. When they finally did bring it - they brought the wrong thing.. and then brought the wrong order again on Sunday. I was further inconvenienced by in-room dining staff when we ordered room service Saturday night. The food was limp and uninspired. Further, I ordered soup - which arrived without a spoon. When I called in-room dining to request a spoon, I was told one would be forthcoming. 15 minutes later, a waiter arrived with a menu. When I explained I already had food and I didn't need a menu - I needed a spoon, he had the audacity to argue with me. I respectfully requested he return with a spoon and he agreed to do so. Another 15 minutes (and one bowl of cold soup) later I decided to call in-room dining back to request (again) they send someone with a spoon. They too argued with me and expressed that they'd already sent someone with a spoon. I explained that they had not - that I had received a menu I didn't request, but that no spoon was forthcoming. Another 15 minutes later, a spoon finally arrived. Thanks - for charging me $100+ so that I could argue over cold, flavorless food. In addition to the gross customer service, surly attitude, and sorry food, I found the room woefully lacking. It reeked exhaust fumes so much so that on Saturday night I woke up from the smell. Further, I had specifically requested when I booked the reservation that you keep me away from the elevators... I was right next to the elevators and had the displeasure of listening to them ding all night long as other guests came and went.",False,ott_2013,0.984375
"Just returned from 2 nights at the Ambassador and I have to say that I am very happy that I chose this hotel. It is true that this is an older hotel. But it is well kept and it does not lack in style and grandeur. (think of the hotel from the Shining, minus the elevator of blood and creepy twins.) From the check-in desk to the surprise turn down service from the maids, I was made to feel like royalty. A special acknowledgment goes out to the doormen who helped me with all my tourist questions. Also the location of the hotel is great. Close to all the action, but on a quite residential street with beautiful old mansions. I also got a sweet $89 per night room by booking on travelzoo. That was just an added bonus however. Even if I paid $200 per night, my impression of the Ambassador would not change. Highly, highly recommended.",False,ott_2013,0.91015625
"We choose to stay at the hotel due to the high rooftop ratings at the hotel. Not only is the rooftop terrace on the 5th floor, but it was occuppied with private corporate events for the entire duration of our stay. We did - as recommended - have a drink indoors only to be highly insulted by their bartender there. There is no breakfast buffet - you order a la carte. Keep that in mind when paying extra for breakfast and internet. Also note that the minibar is empty on arrival - we were only told on departure that we would have needed to call reception to order. We have stayed at the Omni before and it as a much better experience. I dont recommend spending so much for a mediocre hotel.",False,ott_2013,0.984375
"I usually stay at the Hotel Monaco but stayed at the Allegro because most the Monaco was booked. While the Allegro is similar to the Monaco in it's decor (less traditional and more funky interior) it is not nearly as nice. The linens are not as high quality as the Monaco and the rooms are not decorated as nice. The rooms are also smaller. The main reason I would not recommend the hotel though, is the bathroom. It has an old tiled floor, with an old sink, and old toilet. It reminds me of something you would find in a men's locker room. Although the Allegro has installed a nice mirror, it does not make up for the limited counter space and dingy apperance. Also, the layout of the bathroom is terrible. The toilet is so close to the wall that the toilet paper sits in your lap as you sit on the toilet. Also, the room is not very clean as well. The floor in my room was dirty and I found crumbs in the drawers. I would recommend staying at the Monaco, Hard Rock, or Soffitel for a hotel that is a little less traditional but still nice.",False,ott_2013,0.64453125
"I was looking for a fun, contemporary hotel and it didn't deliver. The lobby was nice, and the rooms were mostly clean, but it really wasn't special. Service time was slow for room requests, I found empty water bottles under the chair, and the a",False,ott_2013,1.7578125
"We brought our giant rottweiler and she had a great time. Small rooms, but this is normal for the chicago hotel scene. Lots of interesting amenities in the room. Convenient to theatres and downtown restaurants and shopping. Really loved the lobby -- a great place to hang around or wait for someone. Lots of nooks and crannies and little tables and sofas everywhere. Watch out: The concierge (like all concierges at big hotels) will direct you to mediocre, large restaurants where they get kickbacks. We have stayed here several times and I always check for rooms here when I travel to Chicago. However, the hotel is often full so book early.",False,ott_2013,1.015625
"My wife & I celebrated our anniversary at the Knickerbocker & could not have been treated better. Before we were out of our cab, our bags had been loaded on a cart & we were walked into the hotel by a doorman. The rooms were well appointed & the entire hotel staff was very friendly. This is a prime location for shopping, sightseeing or nightlife.",False,ott_2013,0.625
"We wanted a nice place to stay the night after dinner, theater, and my daughter's 21st birthday. This place certainly fit the bill. It was convenient to everything including the SouthShore Railroad station. The staff were all friendly. Their was a small wine reception in the lobby in the evening and Starbucks coffee in the morning. Ryan, the concierge, ordered flowers for my daughter and had a nice bowl of Hershey Kisses waiting for us when we arrived. We were upgraded to a suite and although they forgot to make up the sofa bed, they came promptly to get it set up when we called later. The window seats were beautiful as well and I enjoyed drinking my coffee in the morning and reading a book.",False,ott_2013,0.85546875
"My friend book this hotel for us for a girls weekend in Chicago. Lets just say we were thankful we didn't have to spend much time in the room. The carpet was so stained it looked like it was suppose to be that way. The furniture was worn and outdated. The place was gross and just wasn't worth the money we spent on it. The only redeeming quality was the door man, we was very nice and helpful.",False,ott_2013,0.474609375
"We stayed in a king suite at the Hotel Allegro over Memorial Day weekend. We paid $130/night, and it was definitely a bargain. The suite was huge - living room with a couch, two chairs, desk; large bathroom; bedroom; two closets. The room had recently been renovated, and was very clean. Comfortable bed, friendly staff, great location (near the train and bus), evening wine reception and morning coffee provided. While the Allegro isn't a five-star hotel, it is a great place for the money. (Note: a friend stayed in a non-suite room, and reported that it was very small. Upgrade if possible).",False,ott_2013,0.92578125
"I stayed at the Allegro Hotel while interviewing for a position in Chicago. I read the reviews and they were mixed, but since the property was suggested by the organization (due to location), I booked a room. True to the reviews, the room was extremely small, was cold (the heater blew in cold air in -2 degree weather), and just generally uncomfortable. There was no closet so I hung my suit on the doorknob of the door of the adjoining room. The bathroom was extremely small and although tidy, not especially clean (it was dusty). The bed (which was supposed to be a queen but was really a full) was quite low and the sheets were hard. Because I arrived late, I ordered room service. There was so little space in the room that the wait staff had to approach the desk/table sideways. Although there is free wireless (a plus), I kept getting kicked out of the system and had to, no lie, reconnect on-line a record 16 times. Finally, to top it all off, the television stopped working just a little before midnight. I was only there for one evening (not even 12 hours) but that was enough for me. This is supposed to be a 4 star boutique hotel but I've stayed at better 2 star properties. On the positive side, the staff is nice and friendly, the food is reasonably good, and the lobby is really vibrant. There is a martini bar (although as I was coming in, a hotel guest was complaining about it being unsually smokey) that looked interesting. Overall though, not the best stay I've had. I won't be staying again.",False,ott_2013,1.0859375
"I was initially very excited to be staying at the Ambassador East hotel. The photos online appeared very classy and upscale and I thought staying there would be a pleasant experience. Upon arrival I was very disappointed - the main lobby was closed for construction making it somewhat difficult to get around. Our room was very dated - old furnishings and linens, damaged tile - it fell quite short for the high price we paid. It is an older building with very thin walls allowing you to clearly hear all other guests in surrounding rooms and also the lovely slam of doors of departing guests in the morning. Doorways are extremely narrow in hallways and room - gives a very claustrophobic feel to the hotel.",False,ott_2013,1.265625
"I stayed here for 2 nights in May 2008. I have to say the hotel was exceptionally clean and very modern and funky. They had a free wine tasting each evening! The restaurant served very good breakfasts and the staff were lovely and helpful throughout the stay. The hotel is located within walking distance to the metro system and also close to shopping / restaurants and sights! Rooms were lovely, althou the bathroom was slightly on the compact side. Will be back.",False,ott_2013,0.8828125
We live down the block from the hotel. We arranged to have new floors put in our condo while we were away. The floors were not finished when we returned so we looked for an inexpensive local hotel for one night. I think the Ambassador East was the least expensive hotel within a reasonable distance so we decided to stay there. Over the years I had had some visiting groups stay there. I had also eaten there and been to the bar but I had never stayed there myself. The lobby is elegant. The service is great and the room was large and clean although a little outdated. The location is the best residential area in the city (as far as I am concerned -- I live two blocks away) and it is very convenient to North Michigan Avenue ( a good shopping street) and reasonably convenient to the Loop ( the main business area) There are also probably 50 restaurants in all price ranges in reasonable walking distance including some of the best in the city. I paid less than $100 including tax for one night. I am not sure what their regular rates are but I think my deal was the best travel bargain around.,False,ott_2013,0.78125
"me (taking a cue from david dancer): 'sup? front desk person: yes? me: so, do I have to wait in the elevator line to get up to my room? front desk person: what room are you in? me: **** front desk person: oh. ...i'm afraid so. OR, you can take the other elevators and take the fire stairs up to the 10th floor. me: oh? wtf! so, we're staying at this hotel, and there is a bar on the 29th floor, but we have to wait 15 minutes in line to get to our fucking hotel room? get bent! we're paying to stay here, not just drinking in your bar!",False,ott_2013,0.8671875
"I stayed here for business and loved it. Got it for $93 inc tax on Priceline, an incredible deal for this hotel. If I wasn't on priceline I would expect to pay $200 per night (maybe more) for this location/level of service. It's in the heart of downtown Chicago, walkable to many locations. The lobby is very impressive, the room was very nice. No complaints at all, from check-in to check-out. I was alone so didn't go to the bar but it looked like people were really enjoying themselves. It was full of people all the time. I want to stay here when I come back with my husband for a fun weekend in the city.",False,ott_2013,0.75390625
"While it was a nice hotel, but i am rather frustrated with them! During our stay our room was cleaned twice by housekeeping. The first day was fine. Second day my diamond earrings came up missing. Noticed they were missing while in the packing up and checking out process. My biggest mistake was not staying there and dealing with this further. But we had a family reunion and funeral to get to. While the front desk was great and said they would handle it, I believe they say these things just to get you to go on about your way! We filed a police report and the GM of the hotel is supposed to be working on it. We have called several times but receive no answers. They keep telling us the cleaning staff have been there 10 + years.....that dosen't matter to me! If they are not held accountable what's to stop them from taking anything. There is a dishwasher in the room, and they found my daughters ring (which was in the same glass with my diamond earrings) in the dishwasher. They say I put the cup in the dishwasher. First, I am on vacation, trust me i'm NOT doing dishes! Second, why would I wash one glass and leave the other dirty dishes in the room? So, while it is a nice hotel....lock up your things of value! They may come up ""missing"" and you'll be left frustrated!!",False,ott_2013,0.828125
"My husband and i made a reservation for 2sure nights but decided to stay just the second night. I called the hotel and spoke with Eric, he quickly canceled my reservation and i asked if we would be charged for thd cancellation, he said no and that was the end of it. My husband then remembered we needed to cancel from bookit.com as well. I called and they said the hotel wouldnt authorize a cancellation per the terms and agreement. I informed courtney from bookit.com that i specifically asked if we would be charged and i was told no by Eric. She spoke with the mgr Erica and she said Erica would honor that if i could provide a name. I got his name and callex back and he told the bookit consultant that he ""didnt recall"" saying that. I was so furious that i called him on 3the way with the bookit consultant and he just lied!!!!!!!!!!! He said, no ma'am i dont remember saying that. I said so since you dont remember thats it??? I said my husband heard him say it b/c he was on speaker phone since we were driving on the way there. I asked to speak to Erica, told her the situation and she said she cant go off of heresay and couldnt honor what her employee screwed up on. I asked him nicely to please tell the truth and he just would not tell thr truth. I have never writte. A review for a hotel before but i am going to go out of my way to make sure corporate sees this. Erica was very unprofessional and cared more about not taking sides than she did about making sure the guests feel welcome. VERY DISAPPOINTED!! WILL NEVER STAY AGAIN!!",False,ott_2013,0.953125
"Review's a little late, but... My husband & I first stayed at the Amalfi in 8/06 totally based on reviews I read on this website. We were totally WOWED!! Loved the location, the room, the Aveda bath products, but most of all loved the evening reception & breakfast on our floor. I returned to Chicago with 3 girlfriends in 9/07 and booked us in a suite at the Amalfi. It was great - room was very spacious and my girlfriends were quite pleased! Will stay next time I'm in Chicago too!! P.S. They honor a government rate!!!!",False,ott_2013,0.953125
"We loved the hotel. When I see other posts about it being shabby I can't for the life of me figure out what they are talking about. Rooms were large with TWO bathrooms, lobby was fabulous, pool was large with two hot tubs and huge gym, staff was courteous. For us, the location was great--across the street from Grant Park with a great view of Buckingham Fountain and close to all the museums and theatres. I'm sure others would rather be north of the river closer to the Magnificent Mile but we enjoyed the quieter and more scenic location. Got it for $105 on Hotwire. What a bargain for such a nice hotel.",False,ott_2013,0.91015625
We got this hotel by chance since we decided the spur of the moment to spend a nite in Chicago on 7/24/09. We went thru Priceline and was lucky to get a room at this hotel for only $69 (normal rate was around $200). The room was superb on the 29th floor with a nice king bed. Hotel is only about 1.5 blocks to Michigan Ave so the location is very convenient. Parking is very expensive at $50 a nite but we parked right next door at a selfpark for just $30. We decided to have breakfast at the hotel restaurant to save us from walking elsewhere. We ordered the buckwheat pan cakes and egg benedict. They were absolutely delicious which stunned us since we didn't expect this type of experience from a hotel restaurant especially for breakfast. Glad we didn't pick their breakfast buffet since the special menu is much better. I highly recommend this beautiful and cozy hotel for your Chicago visit.,False,ott_2013,1.140625
"We just got back from a great weekend in Chicago and have no complaints about the Palmer House. It's very easy to get to from O'hare(the Blue line on the EL train) and then just a 2 block walk from the train station. The hotel itself is beautiful and the staff is super friendly and go out of their way to help. We booked an air/hotel package deal on Expedia. We expected to stay in a room with a full size bed but for only $45 extra per night we upgraded to the Excutive level! Best decision of the trip. We had a beautiful room with a King bed,down comforter,robes,plush towels etc...it also included a nice Continental breakfast each morning,all day snacks and beverages and a great happy hour! We took advantage of this every day. The location was great..lots of shopping along State St. and to get to the Magnificent Mile was a $5 cab ride or a 20 minute walk! We'll be back to Chicago and the Palmer House!",False,ott_2013,0.9375
Great location and quality place to stay. Lovely large clean room with a queen size bed it was great. Staff were very helpful and put us onto some great restaurants and then some music bars. Coleman on the front desk was a great guy to meet as a first impression he sold the hotel to us with his personality. The hotel delivered an anniversary cake to us in our room (compliments of the hotel) for me this showed that they care about their guests Many thanks to all it was a great place to stay.,False,ott_2013,0.77734375
"I haven't stayed all that much with Hyatt and I'm not sure if I will be going back anytime soon. The staff was very professional and helpful. Our room was close to being 4 stars; however, fell a little short. It really is time for a remodel of the bathroom. The toilet was of an older and flawed design where you had to close the lid to flush. I'm not a germ freak or anything; however, I really don't want to have to constantly have to touch anything on a toilet if I don't have to. The hotel was fully booked with a teen convention (FCCLA) and unfortunately for anyone else we all suffered for it. The noise at night from every direction. The only way to describe it was as if every room around us was having a slumber party. Coming back from dinner one night it took twenty minutes for us to get to our room due to the traffic. With little to no supervision the kids would cut in line to get on the elevators or they would jump floors not to mention having teens going floor to floor to visit with one another, absolutely ridiculous. The lobby of the Hyatt at night was a complete Zoo. During our second night I finally had enough and called to complain only to be told the Hotel was fully aware of the situation and that there really wasn't anything they could do. ...read more",False,ott_2013,0.953125
I stayed at the Hyatt for a two nights on a business trip. My room was oddly shaped to give a stunning view of the river and NBC Building. Both the room and the bathroom were spotless and the room had an air purifier which ran silently. The hotel was well staffed with individuals who were knowledgeable about both the hotel and the surrounding area. I would not hesitate to stay here again and plan to return with my wife for a weekend.,False,ott_2013,0.625
"This hotel has a great location and nice infrastructure. The river north area is full of great restaurants and the north bridge area is great for out of towners. The decor is lovely and a nice hold-over from when this was a Le Meridian. While the Conrad aspires to be in the top tier along with the Peninsula, the Four Seasons, the Ritz and Park Hyatt, it falls short. We and dinner at the Terrace Restarant outside the other day and were initially impressed with the setting and the selection. While the prices were similar to the Peninsula, we figured that it was a nice day and worth a try. Wow, were we ever disappointed. First off, we were told that we could have a seat but only stay until 7. OK, thats fine and we sat down. The waitress made a point to ask if anything was wrong, so that she could make it right. When we indicated that our glasses of champagne were not very full ($20 per glass), she consulted with the manager and then another manager (a heavier fellow in a dark suit). She came back and said that was the standard puor and that she would be glad to bring us additional glasses. What bothers me is not the outcome, but the fact that the management is not service focused. At a Four Seasons or the Peninsula, this would never happen and if we expressed any displeasure, it would be made right. At the Conrad, the Terrace manager just ignored it.",False,ott_2013,0.96484375
"WARNING: FOOD POISONING ALERT!!! The room was dirty, the shower had mold and the handle in the shower my daughter cracked her head open on. The elevators were absolutly terrible they made me dizzy every time i went on it. They hade pasta night and they put out a bowl of noodles and sauce and i couple of rolls well you get what you pay for. What was worse is the sauce must of had bad meat in it because my family got so sick. The one thing that was nice was the location which was right by michigan avenue. The second night we left and went to another hotel which was 80 bucks cheaper and 100 times nicer. DO NOT STAY HERE",False,ott_2013,0.9140625
"My family of four went to a convention and stayed here in early August. We were promised a room with two double beds. When we arrived (earlier than most) we were told they were 45 double beds short. We reluctantly agreed to take a room with a king bed and a promise of a roll away bed. We had a to sleep very uncomfortably with a 12 year old in our bed and our other child in the roll away. Little did we know we were being CHARGED a daily fee for this bed. The managment could not handle the large group that was at this hotel. The bellhops and bartenders were visibly stressed and we did not have towels one day until very late at night. The managers would not take off the roll away bed charge and were not the least bit accomodating. We were so disappointed in this hotel. Also, they do not have a pool here. If you want to use a pool there is a health club next to the hotel but you have to pay $20 a day to use it. $80 for a family to take a little swim was a bit ridiculous. Do yourself a favor, if you want to be accomodated and are thinking of booking this hotel for a convention or otherwise, go elsewhere. Chicago has too many hotels to choose from to pick this one. I never heard back from managment on this issue when I called and emailed so obviously they don't care, even when I told them I'd write a review on this website. Chicago is an awesome city though. We loved it!",False,ott_2013,0.8046875
"I stayed here with a dozen of my friends, and more than half of us got eaten alive by bed bugs! We stayed there from September 28 - September 30th, but the symptoms (i.e. the crazy itchiness) didn't come until Sunday night when we all got home. I complained to the hotel and basically all they're gonna do is cover the cost of our dry cleaning bills. Honestly, they should reimburse us, because it was not worth it at all. DO NOT STAY AT THIS HOTEL!!!",False,ott_2013,1.0625
"We stay at the Palmer House when we attend conferences in Chicago. It is a stately building. But this year, there were ... problems we have not had before. First, they now have wi-fi available, but it is not free. The cost is $7.50 per hour. On-line it indicated that Hilton hotels charge about $4, but this was almost double. Many hotels have free wi-fi. Wi-fi is wi-fi, so the level of service is not a factor that could justify this exorbitant cost. They also charge for their fitness center, even when you are only going to use the machines. There is no business center in-house for copies, etc. Our bed was against a wall that separated us from the bathroom in the next room. It did not separate us from the bathroom noises. When someone took a shower (at 5:30 a.m.), the pipes ""sung"" like old pipes do,but very loudly. An empty wine glass sat outside someone's room door for days without being picked up by housekeeping. The concierge desk had only one person and there was always a line. If you called down, you were put on hold while they dealt with the people in the line. The staff were all very nice, and the location can't be beat, but the luxury prices for normal services felt like a ripoff this year. I doubt we'll return....",False,ott_2013,0.953125
"This lovely hotel has only six floors, making it easy to get to elevators and down to reception. The building is dwarfed amongst all the skyscrapers around it. Trump's huge new tower is just down the street. The Amalfi looks recently refurbished, very modern, but warm and inviting. Bedrooms quite spacious with lovely linens and very, very comfortable beds. Bathroom quite small but roomy enough, with Aveda tolietries and constant hot water in the showers. Continental style breakfast is set out fresh every morning in front of the elevator of every floor. Great to stumble out of bed and grab a coffee etc (robes & slippers provided) without having to get dressed for a formal breakfast. Really enjoyed the Managers evening cocktail reception, especially the Amalfitinis. A nice way to relax after a hard days' shopping! Location is great for all the shops, transport, museums etc. Easy walking to everywhere. Staff also very friendly and welcoming. Would definately stay there again.",False,ott_2013,1.1015625
"We stayed here as an alternative spot for a friend's wedding. The price was about 50% to 65% of what it costs to stay at similar hotels in the area. First the minuses. 1.) The standard rooms are small. if you want a little more space you might want to upgrade. 2.) Since the hotel has been recently rehabbed you can see some of the stuff that the covered or painted. 3.) There really are no views from the hotel. Now the plusses. 1.) The shower is AWESOME. Probably one of the best hotel showers I've seen. Rain shower with wand, great pressure and the enclosure didn't leak like a lot of these shower stalls do. Very nice. 2.) The fixtures and finishes in the rooms were top notch. Very modern and clean. 3.) The bed was great. Better than some hotels that promote their beds. Great nights sleep. Overall. This is a great space for a trip where you are not going to be spending much time in the room. If you were in town for a conference or for work where you will need to spread out your stuff it might not work. Anyone else should really like the experience. All I care about when I travel is having a nice bed and a good shower to relax in after a long day. If you are the same this is a good spot for you.",False,ott_2013,0.92578125
